Stream_ID,Stream_Date,Track_Name,Artist_Name,Genre,Country,Device_Type,Subscription_Type,Duration_Seconds,Ms_Played,Skipped,Shuffle_Mode,Popularity_Score,Release_Year
STR-801893,2023-01-01,Track_1957,Artist_128,Jazz,India,Smartphone,Premium Family,195,86764,No,No,76,2019
STR-800047,2023-01-01,Track_614,Artist_104,Jazz,Canada,Tablet,Premium Individual,151,218902,No,Yes,44,2016
STR-802950,2023-01-01,Track_1929,Artist_5,Electronic,Canada,Smartphone,Premium Individual,211,50231,No,Yes,64,2002
STR-802412,2023-01-01,Track_1090,Artist_52,Rock,United Kingdom,Smartphone,Free,315,22964,Yes,No,96,2010
STR-801719,2023-01-01,Track_1961,Artist_129,Classical,United States,Smartphone,Premium Student,276,35897,No,Yes,84,2001
STR-804022,2023-01-01,Track_954,Artist_81,Pop,Japan,Tablet,Premium Individual,153,278870,No,Yes,93,2003
STR-800917,2023-01-01,Track_863,Artist_5,Bollywood,Germany,Smart TV,Free,349,137807,No,No,11,2009
STR-803482,2023-01-02,Track_1825,Artist_17,Electronic,Canada,Desktop,Premium Student,158,114211,No,Yes,91,2005
STR-801887,2023-01-02,Track_159,Artist_146,Pop,Canada,Smartphone,Premium Individual,185,192093,No,No,44,2012
STR-800846,2023-01-02,Track_1564,Artist_128,R&B,Germany,Tablet,Premium Family,151,85293,Yes,Yes,10,2002
STR-803660,2023-01-03,Track_1199,Artist_82,R&B,Germany,Tablet,Free,264,333707,No,Yes,61,2021
STR-803245,2023-01-03,Track_561,Artist_38,Hip-Hop,United States,Smart TV,Premium Student,345,172870,No,No,53,2004
STR-803251,2023-01-03,Track_2368,Artist_51,Pop,Japan,Desktop,Free,167,211762,No,No,57,2006
STR-804064,2023-01-03,Track_264,Artist_145,Bollywood,United States,Desktop,Premium Family,177,248313,No,No,17,1995
STR-800925,2023-01-03,Track_2196,Artist_38,Indie,Japan,Desktop,Premium Individual,139,211773,Yes,No,14,2009
STR-804176,2023-01-03,Track_2272,Artist_109,Electronic,Germany,Desktop,Premium Individual,146,105172,No,Yes,17,2000
STR-803133,2023-01-04,Track_203,Artist_21,Indie,United States,Smartphone,Premium Individual,299,253702,No,No,67,1992
STR-802546,2023-01-04,Track_1308,Artist_24,Classical,Canada,Tablet,Free,351,122008,No,No,23,2006
STR-804196,2023-01-04,Track_1254,Artist_124,Rock,Australia,Desktop,Free,223,123611,No,Yes,92,2000
STR-803881,2023-01-04,Track_1853,Artist_24,Devotional,United States,Smart TV,Premium Individual,277,44423,No,Yes,29,1997
STR-800462,2023-01-04,Track_80,Artist_134,Bollywood,Japan,Desktop,Premium Individual,326,66040,No,Yes,80,2016
STR-800738,2023-01-04,Track_205,Artist_61,Pop,United Kingdom,Tablet,Free,350,62687,No,No,89,1997
STR-803037,2023-01-05,Track_2253,Artist_26,Jazz,Germany,Smart Speaker,Premium Individual,214,176070,No,Yes,87,2005
STR-801598,2023-01-05,Track_1806,Artist_4,Jazz,Canada,Tablet,Free,265,347875,No,Yes,35,2017
STR-801592,2023-01-05,Track_2362,Artist_31,Hip-Hop,Brazil,Smartphone,Premium Family,338,338339,No,Yes,31,1998
STR-800642,2023-01-05,Track_2030,Artist_117,Rock,United Kingdom,Smartphone,Free,328,20919,No,No,25,2013
STR-800231,2023-01-05,Track_976,Artist_69,Pop,Australia,Smart TV,Free,133,21719,No,Yes,71,2020
STR-803414,2023-01-05,Track_255,Artist_8,Indie,India,Smartphone,Premium Individual,187,253054,No,No,72,1995
STR-802853,2023-01-05,Track_558,Artist_108,Hip-Hop,Canada,Tablet,Premium Family,161,242299,No,No,23,2007
STR-800908,2023-01-05,Track_2216,Artist_34,Pop,Canada,Desktop,Premium Family,146,354652,Yes,Yes,73,2011
STR-801187,2023-01-05,Track_991,Artist_37,Devotional,India,Smart TV,Free,327,155662,No,Yes,93,2022
STR-800611,2023-01-05,Track_1216,Artist_130,Electronic,India,Smart Speaker,Premium Student,310,270197,Yes,Yes,4,2018
STR-800438,2023-01-06,Track_2211,Artist_5,Rock,Japan,Smartphone,Free,225,279348,Yes,No,8,2007
STR-801525,2023-01-06,Track_847,Artist_44,Jazz,Canada,Smart Speaker,Premium Family,136,8821,No,No,97,2003
STR-801142,2023-01-06,Track_917,Artist_70,R&B,India,Tablet,Free,169,165688,No,Yes,15,1993
STR-803228,2023-01-06,Track_2258,Artist_89,Indie,Brazil,Tablet,Premium Family,154,300661,No,No,51,1990
STR-803309,2023-01-06,Track_1974,Artist_61,Electronic,United Kingdom,Smartphone,Premium Individual,302,71760,No,Yes,70,2019
STR-801533,2023-01-07,Track_997,Artist_96,Rock,United States,Desktop,Premium Family,154,47990,Yes,No,87,2020
STR-802044,2023-01-07,Track_1538,Artist_82,Jazz,Brazil,Smartphone,Free,343,116149,No,No,6,2009
STR-803539,2023-01-07,Track_302,Artist_60,R&B,United States,Smart Speaker,Premium Individual,308,225723,No,Yes,93,1996
STR-802588,2023-01-07,Track_791,Artist_55,Jazz,United Kingdom,Smart Speaker,Premium Individual,305,247767,No,Yes,27,2011
STR-803443,2023-01-07,Track_548,Artist_95,Rock,Australia,Smart Speaker,Premium Family,231,31797,No,No,6,1995
STR-800267,2023-01-07,Track_968,Artist_44,Electronic,United Kingdom,Smartphone,Premium Individual,228,295084,Yes,Yes,15,2020
STR-800800,2023-01-07,Track_406,Artist_133,Hip-Hop,Canada,Tablet,Premium Individual,324,309925,Yes,Yes,77,2014
STR-802324,2023-01-07,Track_1515,Artist_70,Bollywood,United Kingdom,Smart Speaker,Premium Individual,308,286233,No,No,38,2015
STR-803283,2023-01-07,Track_555,Artist_81,Jazz,United States,Desktop,Free,197,197609,No,No,94,2008
STR-802019,2023-01-08,Track_1181,Artist_33,Hip-Hop,United Kingdom,Desktop,Free,327,99853,No,Yes,40,2021
STR-802028,2023-01-08,Track_1214,Artist_49,Jazz,Brazil,Smart TV,Free,296,96538,No,No,11,1993
STR-802138,2023-01-08,Track_2184,Artist_94,Pop,Brazil,Smart TV,Free,225,115482,No,No,1,2019
STR-800607,2023-01-08,Track_2140,Artist_9,Hip-Hop,Brazil,Desktop,Free,150,120297,Yes,No,14,2003
STR-802247,2023-01-08,Track_1394,Artist_136,Rock,Germany,Tablet,Premium Student,135,93577,No,Yes,20,2023
STR-801758,2023-01-08,Track_1127,Artist_134,Bollywood,Canada,Desktop,Free,186,24973,Yes,Yes,42,1999
STR-801116,2023-01-08,Track_10,Artist_90,Electronic,United States,Smart Speaker,Free,276,108227,No,Yes,37,2004
STR-800449,2023-01-08,Track_1596,Artist_6,Devotional,India,Desktop,Free,224,337718,Yes,Yes,59,1995
STR-800195,2023-01-08,Track_1284,Artist_120,Classical,United States,Smart TV,Premium Family,356,285725,No,No,66,1993
STR-800339,2023-01-08,Track_1102,Artist_142,Pop,United States,Smart Speaker,Free,309,60115,Yes,Yes,26,1990
STR-803320,2023-01-09,Track_541,Artist_85,Indie,Japan,Smart TV,Free,328,104872,No,Yes,75,2021
STR-801465,2023-01-09,Track_2213,Artist_31,Electronic,Australia,Tablet,Premium Student,215,310178,No,No,87,2011
STR-800117,2023-01-09,Track_1679,Artist_90,Rock,India,Smart TV,Premium Individual,303,267661,No,Yes,58,2018
STR-801797,2023-01-09,Track_2284,Artist_30,Rock,Canada,Tablet,Premium Individual,358,5741,Yes,Yes,29,1998
STR-801940,2023-01-09,Track_1872,Artist_88,Devotional,India,Desktop,Free,150,351399,No,Yes,23,2004
STR-800337,2023-01-09,Track_2335,Artist_124,Devotional,United Kingdom,Smartphone,Premium Family,269,320305,Yes,Yes,95,1999
STR-800099,2023-01-09,Track_1909,Artist_142,Hip-Hop,Canada,Smart TV,Premium Individual,356,291024,No,No,47,2021
STR-802723,2023-01-09,Track_695,Artist_120,Indie,Brazil,Smart Speaker,Premium Family,182,200873,No,Yes,54,1991
STR-804082,2023-01-10,Track_687,Artist_38,Pop,Germany,Smartphone,Free,177,130139,No,Yes,73,2007
STR-801701,2023-01-10,Track_529,Artist_17,Electronic,Japan,Smartphone,Free,337,247916,Yes,No,47,2019
STR-800480,2023-01-10,Track_884,Artist_118,Rock,India,Desktop,Premium Individual,231,45208,Yes,No,34,2023
STR-803909,2023-01-10,Track_2402,Artist_118,Pop,Brazil,Smartphone,Free,262,149516,No,No,20,2003
STR-801019,2023-01-11,Track_2397,Artist_14,Rock,United States,Smartphone,Free,190,222050,No,Yes,5,2011
STR-800081,2023-01-11,Track_1074,Artist_74,Hip-Hop,United States,Smart TV,Premium Individual,133,342025,Yes,Yes,75,2004
STR-803946,2023-01-11,Track_231,Artist_132,Rock,India,Smart Speaker,Premium Individual,161,245293,No,Yes,66,2024
STR-801432,2023-01-12,Track_1147,Artist_79,Classical,United Kingdom,Desktop,Premium Student,198,268643,No,Yes,75,1997
STR-802084,2023-01-12,Track_1497,Artist_55,Classical,Brazil,Smartphone,Premium Family,328,49522,No,No,58,2002
STR-800535,2023-01-12,Track_1222,Artist_74,Jazz,India,Smart TV,Free,293,102421,No,No,63,1990
STR-803822,2023-01-12,Track_1546,Artist_116,Pop,United States,Smart TV,Free,317,272935,Yes,No,16,2003
STR-802326,2023-01-12,Track_2182,Artist_120,Indie,Germany,Desktop,Premium Family,286,63312,No,Yes,30,1998
STR-802362,2023-01-12,Track_729,Artist_118,Rock,Australia,Desktop,Premium Family,224,332834,No,Yes,12,1992
STR-801371,2023-01-12,Track_2151,Artist_32,Pop,Australia,Tablet,Free,275,242732,No,Yes,69,2008
STR-800159,2023-01-12,Track_2032,Artist_121,Rock,United States,Smart Speaker,Free,307,70811,No,Yes,70,2009
STR-803008,2023-01-13,Track_136,Artist_121,Rock,Canada,Desktop,Premium Student,258,236171,No,No,82,1993
STR-801239,2023-01-13,Track_1890,Artist_66,Jazz,United Kingdom,Smart TV,Free,333,240629,No,No,13,2005
STR-803828,2023-01-13,Track_726,Artist_9,Pop,Australia,Tablet,Premium Individual,263,133961,No,No,51,2023
STR-801084,2023-01-14,Track_893,Artist_95,Bollywood,Germany,Smart TV,Free,354,181511,Yes,No,12,1999
STR-800115,2023-01-14,Track_1107,Artist_104,Devotional,United Kingdom,Smart Speaker,Premium Family,188,22465,No,No,70,2019
STR-802213,2023-01-14,Track_338,Artist_37,Electronic,United States,Smart Speaker,Premium Family,198,327661,Yes,Yes,60,2008
STR-802963,2023-01-14,Track_1988,Artist_64,Electronic,India,Smartphone,Free,281,236870,Yes,Yes,34,2016
STR-802266,2023-01-14,Track_521,Artist_104,Bollywood,India,Smart Speaker,Premium Individual,183,216923,No,Yes,38,1991
STR-801123,2023-01-15,Track_1201,Artist_16,Classical,Australia,Desktop,Free,288,75393,Yes,No,61,1997
STR-800274,2023-01-15,Track_2251,Artist_58,Jazz,Germany,Smartphone,Free,259,160791,No,Yes,57,2016
STR-803185,2023-01-15,Track_76,Artist_128,Pop,United Kingdom,Smartphone,Free,329,252354,No,No,69,1995
STR-800289,2023-01-15,Track_1188,Artist_112,Jazz,Canada,Desktop,Premium Student,216,205065,No,Yes,96,1991
STR-802147,2023-01-16,Track_1854,Artist_119,Hip-Hop,Canada,Desktop,Free,233,149087,No,No,20,1993
STR-803405,2023-01-16,Track_727,Artist_134,Rock,India,Smart Speaker,Premium Family,302,196616,Yes,No,45,2009
STR-802033,2023-01-16,Track_2065,Artist_46,Electronic,Canada,Tablet,Free,337,54519,No,No,86,2013
STR-801220,2023-01-16,Track_155,Artist_34,Classical,India,Smart Speaker,Premium Family,214,315417,No,Yes,28,2016
STR-802575,2023-01-16,Track_1235,Artist_58,Rock,India,Smart TV,Premium Individual,147,46358,Yes,Yes,65,2016
STR-801761,2023-01-16,Track_2008,Artist_126,R&B,Australia,Desktop,Free,299,283538,No,Yes,51,2002
STR-800512,2023-01-16,Track_2398,Artist_141,R&B,United States,Smart Speaker,Free,179,358732,No,No,31,1998
STR-800786,2023-01-16,Track_2148,Artist_2,Pop,India,Smart TV,Free,258,129089,No,Yes,80,1999
STR-804117,2023-01-16,Track_1072,Artist_138,R&B,United States,Smart Speaker,Free,343,35024,No,Yes,9,2012
STR-803495,2023-01-17,Track_1822,Artist_35,Rock,Japan,Smartphone,Premium Individual,225,38677,Yes,Yes,8,2024
STR-803580,2023-01-17,Track_207,Artist_115,Bollywood,Brazil,Tablet,Premium Student,155,223815,No,Yes,47,1991
STR-802586,2023-01-17,Track_615,Artist_63,R&B,United States,Smart TV,Free,212,222392,No,Yes,18,2004
STR-801698,2023-01-17,Track_1826,Artist_55,Jazz,United States,Desktop,Premium Family,270,254118,No,Yes,81,2017
STR-803506,2023-01-17,Track_757,Artist_11,Pop,United States,Tablet,Premium Student,133,119696,No,No,70,2005
STR-800100,2023-01-17,Track_1000,Artist_32,R&B,United States,Smart TV,Premium Family,123,221333,No,Yes,91,1998
STR-801599,2023-01-17,Track_2156,Artist_50,Pop,India,Tablet,Premium Individual,206,144076,No,No,91,2006
STR-803039,2023-01-17,Track_2496,Artist_79,Electronic,United Kingdom,Smartphone,Free,202,44665,No,Yes,76,2016
STR-800714,2023-01-18,Track_554,Artist_10,R&B,Germany,Smart TV,Premium Individual,178,126339,No,Yes,65,1991
STR-802250,2023-01-18,Track_1936,Artist_105,R&B,Brazil,Smart TV,Premium Student,336,272724,No,No,38,2007
STR-803515,2023-01-18,Track_2089,Artist_110,Rock,United Kingdom,Smart Speaker,Premium Family,284,7518,No,No,96,2005
STR-802630,2023-01-18,Track_471,Artist_14,Electronic,Australia,Desktop,Premium Individual,123,280931,Yes,Yes,28,2005
STR-803979,2023-01-18,Track_835,Artist_124,Electronic,Australia,Smartphone,Premium Individual,225,187867,Yes,No,86,1994
STR-800301,2023-01-19,Track_717,Artist_73,Rock,Japan,Smartphone,Free,349,156117,No,Yes,28,1997
STR-803907,2023-01-19,Track_2188,Artist_67,Indie,Canada,Desktop,Free,227,109779,Yes,No,9,2016
STR-800212,2023-01-19,Track_94,Artist_132,Electronic,Japan,Smart TV,Premium Individual,133,12506,Yes,Yes,21,1994
STR-800086,2023-01-19,Track_1203,Artist_133,Electronic,United States,Smartphone,Free,260,92212,No,Yes,70,2001
STR-800335,2023-01-20,Track_1348,Artist_127,Indie,United States,Smart Speaker,Premium Individual,216,144894,No,Yes,71,2001
STR-800605,2023-01-20,Track_255,Artist_92,Indie,Canada,Smart Speaker,Premium Individual,334,301311,No,Yes,36,1990
STR-802092,2023-01-20,Track_1592,Artist_23,R&B,United Kingdom,Tablet,Premium Individual,187,325854,No,Yes,35,2016
STR-801995,2023-01-20,Track_2,Artist_4,Jazz,Japan,Smartphone,Free,307,119843,No,No,1,2011
STR-800808,2023-01-20,Track_70,Artist_82,Hip-Hop,Japan,Smart TV,Premium Individual,147,149324,Yes,Yes,76,2003
STR-801224,2023-01-21,Track_1679,Artist_28,Bollywood,Australia,Smart TV,Free,153,347135,No,No,13,1994
STR-802610,2023-01-21,Track_359,Artist_76,Devotional,Japan,Smartphone,Free,229,260464,No,No,74,2002
STR-800742,2023-01-21,Track_625,Artist_95,Classical,India,Smart Speaker,Free,354,44318,No,No,44,2000
STR-801493,2023-01-21,Track_913,Artist_93,Electronic,Japan,Tablet,Premium Individual,225,201000,Yes,No,98,1999
STR-802814,2023-01-21,Track_1932,Artist_50,Jazz,Australia,Smart TV,Free,125,200955,Yes,Yes,92,2024
STR-802850,2023-01-21,Track_1474,Artist_146,Rock,India,Desktop,Free,219,352198,No,Yes,69,2023
STR-802607,2023-01-21,Track_1020,Artist_90,Classical,Japan,Smart Speaker,Premium Student,275,258961,No,No,95,2006
STR-800222,2023-01-21,Track_1784,Artist_19,R&B,United Kingdom,Smart TV,Free,262,299503,No,No,29,2023
STR-803566,2023-01-21,Track_1203,Artist_22,Classical,Brazil,Smart Speaker,Premium Student,137,239774,No,Yes,26,2004
STR-803856,2023-01-21,Track_581,Artist_37,Indie,Brazil,Smartphone,Premium Student,133,77810,Yes,No,42,2005
STR-803692,2023-01-22,Track_1728,Artist_40,Pop,United Kingdom,Smart TV,Premium Family,241,29121,No,Yes,29,2012
STR-803655,2023-01-22,Track_1454,Artist_96,Bollywood,Brazil,Smartphone,Premium Student,238,204540,Yes,No,87,2022
STR-802581,2023-01-22,Track_1160,Artist_117,Classical,United Kingdom,Tablet,Free,244,101170,No,No,32,2007
STR-800179,2023-01-22,Track_2088,Artist_109,Hip-Hop,Australia,Smart Speaker,Free,197,29279,No,No,9,2007
STR-800279,2023-01-22,Track_1140,Artist_69,Devotional,Germany,Smartphone,Premium Individual,355,216194,Yes,Yes,20,2022
STR-801331,2023-01-22,Track_870,Artist_63,Bollywood,Japan,Smartphone,Premium Student,168,196503,Yes,Yes,24,2024
STR-800365,2023-01-22,Track_2037,Artist_55,Devotional,Brazil,Smartphone,Premium Individual,340,131491,No,No,93,2002
STR-800307,2023-01-22,Track_517,Artist_69,Indie,India,Smart Speaker,Free,332,81016,No,Yes,87,1992
STR-803645,2023-01-23,Track_2265,Artist_82,Classical,Australia,Smartphone,Premium Student,310,34505,No,Yes,90,2011
STR-800813,2023-01-23,Track_1585,Artist_86,Electronic,United States,Desktop,Premium Family,206,63491,No,Yes,30,2000
STR-800948,2023-01-24,Track_1650,Artist_21,R&B,United Kingdom,Smart TV,Premium Family,316,191716,No,No,71,2020
STR-802741,2023-01-24,Track_1712,Artist_71,Rock,United Kingdom,Desktop,Premium Individual,308,188100,No,Yes,18,1990
STR-802065,2023-01-24,Track_689,Artist_42,Devotional,Australia,Smart Speaker,Free,160,110213,No,No,31,2012
STR-803104,2023-01-24,Track_1359,Artist_69,Hip-Hop,Canada,Smart TV,Free,340,130225,No,No,84,1991
STR-802452,2023-01-24,Track_1223,Artist_72,Jazz,Canada,Tablet,Premium Individual,316,91426,No,No,16,1995
STR-802781,2023-01-24,Track_344,Artist_72,Rock,India,Desktop,Free,166,107912,No,Yes,74,1996
STR-800810,2023-01-24,Track_321,Artist_32,Devotional,Brazil,Smartphone,Premium Student,149,213484,No,Yes,75,2008
STR-802186,2023-01-24,Track_1664,Artist_41,Classical,United Kingdom,Smart Speaker,Premium Student,295,197131,No,No,2,2016
STR-803905,2023-01-24,Track_997,Artist_100,Devotional,Canada,Smartphone,Free,333,202084,No,Yes,77,1995
STR-800890,2023-01-24,Track_1470,Artist_100,Devotional,Canada,Smart TV,Free,129,150101,No,Yes,21,2009
STR-801163,2023-01-25,Track_1171,Artist_103,R&B,United States,Smartphone,Free,303,223187,No,Yes,75,1993
STR-802521,2023-01-25,Track_1938,Artist_116,Indie,Australia,Desktop,Free,151,232717,No,Yes,24,2017
STR-802219,2023-01-25,Track_2446,Artist_67,Classical,Brazil,Tablet,Free,280,153629,No,No,44,2002
STR-800475,2023-01-25,Track_470,Artist_120,Hip-Hop,Germany,Smartphone,Premium Family,182,225934,No,Yes,36,1996
STR-802174,2023-01-26,Track_937,Artist_39,Hip-Hop,Japan,Smart Speaker,Premium Individual,179,286888,No,Yes,13,2009
STR-802403,2023-01-26,Track_709,Artist_36,Indie,United Kingdom,Smart Speaker,Free,161,350957,Yes,No,25,2019
STR-803171,2023-01-26,Track_149,Artist_131,Indie,Japan,Smart Speaker,Free,321,11374,No,Yes,18,2024
STR-802519,2023-01-26,Track_2016,Artist_55,Indie,India,Smart Speaker,Free,229,224446,No,No,51,2013
STR-800472,2023-01-26,Track_7,Artist_66,Hip-Hop,Germany,Smart Speaker,Free,146,208890,No,No,51,1992
STR-802626,2023-01-26,Track_1370,Artist_41,Electronic,Germany,Smartphone,Premium Individual,328,112516,No,Yes,46,2023
STR-800792,2023-01-26,Track_223,Artist_81,Pop,Brazil,Smartphone,Premium Individual,242,286694,Yes,No,16,1996
STR-801002,2023-01-26,Track_2087,Artist_95,Electronic,Brazil,Tablet,Premium Family,271,21377,No,Yes,54,1990
STR-803616,2023-01-26,Track_2210,Artist_95,Pop,Japan,Desktop,Premium Individual,314,37956,No,No,61,2021
STR-802281,2023-01-26,Track_1295,Artist_61,Hip-Hop,United Kingdom,Desktop,Premium Individual,172,155315,No,Yes,61,2020
STR-802080,2023-01-27,Track_1648,Artist_53,Pop,Brazil,Smartphone,Premium Student,143,31869,Yes,Yes,100,2020
STR-804062,2023-01-27,Track_2429,Artist_105,Devotional,India,Smartphone,Free,205,82858,Yes,Yes,40,2016
STR-803567,2023-01-27,Track_132,Artist_63,Classical,Germany,Smartphone,Free,259,155258,No,No,82,2010
STR-802224,2023-01-27,Track_30,Artist_144,Pop,United States,Smart Speaker,Free,269,162029,Yes,Yes,63,1999
STR-803333,2023-01-28,Track_1599,Artist_37,Hip-Hop,Japan,Smartphone,Free,287,255114,No,No,98,2003
STR-803507,2023-01-28,Track_1615,Artist_119,Rock,United States,Desktop,Free,240,5086,Yes,Yes,14,2012
STR-800807,2023-01-28,Track_1168,Artist_120,Devotional,United Kingdom,Smartphone,Premium Student,241,221039,No,Yes,44,2008
STR-801071,2023-01-28,Track_1817,Artist_118,Indie,Australia,Smart Speaker,Premium Individual,161,124148,No,Yes,64,2005
STR-801110,2023-01-28,Track_590,Artist_83,Pop,Brazil,Tablet,Premium Student,282,213323,Yes,Yes,96,2017
STR-802097,2023-01-28,Track_52,Artist_130,Pop,Canada,Smart TV,Premium Individual,170,358408,Yes,No,74,1996
STR-800264,2023-01-28,Track_1027,Artist_79,Bollywood,Australia,Smart Speaker,Free,321,220052,No,No,83,2007
STR-803346,2023-01-29,Track_1521,Artist_55,Electronic,Canada,Smart Speaker,Premium Individual,318,55064,No,No,4,1993
STR-801133,2023-01-29,Track_1675,Artist_82,Classical,Australia,Desktop,Free,157,240758,Yes,Yes,14,2002
STR-802625,2023-01-29,Track_1331,Artist_92,Pop,Brazil,Smartphone,Premium Individual,183,354133,No,No,42,2019
STR-801410,2023-01-29,Track_165,Artist_136,Electronic,Germany,Smartphone,Premium Individual,163,285971,No,No,94,2002
STR-803450,2023-01-29,Track_1345,Artist_4,Bollywood,Canada,Desktop,Free,290,257281,No,No,89,2010
STR-801600,2023-01-29,Track_1102,Artist_49,Pop,Brazil,Smart TV,Free,350,197660,No,No,8,1990
STR-801752,2023-01-29,Track_1583,Artist_73,Electronic,Brazil,Smart Speaker,Free,214,49201,No,No,62,2024
STR-800776,2023-01-29,Track_945,Artist_102,Electronic,United Kingdom,Tablet,Premium Family,183,317851,Yes,Yes,37,1994
STR-803837,2023-01-29,Track_1006,Artist_31,Hip-Hop,Canada,Smartphone,Premium Individual,281,152924,No,Yes,46,1995
STR-800461,2023-01-30,Track_1332,Artist_5,Hip-Hop,India,Smart TV,Premium Individual,168,105278,Yes,Yes,75,2023
STR-801931,2023-01-30,Track_2212,Artist_38,Classical,India,Tablet,Free,279,315096,No,Yes,96,2020
STR-800888,2023-01-30,Track_2398,Artist_70,Devotional,United Kingdom,Tablet,Premium Family,298,212513,No,No,73,2024
STR-801400,2023-01-30,Track_12,Artist_27,Indie,Japan,Desktop,Premium Individual,189,118582,Yes,Yes,5,2013
STR-803353,2023-01-30,Track_2004,Artist_120,Devotional,Japan,Smart Speaker,Premium Family,342,141859,No,Yes,23,2019
STR-802073,2023-01-31,Track_1409,Artist_20,Jazz,Canada,Smart Speaker,Premium Student,296,353767,No,Yes,53,1995
STR-800575,2023-01-31,Track_1551,Artist_86,Pop,Australia,Tablet,Premium Individual,239,237938,No,No,63,1990
STR-803391,2023-01-31,Track_1342,Artist_90,R&B,Japan,Desktop,Premium Individual,158,21422,Yes,Yes,1,1993
STR-803075,2023-01-31,Track_621,Artist_67,Devotional,Germany,Smart TV,Free,331,250821,No,No,52,2021
STR-800770,2023-01-31,Track_315,Artist_60,Classical,India,Tablet,Premium Individual,252,159968,No,Yes,36,1991
STR-801716,2023-01-31,Track_506,Artist_119,R&B,India,Desktop,Free,149,95663,No,No,8,2017
STR-803786,2023-02-01,Track_163,Artist_85,Indie,United Kingdom,Smartphone,Premium Family,130,210706,Yes,Yes,98,2003
STR-802422,2023-02-01,Track_150,Artist_54,Bollywood,United States,Tablet,Premium Student,135,274970,Yes,No,53,2012
STR-803491,2023-02-01,Track_2102,Artist_134,Rock,India,Smartphone,Premium Individual,123,153275,Yes,No,89,2023
STR-801733,2023-02-01,Track_871,Artist_70,Classical,United States,Smart Speaker,Premium Individual,307,18804,No,Yes,63,1996
STR-800208,2023-02-02,Track_2285,Artist_65,Electronic,Australia,Smart TV,Premium Family,271,277207,No,No,19,2007
STR-803144,2023-02-02,Track_1490,Artist_67,Hip-Hop,India,Smart TV,Premium Family,350,285594,No,No,25,1999
STR-803067,2023-02-02,Track_1056,Artist_30,Rock,Brazil,Smart Speaker,Premium Student,277,352080,No,Yes,17,1996
STR-803383,2023-02-02,Track_437,Artist_132,Hip-Hop,Canada,Smart Speaker,Free,197,125670,No,No,27,2005
STR-803395,2023-02-02,Track_556,Artist_25,Indie,Brazil,Smart TV,Premium Individual,358,298298,No,No,95,2011
STR-800129,2023-02-02,Track_1212,Artist_28,Devotional,United States,Smart Speaker,Free,340,244898,No,No,76,2004
STR-801601,2023-02-02,Track_1846,Artist_117,Hip-Hop,Japan,Desktop,Premium Individual,176,317085,No,Yes,62,1996
STR-803952,2023-02-02,Track_2083,Artist_56,Bollywood,United Kingdom,Smartphone,Premium Individual,196,37347,No,Yes,31,1993
STR-803341,2023-02-03,Track_1279,Artist_122,Hip-Hop,Japan,Tablet,Free,146,246313,No,Yes,56,2021
STR-801776,2023-02-03,Track_2279,Artist_12,R&B,Brazil,Tablet,Premium Individual,336,157587,Yes,Yes,91,2017
STR-801077,2023-02-03,Track_1978,Artist_70,Indie,Japan,Tablet,Premium Individual,310,332444,No,Yes,80,2019
STR-801155,2023-02-03,Track_2157,Artist_108,Electronic,Australia,Desktop,Free,233,281174,No,Yes,79,2018
STR-802424,2023-02-03,Track_1864,Artist_14,Jazz,Brazil,Smartphone,Free,357,118686,No,No,15,2002
STR-800834,2023-02-04,Track_215,Artist_136,R&B,India,Smartphone,Premium Individual,145,117982,Yes,Yes,39,2019
STR-800879,2023-02-04,Track_2375,Artist_34,Pop,Japan,Smart Speaker,Premium Family,214,152982,No,Yes,73,2007
STR-803951,2023-02-04,Track_2076,Artist_104,Devotional,Germany,Desktop,Premium Individual,198,29411,No,No,34,1999
STR-803057,2023-02-04,Track_108,Artist_94,Jazz,India,Tablet,Premium Individual,213,95898,Yes,Yes,85,2016
STR-801489,2023-02-05,Track_2331,Artist_90,Bollywood,Canada,Desktop,Premium Family,269,208685,No,No,56,2024
STR-803343,2023-02-05,Track_1175,Artist_26,Bollywood,United States,Smart TV,Free,337,37137,Yes,No,36,1991
STR-801756,2023-02-05,Track_255,Artist_25,Hip-Hop,Germany,Smart Speaker,Premium Individual,137,167062,No,Yes,11,2007
STR-802709,2023-02-05,Track_17,Artist_2,Electronic,India,Smartphone,Free,280,169054,No,Yes,87,1998
STR-800935,2023-02-06,Track_925,Artist_122,Jazz,United States,Smart Speaker,Premium Family,185,33047,No,No,87,1996
STR-801952,2023-02-06,Track_415,Artist_133,Jazz,Brazil,Smartphone,Free,282,327702,Yes,Yes,51,2005
STR-803551,2023-02-07,Track_1179,Artist_6,Electronic,Japan,Smartphone,Free,162,288890,No,No,100,2023
STR-800675,2023-02-07,Track_10,Artist_65,R&B,United States,Smart TV,Free,193,354840,No,No,34,2019
STR-802411,2023-02-07,Track_219,Artist_113,Jazz,Australia,Desktop,Premium Student,284,297920,No,No,92,2001
STR-801874,2023-02-07,Track_2454,Artist_129,Classical,United Kingdom,Tablet,Free,351,199341,No,Yes,6,2007
STR-801115,2023-02-07,Track_1959,Artist_12,Hip-Hop,Germany,Tablet,Free,147,22606,No,No,36,1995
STR-801505,2023-02-07,Track_527,Artist_35,Jazz,Australia,Smart Speaker,Premium Individual,124,122861,No,No,97,2017
STR-802875,2023-02-07,Track_96,Artist_22,Devotional,India,Smart TV,Free,322,96644,No,No,85,2000
STR-804190,2023-02-07,Track_167,Artist_108,Jazz,United States,Desktop,Free,224,169543,No,Yes,5,2018
STR-802241,2023-02-08,Track_1300,Artist_25,Electronic,India,Smart TV,Premium Individual,312,315877,No,Yes,21,1994
STR-802878,2023-02-08,Track_826,Artist_51,Hip-Hop,United States,Tablet,Free,144,222418,Yes,No,46,1999
STR-800866,2023-02-08,Track_647,Artist_137,Electronic,Brazil,Smart Speaker,Premium Individual,191,205297,No,Yes,11,2005
STR-802984,2023-02-08,Track_1012,Artist_5,Devotional,United States,Tablet,Premium Individual,219,210724,No,Yes,22,2006
STR-800276,2023-02-08,Track_228,Artist_7,Classical,United Kingdom,Smart TV,Premium Individual,238,103796,No,Yes,18,2004
STR-803789,2023-02-08,Track_2172,Artist_87,Jazz,United States,Smart Speaker,Premium Student,278,204445,No,No,10,2005
STR-801959,2023-02-08,Track_555,Artist_15,Indie,Japan,Tablet,Free,208,256747,No,Yes,23,2005
STR-801535,2023-02-09,Track_2322,Artist_119,Indie,Canada,Smart Speaker,Premium Individual,343,127135,No,No,56,2020
STR-802646,2023-02-09,Track_734,Artist_113,Bollywood,Brazil,Smart Speaker,Premium Individual,317,305361,No,Yes,30,2001
STR-804171,2023-02-09,Track_2472,Artist_77,R&B,United Kingdom,Smart Speaker,Free,200,251642,No,Yes,39,2019
STR-802161,2023-02-09,Track_1257,Artist_137,Bollywood,Australia,Smart TV,Free,260,271870,No,Yes,95,2019
STR-800058,2023-02-09,Track_754,Artist_89,Hip-Hop,Brazil,Smart Speaker,Free,122,151960,Yes,Yes,91,2019
STR-801496,2023-02-10,Track_241,Artist_123,Electronic,Canada,Smart Speaker,Premium Student,202,128866,No,No,56,2020
STR-802039,2023-02-10,Track_164,Artist_66,Classical,Canada,Smart Speaker,Free,307,323726,No,Yes,19,1990
STR-800646,2023-02-11,Track_1709,Artist_115,Devotional,United States,Desktop,Premium Individual,358,148851,No,No,15,2015
STR-800921,2023-02-11,Track_1258,Artist_60,Indie,Japan,Smart Speaker,Premium Individual,349,20679,No,Yes,89,2008
STR-803934,2023-02-11,Track_232,Artist_96,Rock,United Kingdom,Smartphone,Premium Individual,165,277294,No,No,38,2017
STR-801868,2023-02-11,Track_1528,Artist_100,Bollywood,United States,Smartphone,Premium Student,284,93288,No,Yes,56,1997
STR-801812,2023-02-11,Track_1102,Artist_51,Devotional,United Kingdom,Smart TV,Free,150,334390,No,Yes,92,1992
STR-801454,2023-02-11,Track_330,Artist_139,Rock,Canada,Smart Speaker,Free,285,165127,Yes,Yes,51,2019
STR-802485,2023-02-11,Track_2176,Artist_132,Bollywood,Canada,Desktop,Premium Family,280,35443,No,No,20,1990
STR-803771,2023-02-11,Track_350,Artist_23,Devotional,Canada,Smart Speaker,Premium Individual,122,151691,No,Yes,20,2012
STR-800918,2023-02-12,Track_2025,Artist_137,Devotional,Germany,Desktop,Free,335,8273,Yes,Yes,93,1992
STR-800237,2023-02-12,Track_316,Artist_68,Electronic,Germany,Tablet,Premium Individual,149,188306,No,No,92,2016
STR-803755,2023-02-12,Track_522,Artist_51,Rock,Canada,Desktop,Premium Individual,136,197329,Yes,Yes,1,2007
STR-803630,2023-02-12,Track_1942,Artist_122,Electronic,United States,Smart TV,Free,123,337602,No,No,80,2018
STR-800702,2023-02-13,Track_1523,Artist_42,Devotional,Canada,Smartphone,Premium Family,328,100598,No,No,70,2003
STR-800774,2023-02-13,Track_728,Artist_54,Rock,Germany,Smart Speaker,Free,326,239552,No,No,34,1997
STR-802873,2023-02-13,Track_630,Artist_93,Bollywood,United Kingdom,Smart TV,Premium Family,120,292077,No,Yes,74,2012
STR-800042,2023-02-14,Track_818,Artist_50,Indie,United States,Smart Speaker,Premium Individual,164,330197,No,Yes,89,1999
STR-800270,2023-02-14,Track_1346,Artist_27,R&B,Australia,Smartphone,Premium Student,151,7944,No,No,29,1997
STR-800541,2023-02-14,Track_844,Artist_63,Classical,Australia,Smartphone,Premium Family,281,343933,No,No,15,2004
STR-803224,2023-02-14,Track_83,Artist_5,Bollywood,United Kingdom,Smart TV,Free,147,90884,No,No,49,1994
STR-803165,2023-02-14,Track_1211,Artist_125,Classical,Brazil,Desktop,Free,246,97232,No,Yes,55,1999
STR-801659,2023-02-14,Track_138,Artist_52,Devotional,Brazil,Smartphone,Premium Individual,307,268079,No,Yes,47,2000
STR-802356,2023-02-14,Track_1591,Artist_49,Electronic,Canada,Desktop,Free,175,310071,No,No,25,1999
STR-800623,2023-02-14,Track_1259,Artist_74,Electronic,Australia,Tablet,Premium Student,257,78521,Yes,Yes,81,2024
STR-802854,2023-02-14,Track_1530,Artist_42,Jazz,India,Tablet,Premium Individual,210,118504,No,Yes,69,2017
STR-803636,2023-02-14,Track_2493,Artist_41,Bollywood,United Kingdom,Smartphone,Premium Individual,354,198838,Yes,Yes,94,1999
STR-800502,2023-02-14,Track_2473,Artist_76,Devotional,Germany,Smartphone,Free,357,99513,Yes,No,83,2000
STR-802728,2023-02-15,Track_1779,Artist_70,Classical,Japan,Tablet,Free,237,182512,No,No,80,2023
STR-800758,2023-02-15,Track_2029,Artist_137,Devotional,Japan,Smart Speaker,Free,134,150868,No,Yes,20,1993
STR-803420,2023-02-15,Track_1675,Artist_27,Bollywood,Australia,Desktop,Premium Student,283,135362,Yes,Yes,6,2023
STR-802180,2023-02-15,Track_379,Artist_39,Hip-Hop,United States,Smart Speaker,Free,220,222794,No,Yes,71,2001
STR-801921,2023-02-16,Track_650,Artist_69,R&B,United Kingdom,Tablet,Premium Student,247,30611,No,Yes,34,2012
STR-800329,2023-02-16,Track_147,Artist_136,Devotional,United Kingdom,Desktop,Free,284,172051,No,No,15,1994
STR-802052,2023-02-16,Track_1086,Artist_101,Pop,United States,Tablet,Free,148,223779,No,Yes,27,2014
STR-800479,2023-02-16,Track_2152,Artist_147,Jazz,Brazil,Smart TV,Premium Family,352,150698,No,No,71,1997
STR-802189,2023-02-16,Track_280,Artist_26,Pop,Australia,Smart Speaker,Premium Family,163,109925,No,No,55,2024
STR-801988,2023-02-16,Track_2418,Artist_87,Rock,United States,Desktop,Premium Individual,242,196729,No,Yes,57,1993
STR-803463,2023-02-17,Track_1923,Artist_9,Classical,India,Smart TV,Premium Family,221,217978,No,Yes,96,1994
STR-800870,2023-02-17,Track_921,Artist_123,Pop,Australia,Smart Speaker,Premium Student,178,43433,No,No,36,2014
STR-800765,2023-02-17,Track_2499,Artist_114,Indie,Australia,Smart Speaker,Premium Individual,219,111354,No,Yes,61,1991
STR-800551,2023-02-17,Track_2438,Artist_80,R&B,Japan,Smart TV,Free,205,87908,No,Yes,1,2004
STR-801458,2023-02-18,Track_1723,Artist_37,Pop,Canada,Smart Speaker,Premium Individual,228,288420,No,No,99,2005
STR-802815,2023-02-18,Track_275,Artist_60,Hip-Hop,Germany,Smart Speaker,Premium Student,265,295073,No,Yes,19,1996
STR-802117,2023-02-18,Track_2278,Artist_133,Bollywood,Brazil,Desktop,Free,208,90147,No,Yes,48,2020
STR-803953,2023-02-19,Track_1885,Artist_74,R&B,Japan,Smart TV,Free,269,192327,Yes,Yes,63,1996
STR-802539,2023-02-20,Track_1751,Artist_136,Jazz,Japan,Smartphone,Free,218,239696,No,No,29,2001
STR-801288,2023-02-20,Track_1730,Artist_136,R&B,Australia,Tablet,Premium Individual,285,305131,No,No,50,1994
STR-803466,2023-02-20,Track_2064,Artist_70,Hip-Hop,United States,Smart TV,Free,295,53957,No,No,11,2020
STR-800570,2023-02-20,Track_759,Artist_110,Jazz,India,Desktop,Free,248,36175,No,Yes,68,1993
STR-802603,2023-02-20,Track_440,Artist_69,Hip-Hop,Canada,Smart Speaker,Premium Family,170,223292,No,Yes,92,2018
STR-801710,2023-02-21,Track_176,Artist_80,Devotional,United Kingdom,Smartphone,Premium Individual,340,341545,No,No,51,1994
STR-803793,2023-02-21,Track_44,Artist_137,Indie,Brazil,Smart TV,Premium Individual,294,5002,No,Yes,72,2002
STR-801160,2023-02-21,Track_1359,Artist_140,Bollywood,India,Desktop,Premium Individual,344,206650,Yes,Yes,81,2015
STR-801352,2023-02-22,Track_2339,Artist_32,R&B,India,Smart TV,Free,121,135119,No,No,26,2003
STR-800868,2023-02-22,Track_357,Artist_134,R&B,Japan,Tablet,Premium Individual,338,232069,No,No,84,1999
STR-802798,2023-02-22,Track_1166,Artist_101,Classical,Canada,Desktop,Free,130,324334,No,Yes,90,2023
STR-801529,2023-02-23,Track_2151,Artist_85,Devotional,Japan,Tablet,Premium Individual,141,34443,No,Yes,50,2023
STR-801810,2023-02-23,Track_2167,Artist_9,Classical,United Kingdom,Tablet,Free,252,18688,No,Yes,49,2019
STR-801083,2023-02-24,Track_2409,Artist_76,Classical,United States,Smart Speaker,Premium Family,150,323616,No,Yes,92,1990
STR-801645,2023-02-24,Track_446,Artist_46,Pop,Canada,Tablet,Free,341,263921,Yes,Yes,46,1990
STR-802557,2023-02-24,Track_1684,Artist_144,Rock,Canada,Smart Speaker,Premium Individual,338,356532,No,Yes,84,2003
STR-801028,2023-02-24,Track_523,Artist_93,Indie,Australia,Desktop,Premium Individual,229,221140,No,Yes,47,2010
STR-803751,2023-02-24,Track_135,Artist_135,Devotional,Germany,Smart Speaker,Free,127,116670,No,Yes,31,1995
STR-802862,2023-02-24,Track_1698,Artist_4,Hip-Hop,Australia,Smartphone,Premium Individual,188,90756,No,Yes,14,1993
STR-802565,2023-02-24,Track_1692,Artist_25,Hip-Hop,United Kingdom,Tablet,Free,312,247646,No,No,12,1999
STR-803041,2023-02-24,Track_378,Artist_50,Bollywood,India,Smartphone,Premium Individual,200,92776,No,Yes,38,2021
STR-803781,2023-02-25,Track_560,Artist_60,Indie,Germany,Smart TV,Premium Student,341,77080,No,No,47,2012
STR-803832,2023-02-25,Track_2124,Artist_102,Pop,United Kingdom,Tablet,Premium Individual,126,288869,Yes,No,64,2017
STR-800107,2023-02-26,Track_372,Artist_127,Bollywood,Germany,Smartphone,Free,359,74584,No,No,17,2019
STR-803875,2023-02-26,Track_2351,Artist_43,Hip-Hop,Brazil,Smart Speaker,Free,194,116259,No,Yes,56,1995
STR-802271,2023-02-26,Track_1452,Artist_85,Electronic,Germany,Tablet,Premium Individual,282,41598,No,No,5,2004
STR-801383,2023-02-26,Track_1614,Artist_85,Hip-Hop,India,Desktop,Free,229,165966,Yes,Yes,18,1993
STR-801214,2023-02-26,Track_465,Artist_111,Jazz,United States,Desktop,Free,248,288567,No,Yes,23,2009
STR-800213,2023-02-26,Track_1247,Artist_21,Jazz,Germany,Smart Speaker,Premium Individual,154,174837,No,No,86,2020
STR-802913,2023-02-26,Track_383,Artist_10,Hip-Hop,United States,Smart Speaker,Premium Individual,143,332058,No,Yes,12,1997
STR-800855,2023-02-27,Track_2428,Artist_101,Classical,Canada,Smartphone,Premium Individual,162,94213,No,No,69,2012
STR-802368,2023-02-27,Track_715,Artist_4,Electronic,United States,Smartphone,Free,334,115899,No,No,6,2022
STR-803479,2023-02-27,Track_1471,Artist_119,Rock,Japan,Desktop,Premium Individual,278,43588,Yes,No,55,1992
STR-800409,2023-02-27,Track_2437,Artist_50,Devotional,Canada,Smart TV,Free,180,317184,No,Yes,87,2017
STR-801675,2023-02-27,Track_110,Artist_50,Indie,Germany,Desktop,Premium Individual,183,38499,No,No,52,2016
STR-803076,2023-02-28,Track_1125,Artist_3,Rock,United Kingdom,Smart Speaker,Premium Individual,171,213287,No,Yes,15,1995
STR-803769,2023-02-28,Track_809,Artist_1,Bollywood,Germany,Smart TV,Premium Student,159,128062,Yes,Yes,24,2004
STR-802928,2023-02-28,Track_1201,Artist_105,Rock,Japan,Smart TV,Premium Individual,332,113763,No,No,83,1998
STR-803143,2023-02-28,Track_1678,Artist_130,Bollywood,Brazil,Smart TV,Premium Student,286,267984,No,No,19,2000
STR-802620,2023-02-28,Track_1665,Artist_85,Classical,Australia,Smart Speaker,Premium Student,133,101927,No,Yes,72,2022
STR-801241,2023-02-28,Track_1189,Artist_14,Electronic,United Kingdom,Tablet,Free,356,130664,No,No,98,2003
STR-803234,2023-02-28,Track_2381,Artist_39,Hip-Hop,Germany,Desktop,Free,161,178061,No,No,2,1995
STR-803949,2023-03-01,Track_599,Artist_147,Electronic,Germany,Desktop,Premium Individual,209,53730,Yes,Yes,37,2023
STR-801178,2023-03-01,Track_828,Artist_55,Indie,Canada,Smartphone,Free,240,44105,No,Yes,80,2021
STR-801875,2023-03-01,Track_699,Artist_17,Rock,Germany,Smart Speaker,Premium Family,137,212938,No,Yes,6,1999
STR-803961,2023-03-01,Track_594,Artist_58,Bollywood,Australia,Tablet,Premium Individual,290,246616,No,Yes,69,2000
STR-800498,2023-03-01,Track_2060,Artist_120,Classical,Australia,Smart TV,Free,281,188702,No,Yes,93,1997
STR-800358,2023-03-02,Track_1443,Artist_76,Bollywood,Japan,Smart TV,Premium Individual,243,82859,No,No,44,2002
STR-803209,2023-03-02,Track_459,Artist_44,Classical,India,Smartphone,Free,233,169074,No,Yes,3,2005
STR-802999,2023-03-02,Track_1854,Artist_45,Jazz,Japan,Smartphone,Free,302,6106,No,No,52,1992
STR-801867,2023-03-02,Track_2285,Artist_13,Jazz,Brazil,Smart TV,Free,297,46815,No,No,24,1995
STR-802923,2023-03-03,Track_2316,Artist_81,Electronic,Australia,Tablet,Premium Individual,148,340980,Yes,Yes,10,2021
STR-803172,2023-03-03,Track_2033,Artist_90,Jazz,Germany,Smart Speaker,Free,186,186269,Yes,No,43,2021
STR-802974,2023-03-03,Track_1538,Artist_63,Classical,Germany,Smartphone,Free,179,271180,Yes,Yes,10,1991
STR-800780,2023-03-03,Track_1015,Artist_9,R&B,Germany,Smartphone,Free,195,325188,No,No,15,1994
STR-802099,2023-03-03,Track_697,Artist_30,Rock,Canada,Smartphone,Premium Individual,184,261048,No,Yes,61,2009
STR-801261,2023-03-03,Track_764,Artist_84,Classical,Canada,Desktop,Free,320,68537,No,No,66,2021
STR-804183,2023-03-03,Track_329,Artist_94,Rock,United Kingdom,Smart Speaker,Premium Individual,213,161607,No,No,1,2002
STR-800350,2023-03-04,Track_400,Artist_15,Devotional,Japan,Smart Speaker,Premium Family,203,51610,No,No,24,2014
STR-802733,2023-03-04,Track_2015,Artist_6,Hip-Hop,Canada,Smartphone,Premium Student,176,173091,No,No,99,2016
STR-800338,2023-03-04,Track_1805,Artist_87,Electronic,Japan,Desktop,Free,353,289732,Yes,Yes,8,2007
STR-802713,2023-03-05,Track_663,Artist_101,Electronic,Brazil,Smart TV,Premium Individual,217,300356,Yes,No,46,1995
STR-804010,2023-03-05,Track_2309,Artist_67,Rock,United Kingdom,Smartphone,Premium Individual,262,92437,No,Yes,34,2002
STR-801399,2023-03-05,Track_2082,Artist_88,Bollywood,United Kingdom,Tablet,Premium Individual,335,331617,No,Yes,89,1998
STR-801056,2023-03-05,Track_1261,Artist_70,Indie,Australia,Tablet,Premium Individual,272,335284,No,Yes,36,1998
STR-803490,2023-03-05,Track_1173,Artist_2,Devotional,United States,Smart Speaker,Premium Student,209,341714,Yes,No,38,2000
STR-800132,2023-03-05,Track_90,Artist_106,Rock,United States,Smartphone,Premium Student,256,103709,No,Yes,1,2008
STR-802561,2023-03-06,Track_1532,Artist_108,Indie,Canada,Smart Speaker,Free,234,13110,No,No,20,2013
STR-800720,2023-03-06,Track_1350,Artist_71,Electronic,United Kingdom,Smart Speaker,Premium Individual,176,98204,No,Yes,48,2020
STR-801802,2023-03-06,Track_1477,Artist_86,Rock,Australia,Tablet,Premium Family,287,338308,No,Yes,95,1993
STR-802299,2023-03-06,Track_1581,Artist_139,Classical,Japan,Smart Speaker,Free,334,47964,No,No,92,2001
STR-804105,2023-03-06,Track_1576,Artist_35,Jazz,Japan,Tablet,Free,297,313981,Yes,Yes,72,2019
STR-800214,2023-03-07,Track_2297,Artist_6,Electronic,United States,Smart TV,Premium Family,232,126364,Yes,No,10,2018
STR-800007,2023-03-07,Track_1876,Artist_127,Bollywood,Canada,Smartphone,Free,178,339696,No,Yes,24,1998
STR-802130,2023-03-07,Track_2252,Artist_5,Jazz,Brazil,Smartphone,Premium Individual,124,293754,No,No,47,1993
STR-800745,2023-03-07,Track_1177,Artist_123,Hip-Hop,United States,Smart TV,Premium Student,258,102722,No,Yes,12,1993
STR-801636,2023-03-08,Track_1024,Artist_19,Indie,United Kingdom,Smart Speaker,Premium Student,348,139178,No,No,82,2023
STR-800548,2023-03-08,Track_1566,Artist_115,Electronic,Brazil,Tablet,Premium Student,153,237938,No,No,46,2006
STR-802997,2023-03-08,Track_2465,Artist_86,Electronic,Japan,Tablet,Premium Student,304,195413,Yes,No,9,2012
STR-801476,2023-03-08,Track_1738,Artist_132,Indie,United Kingdom,Desktop,Premium Student,248,108352,No,No,15,2020
STR-800486,2023-03-08,Track_511,Artist_148,Jazz,Germany,Smartphone,Free,269,54350,Yes,Yes,5,2024
STR-801451,2023-03-09,Track_174,Artist_49,R&B,Australia,Smart Speaker,Premium Individual,123,154626,No,No,89,2008
STR-800725,2023-03-09,Track_2223,Artist_9,Devotional,United Kingdom,Tablet,Premium Family,354,239522,Yes,Yes,86,2015
STR-800354,2023-03-09,Track_120,Artist_60,Pop,United States,Tablet,Premium Individual,323,76770,No,No,59,1997
STR-801869,2023-03-10,Track_2231,Artist_105,R&B,Brazil,Tablet,Premium Individual,282,299660,No,No,74,1997
STR-802243,2023-03-10,Track_1782,Artist_107,Devotional,United Kingdom,Smart Speaker,Premium Student,273,6297,No,No,68,2014
STR-800465,2023-03-10,Track_1498,Artist_137,Devotional,Japan,Smart Speaker,Premium Individual,199,230329,Yes,No,33,2005
STR-801520,2023-03-10,Track_623,Artist_53,Electronic,Canada,Desktop,Free,196,61994,No,No,18,1998
STR-804186,2023-03-10,Track_749,Artist_29,Rock,Germany,Tablet,Premium Individual,178,358507,Yes,Yes,51,1996
STR-804195,2023-03-10,Track_2333,Artist_40,Classical,United States,Desktop,Free,183,286200,Yes,Yes,65,2005
STR-802172,2023-03-10,Track_2385,Artist_136,Classical,Australia,Tablet,Free,172,162556,No,No,87,1994
STR-802126,2023-03-10,Track_1021,Artist_49,Pop,India,Smart TV,Free,275,294477,Yes,No,56,2014
STR-801911,2023-03-11,Track_64,Artist_61,Pop,Germany,Tablet,Premium Individual,270,208441,No,No,48,2002
STR-800119,2023-03-12,Track_405,Artist_112,Indie,United Kingdom,Smart TV,Free,347,142630,No,No,76,2022
STR-802325,2023-03-12,Track_398,Artist_111,Hip-Hop,Australia,Smartphone,Premium Student,217,88495,Yes,No,54,1995
STR-800619,2023-03-12,Track_1685,Artist_101,Devotional,Australia,Smartphone,Premium Family,349,259833,No,No,76,2011
STR-804110,2023-03-13,Track_110,Artist_102,Electronic,Brazil,Smartphone,Free,356,305735,No,Yes,76,1998
STR-800717,2023-03-13,Track_429,Artist_85,R&B,United States,Smart Speaker,Premium Individual,253,134663,No,Yes,57,1995
STR-802101,2023-03-13,Track_2041,Artist_71,Classical,India,Desktop,Free,316,245283,No,Yes,1,2014
STR-802280,2023-03-13,Track_959,Artist_128,Hip-Hop,Canada,Smartphone,Free,238,111909,No,Yes,80,1994
STR-801844,2023-03-13,Track_1928,Artist_61,Pop,United States,Tablet,Free,239,272423,Yes,No,64,2013
STR-802907,2023-03-13,Track_715,Artist_23,Rock,United Kingdom,Smart Speaker,Premium Student,309,337748,Yes,No,46,2022
STR-800831,2023-03-13,Track_395,Artist_20,Rock,India,Smart TV,Premium Individual,330,112565,No,Yes,79,2011
STR-801723,2023-03-14,Track_2183,Artist_48,Devotional,Brazil,Smart Speaker,Free,280,221413,Yes,Yes,88,2024
STR-801681,2023-03-14,Track_1,Artist_110,R&B,India,Smart Speaker,Free,328,156918,No,Yes,54,1992
STR-801785,2023-03-14,Track_630,Artist_115,Jazz,Australia,Smartphone,Premium Individual,237,17860,No,Yes,42,2018
STR-801105,2023-03-14,Track_831,Artist_13,Indie,Japan,Tablet,Premium Student,134,327014,Yes,Yes,94,2013
STR-802258,2023-03-14,Track_2320,Artist_86,Bollywood,United States,Smart Speaker,Free,188,43044,No,No,73,2004
STR-803686,2023-03-14,Track_1495,Artist_145,Pop,United States,Smart Speaker,Premium Individual,290,68168,No,Yes,94,2012
STR-801402,2023-03-14,Track_382,Artist_125,Electronic,Canada,Smart Speaker,Premium Family,202,308944,Yes,Yes,76,2005
STR-800740,2023-03-15,Track_106,Artist_68,Pop,India,Smart Speaker,Premium Individual,314,184622,No,Yes,35,2008
STR-803917,2023-03-15,Track_1064,Artist_126,Indie,India,Desktop,Premium Individual,145,103445,No,No,70,2000
STR-800477,2023-03-15,Track_1623,Artist_36,R&B,Japan,Tablet,Free,279,143287,No,No,74,2019
STR-800565,2023-03-15,Track_1310,Artist_146,Rock,United States,Tablet,Premium Individual,120,86272,No,Yes,97,2019
STR-800496,2023-03-16,Track_814,Artist_127,Rock,United States,Tablet,Free,143,270924,Yes,Yes,4,2018
STR-802737,2023-03-16,Track_2418,Artist_10,R&B,India,Tablet,Premium Student,158,264820,No,No,71,2010
STR-803894,2023-03-16,Track_1190,Artist_56,Classical,Japan,Tablet,Free,140,32085,No,Yes,62,2020
STR-801120,2023-03-16,Track_1502,Artist_10,Rock,Brazil,Tablet,Free,316,191970,No,No,76,2023
STR-804149,2023-03-16,Track_1843,Artist_76,Bollywood,Australia,Tablet,Premium Individual,344,121585,No,Yes,9,1999
STR-803550,2023-03-17,Track_51,Artist_48,Electronic,Australia,Tablet,Premium Student,193,193691,No,No,46,2021
STR-800828,2023-03-17,Track_224,Artist_120,Pop,Germany,Smart Speaker,Premium Individual,137,315127,Yes,Yes,7,2011
STR-803154,2023-03-17,Track_358,Artist_2,Indie,United Kingdom,Tablet,Premium Individual,181,52575,Yes,No,50,1994
STR-802746,2023-03-17,Track_2318,Artist_65,Classical,United Kingdom,Smart TV,Premium Student,167,156457,No,No,46,2000
STR-801956,2023-03-17,Track_1909,Artist_11,Indie,Germany,Desktop,Premium Individual,329,227912,No,Yes,9,1998
STR-801958,2023-03-17,Track_839,Artist_10,Indie,India,Desktop,Free,157,13392,No,No,28,1993
STR-801215,2023-03-18,Track_1995,Artist_83,Hip-Hop,Germany,Desktop,Free,348,89406,Yes,Yes,32,2009
STR-803421,2023-03-18,Track_1145,Artist_136,Hip-Hop,Germany,Desktop,Free,336,174017,No,Yes,55,2008
STR-802423,2023-03-18,Track_1219,Artist_81,Classical,India,Smartphone,Premium Student,335,345500,No,No,97,1991
STR-802006,2023-03-19,Track_1299,Artist_144,Pop,Japan,Desktop,Premium Family,277,307411,No,Yes,39,1997
STR-803823,2023-03-19,Track_846,Artist_81,Jazz,Japan,Tablet,Premium Student,308,306342,Yes,Yes,82,2014
STR-804063,2023-03-19,Track_399,Artist_31,Bollywood,India,Smart TV,Free,343,215292,No,No,18,2009
STR-801619,2023-03-19,Track_779,Artist_132,Indie,Canada,Smart Speaker,Free,180,162240,Yes,No,26,1992
STR-800891,2023-03-19,Track_258,Artist_16,Devotional,Japan,Desktop,Free,156,23826,No,Yes,26,2006
STR-801462,2023-03-20,Track_910,Artist_63,Rock,United Kingdom,Smart Speaker,Premium Student,171,191063,Yes,Yes,57,2018
STR-803169,2023-03-20,Track_1320,Artist_20,Indie,United Kingdom,Smart TV,Premium Student,226,246053,Yes,No,96,2002
STR-803768,2023-03-20,Track_1928,Artist_76,Bollywood,Brazil,Tablet,Free,133,115760,No,No,15,2013
STR-803795,2023-03-20,Track_135,Artist_53,Devotional,India,Smart Speaker,Premium Individual,145,184190,Yes,Yes,45,2011
STR-803003,2023-03-21,Track_2438,Artist_133,Bollywood,Japan,Smart TV,Premium Individual,149,135368,No,Yes,51,1995
STR-803386,2023-03-21,Track_905,Artist_63,Classical,India,Tablet,Free,308,347448,No,No,10,2023
STR-803889,2023-03-21,Track_1263,Artist_141,Pop,Australia,Smartphone,Premium Student,180,250531,Yes,No,27,1998
STR-803959,2023-03-21,Track_1512,Artist_129,Bollywood,Germany,Smart TV,Premium Individual,253,344453,Yes,No,100,2008
STR-804017,2023-03-21,Track_805,Artist_150,Electronic,Germany,Desktop,Free,215,54018,No,No,89,2011
STR-803685,2023-03-21,Track_736,Artist_42,R&B,Germany,Tablet,Free,128,334744,No,No,89,2016
STR-802445,2023-03-21,Track_1203,Artist_122,Rock,United Kingdom,Smart Speaker,Premium Individual,180,206713,No,No,78,2012
STR-801375,2023-03-21,Track_786,Artist_109,Jazz,India,Desktop,Free,201,84509,No,Yes,23,2020
STR-803703,2023-03-21,Track_1836,Artist_5,Bollywood,Canada,Smartphone,Free,156,136408,Yes,Yes,99,2020
STR-800062,2023-03-22,Track_1626,Artist_98,Bollywood,United Kingdom,Smart TV,Premium Student,204,231803,No,Yes,54,1990
STR-802594,2023-03-22,Track_2273,Artist_98,Rock,Japan,Tablet,Free,170,20198,Yes,Yes,20,2018
STR-803670,2023-03-22,Track_2086,Artist_120,Electronic,Canada,Tablet,Free,208,316633,No,Yes,27,1990
STR-803570,2023-03-22,Track_2289,Artist_134,Devotional,Australia,Tablet,Free,207,246362,Yes,Yes,26,2006
STR-801066,2023-03-22,Track_452,Artist_14,Jazz,Germany,Smart TV,Premium Family,326,181804,No,No,56,1990
STR-803398,2023-03-22,Track_713,Artist_53,R&B,Australia,Desktop,Premium Student,340,144678,No,Yes,96,2002
STR-801249,2023-03-22,Track_2390,Artist_63,Bollywood,Australia,Desktop,Premium Family,173,293974,No,Yes,13,2015
STR-801225,2023-03-22,Track_1587,Artist_148,Rock,Canada,Tablet,Premium Family,125,94188,No,No,49,1992
STR-800721,2023-03-22,Track_2146,Artist_65,Indie,Australia,Smart TV,Premium Individual,231,32987,No,No,89,2024
STR-801584,2023-03-23,Track_2114,Artist_119,Indie,United Kingdom,Smartphone,Premium Individual,184,106229,No,Yes,29,1992
STR-804162,2023-03-23,Track_652,Artist_83,Rock,Canada,Desktop,Premium Individual,137,256749,No,No,60,2014
STR-803103,2023-03-23,Track_2437,Artist_135,Electronic,Canada,Desktop,Premium Student,342,36673,No,No,61,2023
STR-803814,2023-03-23,Track_2341,Artist_145,Devotional,India,Smart Speaker,Premium Individual,342,156669,No,No,36,2020
STR-801907,2023-03-23,Track_2333,Artist_41,Rock,Brazil,Tablet,Free,333,92859,No,Yes,26,2018
STR-802506,2023-03-23,Track_1643,Artist_80,Classical,United States,Desktop,Free,286,198568,No,Yes,18,2009
STR-801858,2023-03-23,Track_2259,Artist_115,Classical,Australia,Desktop,Premium Individual,216,67857,No,Yes,4,2024
STR-800420,2023-03-23,Track_1959,Artist_95,Jazz,Australia,Smartphone,Free,228,10972,No,Yes,62,2005
STR-802934,2023-03-24,Track_2329,Artist_145,Devotional,Australia,Smart TV,Premium Student,123,279078,Yes,No,36,1994
STR-803211,2023-03-24,Track_49,Artist_30,Classical,Brazil,Smartphone,Premium Student,239,7452,Yes,Yes,15,2011
STR-803368,2023-03-24,Track_1821,Artist_90,Hip-Hop,Australia,Smartphone,Premium Individual,334,262490,No,Yes,98,2009
STR-803401,2023-03-24,Track_1545,Artist_53,Pop,India,Smartphone,Free,199,185010,Yes,Yes,85,2018
STR-800984,2023-03-24,Track_1778,Artist_112,Hip-Hop,India,Smartphone,Free,261,216510,No,No,56,2009
STR-800207,2023-03-24,Track_1473,Artist_135,Jazz,Germany,Smartphone,Free,216,184214,No,Yes,22,1995
STR-800015,2023-03-24,Track_1468,Artist_126,R&B,Brazil,Smart Speaker,Premium Family,298,319677,Yes,Yes,75,2016
STR-801524,2023-03-24,Track_1306,Artist_38,R&B,United States,Smart Speaker,Premium Individual,167,175731,No,No,19,1997
STR-802313,2023-03-25,Track_1342,Artist_140,Devotional,India,Smart Speaker,Free,147,16365,No,Yes,44,2020
STR-801030,2023-03-25,Track_193,Artist_125,Devotional,Japan,Smart TV,Premium Student,159,165771,Yes,No,93,2007
STR-800294,2023-03-25,Track_705,Artist_144,Bollywood,United Kingdom,Smart Speaker,Free,204,109653,No,Yes,33,2013
STR-801408,2023-03-25,Track_326,Artist_101,Indie,Australia,Tablet,Free,301,90501,No,Yes,32,2010
STR-802234,2023-03-25,Track_17,Artist_105,Electronic,India,Smart TV,Premium Individual,178,224715,No,Yes,79,2023
STR-801118,2023-03-25,Track_48,Artist_137,R&B,India,Tablet,Free,330,331025,No,No,23,2004
STR-802659,2023-03-25,Track_67,Artist_111,Indie,Germany,Smart Speaker,Free,227,159234,No,No,65,2024
STR-802221,2023-03-25,Track_2297,Artist_106,Jazz,United Kingdom,Smart TV,Premium Family,327,48961,No,Yes,77,1994
STR-802952,2023-03-25,Track_1525,Artist_146,Bollywood,Brazil,Tablet,Free,142,172032,No,No,22,2023
STR-802839,2023-03-26,Track_587,Artist_140,R&B,Japan,Desktop,Premium Individual,129,354342,No,Yes,77,2018
STR-803561,2023-03-26,Track_764,Artist_83,R&B,United States,Desktop,Premium Family,233,219789,No,No,72,1994
STR-803424,2023-03-26,Track_1262,Artist_109,Devotional,Canada,Smartphone,Premium Individual,271,200354,No,Yes,82,1994
STR-801263,2023-03-26,Track_1052,Artist_43,Pop,Japan,Smartphone,Premium Family,169,86688,No,No,61,2005
STR-803932,2023-03-26,Track_2209,Artist_145,Hip-Hop,Germany,Smart Speaker,Premium Individual,242,22813,Yes,No,89,2001
STR-803702,2023-03-27,Track_2448,Artist_92,Pop,Canada,Smart Speaker,Free,168,50765,No,Yes,38,1994
STR-801088,2023-03-27,Track_939,Artist_60,Hip-Hop,Australia,Smart Speaker,Free,138,6803,No,Yes,48,2009
STR-800060,2023-03-27,Track_1568,Artist_110,Electronic,India,Tablet,Premium Family,202,16544,Yes,No,57,1999
STR-803659,2023-03-27,Track_1699,Artist_14,R&B,Australia,Smart TV,Premium Individual,239,113352,No,No,55,2023
STR-801145,2023-03-27,Track_1126,Artist_22,R&B,United Kingdom,Desktop,Free,196,67428,Yes,Yes,22,1996
STR-800092,2023-03-28,Track_1881,Artist_71,Indie,Japan,Smartphone,Free,220,345704,No,Yes,92,1990
STR-802969,2023-03-28,Track_1984,Artist_20,Pop,United States,Desktop,Premium Individual,225,319504,No,Yes,13,2008
STR-800326,2023-03-28,Track_1160,Artist_28,Electronic,Brazil,Smart TV,Premium Individual,249,324799,Yes,Yes,47,2002
STR-800876,2023-03-28,Track_1607,Artist_92,Pop,India,Tablet,Premium Family,300,344143,No,No,85,2006
STR-800993,2023-03-28,Track_1525,Artist_44,Jazz,United Kingdom,Desktop,Free,139,53134,Yes,Yes,8,2009
STR-801344,2023-03-28,Track_1544,Artist_79,Rock,Australia,Tablet,Premium Student,125,302858,Yes,No,24,2016
STR-803009,2023-03-28,Track_108,Artist_101,Indie,Japan,Smartphone,Free,225,195168,No,Yes,56,2008
STR-801012,2023-03-28,Track_2159,Artist_104,Bollywood,Germany,Tablet,Free,158,163194,No,Yes,5,2010
STR-800877,2023-03-29,Track_2323,Artist_18,Devotional,United States,Tablet,Premium Individual,332,17795,No,Yes,87,2005
STR-800731,2023-03-29,Track_483,Artist_113,Indie,Brazil,Desktop,Free,130,276686,No,Yes,10,1999
STR-802899,2023-03-29,Track_176,Artist_108,Jazz,United Kingdom,Smart TV,Free,148,270729,No,No,21,1992
STR-803344,2023-03-29,Track_742,Artist_44,Bollywood,United States,Smart Speaker,Premium Individual,182,213119,Yes,Yes,78,2013
STR-803214,2023-03-29,Track_890,Artist_116,Jazz,Brazil,Smart TV,Premium Individual,269,341790,No,Yes,24,2008
STR-803374,2023-03-30,Track_310,Artist_9,Classical,Germany,Tablet,Premium Student,351,127786,No,Yes,96,2007
STR-800155,2023-03-30,Track_1520,Artist_134,Devotional,United Kingdom,Tablet,Free,136,178523,Yes,No,74,2013
STR-800392,2023-03-30,Track_1230,Artist_52,Bollywood,India,Smartphone,Premium Individual,344,242830,No,No,23,2003
STR-803824,2023-03-30,Track_67,Artist_94,Hip-Hop,Japan,Tablet,Free,224,243371,No,No,92,1991
STR-803330,2023-03-31,Track_2247,Artist_136,Hip-Hop,India,Smartphone,Premium Individual,303,208781,No,Yes,21,2013
STR-803392,2023-03-31,Track_972,Artist_102,Classical,Canada,Tablet,Free,329,109471,No,No,51,2019
STR-801406,2023-03-31,Track_2302,Artist_63,Jazz,United Kingdom,Smart TV,Premium Individual,195,132352,No,No,52,2024
STR-800626,2023-03-31,Track_912,Artist_138,R&B,Canada,Desktop,Premium Family,239,337374,No,No,54,2021
STR-800360,2023-03-31,Track_1779,Artist_83,Indie,United States,Smart TV,Free,316,254261,No,No,99,1996
STR-802096,2023-03-31,Track_1461,Artist_92,Indie,Canada,Smart Speaker,Free,273,40945,Yes,Yes,66,1990
STR-803701,2023-04-01,Track_1924,Artist_137,Bollywood,Canada,Smart Speaker,Premium Individual,169,147238,No,Yes,16,2024
STR-801222,2023-04-01,Track_518,Artist_36,Jazz,India,Smartphone,Free,149,197953,No,Yes,95,2001
STR-801436,2023-04-02,Track_728,Artist_116,Rock,India,Smart Speaker,Premium Individual,278,59893,No,Yes,72,2009
STR-802481,2023-04-02,Track_2135,Artist_139,Pop,India,Smartphone,Premium Individual,270,43473,No,Yes,82,2016
STR-803432,2023-04-02,Track_1084,Artist_58,Classical,United Kingdom,Smart Speaker,Premium Individual,294,52143,Yes,No,27,2000
STR-802318,2023-04-02,Track_2294,Artist_113,Electronic,Australia,Smart TV,Free,340,69246,Yes,No,96,1996
STR-803324,2023-04-02,Track_1379,Artist_88,Hip-Hop,Germany,Desktop,Premium Student,138,359625,No,No,23,2007
STR-802949,2023-04-02,Track_568,Artist_136,Jazz,Germany,Smart Speaker,Premium Individual,188,352194,No,Yes,27,2020
STR-803572,2023-04-03,Track_10,Artist_9,Bollywood,United Kingdom,Smart TV,Premium Individual,358,189038,No,Yes,93,2009
STR-804058,2023-04-03,Track_1090,Artist_13,R&B,Canada,Tablet,Premium Individual,146,180803,No,No,49,2014
STR-802343,2023-04-03,Track_613,Artist_10,R&B,United Kingdom,Smartphone,Premium Individual,228,269370,Yes,Yes,41,2020
STR-800624,2023-04-03,Track_2254,Artist_67,Bollywood,United States,Smart TV,Free,241,245828,No,Yes,99,2019
STR-800361,2023-04-03,Track_2439,Artist_16,Jazz,Australia,Tablet,Free,154,299778,No,Yes,16,2004
STR-800112,2023-04-04,Track_746,Artist_60,Bollywood,Australia,Desktop,Premium Student,316,227671,No,No,88,2019
STR-803027,2023-04-04,Track_1680,Artist_54,Hip-Hop,United Kingdom,Smartphone,Premium Student,248,256370,No,No,78,2000
STR-801299,2023-04-04,Track_573,Artist_138,Electronic,Canada,Smartphone,Premium Family,171,273671,Yes,Yes,95,2020
STR-802118,2023-04-04,Track_686,Artist_3,Electronic,Canada,Tablet,Free,167,188901,No,No,14,2005
STR-802681,2023-04-04,Track_1496,Artist_16,Hip-Hop,Canada,Smart Speaker,Free,226,138795,No,Yes,62,2007
STR-801957,2023-04-04,Track_1768,Artist_100,R&B,United States,Smart Speaker,Premium Student,295,33684,No,No,12,2021
STR-800098,2023-04-05,Track_2402,Artist_52,Hip-Hop,Australia,Desktop,Premium Family,303,295828,No,Yes,70,2003
STR-803304,2023-04-05,Track_675,Artist_89,Indie,United States,Desktop,Premium Family,171,38016,No,Yes,73,2004
STR-803303,2023-04-05,Track_793,Artist_16,Devotional,India,Tablet,Premium Individual,179,6377,No,Yes,81,2002
STR-803236,2023-04-05,Track_2296,Artist_28,Bollywood,Brazil,Tablet,Premium Student,168,250663,No,No,95,1993
STR-803092,2023-04-05,Track_1559,Artist_49,Classical,Canada,Smartphone,Free,278,259176,Yes,No,97,2020
STR-802012,2023-04-05,Track_1323,Artist_48,Bollywood,Brazil,Smart Speaker,Premium Family,245,213116,No,No,57,2005
STR-802177,2023-04-05,Track_418,Artist_131,Classical,India,Smartphone,Premium Student,257,178619,Yes,No,56,2009
STR-803936,2023-04-05,Track_1708,Artist_52,R&B,India,Desktop,Free,220,246159,No,Yes,79,1996
STR-803523,2023-04-06,Track_439,Artist_66,Bollywood,Japan,Smart Speaker,Premium Individual,144,80777,Yes,No,82,2021
STR-803571,2023-04-06,Track_1933,Artist_106,Hip-Hop,India,Desktop,Premium Individual,325,166260,No,No,37,2022
STR-803262,2023-04-06,Track_931,Artist_8,Bollywood,Brazil,Desktop,Premium Individual,348,139455,No,Yes,7,2022
STR-801179,2023-04-06,Track_1688,Artist_53,Hip-Hop,Canada,Smart TV,Premium Individual,120,253868,No,No,74,2007
STR-800788,2023-04-06,Track_381,Artist_49,Indie,Australia,Smart TV,Free,238,207674,No,Yes,100,2017
STR-802498,2023-04-06,Track_815,Artist_142,Devotional,United States,Tablet,Free,318,356849,No,Yes,100,2011
STR-802410,2023-04-07,Track_125,Artist_149,Jazz,United States,Tablet,Premium Individual,122,111429,No,Yes,19,2002
STR-802905,2023-04-07,Track_386,Artist_63,R&B,United States,Smartphone,Free,185,245986,No,Yes,14,2021
STR-802361,2023-04-07,Track_1056,Artist_144,Hip-Hop,Canada,Desktop,Free,231,300423,Yes,No,78,1994
STR-803699,2023-04-07,Track_128,Artist_14,Rock,Japan,Tablet,Premium Individual,126,225415,No,No,6,2020
STR-801582,2023-04-07,Track_1560,Artist_34,Classical,India,Smart TV,Premium Individual,189,259069,No,Yes,29,1990
STR-801099,2023-04-08,Track_269,Artist_97,Devotional,Japan,Tablet,Premium Student,165,169145,No,Yes,21,2023
STR-803161,2023-04-08,Track_1475,Artist_132,Rock,United States,Smart Speaker,Free,317,204891,No,No,63,2016
STR-803741,2023-04-08,Track_2248,Artist_84,Bollywood,India,Smartphone,Free,170,347164,Yes,Yes,43,2014
STR-803942,2023-04-08,Track_1467,Artist_10,Hip-Hop,Australia,Smartphone,Premium Family,274,310394,No,Yes,67,2006
STR-804072,2023-04-09,Track_2300,Artist_67,Pop,Germany,Smartphone,Premium Student,332,231517,No,Yes,69,2008
STR-800961,2023-04-09,Track_1020,Artist_74,Rock,Japan,Smart Speaker,Free,177,180938,Yes,Yes,10,2016
STR-801492,2023-04-09,Track_391,Artist_105,Jazz,Japan,Smartphone,Premium Family,293,80600,No,Yes,70,1999
STR-801695,2023-04-09,Track_830,Artist_136,Jazz,Canada,Smartphone,Free,184,157858,No,Yes,95,2022
STR-803449,2023-04-09,Track_1085,Artist_95,Pop,Brazil,Smart Speaker,Premium Student,293,347695,Yes,Yes,50,2019
STR-802482,2023-04-09,Track_609,Artist_75,Classical,Canada,Desktop,Premium Family,322,125192,No,Yes,36,2005
STR-800519,2023-04-09,Track_2310,Artist_53,Pop,Canada,Smart Speaker,Premium Individual,251,122751,No,Yes,23,2016
STR-801443,2023-04-09,Track_1722,Artist_28,Pop,United Kingdom,Smartphone,Premium Individual,338,296544,No,Yes,6,2001
STR-803615,2023-04-09,Track_1402,Artist_97,Indie,Australia,Tablet,Free,234,182120,No,Yes,89,2009
STR-800161,2023-04-09,Track_1550,Artist_129,Rock,United Kingdom,Smartphone,Premium Individual,341,264329,No,Yes,19,2015
STR-803311,2023-04-10,Track_1717,Artist_55,R&B,United Kingdom,Smartphone,Premium Individual,254,80037,No,Yes,85,2007
STR-803486,2023-04-10,Track_2161,Artist_115,Bollywood,Canada,Desktop,Free,337,64234,No,No,4,2001
STR-802683,2023-04-10,Track_2005,Artist_25,Bollywood,United States,Tablet,Premium Family,236,193754,No,Yes,48,2024
STR-802634,2023-04-11,Track_2327,Artist_120,Pop,India,Tablet,Premium Individual,285,200615,Yes,Yes,58,2009
STR-802629,2023-04-11,Track_849,Artist_84,Electronic,Australia,Tablet,Premium Individual,265,283584,No,No,68,1998
STR-800910,2023-04-11,Track_868,Artist_96,Devotional,Japan,Desktop,Premium Individual,166,31315,No,Yes,49,1995
STR-801216,2023-04-11,Track_2474,Artist_149,Indie,Canada,Smartphone,Premium Individual,213,209914,No,Yes,2,2024
STR-802686,2023-04-11,Track_690,Artist_83,R&B,Canada,Tablet,Premium Family,176,92963,No,No,38,1996
STR-803713,2023-04-11,Track_38,Artist_99,Indie,Canada,Smart Speaker,Premium Individual,282,131394,No,No,37,2018
STR-801731,2023-04-11,Track_211,Artist_39,Electronic,Brazil,Tablet,Premium Individual,312,88140,No,No,64,1993
STR-801376,2023-04-12,Track_630,Artist_130,Bollywood,United States,Smart Speaker,Premium Family,267,337298,Yes,No,28,2005
STR-802269,2023-04-12,Track_1874,Artist_84,Bollywood,Japan,Smartphone,Premium Individual,211,269828,No,No,90,1998
STR-803250,2023-04-12,Track_1786,Artist_115,Devotional,Japan,Smartphone,Premium Individual,300,284187,No,No,56,1996
STR-802752,2023-04-12,Track_410,Artist_146,Classical,Canada,Desktop,Premium Family,156,223298,No,Yes,70,2005
STR-802504,2023-04-12,Track_677,Artist_78,Devotional,India,Smart TV,Premium Individual,143,242383,Yes,No,41,2024
STR-800639,2023-04-13,Track_2265,Artist_134,Pop,Japan,Smart TV,Premium Individual,322,70836,No,Yes,96,1998
STR-802820,2023-04-13,Track_1510,Artist_150,Hip-Hop,Japan,Smart Speaker,Free,342,295500,No,Yes,32,2016
STR-801391,2023-04-13,Track_207,Artist_144,Devotional,Canada,Smartphone,Free,274,338165,No,Yes,84,2003
STR-801419,2023-04-13,Track_2102,Artist_74,Classical,United States,Smart Speaker,Premium Student,351,302178,No,Yes,53,2016
STR-802377,2023-04-13,Track_960,Artist_122,Electronic,Brazil,Desktop,Free,164,44484,No,Yes,42,2002
STR-800396,2023-04-14,Track_335,Artist_130,Bollywood,Australia,Smart Speaker,Premium Individual,317,64387,No,Yes,22,2019
STR-803195,2023-04-14,Track_223,Artist_102,Pop,Brazil,Smartphone,Free,327,138318,No,Yes,49,2010
STR-801699,2023-04-14,Track_2263,Artist_29,Hip-Hop,Australia,Tablet,Premium Family,227,134432,Yes,No,62,1998
STR-801013,2023-04-14,Track_1758,Artist_80,Bollywood,Germany,Desktop,Premium Individual,248,12140,No,Yes,30,2003
STR-802755,2023-04-14,Track_528,Artist_99,Indie,Japan,Smart TV,Premium Individual,218,223151,No,No,98,2014
STR-802956,2023-04-14,Track_926,Artist_4,Jazz,Australia,Smart TV,Free,307,273644,Yes,Yes,55,2018
STR-804053,2023-04-15,Track_2203,Artist_44,Jazz,India,Smartphone,Premium Individual,296,269731,No,Yes,27,2007
STR-803249,2023-04-15,Track_2040,Artist_130,Hip-Hop,United Kingdom,Tablet,Free,302,102945,Yes,No,40,2009
STR-800902,2023-04-15,Track_452,Artist_40,Pop,United States,Smartphone,Free,143,18965,No,Yes,58,2000
STR-800883,2023-04-16,Track_2221,Artist_122,Electronic,Japan,Smartphone,Premium Individual,325,324082,Yes,No,85,1996
STR-804146,2023-04-16,Track_2103,Artist_100,Jazz,Germany,Tablet,Premium Individual,220,16900,No,Yes,40,2014
STR-800778,2023-04-16,Track_1807,Artist_102,Bollywood,Australia,Tablet,Free,204,308970,No,No,54,2012
STR-801486,2023-04-17,Track_341,Artist_132,Pop,India,Tablet,Premium Individual,234,17071,No,Yes,48,1995
STR-802024,2023-04-17,Track_1224,Artist_150,Devotional,Australia,Smartphone,Free,216,284040,No,Yes,2,1995
STR-802919,2023-04-17,Track_2087,Artist_24,Electronic,Canada,Smartphone,Premium Student,163,139285,No,Yes,46,2020
STR-800989,2023-04-17,Track_1351,Artist_10,Bollywood,United States,Smart TV,Premium Individual,256,298859,No,No,27,2001
STR-803442,2023-04-18,Track_991,Artist_40,R&B,United Kingdom,Tablet,Free,352,94301,No,Yes,60,2005
STR-803124,2023-04-18,Track_526,Artist_150,Jazz,Canada,Smartphone,Premium Individual,180,265941,No,Yes,65,2005
STR-800455,2023-04-18,Track_1030,Artist_132,Hip-Hop,Japan,Tablet,Free,274,179515,No,No,21,2024
STR-801786,2023-04-18,Track_895,Artist_26,Pop,Brazil,Tablet,Free,219,323601,No,No,69,1994
STR-801602,2023-04-18,Track_719,Artist_71,Classical,United Kingdom,Tablet,Premium Individual,170,163179,No,No,68,2004
STR-801572,2023-04-18,Track_1667,Artist_129,Indie,Germany,Smart TV,Free,212,250334,No,No,59,1996
STR-804111,2023-04-18,Track_758,Artist_58,R&B,Canada,Smartphone,Premium Student,179,31515,No,Yes,33,2015
STR-802703,2023-04-19,Track_1441,Artist_147,Electronic,Brazil,Desktop,Premium Student,323,329622,Yes,No,100,2015
STR-800707,2023-04-19,Track_196,Artist_92,Electronic,Germany,Tablet,Free,289,169729,No,Yes,41,1993
STR-801226,2023-04-19,Track_2241,Artist_37,Hip-Hop,Germany,Smart TV,Premium Individual,164,114402,Yes,Yes,96,2007
STR-802064,2023-04-19,Track_1479,Artist_10,Bollywood,Japan,Smartphone,Free,163,215125,No,No,40,2007
STR-803762,2023-04-19,Track_484,Artist_40,Hip-Hop,Japan,Smart TV,Free,270,182203,No,No,5,2008
STR-801817,2023-04-19,Track_2023,Artist_86,Rock,Germany,Tablet,Premium Individual,303,267770,No,No,92,2002
STR-802656,2023-04-19,Track_1534,Artist_56,Devotional,Australia,Tablet,Premium Student,230,5199,No,Yes,75,1996
STR-803619,2023-04-19,Track_1227,Artist_134,R&B,United Kingdom,Desktop,Free,220,262692,No,No,94,2007
STR-802729,2023-04-19,Track_1669,Artist_141,Rock,Germany,Desktop,Premium Individual,244,121503,Yes,Yes,12,2011
STR-800797,2023-04-19,Track_1096,Artist_47,Hip-Hop,United Kingdom,Smart TV,Premium Individual,254,320583,No,Yes,49,1992
STR-802110,2023-04-19,Track_2328,Artist_25,Pop,Australia,Desktop,Free,183,9309,Yes,No,68,2003
STR-803853,2023-04-20,Track_1390,Artist_114,Devotional,Germany,Smartphone,Free,214,77799,No,No,86,2008
STR-801590,2023-04-20,Track_2250,Artist_89,Bollywood,Brazil,Tablet,Premium Individual,252,39153,Yes,Yes,90,1995
STR-800685,2023-04-20,Track_1828,Artist_94,Rock,Canada,Desktop,Premium Family,133,147372,Yes,Yes,46,2017
STR-802858,2023-04-20,Track_2414,Artist_43,Bollywood,United Kingdom,Tablet,Free,288,129712,No,Yes,92,2020
STR-802116,2023-04-20,Track_582,Artist_33,Devotional,Canada,Tablet,Premium Family,291,250737,No,No,42,1994
STR-803797,2023-04-20,Track_1807,Artist_126,Electronic,Canada,Smart Speaker,Premium Individual,154,298835,No,Yes,78,2001
STR-800322,2023-04-21,Track_2117,Artist_42,Devotional,India,Smart TV,Free,288,347760,Yes,No,36,1992
STR-803132,2023-04-21,Track_341,Artist_52,Classical,United Kingdom,Smart TV,Premium Individual,309,343634,No,Yes,81,2015
STR-800320,2023-04-21,Track_1946,Artist_50,Rock,United Kingdom,Smart TV,Free,183,95759,No,Yes,62,1991
STR-801038,2023-04-21,Track_1345,Artist_60,Hip-Hop,India,Desktop,Premium Individual,270,226058,No,No,82,2004
STR-801384,2023-04-21,Track_858,Artist_61,Hip-Hop,India,Smartphone,Premium Individual,190,8979,Yes,Yes,65,2001
STR-801933,2023-04-21,Track_977,Artist_84,Indie,United Kingdom,Smartphone,Premium Family,295,69261,Yes,No,93,2001
STR-800798,2023-04-21,Track_236,Artist_65,R&B,United Kingdom,Tablet,Free,232,310016,No,Yes,57,2023
STR-801054,2023-04-21,Track_1911,Artist_133,Pop,United States,Tablet,Premium Individual,339,74778,No,No,20,2010
STR-801532,2023-04-21,Track_508,Artist_67,Electronic,India,Desktop,Premium Individual,163,6376,Yes,No,65,2008
STR-802551,2023-04-22,Track_688,Artist_81,Rock,Australia,Smart TV,Free,150,16515,No,Yes,25,2022
STR-802382,2023-04-22,Track_807,Artist_132,Bollywood,United Kingdom,Smartphone,Premium Individual,248,178672,No,No,48,2012
STR-800783,2023-04-22,Track_541,Artist_114,Classical,Canada,Tablet,Premium Individual,344,156286,No,No,65,2014
STR-802384,2023-04-22,Track_1162,Artist_104,Jazz,Canada,Desktop,Free,141,281682,No,Yes,59,2014
STR-802606,2023-04-22,Track_1934,Artist_137,Rock,United Kingdom,Tablet,Premium Individual,210,347039,No,Yes,32,2010
STR-800562,2023-04-22,Track_1657,Artist_12,Pop,Brazil,Desktop,Premium Individual,123,213010,No,Yes,22,1998
STR-803687,2023-04-22,Track_1565,Artist_46,Bollywood,Germany,Smart Speaker,Premium Individual,250,119345,Yes,No,39,1995
STR-800436,2023-04-23,Track_515,Artist_27,Classical,India,Desktop,Free,126,90500,No,No,2,2017
STR-803846,2023-04-23,Track_933,Artist_102,Pop,Germany,Smart TV,Premium Family,142,270847,Yes,Yes,63,1995
STR-800999,2023-04-23,Track_1443,Artist_94,Hip-Hop,Australia,Smart Speaker,Premium Individual,186,52957,No,Yes,50,2010
STR-801027,2023-04-23,Track_1784,Artist_70,Hip-Hop,United States,Smart TV,Premium Family,184,125607,No,No,79,2001
STR-802295,2023-04-23,Track_968,Artist_60,Hip-Hop,Germany,Smartphone,Premium Individual,327,357478,No,No,72,2014
STR-800375,2023-04-24,Track_1194,Artist_46,Indie,United Kingdom,Smart Speaker,Premium Individual,255,181246,No,No,19,1998
STR-800812,2023-04-24,Track_2029,Artist_9,R&B,Germany,Tablet,Premium Student,274,215919,No,Yes,18,1993
STR-802194,2023-04-24,Track_1362,Artist_35,Electronic,United Kingdom,Tablet,Premium Individual,122,197956,No,Yes,26,2018
STR-803117,2023-04-24,Track_2312,Artist_73,Jazz,Canada,Tablet,Premium Individual,272,185767,No,Yes,29,2016
STR-802376,2023-04-24,Track_919,Artist_148,R&B,Canada,Smart Speaker,Premium Student,224,320341,Yes,Yes,57,2016
STR-801378,2023-04-24,Track_474,Artist_24,Indie,United Kingdom,Smart TV,Free,232,99981,No,No,81,2019
STR-803317,2023-04-24,Track_775,Artist_117,Devotional,Australia,Desktop,Premium Individual,288,8368,No,No,36,2003
STR-801162,2023-04-24,Track_1314,Artist_137,Classical,Australia,Smart Speaker,Premium Family,251,321346,No,No,4,1995
STR-802237,2023-04-25,Track_988,Artist_65,Bollywood,Japan,Desktop,Free,268,174929,No,No,77,2021
STR-803157,2023-04-25,Track_2200,Artist_125,Jazz,Japan,Desktop,Free,271,54993,Yes,No,67,2008
STR-800410,2023-04-25,Track_738,Artist_89,Classical,United States,Desktop,Premium Individual,198,304945,No,No,27,1994
STR-803059,2023-04-25,Track_1968,Artist_81,Indie,India,Tablet,Premium Individual,262,111386,No,No,82,2014
STR-800903,2023-04-26,Track_2173,Artist_144,Jazz,Australia,Smart Speaker,Premium Student,214,63443,No,No,61,2000
STR-802986,2023-04-26,Track_1832,Artist_43,Devotional,Japan,Tablet,Free,318,20815,No,No,67,1992
STR-803581,2023-04-26,Track_163,Artist_140,Electronic,Australia,Smart Speaker,Premium Individual,234,74896,No,Yes,67,1992
STR-801684,2023-04-26,Track_510,Artist_132,Bollywood,Germany,Tablet,Premium Family,304,6827,No,No,33,2021
STR-803150,2023-04-27,Track_1962,Artist_94,Indie,Germany,Smartphone,Free,175,33286,Yes,No,56,1993
STR-801128,2023-04-27,Track_829,Artist_139,Bollywood,Brazil,Smartphone,Premium Family,130,222475,No,Yes,21,2007
STR-802807,2023-04-27,Track_1930,Artist_100,Bollywood,Brazil,Smartphone,Free,269,224688,No,Yes,2,2003
STR-802077,2023-04-27,Track_755,Artist_3,R&B,Australia,Smart Speaker,Free,211,54150,No,No,86,2020
STR-802740,2023-04-27,Track_1670,Artist_107,Jazz,Australia,Smart TV,Premium Individual,279,86099,Yes,Yes,37,1995
STR-803229,2023-04-27,Track_808,Artist_8,Indie,Canada,Smartphone,Free,222,121573,No,No,64,2016
STR-803051,2023-04-28,Track_2306,Artist_99,Pop,Japan,Smart TV,Premium Individual,266,312889,Yes,Yes,44,2011
STR-803958,2023-04-28,Track_1100,Artist_38,Devotional,Brazil,Smart TV,Premium Individual,336,43599,No,Yes,57,2001
STR-800671,2023-04-28,Track_2179,Artist_19,Rock,Japan,Desktop,Free,344,99005,No,No,74,1996
STR-804065,2023-04-28,Track_1821,Artist_142,Jazz,Brazil,Desktop,Premium Student,315,7724,No,Yes,100,2020
STR-802579,2023-04-28,Track_1109,Artist_97,Rock,Canada,Smart TV,Free,121,204351,Yes,Yes,69,2010
STR-801122,2023-04-28,Track_181,Artist_107,Bollywood,Germany,Tablet,Free,336,52514,No,Yes,74,2001
STR-802393,2023-04-29,Track_2347,Artist_145,Bollywood,Germany,Smartphone,Premium Individual,338,207355,Yes,Yes,17,2010
STR-802893,2023-04-29,Track_76,Artist_149,Bollywood,India,Smart Speaker,Free,266,327944,No,Yes,30,2000
STR-801004,2023-04-29,Track_688,Artist_146,Electronic,Brazil,Smart TV,Free,235,326176,No,Yes,75,2015
STR-801881,2023-04-29,Track_2219,Artist_4,Pop,United Kingdom,Smart TV,Free,344,60612,No,Yes,54,1999
STR-802305,2023-04-29,Track_2110,Artist_108,Jazz,United States,Tablet,Premium Family,292,265872,Yes,No,20,1997
STR-800330,2023-04-29,Track_2291,Artist_128,Rock,Germany,Desktop,Free,190,72165,No,Yes,91,2002
STR-802294,2023-04-30,Track_1701,Artist_69,Jazz,Canada,Smartphone,Premium Family,190,20665,Yes,Yes,35,2015
STR-800683,2023-04-30,Track_1350,Artist_82,Indie,United Kingdom,Smartphone,Free,279,102567,No,No,70,2018
STR-803695,2023-04-30,Track_1861,Artist_53,Jazz,India,Smartphone,Premium Individual,330,278339,No,Yes,83,2010
STR-803375,2023-04-30,Track_252,Artist_112,Indie,India,Desktop,Premium Family,228,16023,Yes,No,34,2023
STR-800573,2023-04-30,Track_803,Artist_11,R&B,United Kingdom,Smart Speaker,Premium Individual,136,68476,Yes,No,74,1992
STR-801968,2023-04-30,Track_1514,Artist_112,Pop,Canada,Smart TV,Premium Student,127,346346,No,No,59,1994
STR-801903,2023-04-30,Track_1102,Artist_45,Bollywood,United States,Desktop,Premium Family,151,89675,No,Yes,64,2006
STR-802058,2023-04-30,Track_335,Artist_33,Bollywood,India,Smart TV,Premium Family,284,297615,No,No,20,2008
STR-802487,2023-05-01,Track_1872,Artist_29,Classical,Japan,Smartphone,Free,324,158197,Yes,No,40,2023
STR-801025,2023-05-01,Track_671,Artist_120,Indie,United States,Smart Speaker,Free,227,319119,No,No,28,2004
STR-802364,2023-05-01,Track_1443,Artist_44,Electronic,Canada,Smart Speaker,Free,261,344452,Yes,No,51,1990
STR-802479,2023-05-02,Track_1281,Artist_70,R&B,Australia,Desktop,Premium Individual,139,313640,Yes,Yes,40,2023
STR-803208,2023-05-02,Track_871,Artist_133,Devotional,Brazil,Smart Speaker,Free,186,97380,No,Yes,28,1990
STR-801495,2023-05-02,Track_1499,Artist_15,Indie,Brazil,Smart TV,Free,289,233894,No,Yes,67,2017
STR-804091,2023-05-02,Track_2352,Artist_87,Electronic,Japan,Smartphone,Premium Family,273,36792,No,Yes,78,2021
STR-802896,2023-05-03,Track_9,Artist_82,Electronic,Canada,Tablet,Premium Student,213,222749,Yes,No,86,2012
STR-804103,2023-05-03,Track_1409,Artist_53,Indie,India,Tablet,Premium Family,208,285542,Yes,No,28,2017
STR-803403,2023-05-03,Track_1497,Artist_77,Hip-Hop,United States,Smartphone,Premium Individual,276,27089,No,No,41,2003
STR-801748,2023-05-04,Track_2410,Artist_84,Indie,India,Tablet,Free,264,26310,No,Yes,65,1991
STR-801087,2023-05-04,Track_846,Artist_125,R&B,Brazil,Smart TV,Free,310,191804,Yes,Yes,14,2009
STR-801926,2023-05-04,Track_1471,Artist_50,Devotional,Canada,Tablet,Premium Family,152,269280,No,Yes,82,1997
STR-802037,2023-05-04,Track_2045,Artist_46,Rock,Australia,Tablet,Premium Individual,207,81664,No,Yes,89,2019
STR-801048,2023-05-04,Track_735,Artist_138,Jazz,Canada,Desktop,Free,348,267590,No,No,57,1998
STR-801581,2023-05-04,Track_607,Artist_118,R&B,Japan,Smart Speaker,Free,333,256849,No,Yes,76,2010
STR-800684,2023-05-04,Track_2222,Artist_61,Hip-Hop,Australia,Tablet,Premium Family,147,108239,No,Yes,38,2020
STR-802621,2023-05-05,Track_2491,Artist_101,Bollywood,United States,Desktop,Premium Individual,196,357977,No,No,10,2018
STR-802059,2023-05-05,Track_1520,Artist_98,R&B,Germany,Smart Speaker,Premium Family,207,116631,No,Yes,31,2006
STR-800075,2023-05-05,Track_1993,Artist_35,Jazz,Australia,Desktop,Premium Individual,159,199502,No,No,71,2001
STR-802494,2023-05-05,Track_516,Artist_80,Devotional,Brazil,Smart Speaker,Premium Individual,293,180157,No,No,2,1991
STR-800080,2023-05-05,Track_2038,Artist_133,Jazz,Japan,Smart TV,Free,307,311076,Yes,No,26,2011
STR-804119,2023-05-06,Track_2224,Artist_91,Electronic,United States,Tablet,Free,351,174655,No,No,55,2001
STR-801068,2023-05-06,Track_1411,Artist_46,Rock,Canada,Smartphone,Premium Individual,345,276048,No,Yes,91,1996
STR-801305,2023-05-06,Track_2191,Artist_22,Devotional,Canada,Smart TV,Premium Individual,357,328425,No,Yes,68,1992
STR-801082,2023-05-06,Track_644,Artist_74,Devotional,India,Smartphone,Free,275,257347,No,Yes,96,2010
STR-801074,2023-05-07,Track_952,Artist_60,Electronic,India,Desktop,Premium Individual,352,234375,Yes,Yes,19,2018
STR-801006,2023-05-07,Track_1316,Artist_116,Devotional,United Kingdom,Desktop,Premium Family,277,235727,No,Yes,8,2006
STR-800402,2023-05-07,Track_679,Artist_42,R&B,Canada,Smart TV,Premium Individual,327,295015,Yes,Yes,91,2014
STR-802910,2023-05-07,Track_1611,Artist_5,R&B,Brazil,Desktop,Free,223,69011,No,No,81,2016
STR-804184,2023-05-07,Track_358,Artist_99,Indie,United Kingdom,Tablet,Premium Individual,170,10084,No,Yes,42,2017
STR-803502,2023-05-07,Track_1462,Artist_61,Indie,United States,Desktop,Premium Family,291,106774,No,Yes,27,2017
STR-802215,2023-05-07,Track_2142,Artist_110,Jazz,Japan,Smart Speaker,Free,178,97451,No,No,51,2008
STR-802020,2023-05-08,Track_297,Artist_146,Electronic,Canada,Smart TV,Free,232,207769,No,Yes,65,2017
STR-801654,2023-05-08,Track_563,Artist_12,Bollywood,Australia,Smartphone,Free,219,6319,No,Yes,56,2016
STR-802102,2023-05-08,Track_729,Artist_12,Classical,Japan,Desktop,Premium Individual,140,84736,No,Yes,26,2023
STR-801876,2023-05-08,Track_1023,Artist_42,Bollywood,Brazil,Smart TV,Premium Student,347,233637,No,Yes,97,2005
STR-803697,2023-05-08,Track_1729,Artist_99,Bollywood,Japan,Tablet,Premium Student,231,296673,No,Yes,36,2008
STR-801358,2023-05-08,Track_2417,Artist_55,Devotional,Australia,Smart TV,Free,148,93927,No,Yes,70,1993
STR-802824,2023-05-08,Track_856,Artist_17,Indie,India,Tablet,Premium Individual,311,314957,No,No,73,2020
STR-800131,2023-05-08,Track_2322,Artist_62,Hip-Hop,Australia,Smart TV,Free,325,277642,No,Yes,72,1999
STR-802134,2023-05-09,Track_2365,Artist_2,Bollywood,India,Smart TV,Premium Individual,310,169216,No,Yes,94,1994
STR-802871,2023-05-09,Track_1827,Artist_72,Indie,Australia,Desktop,Premium Student,292,168819,No,Yes,10,2004
STR-800192,2023-05-09,Track_1885,Artist_2,Devotional,Japan,Tablet,Premium Student,352,74917,No,No,7,1991
STR-802359,2023-05-09,Track_1752,Artist_135,Hip-Hop,Germany,Desktop,Premium Student,210,342919,No,Yes,21,2009
STR-800215,2023-05-09,Track_1431,Artist_19,Pop,Canada,Tablet,Free,291,237765,No,Yes,77,2024
STR-801448,2023-05-09,Track_2012,Artist_98,Pop,Brazil,Desktop,Premium Individual,340,236553,No,No,100,1994
STR-803720,2023-05-09,Track_1398,Artist_130,R&B,Brazil,Tablet,Free,128,159505,No,No,31,1999
STR-802973,2023-05-09,Track_851,Artist_140,Bollywood,United States,Smartphone,Premium Individual,143,298872,No,Yes,10,1997
STR-803370,2023-05-09,Track_299,Artist_17,Indie,United States,Tablet,Premium Family,348,252662,No,Yes,50,2006
STR-802964,2023-05-09,Track_2065,Artist_134,Electronic,Japan,Smart Speaker,Premium Individual,121,16210,No,Yes,63,2018
STR-802902,2023-05-10,Track_1217,Artist_61,Devotional,Japan,Desktop,Free,287,30401,No,Yes,70,2024
STR-800706,2023-05-10,Track_554,Artist_81,Bollywood,Brazil,Tablet,Premium Individual,250,21923,No,No,53,1993
STR-804154,2023-05-10,Track_1929,Artist_20,R&B,United Kingdom,Desktop,Premium Individual,129,194200,No,No,5,2016
STR-802993,2023-05-10,Track_1165,Artist_95,Classical,Germany,Tablet,Premium Family,249,93151,No,Yes,68,2006
STR-803038,2023-05-11,Track_552,Artist_54,Jazz,United Kingdom,Desktop,Free,241,311078,Yes,No,30,2000
STR-801174,2023-05-11,Track_790,Artist_11,R&B,Germany,Smart TV,Free,297,208695,No,Yes,89,2018
STR-801680,2023-05-11,Track_2458,Artist_20,Devotional,Brazil,Smart TV,Premium Student,265,262244,No,Yes,86,2004
STR-802417,2023-05-11,Track_2091,Artist_88,Classical,Brazil,Desktop,Premium Individual,261,84483,No,No,94,1997
STR-801811,2023-05-12,Track_660,Artist_110,Devotional,Germany,Desktop,Premium Individual,200,41032,No,No,71,2002
STR-800143,2023-05-12,Track_1774,Artist_23,Jazz,United States,Tablet,Premium Student,157,94623,No,Yes,24,2011
STR-803111,2023-05-12,Track_2460,Artist_146,Bollywood,Germany,Smart Speaker,Premium Individual,217,197417,No,No,100,2014
STR-803052,2023-05-12,Track_339,Artist_134,Bollywood,Japan,Smart Speaker,Free,308,163225,No,No,56,2012
STR-801348,2023-05-12,Track_1592,Artist_17,Indie,Japan,Tablet,Premium Family,293,133489,No,Yes,42,1995
STR-800670,2023-05-13,Track_1708,Artist_19,R&B,India,Smart TV,Premium Individual,251,229224,No,No,41,2000
STR-802609,2023-05-13,Track_2082,Artist_33,Jazz,United Kingdom,Tablet,Premium Student,335,259368,Yes,No,24,2024
STR-802397,2023-05-13,Track_1919,Artist_35,Pop,Australia,Smart Speaker,Premium Individual,270,51659,No,No,8,1998
STR-802640,2023-05-13,Track_1870,Artist_60,Devotional,India,Smart TV,Free,158,139199,No,Yes,73,2001
STR-802450,2023-05-13,Track_955,Artist_91,Indie,India,Smartphone,Premium Individual,137,114747,No,Yes,72,2018
STR-800644,2023-05-13,Track_743,Artist_80,Pop,Australia,Smart TV,Premium Individual,130,164822,Yes,No,1,2005
STR-800405,2023-05-13,Track_2121,Artist_84,Rock,United Kingdom,Desktop,Premium Individual,206,333578,No,No,37,1999
STR-802373,2023-05-14,Track_1830,Artist_62,Indie,Canada,Desktop,Premium Individual,174,227473,No,No,76,2005
STR-800508,2023-05-14,Track_517,Artist_69,Bollywood,Brazil,Smart TV,Free,199,163534,No,No,2,2022
STR-800218,2023-05-14,Track_1021,Artist_83,Bollywood,United Kingdom,Smartphone,Free,236,330905,No,Yes,48,2005
STR-802078,2023-05-14,Track_2314,Artist_17,Hip-Hop,Japan,Desktop,Free,142,20009,Yes,No,34,1994
STR-801516,2023-05-14,Track_1230,Artist_87,Pop,Brazil,Smart Speaker,Premium Individual,314,122708,No,No,19,2024
STR-800886,2023-05-15,Track_2391,Artist_5,Electronic,Germany,Smart Speaker,Free,280,104215,No,Yes,25,2000
STR-800558,2023-05-15,Track_119,Artist_78,Devotional,Germany,Smart Speaker,Premium Student,284,148940,Yes,Yes,52,1999
STR-800909,2023-05-15,Track_2300,Artist_77,Rock,India,Smartphone,Premium Individual,333,82551,No,No,90,2001
STR-804187,2023-05-15,Track_2107,Artist_70,Jazz,United Kingdom,Desktop,Premium Individual,329,180891,No,No,75,2013
STR-802570,2023-05-15,Track_519,Artist_146,Rock,India,Desktop,Free,230,144779,No,Yes,63,2006
STR-803604,2023-05-15,Track_1091,Artist_40,R&B,Canada,Smart Speaker,Premium Individual,178,198839,No,Yes,13,2016
STR-801960,2023-05-15,Track_496,Artist_145,Classical,Australia,Smart TV,Premium Student,222,257257,No,No,17,2022
STR-802834,2023-05-15,Track_2127,Artist_8,Jazz,United States,Desktop,Free,267,346156,No,No,25,2007
STR-802074,2023-05-16,Track_167,Artist_52,Hip-Hop,United States,Tablet,Free,253,255383,No,No,90,2023
STR-801498,2023-05-16,Track_844,Artist_109,R&B,Japan,Tablet,Free,171,108519,No,Yes,13,2016
STR-800035,2023-05-16,Track_2443,Artist_28,Classical,Canada,Desktop,Premium Individual,228,236479,No,No,89,2007
STR-803802,2023-05-16,Track_2377,Artist_91,Rock,Australia,Tablet,Free,134,168428,Yes,Yes,82,2005
STR-802718,2023-05-16,Track_2363,Artist_80,Classical,Brazil,Smart TV,Premium Individual,194,329494,No,Yes,23,2003
STR-800650,2023-05-16,Track_987,Artist_117,Indie,United Kingdom,Smart TV,Free,121,170167,Yes,Yes,64,2014
STR-802678,2023-05-16,Track_2482,Artist_112,Devotional,Brazil,Smart TV,Premium Family,185,163681,No,Yes,96,2003
STR-802770,2023-05-16,Track_1371,Artist_108,Pop,United States,Smart TV,Free,168,214642,No,Yes,6,2005
STR-802477,2023-05-16,Track_936,Artist_138,Indie,Canada,Smart TV,Free,192,336357,Yes,Yes,13,2018
STR-800245,2023-05-17,Track_768,Artist_73,Bollywood,United Kingdom,Desktop,Free,329,338794,No,Yes,40,2013
STR-802255,2023-05-17,Track_591,Artist_76,Hip-Hop,United Kingdom,Desktop,Free,247,210574,No,No,35,1990
STR-803661,2023-05-17,Track_711,Artist_133,Jazz,Australia,Smartphone,Premium Individual,342,163441,No,No,6,2021
STR-800063,2023-05-17,Track_347,Artist_112,Hip-Hop,Canada,Smart TV,Free,122,324225,No,No,15,2008
STR-801394,2023-05-17,Track_866,Artist_133,Indie,Canada,Smart Speaker,Free,144,19371,No,Yes,26,1999
STR-803602,2023-05-17,Track_335,Artist_61,Jazz,Brazil,Smart Speaker,Premium Student,132,214525,Yes,Yes,13,2019
STR-801779,2023-05-18,Track_1225,Artist_32,Electronic,Australia,Smartphone,Premium Family,347,124461,No,Yes,87,2020
STR-800470,2023-05-18,Track_921,Artist_29,Classical,United States,Smart TV,Premium Individual,237,142828,No,No,33,2013
STR-801282,2023-05-18,Track_112,Artist_97,Indie,India,Tablet,Free,301,41770,No,Yes,93,2022
STR-803948,2023-05-18,Track_696,Artist_140,Pop,Japan,Tablet,Premium Individual,321,341068,No,No,5,2010
STR-801430,2023-05-18,Track_2458,Artist_100,Jazz,Germany,Smartphone,Free,327,301116,Yes,No,45,1994
STR-801826,2023-05-18,Track_833,Artist_110,Rock,United Kingdom,Tablet,Premium Individual,277,164067,No,Yes,44,1999
STR-803735,2023-05-18,Track_422,Artist_15,Jazz,United States,Smart Speaker,Free,172,135190,No,No,80,2024
STR-801588,2023-05-18,Track_768,Artist_136,Electronic,India,Smartphone,Premium Individual,138,218652,No,No,20,2011
STR-801536,2023-05-19,Track_1981,Artist_41,Electronic,United Kingdom,Smart TV,Premium Individual,268,264938,Yes,No,39,1998
STR-802936,2023-05-19,Track_1708,Artist_125,Jazz,Germany,Smart TV,Premium Student,333,142614,Yes,No,38,2022
STR-804099,2023-05-19,Track_363,Artist_118,Jazz,Canada,Smartphone,Premium Individual,336,66615,No,No,74,2000
STR-803281,2023-05-19,Track_2347,Artist_69,Rock,Australia,Smart Speaker,Premium Student,291,61472,No,Yes,63,1996
STR-800291,2023-05-19,Track_295,Artist_92,Rock,Germany,Tablet,Premium Individual,294,267804,No,No,39,1995
STR-802089,2023-05-20,Track_1121,Artist_63,Classical,Japan,Smart Speaker,Free,255,316762,No,No,67,2007
STR-801622,2023-05-20,Track_1155,Artist_71,Pop,India,Smart Speaker,Free,334,246009,No,Yes,29,2007
STR-802239,2023-05-20,Track_913,Artist_53,Rock,United States,Smart Speaker,Premium Student,226,176097,No,No,92,1996
STR-800754,2023-05-20,Track_2273,Artist_4,Classical,Germany,Smart TV,Free,292,219104,No,Yes,5,1992
STR-800059,2023-05-20,Track_2380,Artist_97,Indie,United States,Desktop,Free,303,51425,No,Yes,64,2016
STR-802354,2023-05-20,Track_1382,Artist_133,Pop,United States,Smart TV,Free,214,252760,No,Yes,24,2006
STR-803993,2023-05-20,Track_587,Artist_18,Electronic,India,Smart Speaker,Premium Individual,341,277937,No,Yes,25,2022
STR-803136,2023-05-20,Track_2120,Artist_61,Electronic,Canada,Smart TV,Premium Individual,162,201986,Yes,Yes,10,2022
STR-800083,2023-05-21,Track_275,Artist_126,Rock,India,Smart Speaker,Premium Individual,345,64279,No,Yes,84,2007
STR-801757,2023-05-21,Track_1958,Artist_57,Classical,Japan,Smartphone,Premium Individual,140,20092,No,Yes,67,2009
STR-801398,2023-05-21,Track_2104,Artist_17,Indie,Canada,Smart Speaker,Premium Family,142,209217,Yes,No,95,1991
STR-800414,2023-05-22,Track_459,Artist_23,Rock,United Kingdom,Smartphone,Premium Individual,141,194991,No,No,21,2019
STR-802799,2023-05-22,Track_2436,Artist_15,Rock,India,Smart Speaker,Premium Family,330,224442,No,No,33,1993
STR-801210,2023-05-22,Track_1718,Artist_99,Indie,United States,Smart Speaker,Free,353,133489,No,Yes,16,2002
STR-804173,2023-05-23,Track_2070,Artist_134,Electronic,Japan,Desktop,Free,340,152794,No,No,45,2023
STR-802336,2023-05-23,Track_1532,Artist_10,R&B,Germany,Tablet,Premium Family,146,298379,No,Yes,50,2019
STR-804152,2023-05-23,Track_507,Artist_104,Electronic,India,Smart Speaker,Premium Individual,278,150099,No,Yes,87,1992
STR-801251,2023-05-23,Track_1356,Artist_124,Indie,United States,Smart TV,Free,140,132240,No,Yes,49,1991
STR-801052,2023-05-23,Track_2424,Artist_148,Indie,Australia,Smartphone,Premium Individual,263,265131,No,No,26,2019
STR-803855,2023-05-23,Track_1906,Artist_124,Rock,United Kingdom,Desktop,Free,226,260090,No,Yes,39,2023
STR-803048,2023-05-24,Track_2146,Artist_129,Classical,Canada,Smartphone,Premium Student,211,128548,No,No,70,2000
STR-803719,2023-05-24,Track_1278,Artist_38,Electronic,Japan,Smart TV,Premium Individual,220,66800,No,No,21,2020
STR-800916,2023-05-24,Track_1371,Artist_17,Pop,United States,Smart TV,Premium Family,226,53852,No,Yes,77,2008
STR-801146,2023-05-24,Track_262,Artist_35,Indie,United States,Smart TV,Free,229,195424,No,Yes,48,2019
STR-801502,2023-05-25,Track_47,Artist_110,Classical,Canada,Smart Speaker,Free,329,257492,No,No,20,1997
STR-801611,2023-05-25,Track_1666,Artist_100,Bollywood,Brazil,Smart TV,Free,357,135601,No,Yes,91,2011
STR-804079,2023-05-25,Track_697,Artist_6,R&B,United States,Desktop,Free,131,74125,No,No,50,2007
STR-803018,2023-05-25,Track_410,Artist_96,Hip-Hop,Australia,Desktop,Premium Individual,252,164803,Yes,Yes,47,1990
STR-803359,2023-05-25,Track_842,Artist_66,Jazz,Brazil,Desktop,Free,141,155923,No,Yes,73,2007
STR-803886,2023-05-25,Track_2086,Artist_58,Indie,India,Smartphone,Premium Family,313,246955,No,Yes,94,1991
STR-800021,2023-05-25,Track_2121,Artist_139,Rock,Canada,Tablet,Free,333,28837,Yes,No,6,2006
STR-800615,2023-05-25,Track_1249,Artist_25,Hip-Hop,Australia,Smartphone,Premium Individual,317,335648,No,Yes,50,2020
STR-803944,2023-05-26,Track_1376,Artist_99,Bollywood,United Kingdom,Smart Speaker,Free,321,307256,No,No,34,1993
STR-800965,2023-05-26,Track_586,Artist_83,Electronic,Canada,Smart Speaker,Premium Individual,285,235424,No,No,100,1993
STR-803222,2023-05-26,Track_163,Artist_20,Devotional,United Kingdom,Tablet,Premium Student,193,181254,No,Yes,84,2023
STR-802486,2023-05-26,Track_714,Artist_148,Jazz,Canada,Smart TV,Premium Individual,319,235305,No,Yes,49,2007
STR-801175,2023-05-26,Track_1336,Artist_46,R&B,Canada,Desktop,Premium Individual,264,334093,No,Yes,22,2010
STR-802203,2023-05-27,Track_2232,Artist_80,Indie,United Kingdom,Smart TV,Premium Family,253,265921,Yes,Yes,75,2009
STR-803888,2023-05-27,Track_529,Artist_79,Rock,India,Smart TV,Premium Family,264,63776,No,Yes,29,2016
STR-800504,2023-05-27,Track_503,Artist_137,Jazz,Australia,Desktop,Premium Individual,169,54327,No,No,28,1999
STR-802953,2023-05-27,Track_2395,Artist_44,Jazz,United Kingdom,Smart Speaker,Free,272,282163,No,Yes,92,1992
STR-803109,2023-05-28,Track_2094,Artist_42,Jazz,Australia,Smart Speaker,Free,298,338313,No,No,13,1993
STR-803758,2023-05-28,Track_1489,Artist_10,Electronic,Brazil,Desktop,Premium Individual,280,85543,No,No,33,2010
STR-800524,2023-05-28,Track_2297,Artist_82,Hip-Hop,United Kingdom,Smartphone,Premium Individual,255,252078,Yes,Yes,8,1998
STR-802301,2023-05-28,Track_1396,Artist_150,Pop,India,Desktop,Free,142,113812,No,No,3,2005
STR-803778,2023-05-28,Track_1406,Artist_140,Indie,Japan,Smartphone,Premium Individual,135,146030,No,No,94,2010
STR-800073,2023-05-29,Track_406,Artist_127,R&B,Germany,Smartphone,Free,142,114663,No,No,80,2023
STR-802103,2023-05-29,Track_1196,Artist_63,Devotional,Japan,Desktop,Premium Individual,272,270949,No,Yes,32,2018
STR-801620,2023-05-29,Track_2024,Artist_148,Jazz,India,Smartphone,Free,349,128158,No,No,66,1993
STR-801045,2023-05-29,Track_1918,Artist_92,Jazz,India,Tablet,Premium Individual,175,50066,No,Yes,60,1993
STR-802022,2023-05-30,Track_1283,Artist_62,Rock,Brazil,Smartphone,Free,130,5641,No,No,21,1998
STR-803584,2023-05-30,Track_2478,Artist_19,Jazz,United Kingdom,Smartphone,Premium Student,184,203375,Yes,No,87,2020
STR-803643,2023-05-30,Track_2384,Artist_94,Pop,United Kingdom,Smart Speaker,Premium Individual,243,295562,No,No,97,2008
STR-801573,2023-05-30,Track_1065,Artist_28,Rock,Canada,Smartphone,Free,289,261824,No,No,71,2019
STR-800284,2023-05-30,Track_141,Artist_30,Hip-Hop,India,Tablet,Premium Student,168,26044,Yes,No,58,2006
STR-801604,2023-05-30,Track_1182,Artist_117,Jazz,Japan,Smart TV,Free,193,261602,Yes,No,37,1994
STR-801877,2023-05-30,Track_1029,Artist_119,Classical,Germany,Smartphone,Premium Individual,191,248578,No,Yes,55,2018
STR-803183,2023-05-30,Track_1893,Artist_30,Hip-Hop,Germany,Smartphone,Premium Individual,223,85741,No,Yes,74,2010
STR-800311,2023-05-30,Track_1188,Artist_8,Electronic,Japan,Tablet,Premium Student,145,63530,No,No,36,1991
STR-803259,2023-05-30,Track_1815,Artist_90,Electronic,Japan,Smart TV,Premium Individual,168,303696,Yes,No,26,2015
STR-801993,2023-05-30,Track_446,Artist_119,Devotional,India,Smartphone,Premium Individual,356,291312,No,Yes,29,2000
STR-802735,2023-05-30,Track_2088,Artist_139,Electronic,Australia,Tablet,Premium Student,283,203431,No,No,89,1995
STR-800376,2023-05-31,Track_1984,Artist_80,Rock,United States,Smart Speaker,Premium Student,221,181144,No,Yes,54,2012
STR-803177,2023-05-31,Track_2313,Artist_94,Pop,United States,Smart TV,Premium Individual,308,99054,No,No,15,2016
STR-803318,2023-05-31,Track_1722,Artist_5,Indie,United States,Smart Speaker,Free,211,87398,No,No,10,2010
STR-803544,2023-05-31,Track_1542,Artist_113,Rock,United Kingdom,Desktop,Free,120,353468,No,No,61,2007
STR-801361,2023-05-31,Track_2458,Artist_24,Electronic,Brazil,Tablet,Free,315,31418,No,Yes,46,2019
STR-800483,2023-06-01,Track_1699,Artist_143,Rock,India,Smartphone,Premium Family,273,181811,No,Yes,39,2016
STR-803031,2023-06-01,Track_333,Artist_112,Devotional,Australia,Desktop,Free,356,293517,No,Yes,60,2005
STR-803610,2023-06-01,Track_2013,Artist_58,R&B,Canada,Smartphone,Free,279,107843,No,No,34,2022
STR-803858,2023-06-01,Track_1275,Artist_115,Jazz,Japan,Desktop,Free,238,347360,No,Yes,4,2009
STR-803803,2023-06-01,Track_1463,Artist_134,Classical,Germany,Smartphone,Premium Individual,203,121074,No,Yes,85,1994
STR-801397,2023-06-02,Track_2346,Artist_35,Jazz,United Kingdom,Tablet,Premium Individual,171,164157,No,No,59,2001
STR-803453,2023-06-02,Track_685,Artist_95,R&B,Brazil,Smart Speaker,Premium Individual,285,214082,No,No,2,2018
STR-801359,2023-06-02,Track_1768,Artist_33,Indie,Brazil,Smart TV,Premium Student,213,101323,Yes,No,26,1995
STR-801689,2023-06-02,Track_748,Artist_33,Hip-Hop,Japan,Smart Speaker,Premium Individual,201,52157,No,No,93,2010
STR-803704,2023-06-02,Track_42,Artist_78,Jazz,United States,Smart Speaker,Premium Family,231,137807,No,No,33,2022
STR-803801,2023-06-03,Track_1452,Artist_124,Rock,Australia,Smart TV,Premium Student,189,61216,Yes,No,94,2020
STR-801233,2023-06-03,Track_2131,Artist_123,Bollywood,United States,Smart TV,Premium Individual,167,237573,No,Yes,34,2009
STR-800027,2023-06-03,Track_1651,Artist_4,Electronic,Japan,Smart Speaker,Free,134,51210,No,Yes,43,2016
STR-802811,2023-06-03,Track_2294,Artist_26,Electronic,India,Desktop,Free,230,13459,No,Yes,43,2000
STR-803308,2023-06-03,Track_1217,Artist_148,Pop,United Kingdom,Smart TV,Premium Student,162,76689,No,Yes,73,1998
STR-801164,2023-06-03,Track_1670,Artist_94,Devotional,United Kingdom,Smartphone,Free,285,236240,No,No,64,2023
STR-802816,2023-06-04,Track_2193,Artist_19,Bollywood,Germany,Desktop,Premium Family,231,89409,Yes,Yes,63,2015
STR-803094,2023-06-04,Track_2002,Artist_149,Bollywood,United Kingdom,Smartphone,Free,345,146071,No,No,40,1997
STR-802015,2023-06-05,Track_528,Artist_130,R&B,Australia,Smart Speaker,Premium Student,176,191940,No,Yes,70,1993
STR-802977,2023-06-05,Track_1066,Artist_34,Devotional,Germany,Smart TV,Premium Student,240,299652,Yes,Yes,40,2024
STR-801023,2023-06-05,Track_184,Artist_68,R&B,Australia,Smartphone,Free,321,19261,Yes,No,65,1993
STR-800677,2023-06-06,Track_1688,Artist_14,Pop,India,Desktop,Premium Family,348,96288,No,No,12,2002
STR-803194,2023-06-06,Track_236,Artist_69,Classical,United States,Tablet,Premium Individual,191,291500,No,Yes,1,1995
STR-801343,2023-06-07,Track_883,Artist_43,Devotional,Japan,Smart TV,Free,212,165700,No,Yes,4,2003
STR-802624,2023-06-07,Track_21,Artist_106,Classical,United States,Smart TV,Premium Individual,333,269513,No,No,74,2010
STR-801561,2023-06-07,Track_1338,Artist_94,Bollywood,Germany,Smartphone,Free,189,217392,No,Yes,43,1995
STR-801281,2023-06-07,Track_1962,Artist_116,Rock,Germany,Smart TV,Free,148,269150,Yes,Yes,99,2016
STR-800174,2023-06-07,Track_81,Artist_66,Pop,Canada,Desktop,Premium Individual,289,34100,No,Yes,86,2004
STR-800317,2023-06-07,Track_435,Artist_109,Hip-Hop,India,Desktop,Premium Family,241,329913,Yes,Yes,84,2019
STR-801161,2023-06-07,Track_2175,Artist_122,Devotional,Canada,Desktop,Premium Individual,196,55261,Yes,Yes,96,1995
STR-804179,2023-06-08,Track_265,Artist_144,R&B,Japan,Desktop,Free,131,16079,No,No,26,2023
STR-803274,2023-06-08,Track_830,Artist_64,Devotional,India,Smart TV,Premium Individual,171,202880,Yes,Yes,85,2005
STR-800735,2023-06-08,Track_640,Artist_69,Classical,Canada,Smart Speaker,Premium Family,121,107955,No,No,46,2017
STR-802277,2023-06-08,Track_327,Artist_8,Electronic,Japan,Smartphone,Premium Individual,323,278493,No,Yes,86,2000
STR-802660,2023-06-08,Track_84,Artist_147,Bollywood,Germany,Smartphone,Premium Individual,308,133142,No,Yes,18,1994
STR-802763,2023-06-09,Track_1580,Artist_81,R&B,Australia,Smartphone,Premium Individual,164,117496,No,No,53,1992
STR-801069,2023-06-09,Track_164,Artist_14,Hip-Hop,India,Smartphone,Free,203,118822,No,No,57,2015
STR-802316,2023-06-09,Track_217,Artist_109,R&B,United States,Smart Speaker,Premium Individual,266,223379,No,Yes,99,2012
STR-803238,2023-06-09,Track_37,Artist_47,Indie,Germany,Smartphone,Premium Family,149,52237,No,No,51,1992
STR-802029,2023-06-09,Track_2388,Artist_106,Rock,Brazil,Smart TV,Premium Individual,121,147289,No,Yes,55,2021
STR-803646,2023-06-09,Track_138,Artist_19,R&B,Japan,Tablet,Premium Individual,210,62343,No,No,23,2014
STR-800766,2023-06-09,Track_2348,Artist_58,Hip-Hop,India,Smart Speaker,Free,212,201145,Yes,Yes,42,2008
STR-802866,2023-06-10,Track_331,Artist_22,Devotional,United States,Tablet,Premium Family,177,356128,No,Yes,94,1995
STR-800510,2023-06-10,Track_1966,Artist_128,Pop,United Kingdom,Desktop,Premium Individual,349,126721,Yes,No,69,2013
STR-802727,2023-06-10,Track_719,Artist_74,Devotional,United Kingdom,Tablet,Premium Individual,237,326395,No,No,22,2024
STR-801754,2023-06-11,Track_983,Artist_15,Electronic,Canada,Smartphone,Free,126,86160,No,Yes,45,1990
STR-800802,2023-06-11,Track_2429,Artist_114,Jazz,Brazil,Tablet,Premium Family,135,155269,Yes,No,89,2024
STR-801999,2023-06-12,Track_1689,Artist_4,Jazz,United Kingdom,Smartphone,Free,197,356570,No,No,35,2015
STR-800033,2023-06-12,Track_2096,Artist_50,Hip-Hop,Australia,Desktop,Free,269,313385,No,No,38,1999
STR-800712,2023-06-12,Track_347,Artist_116,R&B,India,Smartphone,Premium Student,316,133102,No,No,86,2003
STR-802706,2023-06-12,Track_1752,Artist_100,Bollywood,Canada,Smart Speaker,Free,339,60223,Yes,No,85,1995
STR-803140,2023-06-12,Track_1359,Artist_119,Indie,Canada,Smartphone,Free,330,238435,Yes,Yes,92,1995
STR-800370,2023-06-13,Track_1192,Artist_60,Pop,United Kingdom,Desktop,Free,164,223495,No,No,1,2022
STR-803430,2023-06-13,Track_1435,Artist_112,Indie,Brazil,Smart TV,Free,336,343581,No,Yes,42,2014
STR-800188,2023-06-13,Track_24,Artist_139,R&B,Germany,Desktop,Premium Family,278,162028,No,Yes,40,2015
STR-803030,2023-06-13,Track_110,Artist_133,Pop,Australia,Tablet,Free,172,316053,No,Yes,70,2014
STR-801230,2023-06-13,Track_366,Artist_86,Electronic,United Kingdom,Tablet,Free,157,212918,No,Yes,55,2021
STR-800699,2023-06-13,Track_832,Artist_105,Hip-Hop,Brazil,Smartphone,Premium Family,275,356336,No,Yes,12,2015
STR-803525,2023-06-13,Track_1305,Artist_148,Hip-Hop,United States,Smart TV,Premium Individual,298,327775,No,Yes,52,1990
STR-801444,2023-06-14,Track_1084,Artist_10,Classical,Australia,Tablet,Free,316,156531,No,No,55,2016
STR-801434,2023-06-14,Track_2111,Artist_104,Bollywood,Japan,Tablet,Free,278,258298,No,Yes,56,2022
STR-801274,2023-06-14,Track_683,Artist_140,Pop,United Kingdom,Tablet,Premium Individual,211,223820,No,Yes,69,1999
STR-801173,2023-06-15,Track_1754,Artist_137,Bollywood,Brazil,Desktop,Premium Individual,240,210633,No,No,69,2016
STR-804101,2023-06-15,Track_1431,Artist_74,Rock,Australia,Smart TV,Premium Individual,125,14741,No,Yes,64,2008
STR-800064,2023-06-15,Track_752,Artist_40,R&B,Brazil,Smart Speaker,Premium Individual,330,320660,No,Yes,20,2016
STR-802123,2023-06-15,Track_1769,Artist_77,R&B,Brazil,Desktop,Premium Individual,192,178305,Yes,No,46,2022
STR-802040,2023-06-15,Track_1062,Artist_42,Jazz,Japan,Smart TV,Free,127,231234,No,Yes,10,2004
STR-800799,2023-06-16,Track_2447,Artist_49,Bollywood,Australia,Smart Speaker,Free,354,166662,No,No,54,1991
STR-803371,2023-06-16,Track_1410,Artist_18,Electronic,India,Smart Speaker,Free,128,142627,No,Yes,27,2010
STR-800362,2023-06-16,Track_538,Artist_56,Pop,Brazil,Desktop,Free,205,69304,No,Yes,99,2005
STR-801507,2023-06-16,Track_569,Artist_38,Jazz,India,Desktop,Free,264,13641,No,Yes,60,1993
STR-803456,2023-06-16,Track_1068,Artist_1,Classical,Canada,Desktop,Premium Individual,156,160714,No,Yes,88,1999
STR-802278,2023-06-16,Track_2456,Artist_110,Devotional,Canada,Smart TV,Premium Family,187,176631,No,Yes,79,2005
STR-802016,2023-06-16,Track_1898,Artist_150,Devotional,Germany,Smart Speaker,Free,146,328247,Yes,No,8,2020
STR-803272,2023-06-16,Track_1384,Artist_143,Bollywood,Japan,Smartphone,Premium Individual,182,246661,No,Yes,22,2003
STR-803294,2023-06-17,Track_2238,Artist_86,Jazz,Japan,Desktop,Free,196,200513,No,Yes,74,2004
STR-801213,2023-06-17,Track_2484,Artist_134,Bollywood,United Kingdom,Tablet,Free,161,267254,No,Yes,35,2009
STR-800126,2023-06-17,Track_1762,Artist_4,Electronic,Australia,Tablet,Premium Family,248,166901,No,Yes,42,2022
STR-800186,2023-06-17,Track_1235,Artist_45,Bollywood,Japan,Desktop,Premium Individual,184,141107,No,No,10,2011
STR-800114,2023-06-17,Track_2456,Artist_71,R&B,Brazil,Desktop,Free,177,234997,No,No,22,1996
STR-803086,2023-06-18,Track_2,Artist_5,Indie,Canada,Smart TV,Free,317,83110,No,Yes,15,1997
STR-802560,2023-06-18,Track_825,Artist_51,Hip-Hop,Brazil,Smart Speaker,Free,124,265225,Yes,No,74,1991
STR-800898,2023-06-18,Track_1567,Artist_127,Electronic,Australia,Tablet,Premium Individual,319,6057,Yes,Yes,69,2007
STR-803356,2023-06-18,Track_2208,Artist_146,Electronic,United Kingdom,Tablet,Premium Individual,260,162492,No,No,42,1994
STR-802390,2023-06-19,Track_1047,Artist_25,Bollywood,United Kingdom,Tablet,Free,181,314045,No,No,9,2002
STR-801732,2023-06-19,Track_1110,Artist_39,R&B,Germany,Smartphone,Premium Family,281,22197,No,No,32,2013
STR-800657,2023-06-19,Track_2368,Artist_58,Hip-Hop,United States,Smart TV,Premium Individual,136,34848,No,No,5,2007
STR-803811,2023-06-19,Track_1021,Artist_141,Pop,Australia,Tablet,Free,144,187768,Yes,Yes,75,2023
STR-801312,2023-06-19,Track_2476,Artist_136,Jazz,United Kingdom,Smart TV,Premium Individual,144,311168,No,No,55,1990
STR-801571,2023-06-19,Track_440,Artist_5,Hip-Hop,United Kingdom,Desktop,Premium Individual,215,187549,No,No,49,2003
STR-800148,2023-06-19,Track_141,Artist_125,Rock,Canada,Desktop,Premium Individual,226,247533,No,No,78,2002
STR-803829,2023-06-19,Track_1370,Artist_60,Devotional,United States,Tablet,Premium Student,151,311014,No,No,58,2021
STR-803698,2023-06-19,Track_2314,Artist_69,R&B,United Kingdom,Smart TV,Premium Individual,144,211076,No,Yes,90,1990
STR-800403,2023-06-19,Track_604,Artist_69,Pop,Canada,Smart Speaker,Premium Family,209,7030,No,Yes,53,1999
STR-803882,2023-06-20,Track_1993,Artist_55,R&B,United Kingdom,Smart Speaker,Premium Student,157,19588,No,Yes,75,2001
STR-801211,2023-06-20,Track_1376,Artist_33,R&B,Japan,Tablet,Premium Family,310,115371,No,No,24,1998
STR-802507,2023-06-20,Track_1370,Artist_81,Jazz,United States,Smartphone,Premium Individual,149,211995,No,No,13,1998
STR-801151,2023-06-20,Track_2064,Artist_56,Electronic,Germany,Smart TV,Premium Family,198,31829,No,No,47,1993
STR-801219,2023-06-20,Track_2252,Artist_117,Jazz,Canada,Tablet,Premium Family,177,234418,Yes,Yes,60,2023
STR-803099,2023-06-20,Track_1441,Artist_123,Jazz,United States,Smart TV,Premium Individual,297,348524,No,No,46,1990
STR-803606,2023-06-20,Track_174,Artist_8,Electronic,United States,Desktop,Premium Individual,132,252406,Yes,Yes,13,2011
STR-801662,2023-06-20,Track_875,Artist_10,Jazz,United Kingdom,Desktop,Free,254,13625,No,No,80,2024
STR-800383,2023-06-20,Track_720,Artist_53,Indie,Germany,Smart Speaker,Premium Family,328,87682,Yes,Yes,10,1999
STR-800419,2023-06-21,Track_595,Artist_34,Rock,United Kingdom,Smart TV,Premium Individual,321,129041,Yes,No,31,2005
STR-802739,2023-06-21,Track_1211,Artist_37,Devotional,United Kingdom,Smart Speaker,Premium Student,260,254749,Yes,Yes,63,1996
STR-802628,2023-06-21,Track_287,Artist_62,Hip-Hop,Japan,Desktop,Premium Student,323,127032,No,Yes,70,2000
STR-800484,2023-06-21,Track_601,Artist_11,Hip-Hop,Canada,Tablet,Free,281,202725,No,Yes,15,2022
STR-803866,2023-06-22,Track_440,Artist_100,Indie,Australia,Desktop,Free,248,242407,No,Yes,41,1998
STR-801347,2023-06-22,Track_921,Artist_104,R&B,Germany,Smartphone,Free,209,117361,No,No,94,2008
STR-803389,2023-06-22,Track_732,Artist_29,Classical,Brazil,Smartphone,Premium Family,355,62799,No,Yes,20,2003
STR-801425,2023-06-22,Track_1417,Artist_81,Jazz,Japan,Smart Speaker,Premium Individual,123,130174,No,Yes,35,2002
STR-800275,2023-06-23,Track_897,Artist_38,Jazz,Japan,Smart Speaker,Premium Individual,245,76673,No,No,20,2011
STR-803516,2023-06-23,Track_2330,Artist_21,Devotional,India,Smart Speaker,Premium Family,262,153811,No,No,28,2018
STR-802257,2023-06-23,Track_1793,Artist_53,Electronic,Canada,Smart Speaker,Premium Individual,291,126524,Yes,Yes,27,1997
STR-803305,2023-06-23,Track_172,Artist_142,Bollywood,Brazil,Tablet,Free,183,172308,No,Yes,38,2009
STR-803511,2023-06-23,Track_1875,Artist_15,Jazz,Japan,Desktop,Premium Student,236,230474,Yes,No,50,2022
STR-804090,2023-06-23,Track_2182,Artist_115,Electronic,Canada,Smart Speaker,Free,142,15966,No,No,24,1992
STR-803422,2023-06-23,Track_1187,Artist_89,Rock,United States,Tablet,Premium Student,301,99436,No,Yes,87,1996
STR-802045,2023-06-24,Track_1498,Artist_82,Rock,India,Smart TV,Premium Individual,293,217869,No,No,50,1992
STR-803927,2023-06-24,Track_654,Artist_96,Devotional,United Kingdom,Desktop,Premium Family,356,122041,No,Yes,10,1999
STR-802987,2023-06-24,Track_330,Artist_11,Jazz,Japan,Smart TV,Free,151,169886,No,Yes,29,2000
STR-802083,2023-06-24,Track_1988,Artist_71,Indie,Brazil,Tablet,Premium Individual,138,48487,No,Yes,95,2000
STR-801563,2023-06-24,Track_2016,Artist_19,Rock,Germany,Smart Speaker,Free,335,271689,No,No,22,2023
STR-803707,2023-06-24,Track_1955,Artist_46,Indie,Germany,Smart TV,Free,267,197285,No,Yes,40,1990
STR-803849,2023-06-25,Track_944,Artist_8,Electronic,Germany,Smart TV,Premium Individual,294,239107,No,No,23,1998
STR-803546,2023-06-26,Track_322,Artist_35,Jazz,Japan,Desktop,Free,359,353197,Yes,Yes,19,2005
STR-802915,2023-06-26,Track_1042,Artist_68,Jazz,Japan,Smart TV,Premium Individual,253,343037,No,Yes,93,2006
STR-803273,2023-06-26,Track_75,Artist_104,R&B,Germany,Desktop,Free,234,84587,Yes,No,94,1995
STR-800584,2023-06-26,Track_113,Artist_76,Hip-Hop,Australia,Tablet,Free,308,55737,No,Yes,56,2021
STR-800667,2023-06-26,Track_320,Artist_7,R&B,United Kingdom,Smart Speaker,Premium Individual,210,63598,No,Yes,7,2018
STR-800606,2023-06-26,Track_948,Artist_75,Indie,United Kingdom,Smart TV,Free,162,82018,No,No,75,2023
STR-802930,2023-06-27,Track_1680,Artist_124,Pop,Brazil,Desktop,Premium Family,339,282950,Yes,No,60,2007
STR-800734,2023-06-27,Track_911,Artist_12,Devotional,Japan,Tablet,Premium Individual,266,188199,No,No,19,2002
STR-800012,2023-06-27,Track_235,Artist_31,Classical,Australia,Desktop,Free,309,66587,No,Yes,15,2022
STR-802208,2023-06-27,Track_657,Artist_37,Electronic,India,Smart TV,Free,192,209922,Yes,No,12,1997
STR-801891,2023-06-27,Track_361,Artist_94,Bollywood,Australia,Tablet,Premium Individual,313,198996,No,Yes,68,2019
STR-800839,2023-06-28,Track_1712,Artist_75,Pop,Australia,Desktop,Free,332,239286,Yes,No,42,2011
STR-804014,2023-06-28,Track_1355,Artist_144,Hip-Hop,Australia,Smart TV,Premium Individual,128,113205,No,Yes,9,1998
STR-800830,2023-06-29,Track_2469,Artist_23,Devotional,United States,Smart TV,Premium Family,225,310051,No,Yes,84,2005
STR-802978,2023-06-29,Track_1683,Artist_89,Bollywood,Japan,Tablet,Free,156,278905,No,No,21,2022
STR-803914,2023-06-29,Track_2118,Artist_99,Hip-Hop,Brazil,Tablet,Free,131,197477,Yes,Yes,37,2015
STR-802112,2023-06-29,Track_2416,Artist_100,Electronic,United Kingdom,Smart TV,Premium Individual,222,175583,No,No,14,2021
STR-802767,2023-06-29,Track_1485,Artist_51,Rock,Canada,Desktop,Free,210,209666,No,Yes,59,2000
STR-804001,2023-06-29,Track_610,Artist_124,Indie,Australia,Desktop,Free,350,293381,No,Yes,38,1991
STR-801518,2023-06-29,Track_1774,Artist_5,Indie,Canada,Smartphone,Premium Family,308,13366,No,Yes,16,2020
STR-801390,2023-06-29,Track_2031,Artist_55,Bollywood,Brazil,Desktop,Free,258,284526,No,No,85,2024
STR-803578,2023-06-29,Track_1087,Artist_66,Indie,United Kingdom,Smartphone,Free,155,186218,Yes,No,82,2002
STR-801944,2023-06-29,Track_1331,Artist_93,Bollywood,Germany,Smartphone,Premium Family,207,246203,No,Yes,61,2004
STR-803939,2023-06-30,Track_283,Artist_31,Bollywood,Germany,Tablet,Premium Student,314,107395,No,Yes,2,2007
STR-801916,2023-06-30,Track_1942,Artist_37,Pop,Brazil,Desktop,Premium Family,237,221614,No,Yes,46,2011
STR-801238,2023-06-30,Track_1137,Artist_87,Electronic,Germany,Tablet,Premium Individual,335,130665,No,Yes,28,2015
STR-801788,2023-06-30,Track_1271,Artist_69,Devotional,Australia,Tablet,Premium Individual,225,165213,Yes,No,51,1992
STR-800492,2023-06-30,Track_78,Artist_148,Indie,India,Smart Speaker,Free,168,234296,Yes,Yes,24,2003
STR-803260,2023-06-30,Track_1550,Artist_137,Devotional,Brazil,Tablet,Free,306,232894,No,Yes,80,2006
STR-800836,2023-07-01,Track_1882,Artist_86,Pop,Canada,Smart Speaker,Premium Family,168,66261,No,Yes,19,2024
STR-800653,2023-07-01,Track_1253,Artist_135,Devotional,United Kingdom,Desktop,Free,300,96950,No,Yes,92,2014
STR-801594,2023-07-01,Track_801,Artist_128,R&B,Brazil,Desktop,Premium Individual,236,216420,Yes,No,64,1991
STR-802590,2023-07-01,Track_2447,Artist_125,Jazz,Australia,Smartphone,Free,208,322708,No,No,93,2000
STR-802348,2023-07-01,Track_2162,Artist_119,Hip-Hop,Australia,Smart Speaker,Free,243,146780,No,No,5,2020
STR-801521,2023-07-01,Track_1723,Artist_146,Bollywood,Canada,Tablet,Free,246,6280,No,No,46,2005
STR-801912,2023-07-01,Track_2189,Artist_30,Electronic,United States,Desktop,Premium Individual,302,343427,Yes,No,27,1997
STR-801106,2023-07-01,Track_1176,Artist_69,Electronic,Australia,Smart TV,Premium Student,260,329660,No,No,44,1995
STR-803029,2023-07-02,Track_1138,Artist_8,Bollywood,Brazil,Smartphone,Premium Individual,352,223257,Yes,Yes,49,2024
STR-800663,2023-07-02,Track_575,Artist_39,Hip-Hop,Australia,Smart Speaker,Premium Family,175,153271,Yes,No,23,2021
STR-802784,2023-07-02,Track_77,Artist_149,Devotional,Japan,Tablet,Premium Family,291,155667,No,Yes,99,1995
STR-801814,2023-07-02,Track_2117,Artist_103,Pop,Australia,Smart TV,Premium Individual,219,198191,No,No,59,2000
STR-804061,2023-07-02,Track_1112,Artist_34,Bollywood,United Kingdom,Desktop,Free,133,30228,No,Yes,69,2009
STR-800756,2023-07-02,Track_157,Artist_84,Indie,United States,Desktop,Free,262,166154,No,Yes,52,2003
STR-803644,2023-07-03,Track_2225,Artist_119,Rock,Australia,Tablet,Free,337,98532,No,No,80,1995
STR-801085,2023-07-03,Track_430,Artist_106,Devotional,Canada,Smart Speaker,Premium Family,200,86713,No,Yes,41,1998
STR-804034,2023-07-03,Track_342,Artist_24,Bollywood,Japan,Tablet,Premium Family,238,148472,Yes,No,66,2004
STR-801107,2023-07-03,Track_44,Artist_39,Pop,Canada,Smartphone,Premium Student,341,34062,No,No,93,2006
STR-804000,2023-07-03,Track_1055,Artist_57,Rock,Japan,Smartphone,Free,140,322330,No,No,54,1995
STR-801973,2023-07-03,Track_2075,Artist_118,Electronic,Germany,Smartphone,Premium Student,326,123558,No,No,83,2016
STR-801277,2023-07-03,Track_1261,Artist_40,Indie,India,Tablet,Premium Individual,176,353030,No,No,64,1998
STR-802322,2023-07-03,Track_535,Artist_104,Hip-Hop,Brazil,Smartphone,Premium Individual,341,169942,No,No,23,2016
STR-804109,2023-07-04,Track_1186,Artist_64,Jazz,United States,Smartphone,Free,199,116535,No,Yes,13,2023
STR-803380,2023-07-04,Track_1322,Artist_110,Rock,Brazil,Desktop,Free,284,30663,No,Yes,11,2021
STR-800384,2023-07-04,Track_1275,Artist_56,Devotional,Canada,Tablet,Free,161,40013,No,Yes,90,1997
STR-803976,2023-07-04,Track_33,Artist_40,Classical,Japan,Tablet,Premium Family,351,207849,Yes,No,97,2024
STR-803089,2023-07-05,Track_355,Artist_39,Indie,United Kingdom,Smartphone,Free,308,297243,No,No,18,2017
STR-803146,2023-07-05,Track_459,Artist_18,Rock,Japan,Smart Speaker,Free,284,314100,No,No,5,2014
STR-800873,2023-07-05,Track_27,Artist_6,Devotional,India,Smart Speaker,Premium Individual,121,148619,No,Yes,23,2011
STR-802398,2023-07-05,Track_469,Artist_150,Devotional,Brazil,Smartphone,Free,262,265023,No,No,23,2014
STR-800609,2023-07-06,Track_452,Artist_49,Classical,Germany,Tablet,Premium Student,209,159575,No,Yes,65,2016
STR-801745,2023-07-06,Track_2373,Artist_107,Pop,Canada,Smart Speaker,Free,228,99690,No,Yes,19,2009
STR-803940,2023-07-06,Track_540,Artist_130,Pop,United Kingdom,Desktop,Free,262,277560,No,Yes,95,2022
STR-802008,2023-07-06,Track_394,Artist_18,Indie,India,Smart TV,Free,291,123224,No,Yes,86,2021
STR-803196,2023-07-06,Track_931,Artist_26,Jazz,Brazil,Desktop,Free,244,219505,No,No,55,1993
STR-802860,2023-07-06,Track_2286,Artist_91,Electronic,India,Tablet,Free,200,232415,No,Yes,66,2020
STR-801450,2023-07-06,Track_532,Artist_139,Rock,Canada,Tablet,Premium Individual,303,243290,No,Yes,95,2000
STR-800534,2023-07-06,Track_2235,Artist_4,Electronic,United Kingdom,Desktop,Free,345,165296,No,No,94,2017
STR-803576,2023-07-06,Track_426,Artist_31,Classical,United States,Desktop,Premium Family,246,319743,No,No,88,1998
STR-802496,2023-07-07,Track_134,Artist_84,Electronic,United States,Desktop,Free,312,27709,No,No,45,1998
STR-801345,2023-07-07,Track_1706,Artist_108,R&B,India,Smart Speaker,Free,169,191440,No,Yes,83,1997
STR-801564,2023-07-07,Track_531,Artist_73,Indie,Japan,Desktop,Free,190,208277,No,No,95,2008
STR-800147,2023-07-07,Track_220,Artist_84,Jazz,United States,Smart TV,Premium Family,199,104804,No,Yes,61,2019
STR-801935,2023-07-08,Track_1663,Artist_104,Classical,Australia,Smart TV,Premium Family,216,140718,No,Yes,52,1992
STR-801905,2023-07-08,Track_802,Artist_61,Bollywood,Germany,Tablet,Free,294,188033,No,Yes,59,2009
STR-804077,2023-07-08,Track_220,Artist_83,Devotional,Australia,Tablet,Premium Individual,180,11576,No,Yes,10,2024
STR-800440,2023-07-08,Track_47,Artist_43,Jazz,Germany,Desktop,Premium Individual,191,315940,No,No,64,2011
STR-801895,2023-07-09,Track_2427,Artist_16,Classical,Japan,Tablet,Premium Individual,120,234731,No,Yes,97,2019
STR-800829,2023-07-09,Track_2024,Artist_149,R&B,India,Smartphone,Free,341,198045,No,Yes,83,2012
STR-800417,2023-07-09,Track_1356,Artist_97,Indie,Canada,Tablet,Premium Family,162,325308,No,No,43,2022
STR-801033,2023-07-09,Track_2196,Artist_119,R&B,Brazil,Desktop,Premium Individual,314,33174,No,Yes,17,2024
STR-800049,2023-07-10,Track_1445,Artist_25,R&B,Australia,Smartphone,Free,331,155520,Yes,No,68,2020
STR-802644,2023-07-10,Track_459,Artist_115,Bollywood,United Kingdom,Desktop,Premium Family,242,109980,No,Yes,6,2002
STR-802146,2023-07-10,Track_1608,Artist_123,Classical,Germany,Desktop,Free,342,128438,No,No,13,1997
STR-803001,2023-07-11,Track_1295,Artist_4,Hip-Hop,Canada,Smart Speaker,Premium Student,275,162116,No,Yes,10,1998
STR-801623,2023-07-11,Track_2457,Artist_50,Rock,Japan,Smart Speaker,Premium Student,223,53746,Yes,Yes,89,2004
STR-803955,2023-07-11,Track_1946,Artist_103,Classical,United States,Smart Speaker,Premium Family,269,8320,No,No,19,2010
STR-800325,2023-07-11,Track_352,Artist_125,Indie,Germany,Desktop,Premium Student,198,78628,No,Yes,12,2020
STR-803118,2023-07-11,Track_405,Artist_28,R&B,Germany,Desktop,Premium Individual,305,40088,No,Yes,100,1993
STR-801185,2023-07-11,Track_1271,Artist_85,Pop,Australia,Tablet,Free,266,58760,No,No,66,2004
STR-803425,2023-07-11,Track_2086,Artist_1,Rock,Germany,Tablet,Free,326,262126,No,No,71,2000
STR-803973,2023-07-11,Track_854,Artist_49,Hip-Hop,United Kingdom,Smartphone,Free,254,71205,Yes,Yes,27,1995
STR-801829,2023-07-11,Track_2219,Artist_23,Electronic,Germany,Smart TV,Free,132,328611,No,No,55,2000
STR-800453,2023-07-11,Track_2285,Artist_4,Rock,Brazil,Smartphone,Free,258,160673,No,No,23,2011
STR-802378,2023-07-11,Track_44,Artist_87,Pop,Brazil,Tablet,Premium Individual,209,280474,Yes,No,56,2023
STR-800034,2023-07-11,Track_2406,Artist_143,Devotional,Brazil,Smart Speaker,Free,307,188598,No,Yes,47,2004
STR-803634,2023-07-12,Track_1400,Artist_140,Electronic,Brazil,Smartphone,Free,276,281310,No,No,66,1998
STR-800997,2023-07-12,Track_1233,Artist_1,Jazz,Germany,Smart TV,Premium Individual,263,76167,No,Yes,77,1997
STR-803233,2023-07-12,Track_222,Artist_13,Devotional,India,Smart Speaker,Free,354,189837,No,No,20,2004
STR-800082,2023-07-12,Track_1387,Artist_140,Rock,India,Smart TV,Premium Family,350,304972,No,Yes,57,1993
STR-800425,2023-07-12,Track_1379,Artist_134,Bollywood,Brazil,Smartphone,Free,258,257487,No,No,51,1990
STR-800495,2023-07-12,Track_383,Artist_57,Electronic,United Kingdom,Smart TV,Premium Individual,284,345088,No,Yes,82,1993
STR-800527,2023-07-12,Track_624,Artist_77,R&B,Japan,Desktop,Free,283,320388,No,No,81,1996
STR-803603,2023-07-12,Track_224,Artist_67,Rock,India,Smartphone,Free,320,319916,Yes,No,32,2002
STR-800095,2023-07-12,Track_278,Artist_89,Rock,India,Tablet,Premium Individual,280,55428,No,Yes,49,2003
STR-803179,2023-07-13,Track_2131,Artist_85,Pop,Australia,Tablet,Premium Individual,193,234622,No,Yes,46,1992
STR-800727,2023-07-13,Track_1435,Artist_70,Electronic,Japan,Smart TV,Premium Family,211,139125,Yes,No,11,1997
STR-802144,2023-07-13,Track_1348,Artist_101,R&B,Australia,Tablet,Premium Individual,245,299491,No,Yes,60,2007
STR-803180,2023-07-13,Track_1091,Artist_47,Jazz,India,Smartphone,Premium Student,194,237953,No,No,10,1991
STR-800751,2023-07-13,Track_1494,Artist_54,R&B,United Kingdom,Smartphone,Free,321,225433,No,Yes,71,2005
STR-801427,2023-07-13,Track_1705,Artist_70,Jazz,Germany,Smartphone,Premium Family,170,154609,Yes,No,35,2014
STR-801193,2023-07-13,Track_596,Artist_19,Rock,United Kingdom,Smart Speaker,Premium Family,243,256995,No,No,11,2022
STR-800418,2023-07-13,Track_2465,Artist_75,Indie,India,Tablet,Premium Student,152,156444,No,No,39,2008
STR-800272,2023-07-13,Track_2232,Artist_111,Hip-Hop,Australia,Desktop,Premium Student,324,33834,No,No,84,1995
STR-803678,2023-07-13,Track_1003,Artist_27,Classical,Canada,Desktop,Premium Individual,323,46237,No,No,57,2012
STR-803885,2023-07-14,Track_1812,Artist_7,Rock,Germany,Desktop,Premium Individual,282,137296,No,Yes,18,1990
STR-803293,2023-07-14,Track_2028,Artist_61,Bollywood,Brazil,Smartphone,Free,220,156407,Yes,No,63,2022
STR-803565,2023-07-14,Track_2070,Artist_10,Rock,Australia,Tablet,Free,184,194329,No,Yes,33,1991
STR-803020,2023-07-14,Track_1433,Artist_52,Hip-Hop,United States,Desktop,Free,344,337836,Yes,No,78,2009
STR-801626,2023-07-14,Track_2233,Artist_31,Devotional,Australia,Desktop,Premium Individual,299,92827,Yes,Yes,43,2011
STR-803879,2023-07-15,Track_1298,Artist_72,Devotional,Japan,Tablet,Premium Family,335,30673,Yes,No,79,2007
STR-804073,2023-07-15,Track_839,Artist_9,Hip-Hop,Germany,Tablet,Premium Family,126,187352,No,Yes,85,2023
STR-801117,2023-07-16,Track_1123,Artist_44,Jazz,Canada,Desktop,Free,150,134312,No,No,30,2019
STR-800238,2023-07-16,Track_304,Artist_91,Jazz,Brazil,Smart Speaker,Free,356,320319,Yes,Yes,33,2021
STR-801978,2023-07-16,Track_63,Artist_149,Hip-Hop,Germany,Desktop,Free,198,305536,No,No,44,2012
STR-802520,2023-07-16,Track_1570,Artist_78,R&B,Brazil,Desktop,Free,295,71544,No,Yes,40,1997
STR-800216,2023-07-16,Track_1116,Artist_8,Jazz,Canada,Smartphone,Premium Student,196,100433,No,No,28,2006
STR-803323,2023-07-17,Track_2286,Artist_15,Rock,Germany,Smartphone,Free,189,103281,No,Yes,56,2008
STR-802715,2023-07-17,Track_1814,Artist_55,Bollywood,Japan,Desktop,Free,232,57306,No,No,34,2018
STR-801306,2023-07-17,Track_2456,Artist_15,Rock,United States,Smart Speaker,Free,140,308160,No,No,8,2020
STR-802010,2023-07-17,Track_2082,Artist_70,Hip-Hop,United States,Desktop,Free,293,312840,No,Yes,11,2008
STR-800433,2023-07-17,Track_1021,Artist_6,Indie,Australia,Desktop,Premium Student,354,161980,No,Yes,100,2023
STR-801421,2023-07-17,Track_238,Artist_44,Jazz,Germany,Tablet,Free,334,28459,No,No,61,1993
STR-802372,2023-07-17,Track_251,Artist_66,Jazz,India,Desktop,Premium Family,203,221845,Yes,No,11,2014
STR-802169,2023-07-17,Track_996,Artist_5,Pop,Canada,Smart TV,Premium Student,128,349487,Yes,No,6,1992
STR-801276,2023-07-17,Track_1914,Artist_23,Jazz,Brazil,Smart Speaker,Free,235,121997,No,Yes,11,2001
STR-800487,2023-07-17,Track_1197,Artist_147,Bollywood,Brazil,Desktop,Free,299,174900,No,No,16,2012
STR-801291,2023-07-17,Track_1803,Artist_57,R&B,Germany,Tablet,Premium Individual,169,151356,Yes,Yes,2,2007
STR-804007,2023-07-17,Track_444,Artist_16,R&B,Germany,Smart TV,Premium Individual,163,11341,No,No,70,2008
STR-801718,2023-07-18,Track_967,Artist_84,Rock,United States,Tablet,Premium Family,301,86110,No,Yes,17,1994
STR-802518,2023-07-18,Track_831,Artist_129,Rock,Japan,Tablet,Free,125,57088,No,Yes,37,1990
STR-801217,2023-07-18,Track_1939,Artist_81,Rock,Australia,Smartphone,Free,267,64852,No,No,92,2019
STR-803299,2023-07-18,Track_839,Artist_98,Indie,United States,Desktop,Premium Family,351,131146,No,No,76,2003
STR-801857,2023-07-18,Track_591,Artist_148,Indie,United States,Tablet,Free,213,162643,No,Yes,16,1994
STR-803863,2023-07-19,Track_866,Artist_137,R&B,Germany,Smart Speaker,Premium Individual,305,247207,No,No,33,2012
STR-800645,2023-07-19,Track_917,Artist_25,Classical,Japan,Smart TV,Premium Individual,156,348871,No,Yes,98,2006
STR-801046,2023-07-19,Track_2256,Artist_32,Hip-Hop,Brazil,Desktop,Premium Individual,178,238022,No,Yes,87,2000
STR-801180,2023-07-19,Track_2164,Artist_72,Hip-Hop,Germany,Smart Speaker,Premium Family,354,257022,Yes,No,77,1998
STR-803131,2023-07-19,Track_850,Artist_32,Classical,Germany,Smart TV,Free,188,104059,No,Yes,69,1995
STR-802698,2023-07-19,Track_2321,Artist_20,Pop,Germany,Tablet,Premium Individual,200,126918,No,Yes,2,2001
STR-803994,2023-07-19,Track_1470,Artist_69,Electronic,Germany,Smartphone,Premium Student,351,321427,No,No,55,2004
STR-802175,2023-07-19,Track_2045,Artist_40,R&B,United Kingdom,Smart Speaker,Free,348,73994,No,No,90,2021
STR-803982,2023-07-19,Track_2147,Artist_6,Bollywood,Australia,Tablet,Premium Individual,349,40068,No,Yes,12,1997
STR-801510,2023-07-20,Track_2492,Artist_138,Bollywood,Japan,Smart TV,Free,292,117298,Yes,Yes,97,2017
STR-800482,2023-07-20,Track_1673,Artist_94,Bollywood,Japan,Smart TV,Premium Individual,124,256046,No,Yes,58,2005
STR-800994,2023-07-20,Track_782,Artist_138,Pop,Germany,Smart TV,Free,317,27734,No,No,32,1999
STR-800574,2023-07-20,Track_471,Artist_23,R&B,Germany,Smart Speaker,Free,252,120399,No,Yes,62,2024
STR-801878,2023-07-20,Track_139,Artist_148,Bollywood,Japan,Smartphone,Premium Individual,227,143396,No,Yes,44,2023
STR-803327,2023-07-20,Track_1217,Artist_143,Devotional,Canada,Smartphone,Premium Student,212,8991,No,Yes,18,2013
STR-801412,2023-07-21,Track_59,Artist_138,Rock,United States,Smart TV,Free,280,66356,No,Yes,87,2013
STR-802835,2023-07-21,Track_1221,Artist_13,Jazz,Brazil,Smart TV,Free,312,275157,No,No,10,2011
STR-803635,2023-07-21,Track_2198,Artist_61,Hip-Hop,Germany,Smart TV,Free,221,218292,No,No,84,2000
STR-801837,2023-07-21,Track_1941,Artist_26,Pop,Germany,Smartphone,Premium Individual,216,179181,No,Yes,11,2014
STR-803212,2023-07-21,Track_185,Artist_12,Electronic,Canada,Tablet,Free,234,294518,No,Yes,85,1992
STR-801026,2023-07-21,Track_645,Artist_22,Bollywood,Australia,Smartphone,Premium Individual,120,31677,Yes,No,51,1993
STR-801709,2023-07-21,Track_1724,Artist_58,Hip-Hop,United States,Smart TV,Free,271,164450,Yes,No,61,2015
STR-800079,2023-07-21,Track_1178,Artist_53,Jazz,Canada,Smart TV,Premium Individual,356,306794,No,Yes,39,2005
STR-804175,2023-07-21,Track_244,Artist_60,R&B,India,Tablet,Premium Individual,358,338602,No,Yes,45,1999
STR-802777,2023-07-22,Track_196,Artist_116,Hip-Hop,United Kingdom,Smart TV,Premium Individual,176,143828,No,Yes,95,2017
STR-800197,2023-07-22,Track_420,Artist_94,Hip-Hop,Japan,Desktop,Premium Individual,128,191698,No,No,14,1990
STR-803397,2023-07-22,Track_1086,Artist_135,R&B,Germany,Smart TV,Free,309,245528,No,Yes,18,2006
STR-800415,2023-07-23,Track_1374,Artist_150,Devotional,India,Smart TV,Premium Individual,167,338715,No,Yes,61,2023
STR-803469,2023-07-23,Track_2350,Artist_61,Bollywood,Canada,Desktop,Free,252,39836,No,Yes,81,2013
STR-800299,2023-07-23,Track_681,Artist_61,Classical,Australia,Desktop,Premium Individual,234,220148,No,Yes,7,2018
STR-800878,2023-07-23,Track_1035,Artist_135,Jazz,Japan,Tablet,Premium Individual,202,294889,Yes,No,94,2010
STR-803915,2023-07-23,Track_1813,Artist_90,Indie,Germany,Tablet,Premium Individual,257,126102,Yes,Yes,54,1995
STR-801236,2023-07-23,Track_881,Artist_97,Jazz,Canada,Smartphone,Premium Individual,130,117847,Yes,Yes,31,2001
STR-800629,2023-07-23,Track_148,Artist_14,Electronic,United States,Smart Speaker,Free,134,64874,Yes,Yes,14,2019
STR-801750,2023-07-23,Track_167,Artist_144,Bollywood,India,Tablet,Premium Individual,171,168505,No,Yes,38,2001
STR-803535,2023-07-23,Track_1262,Artist_78,R&B,Japan,Smartphone,Premium Family,245,356131,No,No,63,2012
STR-800634,2023-07-23,Track_655,Artist_82,Rock,Japan,Smartphone,Premium Individual,358,14533,No,No,3,2002
STR-800401,2023-07-24,Track_1134,Artist_76,Electronic,Canada,Smartphone,Premium Student,214,21494,Yes,No,24,2005
STR-803227,2023-07-24,Track_1430,Artist_99,Devotional,Canada,Smartphone,Free,133,189868,No,No,46,2013
STR-800141,2023-07-24,Track_157,Artist_43,Pop,Australia,Tablet,Premium Individual,335,338622,No,Yes,84,1995
STR-802694,2023-07-24,Track_1862,Artist_83,Jazz,United Kingdom,Smart Speaker,Free,350,229469,No,Yes,12,2016
STR-801539,2023-07-25,Track_698,Artist_113,Pop,Japan,Smart Speaker,Premium Individual,294,176360,Yes,No,13,1995
STR-804075,2023-07-25,Track_256,Artist_66,Jazz,Germany,Smartphone,Premium Student,157,97832,Yes,Yes,9,2013
STR-803363,2023-07-25,Track_1486,Artist_77,Pop,United Kingdom,Tablet,Premium Family,234,166868,No,Yes,8,1994
STR-802821,2023-07-25,Track_526,Artist_143,Rock,Brazil,Smartphone,Premium Family,218,313530,Yes,No,98,2001
STR-800203,2023-07-25,Track_2104,Artist_150,Bollywood,United Kingdom,Tablet,Premium Individual,172,312932,Yes,No,80,1996
STR-803307,2023-07-25,Track_1407,Artist_8,Pop,Germany,Smart Speaker,Free,262,247394,No,No,91,2013
STR-803219,2023-07-25,Track_2035,Artist_137,Pop,Germany,Desktop,Premium Individual,310,258204,No,No,89,2024
STR-802772,2023-07-25,Track_930,Artist_15,Hip-Hop,Brazil,Smart Speaker,Free,287,285559,No,Yes,68,1998
STR-802769,2023-07-26,Track_1711,Artist_79,Jazz,Japan,Desktop,Premium Individual,307,331977,No,No,57,2001
STR-803563,2023-07-26,Track_553,Artist_10,Rock,Brazil,Desktop,Free,333,124236,No,No,23,2011
STR-803750,2023-07-27,Track_387,Artist_41,Devotional,Japan,Smart TV,Free,263,328930,Yes,No,84,2002
STR-804106,2023-07-27,Track_2326,Artist_65,Hip-Hop,United States,Smart TV,Premium Individual,226,218700,No,Yes,43,2019
STR-802838,2023-07-27,Track_1798,Artist_98,Pop,Germany,Smart Speaker,Premium Family,163,22555,Yes,No,53,1996
STR-804074,2023-07-28,Track_615,Artist_89,Jazz,Australia,Smartphone,Premium Student,181,135160,Yes,Yes,18,2014
STR-803071,2023-07-28,Track_2480,Artist_12,R&B,Canada,Smartphone,Premium Individual,345,231845,No,No,25,1992
STR-803536,2023-07-28,Track_2343,Artist_30,Bollywood,United Kingdom,Desktop,Premium Individual,323,181408,No,Yes,65,2000
STR-802600,2023-07-29,Track_2021,Artist_39,Classical,Brazil,Smartphone,Premium Individual,194,227355,No,No,76,2017
STR-804098,2023-07-29,Track_1164,Artist_40,Jazz,United Kingdom,Smart Speaker,Free,121,118715,No,Yes,16,1992
STR-800713,2023-07-29,Track_1046,Artist_8,Electronic,United States,Smartphone,Premium Individual,333,29003,No,No,11,2023
STR-803455,2023-07-29,Track_2317,Artist_79,Rock,India,Smartphone,Free,289,319643,No,Yes,15,2022
STR-802856,2023-07-29,Track_29,Artist_56,Electronic,India,Desktop,Premium Individual,240,95585,No,Yes,47,2000
STR-800344,2023-07-29,Track_1007,Artist_73,Rock,United States,Smart TV,Premium Family,172,196089,No,Yes,58,2018
STR-803556,2023-07-29,Track_1275,Artist_26,Jazz,Japan,Smart Speaker,Premium Student,134,231037,No,No,24,1993
STR-803827,2023-07-29,Track_675,Artist_48,Rock,United Kingdom,Smart TV,Premium Individual,269,219339,No,No,38,2006
STR-800912,2023-07-29,Track_1558,Artist_59,R&B,United Kingdom,Smart TV,Premium Student,164,25551,Yes,No,10,2007
STR-803653,2023-07-29,Track_1307,Artist_15,Indie,India,Smart Speaker,Premium Individual,350,216246,No,Yes,64,2024
STR-803568,2023-07-30,Track_392,Artist_3,Rock,India,Smartphone,Premium Individual,130,99046,Yes,No,64,2007
STR-803110,2023-07-31,Track_549,Artist_82,Rock,United States,Tablet,Free,309,285141,No,No,15,1995
STR-802576,2023-07-31,Track_2333,Artist_57,Devotional,India,Desktop,Free,329,129972,No,No,1,2004
STR-801029,2023-07-31,Track_969,Artist_93,Indie,Japan,Smart TV,Premium Individual,136,88622,No,Yes,2,2017
STR-801842,2023-07-31,Track_1831,Artist_95,Classical,India,Smart Speaker,Premium Family,326,167694,No,No,48,1996
STR-802687,2023-08-01,Track_1678,Artist_76,Classical,United States,Desktop,Premium Family,331,259274,No,Yes,98,2017
STR-802346,2023-08-01,Track_209,Artist_81,Jazz,Japan,Desktop,Free,251,345970,Yes,No,78,2012
STR-800942,2023-08-01,Track_376,Artist_84,Classical,Australia,Smart Speaker,Free,155,349473,No,No,88,1991
STR-802538,2023-08-01,Track_1026,Artist_39,Hip-Hop,Japan,Tablet,Premium Individual,318,158027,Yes,No,3,1990
STR-800318,2023-08-01,Track_2259,Artist_80,R&B,Australia,Smart TV,Free,272,193116,No,No,65,2008
STR-800078,2023-08-01,Track_2200,Artist_2,Indie,Australia,Tablet,Premium Individual,159,83787,Yes,No,18,2022
STR-801433,2023-08-01,Track_298,Artist_46,R&B,Japan,Tablet,Premium Individual,284,163089,No,Yes,85,2021
STR-801170,2023-08-01,Track_335,Artist_85,Indie,Japan,Smart Speaker,Premium Individual,333,331006,Yes,Yes,43,1991
STR-800200,2023-08-01,Track_1688,Artist_117,Devotional,Australia,Smartphone,Premium Family,278,145284,No,No,15,2010
STR-800454,2023-08-01,Track_2216,Artist_69,Hip-Hop,Brazil,Smartphone,Premium Family,125,14248,No,No,91,1999
STR-800471,2023-08-01,Track_1974,Artist_127,Electronic,Brazil,Smartphone,Free,196,25280,No,No,18,1990
STR-801149,2023-08-01,Track_1321,Artist_11,Classical,United States,Smart TV,Premium Student,224,286950,No,Yes,15,2016
STR-803834,2023-08-02,Track_773,Artist_72,Electronic,United Kingdom,Tablet,Free,340,41548,Yes,No,27,2009
STR-803100,2023-08-02,Track_378,Artist_80,Classical,Germany,Tablet,Premium Family,182,146329,Yes,Yes,28,1993
STR-801591,2023-08-02,Track_1351,Artist_34,Bollywood,United States,Smart Speaker,Premium Individual,354,313937,No,Yes,90,2016
STR-803842,2023-08-02,Track_1213,Artist_1,Pop,United Kingdom,Smartphone,Free,316,31818,No,Yes,68,2011
STR-800964,2023-08-02,Track_117,Artist_106,Electronic,United Kingdom,Tablet,Premium Individual,301,335024,No,Yes,86,1990
STR-800327,2023-08-02,Track_151,Artist_52,R&B,India,Tablet,Premium Student,194,202121,No,Yes,83,1994
STR-800236,2023-08-02,Track_2202,Artist_43,Pop,Japan,Smart Speaker,Premium Student,294,22232,No,No,61,2013
STR-801011,2023-08-02,Track_1365,Artist_89,R&B,Germany,Smart TV,Free,228,291337,No,Yes,10,2015
STR-804043,2023-08-02,Track_2002,Artist_108,Devotional,India,Smart TV,Premium Individual,140,69729,No,Yes,55,2002
STR-802642,2023-08-02,Track_2256,Artist_76,Bollywood,Japan,Tablet,Premium Individual,227,138193,No,No,20,2011
STR-803794,2023-08-02,Track_1841,Artist_80,Indie,Germany,Smartphone,Premium Individual,186,105271,No,Yes,43,2007
STR-802202,2023-08-02,Track_452,Artist_108,Pop,Canada,Tablet,Free,299,6483,No,Yes,96,1991
STR-802967,2023-08-02,Track_174,Artist_144,Classical,Brazil,Smart Speaker,Free,344,291555,Yes,No,8,2007
STR-800140,2023-08-03,Track_340,Artist_113,Classical,Brazil,Smart Speaker,Free,325,247781,No,No,87,1999
STR-800331,2023-08-03,Track_2308,Artist_124,Rock,Japan,Tablet,Premium Student,126,293123,Yes,No,55,2002
STR-802599,2023-08-03,Track_1327,Artist_14,Devotional,United States,Tablet,Premium Family,312,54881,No,No,36,1992
STR-801459,2023-08-03,Track_422,Artist_30,Jazz,Japan,Desktop,Premium Family,184,139637,No,Yes,78,1999
STR-804048,2023-08-04,Track_1755,Artist_40,Devotional,Germany,Desktop,Premium Individual,256,20571,No,No,15,2002
STR-802685,2023-08-04,Track_1921,Artist_90,Devotional,India,Desktop,Premium Individual,320,305631,Yes,Yes,39,2005
STR-804055,2023-08-04,Track_2318,Artist_61,Bollywood,United Kingdom,Smart Speaker,Free,256,18647,Yes,Yes,40,2014
STR-801481,2023-08-04,Track_1753,Artist_72,Electronic,India,Desktop,Free,184,295895,Yes,No,70,1997
STR-800008,2023-08-04,Track_1959,Artist_131,Pop,Canada,Smartphone,Free,333,59922,Yes,Yes,9,2014
STR-800463,2023-08-04,Track_743,Artist_88,Bollywood,India,Smart Speaker,Premium Individual,310,312063,No,No,72,1993
STR-802329,2023-08-05,Track_298,Artist_61,Jazz,Japan,Tablet,Premium Individual,267,235811,No,Yes,100,1997
STR-800854,2023-08-05,Track_1244,Artist_29,Rock,United States,Smart Speaker,Premium Individual,139,130661,No,Yes,65,1994
STR-800185,2023-08-05,Track_302,Artist_23,Classical,United Kingdom,Smartphone,Premium Individual,186,325348,Yes,No,70,2014
STR-803868,2023-08-05,Track_1589,Artist_27,Jazz,Germany,Smart TV,Premium Family,262,250437,Yes,Yes,33,2014
STR-802002,2023-08-05,Track_1713,Artist_86,Indie,Germany,Smart TV,Premium Family,251,290684,No,Yes,16,2015
STR-803810,2023-08-06,Track_111,Artist_49,Hip-Hop,Canada,Smart Speaker,Premium Individual,287,133827,No,Yes,40,1998
STR-800871,2023-08-06,Track_1068,Artist_124,Classical,Brazil,Smartphone,Premium Individual,263,303174,No,Yes,13,2002
STR-803158,2023-08-06,Track_78,Artist_85,Indie,Canada,Desktop,Free,282,334723,Yes,Yes,4,1990
STR-802334,2023-08-06,Track_339,Artist_102,Pop,Australia,Tablet,Free,218,284422,No,No,45,2003
STR-802615,2023-08-07,Track_2236,Artist_30,Jazz,United Kingdom,Smartphone,Premium Family,215,143808,Yes,Yes,91,1996
STR-802619,2023-08-07,Track_348,Artist_92,Hip-Hop,United Kingdom,Smart TV,Premium Individual,286,311211,Yes,Yes,88,1991
STR-801774,2023-08-07,Track_2447,Artist_94,Pop,United Kingdom,Smart TV,Free,283,309015,No,Yes,39,2007
STR-803933,2023-08-07,Track_1199,Artist_52,Electronic,Canada,Smart Speaker,Premium Individual,173,140746,Yes,Yes,24,1996
STR-803278,2023-08-07,Track_1954,Artist_29,Rock,United States,Smart Speaker,Premium Individual,128,152021,No,Yes,14,2006
STR-803818,2023-08-07,Track_463,Artist_46,R&B,Japan,Smartphone,Premium Individual,355,129781,No,No,12,2019
STR-800923,2023-08-07,Track_2254,Artist_24,Hip-Hop,United Kingdom,Smartphone,Free,203,175978,No,No,67,2018
STR-802700,2023-08-07,Track_802,Artist_9,Indie,United Kingdom,Smart Speaker,Free,262,297212,No,No,49,1999
STR-800336,2023-08-08,Track_2354,Artist_124,Hip-Hop,Australia,Tablet,Free,254,277654,No,Yes,61,1993
STR-804021,2023-08-08,Track_937,Artist_37,Jazz,Australia,Smart TV,Premium Family,339,40678,No,Yes,23,2009
STR-802549,2023-08-08,Track_476,Artist_29,Indie,Australia,Smart TV,Premium Individual,205,137390,Yes,No,29,1996
STR-801522,2023-08-08,Track_461,Artist_11,Indie,Germany,Smart TV,Premium Individual,126,118407,No,Yes,23,2013
STR-802066,2023-08-08,Track_1527,Artist_116,Devotional,Japan,Smartphone,Free,143,322431,Yes,Yes,4,2019
STR-803647,2023-08-08,Track_1779,Artist_23,Jazz,Australia,Smart TV,Premium Individual,262,165007,No,No,93,1998
STR-801097,2023-08-08,Track_1891,Artist_47,Devotional,India,Smartphone,Premium Individual,265,154554,No,No,60,1996
STR-804114,2023-08-08,Track_1234,Artist_59,Jazz,Germany,Smart Speaker,Premium Family,344,5625,Yes,No,29,2007
STR-802005,2023-08-09,Track_2285,Artist_46,Devotional,United Kingdom,Tablet,Premium Individual,246,353146,No,No,22,1995
STR-802654,2023-08-09,Track_26,Artist_119,Pop,India,Smart Speaker,Free,182,41107,No,No,23,2001
STR-800000,2023-08-09,Track_260,Artist_56,Electronic,United States,Smart TV,Free,262,81052,No,Yes,98,1990
STR-801032,2023-08-09,Track_2468,Artist_142,Jazz,Germany,Smart Speaker,Premium Family,297,68473,Yes,No,96,2017
STR-801746,2023-08-10,Track_1412,Artist_137,Bollywood,India,Desktop,Premium Individual,120,153048,No,No,29,1998
STR-800983,2023-08-10,Track_1648,Artist_112,Devotional,United Kingdom,Smartphone,Free,308,59869,No,Yes,32,1995
STR-803046,2023-08-10,Track_262,Artist_33,Electronic,Australia,Smart TV,Premium Individual,121,115990,Yes,Yes,67,2009
STR-800638,2023-08-10,Track_334,Artist_58,Indie,Australia,Smart TV,Premium Student,303,27442,No,No,62,1996
STR-803372,2023-08-10,Track_376,Artist_63,Devotional,United Kingdom,Smartphone,Free,326,336733,Yes,No,41,2015
STR-800547,2023-08-10,Track_98,Artist_88,Classical,United Kingdom,Smartphone,Premium Student,300,60797,Yes,Yes,31,1998
STR-801463,2023-08-10,Track_700,Artist_35,Hip-Hop,Canada,Smart Speaker,Premium Individual,356,130301,No,Yes,59,2016
STR-800542,2023-08-10,Track_197,Artist_8,R&B,United States,Desktop,Free,174,327010,No,Yes,61,2022
STR-801943,2023-08-11,Track_1292,Artist_126,Pop,Japan,Smart TV,Premium Individual,157,120415,No,Yes,32,1993
STR-803127,2023-08-11,Track_1223,Artist_73,Pop,Japan,Smart Speaker,Premium Family,270,86014,No,Yes,3,2017
STR-800228,2023-08-12,Track_1200,Artist_100,Bollywood,United States,Smart TV,Premium Family,302,67650,No,No,34,2014
STR-802341,2023-08-12,Track_548,Artist_73,Indie,Germany,Smartphone,Premium Individual,331,104779,No,Yes,26,1997
STR-801694,2023-08-12,Track_850,Artist_132,R&B,Germany,Tablet,Premium Individual,130,62939,No,No,16,1999
STR-802011,2023-08-12,Track_982,Artist_63,Indie,India,Smart TV,Free,245,159754,Yes,No,80,2024
STR-801488,2023-08-12,Track_1269,Artist_49,Jazz,Canada,Desktop,Premium Individual,334,128620,Yes,Yes,87,2013
STR-802263,2023-08-12,Track_1207,Artist_125,Devotional,Australia,Desktop,Premium Individual,261,164085,No,Yes,12,2017
STR-801367,2023-08-12,Track_621,Artist_6,Devotional,Brazil,Smart Speaker,Premium Individual,169,163231,No,Yes,85,1992
STR-800924,2023-08-12,Track_1607,Artist_108,Jazz,India,Tablet,Free,315,275114,No,Yes,93,2006
STR-802429,2023-08-12,Track_2244,Artist_136,Electronic,Canada,Desktop,Premium Student,270,185006,No,Yes,19,2005
STR-802242,2023-08-13,Track_467,Artist_104,Indie,India,Tablet,Free,126,229857,No,Yes,67,2005
STR-803204,2023-08-13,Track_1021,Artist_5,R&B,Canada,Smart Speaker,Premium Individual,301,151645,No,Yes,5,1994
STR-800943,2023-08-13,Track_2044,Artist_16,Indie,Australia,Smartphone,Premium Individual,224,155570,No,Yes,20,2024
STR-802530,2023-08-13,Track_361,Artist_63,Indie,Japan,Smart TV,Free,222,251013,No,Yes,61,2015
STR-801113,2023-08-13,Track_1913,Artist_65,Rock,India,Smart TV,Premium Family,335,275594,Yes,No,54,1996
STR-801634,2023-08-13,Track_189,Artist_34,Bollywood,Canada,Desktop,Premium Individual,323,148765,No,Yes,88,2023
STR-803553,2023-08-13,Track_361,Artist_143,Electronic,India,Smart Speaker,Premium Student,251,156323,No,Yes,97,1990
STR-800689,2023-08-13,Track_2483,Artist_21,Pop,United States,Smartphone,Free,303,296781,No,Yes,32,2022
STR-803844,2023-08-13,Track_1437,Artist_53,Indie,India,Smart Speaker,Premium Family,163,198211,No,No,78,2010
STR-803854,2023-08-13,Track_749,Artist_120,Devotional,India,Tablet,Premium Family,138,354675,Yes,No,35,2022
STR-801460,2023-08-13,Track_2157,Artist_143,Classical,Brazil,Smartphone,Premium Student,311,98035,No,Yes,57,2013
STR-802556,2023-08-13,Track_600,Artist_7,Pop,Brazil,Smart TV,Free,296,131353,No,Yes,98,1990
STR-800393,2023-08-14,Track_45,Artist_34,Electronic,Brazil,Tablet,Premium Individual,220,96246,No,Yes,63,1996
STR-800563,2023-08-14,Track_178,Artist_137,Hip-Hop,United Kingdom,Tablet,Premium Individual,337,332898,No,Yes,71,2007
STR-801329,2023-08-14,Track_1766,Artist_119,Pop,India,Desktop,Premium Family,338,193558,No,Yes,68,1994
STR-803943,2023-08-14,Track_319,Artist_53,Electronic,Germany,Smartphone,Free,136,248799,No,Yes,58,2023
STR-800226,2023-08-14,Track_891,Artist_33,Bollywood,Germany,Smart Speaker,Free,294,162100,No,No,13,1995
STR-804185,2023-08-15,Track_1853,Artist_57,Hip-Hop,Brazil,Tablet,Free,206,309689,No,No,81,2002
STR-802132,2023-08-15,Track_2163,Artist_93,Indie,Germany,Smartphone,Free,321,9946,No,No,22,2006
STR-800569,2023-08-15,Track_2187,Artist_57,Classical,Japan,Smart Speaker,Premium Individual,224,142318,Yes,No,40,2018
STR-801823,2023-08-16,Track_2342,Artist_132,Electronic,Australia,Smartphone,Free,170,195957,No,Yes,55,2015
STR-801136,2023-08-16,Track_2001,Artist_69,Hip-Hop,India,Tablet,Free,354,272281,No,Yes,70,2014
STR-803006,2023-08-16,Track_1571,Artist_76,Hip-Hop,Brazil,Tablet,Free,337,7095,No,No,58,2013
STR-802818,2023-08-16,Track_1721,Artist_122,Classical,Canada,Smart TV,Free,299,247455,No,Yes,34,2007
STR-800321,2023-08-16,Track_1638,Artist_1,Jazz,Germany,Smart Speaker,Free,179,210959,No,No,14,1990
STR-800120,2023-08-16,Track_1700,Artist_102,R&B,Germany,Smartphone,Premium Family,289,169160,Yes,Yes,1,2014
STR-802492,2023-08-16,Track_939,Artist_6,Hip-Hop,Germany,Smart Speaker,Premium Family,267,26796,Yes,Yes,96,2021
STR-800066,2023-08-17,Track_1861,Artist_102,Classical,Australia,Smart TV,Premium Family,348,190968,No,No,76,2006
STR-803481,2023-08-17,Track_1840,Artist_144,Pop,Germany,Smart Speaker,Premium Family,164,111220,No,Yes,20,2015
STR-800704,2023-08-17,Track_1618,Artist_67,R&B,Japan,Smartphone,Premium Family,165,323890,No,No,90,2013
STR-801003,2023-08-17,Track_2040,Artist_31,R&B,Australia,Smart TV,Free,294,302277,Yes,No,91,2024
STR-802075,2023-08-17,Track_1737,Artist_75,Bollywood,United States,Desktop,Premium Individual,229,342967,No,No,60,1994
STR-802717,2023-08-17,Track_1352,Artist_2,Pop,United Kingdom,Smart Speaker,Free,288,51982,No,Yes,9,2024
STR-801139,2023-08-17,Track_2249,Artist_149,Electronic,Australia,Smart Speaker,Premium Individual,322,290867,Yes,Yes,5,2015
STR-803517,2023-08-18,Track_277,Artist_54,Hip-Hop,United Kingdom,Smartphone,Premium Student,184,338255,Yes,Yes,97,2013
STR-803465,2023-08-18,Track_1479,Artist_9,Hip-Hop,Japan,Smartphone,Premium Student,222,121103,No,Yes,61,2006
STR-802298,2023-08-18,Track_299,Artist_133,Classical,United Kingdom,Tablet,Premium Family,299,244429,No,No,6,2018
STR-800666,2023-08-18,Track_2389,Artist_61,Classical,United States,Desktop,Premium Individual,278,68487,No,Yes,29,1992
STR-800775,2023-08-18,Track_1925,Artist_117,R&B,Brazil,Smart Speaker,Free,351,313850,No,No,33,2010
STR-801528,2023-08-18,Track_2052,Artist_48,Devotional,United Kingdom,Smartphone,Premium Student,272,123724,No,No,25,2014
STR-801825,2023-08-18,Track_1698,Artist_63,Classical,Australia,Smartphone,Free,193,335954,No,No,26,2024
STR-802926,2023-08-18,Track_586,Artist_116,Indie,Australia,Tablet,Premium Individual,221,276777,No,No,90,2021
STR-803060,2023-08-18,Track_816,Artist_77,R&B,Australia,Smart TV,Premium Family,345,240854,No,Yes,25,2022
STR-803122,2023-08-18,Track_2477,Artist_147,Hip-Hop,India,Smart Speaker,Premium Individual,192,57057,No,Yes,68,2020
STR-801990,2023-08-18,Track_1593,Artist_101,Pop,United Kingdom,Smart Speaker,Free,253,198936,No,No,94,2021
STR-802829,2023-08-18,Track_237,Artist_82,Electronic,Brazil,Smart Speaker,Free,255,191022,No,No,97,2015
STR-801633,2023-08-18,Track_44,Artist_35,Classical,Canada,Smart TV,Free,251,47869,No,Yes,51,2021
STR-802276,2023-08-19,Track_362,Artist_121,Classical,Canada,Tablet,Free,250,280168,No,No,54,2006
STR-802813,2023-08-19,Track_2013,Artist_27,Electronic,United Kingdom,Smart Speaker,Premium Family,314,228706,No,No,35,2001
STR-803152,2023-08-19,Track_887,Artist_28,Rock,Germany,Smartphone,Premium Individual,169,326951,No,Yes,8,2001
STR-803509,2023-08-20,Track_2088,Artist_80,Hip-Hop,United States,Smartphone,Premium Individual,293,343681,No,Yes,80,1993
STR-801666,2023-08-20,Track_1121,Artist_46,Classical,United States,Tablet,Premium Individual,156,332301,No,Yes,85,2010
STR-801188,2023-08-20,Track_437,Artist_110,Pop,Japan,Desktop,Free,351,88061,No,No,31,1999
STR-802165,2023-08-20,Track_1710,Artist_40,Electronic,Brazil,Tablet,Premium Individual,137,85786,No,Yes,32,2012
STR-802289,2023-08-20,Track_2151,Artist_27,Indie,Brazil,Smart TV,Free,307,196134,No,No,81,2024
STR-804161,2023-08-20,Track_555,Artist_39,Devotional,Japan,Desktop,Premium Family,121,110457,No,Yes,43,1993
STR-800168,2023-08-20,Track_2420,Artist_106,Jazz,United Kingdom,Smart TV,Premium Student,225,90377,Yes,Yes,88,2010
STR-800111,2023-08-20,Track_2015,Artist_63,Classical,Brazil,Tablet,Free,336,292126,No,Yes,31,2020
STR-803706,2023-08-20,Track_1807,Artist_44,Devotional,India,Smartphone,Premium Family,340,118832,Yes,No,91,2022
STR-802810,2023-08-21,Track_2168,Artist_142,Bollywood,India,Smart TV,Free,176,262113,No,No,25,2006
STR-803164,2023-08-21,Track_2149,Artist_10,Bollywood,Japan,Smartphone,Premium Family,231,246238,No,No,100,1999
STR-803474,2023-08-21,Track_2436,Artist_121,Classical,Australia,Tablet,Premium Student,152,37362,No,No,32,1992
STR-802145,2023-08-21,Track_1327,Artist_115,Bollywood,Japan,Smartphone,Free,242,275883,Yes,Yes,27,2004
STR-803475,2023-08-22,Track_708,Artist_31,Jazz,Australia,Tablet,Premium Student,148,44879,No,No,43,1992
STR-802457,2023-08-22,Track_2017,Artist_85,Jazz,Brazil,Tablet,Premium Individual,169,98868,No,No,76,1997
STR-801287,2023-08-22,Track_1368,Artist_149,Pop,United Kingdom,Smart TV,Premium Individual,182,308170,No,No,88,2004
STR-803017,2023-08-22,Track_423,Artist_66,Rock,India,Desktop,Premium Family,222,152466,No,Yes,39,1998
STR-803252,2023-08-22,Track_263,Artist_29,Electronic,India,Tablet,Premium Individual,267,290004,Yes,Yes,61,2009
STR-802578,2023-08-22,Track_2355,Artist_130,Jazz,United Kingdom,Smartphone,Free,355,191776,No,Yes,31,1997
STR-801625,2023-08-22,Track_1357,Artist_97,Electronic,Japan,Desktop,Premium Individual,132,229885,No,Yes,84,2012
STR-803764,2023-08-22,Track_22,Artist_127,Classical,Japan,Tablet,Premium Student,177,6676,No,Yes,26,2000
STR-800631,2023-08-23,Track_895,Artist_107,Pop,Canada,Tablet,Premium Individual,298,198764,No,No,30,2004
STR-800709,2023-08-23,Track_416,Artist_91,Classical,Australia,Desktop,Premium Family,229,164237,Yes,Yes,28,2024
STR-800537,2023-08-23,Track_497,Artist_10,Indie,Australia,Smartphone,Premium Family,289,95293,Yes,Yes,44,2003
STR-804016,2023-08-23,Track_534,Artist_111,R&B,India,Desktop,Premium Family,343,308195,No,Yes,13,2002
STR-802206,2023-08-23,Track_193,Artist_144,Pop,Australia,Smartphone,Premium Individual,131,173289,No,Yes,86,2003
STR-804060,2023-08-23,Track_1859,Artist_20,Devotional,Japan,Smart Speaker,Premium Individual,186,244801,No,Yes,92,2021
STR-800445,2023-08-23,Track_2033,Artist_52,Classical,Japan,Smartphone,Free,244,51178,Yes,Yes,27,2016
STR-800659,2023-08-24,Track_708,Artist_112,Jazz,Australia,Desktop,Free,337,244399,No,Yes,11,1991
STR-800165,2023-08-24,Track_1538,Artist_59,Classical,Japan,Tablet,Premium Student,172,41890,No,No,62,1992
STR-804140,2023-08-24,Track_1088,Artist_40,Classical,United Kingdom,Smart Speaker,Free,345,140426,No,Yes,70,1993
STR-802849,2023-08-24,Track_1270,Artist_65,Devotional,United Kingdom,Smartphone,Premium Family,302,249204,No,No,86,1993
STR-801685,2023-08-25,Track_1782,Artist_33,Indie,Canada,Smart TV,Free,211,320178,Yes,No,24,1997
STR-802975,2023-08-25,Track_1301,Artist_6,Classical,United States,Tablet,Free,254,116731,No,No,50,2006
STR-803662,2023-08-25,Track_1772,Artist_85,Indie,India,Smart TV,Free,133,184167,Yes,Yes,53,2016
STR-801191,2023-08-25,Track_1217,Artist_118,Jazz,Brazil,Smart Speaker,Free,176,319189,No,No,33,2021
STR-801739,2023-08-25,Track_1511,Artist_100,Rock,Japan,Desktop,Premium Family,353,179235,No,No,100,2004
STR-803280,2023-08-25,Track_1265,Artist_136,Indie,Australia,Tablet,Premium Individual,266,158484,No,No,67,2007
STR-802483,2023-08-25,Track_75,Artist_44,Indie,United Kingdom,Smart TV,Premium Individual,253,146290,Yes,No,55,1996
STR-800314,2023-08-26,Track_1393,Artist_60,Electronic,Australia,Smartphone,Premium Individual,284,187108,No,Yes,70,1996
STR-802104,2023-08-26,Track_224,Artist_26,Pop,Japan,Smart TV,Premium Family,187,147785,No,No,94,1991
STR-800441,2023-08-26,Track_2377,Artist_5,Jazz,Australia,Smartphone,Premium Individual,183,199045,No,Yes,96,1994
STR-801579,2023-08-26,Track_1720,Artist_148,Devotional,Brazil,Desktop,Premium Individual,318,207460,Yes,No,41,1996
STR-801426,2023-08-27,Track_1566,Artist_116,Indie,Germany,Desktop,Premium Individual,208,180209,Yes,No,100,2020
STR-801044,2023-08-27,Track_599,Artist_92,R&B,India,Tablet,Premium Family,298,289643,Yes,Yes,89,2017
STR-802017,2023-08-27,Track_200,Artist_93,R&B,Brazil,Tablet,Free,310,38609,No,Yes,54,2007
STR-802779,2023-08-27,Track_1413,Artist_117,R&B,Germany,Tablet,Free,317,308368,No,Yes,98,2003
STR-802185,2023-08-27,Track_832,Artist_17,Devotional,Canada,Smart Speaker,Free,309,343727,No,No,79,2008
STR-802173,2023-08-27,Track_927,Artist_72,Devotional,United States,Smart TV,Premium Family,171,195813,No,No,39,2003
STR-803077,2023-08-28,Track_2342,Artist_135,Devotional,United States,Smart TV,Premium Individual,321,262131,No,No,82,2010
STR-802195,2023-08-28,Track_1276,Artist_39,Electronic,Australia,Smart Speaker,Free,305,140074,No,Yes,87,2003
STR-802708,2023-08-28,Track_653,Artist_82,Bollywood,United Kingdom,Smart Speaker,Free,209,303623,No,No,82,2013
STR-803483,2023-08-29,Track_201,Artist_149,Pop,Australia,Tablet,Premium Individual,256,213046,No,Yes,51,2010
STR-800920,2023-08-29,Track_638,Artist_32,Devotional,Japan,Smart TV,Premium Student,234,80845,No,Yes,98,1995
STR-800793,2023-08-29,Track_231,Artist_103,R&B,Germany,Smart TV,Free,339,140906,Yes,No,44,2013
STR-803777,2023-08-30,Track_508,Artist_53,Electronic,United Kingdom,Tablet,Free,218,296875,Yes,No,94,2016
STR-800674,2023-08-30,Track_1939,Artist_1,Bollywood,India,Smartphone,Premium Individual,132,279516,No,No,37,2011
STR-801269,2023-08-30,Track_630,Artist_96,Pop,Brazil,Desktop,Free,127,73369,No,Yes,89,2021
STR-801129,2023-08-30,Track_1736,Artist_30,Hip-Hop,Canada,Smart Speaker,Free,166,178483,Yes,No,79,2019
STR-803592,2023-08-30,Track_2415,Artist_34,Hip-Hop,United Kingdom,Smart TV,Free,259,162809,Yes,No,30,2011
STR-801468,2023-08-30,Track_95,Artist_101,Bollywood,United States,Smart Speaker,Premium Family,134,152725,No,No,10,1995
STR-802867,2023-08-31,Track_2382,Artist_125,Indie,Japan,Tablet,Premium Individual,127,110620,No,Yes,97,1999
STR-803820,2023-08-31,Track_1944,Artist_3,Hip-Hop,United States,Desktop,Free,331,289825,No,No,89,1992
STR-803790,2023-08-31,Track_2077,Artist_144,Jazz,United Kingdom,Smart TV,Premium Individual,241,80290,Yes,No,92,2018
STR-800328,2023-08-31,Track_1683,Artist_5,Jazz,India,Smartphone,Premium Individual,194,96201,No,No,45,2010
STR-804115,2023-08-31,Track_218,Artist_106,R&B,Japan,Tablet,Premium Student,120,208666,Yes,No,24,1990
STR-803552,2023-08-31,Track_2400,Artist_122,Electronic,United States,Smartphone,Free,298,340645,No,No,69,1995
STR-801417,2023-08-31,Track_2488,Artist_67,Rock,Australia,Smartphone,Premium Individual,243,212208,Yes,Yes,27,2018
STR-802897,2023-09-01,Track_242,Artist_25,Pop,Brazil,Smart Speaker,Free,269,163633,No,Yes,74,2008
STR-802191,2023-09-01,Track_1420,Artist_57,R&B,Germany,Smartphone,Premium Individual,273,40269,No,No,44,2023
STR-800406,2023-09-01,Track_488,Artist_77,Devotional,Germany,Smartphone,Premium Student,301,330329,Yes,Yes,78,2015
STR-800739,2023-09-01,Track_1772,Artist_94,Bollywood,Brazil,Smartphone,Premium Family,193,94454,No,No,3,2000
STR-801936,2023-09-01,Track_1920,Artist_3,Rock,United States,Smartphone,Free,186,272189,No,Yes,4,1990
STR-801422,2023-09-02,Track_25,Artist_77,Classical,Germany,Smart Speaker,Premium Individual,214,350695,No,Yes,40,2018
STR-802370,2023-09-02,Track_467,Artist_35,Rock,United States,Desktop,Premium Individual,144,42832,No,No,73,2017
STR-802447,2023-09-02,Track_2213,Artist_53,Indie,Canada,Smart TV,Premium Family,134,282740,Yes,Yes,68,2021
STR-803091,2023-09-03,Track_1042,Artist_90,Devotional,Brazil,Smart TV,Free,228,352571,No,No,83,2022
STR-802049,2023-09-03,Track_535,Artist_7,Bollywood,Canada,Smart TV,Free,177,17552,No,No,99,2010
STR-802738,2023-09-04,Track_446,Artist_69,Hip-Hop,Canada,Smart TV,Premium Individual,139,100726,No,No,67,2005
STR-801418,2023-09-04,Track_1457,Artist_11,Pop,United Kingdom,Smart Speaker,Premium Individual,125,317022,No,No,94,2003
STR-801593,2023-09-04,Track_323,Artist_8,Hip-Hop,United Kingdom,Tablet,Premium Individual,177,355005,Yes,Yes,75,2000
STR-800516,2023-09-04,Track_1448,Artist_91,Indie,India,Smart TV,Premium Family,258,336679,No,Yes,53,2011
STR-800108,2023-09-04,Track_926,Artist_109,Classical,India,Smartphone,Premium Family,333,225116,No,No,74,2017
STR-801132,2023-09-05,Track_1535,Artist_71,Jazz,India,Tablet,Premium Family,250,5063,Yes,Yes,61,2006
STR-803043,2023-09-05,Track_2455,Artist_7,Rock,India,Smart TV,Premium Individual,339,331014,No,No,76,1993
STR-800715,2023-09-05,Track_1846,Artist_132,Jazz,Germany,Smart Speaker,Premium Family,257,340930,Yes,No,51,2015
STR-801338,2023-09-05,Track_1035,Artist_62,Rock,Germany,Smart Speaker,Free,332,106649,No,No,70,1992
STR-801342,2023-09-05,Track_606,Artist_33,Electronic,Germany,Desktop,Premium Individual,257,22266,Yes,Yes,89,1991
STR-800138,2023-09-05,Track_1595,Artist_3,Electronic,Brazil,Smartphone,Free,332,192975,No,Yes,37,1995
STR-802240,2023-09-05,Track_734,Artist_74,Rock,Canada,Smart Speaker,Free,324,195809,No,Yes,82,2003
STR-801169,2023-09-05,Track_1046,Artist_42,Bollywood,Canada,Tablet,Premium Individual,313,219635,Yes,No,72,2022
STR-801530,2023-09-06,Track_679,Artist_13,Electronic,Canada,Desktop,Free,179,179109,No,No,50,1995
STR-800039,2023-09-06,Track_2159,Artist_80,Hip-Hop,Brazil,Tablet,Free,337,154412,No,Yes,21,2001
STR-800121,2023-09-06,Track_1971,Artist_53,Hip-Hop,United States,Tablet,Free,220,318098,No,Yes,27,2001
STR-801000,2023-09-06,Track_386,Artist_60,Bollywood,United Kingdom,Smart TV,Free,251,49785,No,No,15,1991
STR-801461,2023-09-07,Track_1635,Artist_38,Rock,United Kingdom,Desktop,Premium Individual,279,64629,No,Yes,32,2012
STR-802514,2023-09-07,Track_2206,Artist_30,Indie,Japan,Smart Speaker,Premium Individual,130,219683,Yes,Yes,15,1998
STR-802990,2023-09-07,Track_1565,Artist_85,Bollywood,India,Smart Speaker,Free,177,324474,Yes,Yes,27,2017
STR-803624,2023-09-07,Track_283,Artist_87,Bollywood,Canada,Desktop,Premium Family,325,42595,No,No,24,2018
STR-803167,2023-09-07,Track_1714,Artist_88,Devotional,India,Desktop,Free,122,256309,No,No,18,1993
STR-800368,2023-09-07,Track_1734,Artist_98,Classical,Japan,Desktop,Premium Family,133,348934,No,Yes,95,2012
STR-803729,2023-09-08,Track_679,Artist_2,Pop,Canada,Smartphone,Premium Individual,162,196340,No,Yes,17,2001
STR-802542,2023-09-08,Track_273,Artist_93,Bollywood,Japan,Tablet,Premium Student,223,74144,No,Yes,17,2007
STR-802793,2023-09-08,Track_2464,Artist_55,Jazz,United Kingdom,Smart TV,Free,236,112883,No,No,27,1990
STR-803423,2023-09-08,Track_1604,Artist_3,Indie,Australia,Desktop,Premium Individual,335,358115,No,No,20,2003
STR-800355,2023-09-08,Track_1920,Artist_113,Rock,Germany,Smart TV,Premium Individual,136,278857,No,No,91,2000
STR-801244,2023-09-08,Track_1794,Artist_26,R&B,Japan,Smartphone,Free,292,8863,Yes,No,40,2006
STR-803184,2023-09-09,Track_2188,Artist_13,Classical,Japan,Smartphone,Free,255,263759,Yes,No,79,2022
STR-800006,2023-09-09,Track_2068,Artist_105,Jazz,United States,Smartphone,Premium Individual,146,7193,Yes,No,77,1992
STR-800513,2023-09-09,Track_2037,Artist_136,Classical,Canada,Smartphone,Premium Individual,146,294160,No,No,11,1994
STR-800932,2023-09-09,Track_894,Artist_59,Classical,India,Desktop,Premium Family,280,104513,No,Yes,80,2020
STR-802701,2023-09-09,Track_1845,Artist_82,Hip-Hop,Germany,Desktop,Premium Individual,211,106673,No,Yes,74,2018
STR-801016,2023-09-09,Track_708,Artist_126,Jazz,Germany,Smart TV,Free,167,136632,No,No,93,1996
STR-802141,2023-09-10,Track_975,Artist_34,Electronic,Japan,Smart TV,Free,214,157052,No,No,35,1998
STR-800897,2023-09-10,Track_1193,Artist_35,Bollywood,India,Smartphone,Premium Individual,269,301780,Yes,Yes,94,2020
STR-800900,2023-09-10,Track_2042,Artist_60,Indie,Australia,Desktop,Premium Individual,331,356993,Yes,Yes,1,1992
STR-802051,2023-09-10,Track_1176,Artist_12,Hip-Hop,Australia,Smart Speaker,Free,221,325218,No,No,39,1998
STR-800411,2023-09-10,Track_1611,Artist_52,R&B,India,Smart TV,Free,303,36748,No,No,88,2011
STR-804129,2023-09-10,Track_1863,Artist_96,Devotional,Japan,Desktop,Premium Family,211,16169,Yes,No,20,2016
STR-801414,2023-09-10,Track_32,Artist_37,Hip-Hop,Australia,Smart TV,Premium Student,235,215156,No,Yes,56,2012
STR-801190,2023-09-10,Track_1217,Artist_30,R&B,United Kingdom,Tablet,Free,141,102676,No,Yes,28,2004
STR-801676,2023-09-10,Track_2227,Artist_124,Classical,India,Smartphone,Free,247,209053,No,No,76,2011
STR-801589,2023-09-10,Track_155,Artist_114,Pop,India,Smart Speaker,Free,317,206824,No,No,27,2023
STR-802535,2023-09-10,Track_1915,Artist_115,Rock,United States,Smart TV,Premium Individual,225,27817,Yes,Yes,7,2017
STR-801508,2023-09-11,Track_647,Artist_86,Rock,Brazil,Desktop,Premium Individual,274,53835,Yes,No,89,2019
STR-801061,2023-09-11,Track_1948,Artist_42,Devotional,Japan,Desktop,Free,220,135490,No,Yes,62,2016
STR-800493,2023-09-11,Track_2196,Artist_122,Hip-Hop,India,Tablet,Premium Individual,317,297723,Yes,No,98,2001
STR-800724,2023-09-11,Track_1861,Artist_116,Pop,India,Desktop,Premium Family,168,303554,No,Yes,62,2018
STR-800680,2023-09-11,Track_389,Artist_141,R&B,Japan,Smartphone,Premium Individual,313,330594,No,Yes,42,2023
STR-801051,2023-09-12,Track_1518,Artist_77,Hip-Hop,India,Desktop,Free,254,311230,Yes,Yes,10,2009
STR-803542,2023-09-12,Track_2205,Artist_54,Jazz,Germany,Smartphone,Free,170,178326,Yes,No,68,2000
STR-800939,2023-09-12,Track_1568,Artist_123,Bollywood,Japan,Tablet,Free,338,166670,Yes,Yes,55,2012
STR-800223,2023-09-12,Track_1838,Artist_137,R&B,Australia,Smart Speaker,Free,310,257745,No,Yes,7,2002
STR-801580,2023-09-12,Track_172,Artist_40,Rock,United Kingdom,Smartphone,Free,357,69206,No,Yes,91,2007
STR-802828,2023-09-12,Track_904,Artist_2,Hip-Hop,United States,Tablet,Premium Individual,316,254543,No,No,100,1992
STR-801570,2023-09-12,Track_1134,Artist_19,Indie,Brazil,Smart Speaker,Free,350,78946,No,Yes,70,2013
STR-801452,2023-09-12,Track_985,Artist_85,Indie,Canada,Smartphone,Premium Individual,172,158602,No,Yes,60,2003
STR-801455,2023-09-12,Track_408,Artist_81,Bollywood,Japan,Smart Speaker,Premium Family,280,242948,Yes,No,56,1994
STR-801884,2023-09-13,Track_1624,Artist_107,R&B,United Kingdom,Desktop,Premium Individual,188,272780,Yes,No,81,1991
STR-804019,2023-09-13,Track_1523,Artist_119,Hip-Hop,Germany,Desktop,Free,247,60761,Yes,Yes,4,2010
STR-803232,2023-09-13,Track_1992,Artist_108,Electronic,Brazil,Smart Speaker,Premium Family,217,67363,Yes,Yes,12,1995
STR-802043,2023-09-13,Track_2257,Artist_103,Devotional,Canada,Smartphone,Premium Individual,207,288255,No,Yes,72,2010
STR-802357,2023-09-13,Track_1325,Artist_119,Pop,India,Smart Speaker,Premium Individual,170,223534,No,No,9,2012
STR-800953,2023-09-13,Track_620,Artist_123,Bollywood,Canada,Tablet,Free,312,141718,No,Yes,21,2002
STR-800837,2023-09-14,Track_923,Artist_26,Classical,Canada,Tablet,Free,157,124892,No,Yes,91,2008
STR-800821,2023-09-14,Track_87,Artist_22,Hip-Hop,United Kingdom,Smartphone,Premium Family,331,312428,No,No,1,2022
STR-802120,2023-09-14,Track_2489,Artist_31,Pop,United States,Tablet,Free,229,32736,No,No,62,1993
STR-803658,2023-09-14,Track_1423,Artist_110,Bollywood,Australia,Smart Speaker,Free,320,80220,No,Yes,64,1991
STR-801670,2023-09-14,Track_713,Artist_137,Devotional,Canada,Tablet,Free,224,315428,No,No,79,1997
STR-801439,2023-09-14,Track_2436,Artist_69,Hip-Hop,Japan,Smart TV,Free,275,118984,No,No,23,1993
STR-801549,2023-09-14,Track_1451,Artist_73,R&B,United Kingdom,Desktop,Premium Individual,133,160230,No,Yes,55,1999
STR-801608,2023-09-14,Track_2058,Artist_67,Pop,Brazil,Desktop,Free,226,202689,Yes,No,60,1996
STR-801015,2023-09-14,Track_1317,Artist_92,Jazz,Germany,Smart Speaker,Premium Individual,174,92233,No,No,80,2005
STR-800664,2023-09-15,Track_1030,Artist_8,Pop,Brazil,Smart TV,Free,168,49289,Yes,No,6,2013
STR-803388,2023-09-15,Track_546,Artist_38,Bollywood,Australia,Tablet,Premium Individual,203,37352,No,Yes,51,2011
STR-800255,2023-09-15,Track_2246,Artist_3,Pop,Japan,Smart TV,Free,305,33983,No,No,73,1995
STR-803783,2023-09-15,Track_1685,Artist_18,Jazz,India,Smart Speaker,Free,325,272291,No,Yes,3,1994
STR-802593,2023-09-15,Track_645,Artist_65,Bollywood,India,Smart Speaker,Premium Individual,228,323092,No,No,91,2020
STR-803964,2023-09-15,Track_2063,Artist_28,R&B,United States,Smart Speaker,Free,168,25025,No,Yes,16,2000
STR-802805,2023-09-16,Track_1124,Artist_95,Pop,Australia,Desktop,Premium Individual,130,281462,No,Yes,15,2014
STR-801967,2023-09-16,Track_1156,Artist_119,Bollywood,Germany,Tablet,Free,168,126051,No,No,92,2020
STR-803427,2023-09-16,Track_162,Artist_146,Jazz,United States,Smartphone,Premium Individual,121,37559,No,No,22,2022
STR-803716,2023-09-16,Track_910,Artist_117,Pop,United Kingdom,Smart TV,Premium Family,263,17511,No,No,35,1994
STR-800506,2023-09-16,Track_2253,Artist_18,Hip-Hop,Canada,Smart TV,Premium Individual,249,50199,No,Yes,32,2011
STR-800252,2023-09-16,Track_1062,Artist_17,Bollywood,Australia,Desktop,Premium Individual,292,271820,No,Yes,82,2011
STR-804126,2023-09-16,Track_1448,Artist_120,Electronic,Canada,Desktop,Premium Student,126,282895,Yes,No,27,2003
STR-803487,2023-09-17,Track_1044,Artist_25,Indie,Brazil,Smart TV,Free,287,43304,No,No,83,2009
STR-803434,2023-09-17,Track_2290,Artist_134,Classical,Germany,Desktop,Premium Individual,186,204168,No,No,12,1997
STR-801039,2023-09-17,Track_1770,Artist_21,Classical,Japan,Smart TV,Premium Family,238,176367,No,No,4,2020
STR-803617,2023-09-17,Track_54,Artist_62,Jazz,Brazil,Smart Speaker,Premium Individual,245,358149,Yes,Yes,93,2013
STR-803831,2023-09-17,Track_185,Artist_112,Pop,Japan,Tablet,Premium Individual,310,260422,No,Yes,91,2021
STR-800164,2023-09-17,Track_528,Artist_87,Hip-Hop,Canada,Desktop,Premium Individual,183,331221,No,No,57,2023
STR-801181,2023-09-18,Track_1284,Artist_7,Electronic,Australia,Smart Speaker,Premium Student,161,240688,No,No,89,1992
STR-803191,2023-09-18,Track_2373,Artist_121,Devotional,United Kingdom,Smart TV,Free,226,325992,No,Yes,32,2023
STR-803530,2023-09-18,Track_664,Artist_34,Electronic,Germany,Smart TV,Premium Student,242,246901,Yes,Yes,57,2001
STR-800211,2023-09-18,Track_965,Artist_149,Hip-Hop,India,Smart Speaker,Free,240,248129,Yes,No,59,1995
STR-800473,2023-09-18,Track_1272,Artist_95,Bollywood,United Kingdom,Tablet,Free,236,132964,No,No,66,2015
STR-803297,2023-09-18,Track_954,Artist_113,Indie,Canada,Smart Speaker,Free,134,289928,No,Yes,17,2004
STR-804138,2023-09-19,Track_1581,Artist_88,Pop,Brazil,Smart TV,Premium Individual,141,86547,No,Yes,47,2008
STR-801531,2023-09-20,Track_1935,Artist_28,Classical,United Kingdom,Smart Speaker,Premium Family,186,94291,No,Yes,99,1997
STR-803472,2023-09-20,Track_588,Artist_117,Jazz,United Kingdom,Tablet,Free,265,7528,No,Yes,79,1992
STR-800681,2023-09-20,Track_1763,Artist_86,Jazz,United Kingdom,Desktop,Premium Family,145,294434,No,No,41,2022
STR-802425,2023-09-20,Track_1893,Artist_129,Classical,Japan,Desktop,Premium Individual,211,65769,Yes,Yes,48,2023
STR-801466,2023-09-20,Track_1790,Artist_13,Devotional,India,Tablet,Premium Individual,231,293930,Yes,Yes,55,2019
STR-802721,2023-09-20,Track_2336,Artist_84,Classical,Germany,Smart TV,Premium Individual,351,280976,Yes,No,36,1991
STR-801316,2023-09-20,Track_677,Artist_115,Pop,Australia,Smart Speaker,Premium Individual,300,277040,No,Yes,74,2019
STR-801569,2023-09-20,Track_1648,Artist_135,Classical,Canada,Tablet,Free,228,349539,No,Yes,4,2016
STR-800408,2023-09-20,Track_857,Artist_20,Indie,India,Smartphone,Free,151,318819,No,No,94,2000
STR-804121,2023-09-21,Track_346,Artist_8,Devotional,United Kingdom,Smartphone,Premium Student,278,31140,Yes,No,40,2008
STR-802497,2023-09-21,Track_2432,Artist_63,Rock,United Kingdom,Desktop,Premium Individual,313,148901,No,Yes,29,2008
STR-802371,2023-09-21,Track_491,Artist_32,Rock,India,Smart Speaker,Premium Individual,280,9259,No,Yes,92,2006
STR-803918,2023-09-21,Track_2282,Artist_132,Indie,Canada,Smart TV,Free,341,204785,No,Yes,65,2003
STR-803054,2023-09-22,Track_463,Artist_79,Devotional,Japan,Desktop,Free,308,262018,Yes,No,98,1998
STR-802972,2023-09-22,Track_2068,Artist_90,Jazz,Canada,Tablet,Free,271,165598,No,Yes,95,2003
STR-802775,2023-09-23,Track_1135,Artist_59,Jazz,United Kingdom,Smart Speaker,Premium Family,310,209710,No,No,30,2008
STR-800518,2023-09-23,Track_2095,Artist_6,Hip-Hop,Japan,Smart Speaker,Premium Individual,143,65261,No,No,67,1994
STR-800529,2023-09-23,Track_571,Artist_76,Indie,Japan,Smart Speaker,Premium Individual,310,295626,No,No,87,2017
STR-803780,2023-09-23,Track_1936,Artist_71,Electronic,India,Desktop,Premium Individual,336,118801,Yes,Yes,86,2021
STR-803321,2023-09-23,Track_140,Artist_115,R&B,United States,Smart Speaker,Premium Student,174,27722,No,No,86,2001
STR-800627,2023-09-23,Track_1305,Artist_55,Hip-Hop,United States,Smartphone,Premium Family,174,290862,Yes,No,38,2017
STR-803497,2023-09-24,Track_303,Artist_8,Hip-Hop,Australia,Smartphone,Free,221,324035,No,No,32,2010
STR-801550,2023-09-24,Track_1319,Artist_133,Electronic,United States,Smart Speaker,Free,217,270847,No,No,71,2018
STR-802340,2023-09-24,Track_1127,Artist_140,Rock,Japan,Smart Speaker,Premium Family,216,310341,No,No,65,2011
STR-800300,2023-09-24,Track_448,Artist_54,Devotional,Japan,Smartphone,Free,220,312695,Yes,Yes,51,2005
STR-801947,2023-09-24,Track_1601,Artist_29,Hip-Hop,Germany,Tablet,Premium Individual,308,311617,No,Yes,21,2004
STR-800297,2023-09-25,Track_1382,Artist_116,Bollywood,Japan,Smart Speaker,Premium Individual,229,235256,No,No,18,2007
STR-802809,2023-09-25,Track_474,Artist_76,Jazz,United Kingdom,Smart TV,Free,153,311830,Yes,No,43,2016
STR-800996,2023-09-25,Track_1354,Artist_119,Pop,Australia,Smart Speaker,Free,206,43838,Yes,Yes,26,2015
STR-804015,2023-09-25,Track_2102,Artist_84,Pop,Germany,Smartphone,Premium Student,331,194546,No,No,87,2017
STR-801568,2023-09-25,Track_1853,Artist_150,Hip-Hop,Canada,Smartphone,Free,158,261018,Yes,Yes,50,1996
STR-801606,2023-09-26,Track_509,Artist_130,R&B,Canada,Smartphone,Premium Family,204,246405,No,Yes,34,2002
STR-801192,2023-09-26,Track_1817,Artist_36,Devotional,Brazil,Desktop,Free,235,236007,No,Yes,93,2017
STR-803960,2023-09-26,Track_2468,Artist_136,Classical,India,Smart TV,Free,302,90844,No,Yes,8,2017
STR-801989,2023-09-26,Track_1702,Artist_94,R&B,Canada,Desktop,Premium Individual,229,128291,No,Yes,51,2000
STR-800899,2023-09-26,Track_2310,Artist_98,Classical,Germany,Tablet,Free,337,208424,No,Yes,8,2007
STR-801787,2023-09-26,Track_1290,Artist_128,Hip-Hop,Japan,Smartphone,Premium Individual,222,221576,Yes,No,92,1994
STR-801543,2023-09-27,Track_537,Artist_91,Electronic,Canada,Smart TV,Premium Individual,311,50884,No,Yes,69,2001
STR-800819,2023-09-27,Track_278,Artist_97,Bollywood,Japan,Tablet,Premium Family,269,149351,No,Yes,77,2001
STR-801053,2023-09-27,Track_2049,Artist_112,Pop,United Kingdom,Tablet,Premium Individual,279,114579,No,No,57,2017
STR-802338,2023-09-27,Track_1359,Artist_108,Jazz,India,Smart TV,Premium Family,311,70554,Yes,No,32,2000
STR-800911,2023-09-28,Track_1903,Artist_134,Electronic,United States,Smart TV,Premium Individual,244,43626,No,No,33,1999
STR-803727,2023-09-28,Track_1876,Artist_142,Rock,United States,Smart Speaker,Premium Individual,176,224520,Yes,No,4,2016
STR-802734,2023-09-28,Track_253,Artist_64,Electronic,India,Smart TV,Premium Individual,322,348523,No,Yes,41,2002
STR-800850,2023-09-28,Track_2308,Artist_102,Electronic,United Kingdom,Tablet,Premium Individual,159,182137,Yes,No,11,2000
STR-801928,2023-09-28,Track_1977,Artist_83,Rock,Germany,Smart TV,Premium Family,344,356301,No,Yes,15,2021
STR-802236,2023-09-29,Track_1374,Artist_95,Electronic,United Kingdom,Smartphone,Free,210,145716,No,No,84,2006
STR-800351,2023-09-29,Track_2484,Artist_110,Electronic,Germany,Smart TV,Free,263,147236,No,Yes,5,1992
STR-804039,2023-09-29,Track_2211,Artist_69,Indie,Canada,Smart TV,Free,159,347852,No,No,50,1998
STR-801551,2023-09-29,Track_618,Artist_131,Bollywood,Australia,Tablet,Free,197,282881,No,Yes,72,2016
STR-802259,2023-09-30,Track_2335,Artist_63,Bollywood,Brazil,Desktop,Premium Family,335,139933,No,No,56,2023
STR-802220,2023-09-30,Track_356,Artist_142,Jazz,Germany,Tablet,Premium Individual,158,36545,No,Yes,100,2024
STR-804120,2023-09-30,Track_479,Artist_150,Jazz,Canada,Smart TV,Premium Individual,331,289186,No,No,96,2019
STR-802623,2023-09-30,Track_1198,Artist_66,Pop,Australia,Smartphone,Premium Individual,134,185626,Yes,Yes,78,1998
STR-800030,2023-09-30,Track_2069,Artist_82,Electronic,Germany,Desktop,Free,240,313098,Yes,No,59,2020
STR-802801,2023-10-01,Track_2091,Artist_35,Indie,India,Smart Speaker,Free,198,176386,No,No,8,2003
STR-803269,2023-10-01,Track_732,Artist_19,Rock,Canada,Smart Speaker,Premium Family,199,21149,Yes,Yes,64,2008
STR-803199,2023-10-01,Track_2387,Artist_37,Electronic,United States,Smart Speaker,Free,315,349073,Yes,No,59,2014
STR-800273,2023-10-01,Track_2007,Artist_134,Jazz,Canada,Smart Speaker,Premium Family,256,23221,No,No,54,2003
STR-803492,2023-10-01,Track_18,Artist_123,Bollywood,United Kingdom,Smartphone,Free,320,211118,Yes,No,17,2024
STR-803310,2023-10-01,Track_1177,Artist_16,Pop,United States,Smart TV,Premium Individual,322,48832,No,Yes,39,2017
STR-803137,2023-10-01,Track_2321,Artist_18,Indie,Japan,Smart TV,Free,152,238871,No,Yes,47,2016
STR-800641,2023-10-01,Track_970,Artist_138,R&B,United States,Smartphone,Premium Individual,334,44716,No,Yes,4,1993
STR-800227,2023-10-02,Track_2072,Artist_114,R&B,United States,Smart Speaker,Premium Individual,157,21541,Yes,Yes,38,1991
STR-803448,2023-10-02,Track_1282,Artist_61,Hip-Hop,United States,Smartphone,Premium Individual,254,231058,Yes,Yes,43,2007
STR-801512,2023-10-02,Track_1396,Artist_113,Rock,United States,Tablet,Premium Student,198,252593,Yes,Yes,33,1999
STR-801234,2023-10-02,Track_741,Artist_97,Jazz,United States,Smart TV,Premium Family,203,45836,No,Yes,86,1990
STR-803752,2023-10-02,Track_2303,Artist_3,Jazz,Australia,Tablet,Premium Individual,318,206267,No,No,85,2024
STR-802695,2023-10-02,Track_874,Artist_18,Hip-Hop,United States,Smart Speaker,Premium Family,300,294763,Yes,Yes,6,1992
STR-802421,2023-10-02,Track_1263,Artist_98,Rock,United Kingdom,Smartphone,Free,353,70967,No,No,8,2024
STR-802898,2023-10-02,Track_633,Artist_84,Classical,Canada,Smartphone,Premium Family,130,351535,No,Yes,39,2006
STR-802716,2023-10-03,Track_2485,Artist_26,Indie,Japan,Smartphone,Premium Individual,168,219271,No,No,77,2004
STR-801873,2023-10-03,Track_1706,Artist_124,Electronic,Brazil,Smart TV,Premium Student,129,41740,No,No,45,2022
STR-802464,2023-10-03,Track_2066,Artist_118,Pop,United Kingdom,Tablet,Premium Family,260,204178,No,Yes,70,2020
STR-801523,2023-10-03,Track_71,Artist_56,Pop,Japan,Desktop,Premium Student,172,263745,No,Yes,64,2021
STR-800364,2023-10-03,Track_2130,Artist_66,Indie,Australia,Smartphone,Premium Family,259,230623,Yes,No,68,1994
STR-802707,2023-10-03,Track_1304,Artist_52,Indie,India,Smart Speaker,Free,270,18954,Yes,No,51,2003
STR-800268,2023-10-03,Track_739,Artist_65,Electronic,Germany,Tablet,Premium Student,272,285135,No,No,20,2001
STR-802192,2023-10-03,Track_921,Artist_82,Devotional,Australia,Tablet,Premium Individual,185,127879,No,No,88,2004
STR-803270,2023-10-03,Track_281,Artist_7,Pop,Canada,Smart Speaker,Premium Student,302,187064,No,Yes,72,2018
STR-804104,2023-10-03,Track_189,Artist_73,Electronic,Japan,Smart Speaker,Premium Individual,351,69381,No,Yes,39,2022
STR-800202,2023-10-04,Track_1094,Artist_15,Bollywood,Brazil,Smart Speaker,Premium Family,180,130816,No,No,79,2016
STR-800536,2023-10-04,Track_220,Artist_138,R&B,Germany,Smart Speaker,Free,278,270957,No,Yes,92,2001
STR-804029,2023-10-04,Track_907,Artist_88,R&B,Canada,Smart Speaker,Premium Family,306,128165,No,No,73,2024
STR-801470,2023-10-04,Track_1408,Artist_121,Indie,Brazil,Smartphone,Premium Student,251,136240,No,Yes,93,2005
STR-802449,2023-10-05,Track_2264,Artist_86,Rock,India,Smartphone,Free,261,141195,No,Yes,33,1997
STR-800442,2023-10-05,Track_91,Artist_22,Indie,Brazil,Smart TV,Premium Student,340,148512,No,Yes,32,2011
STR-800747,2023-10-05,Track_1016,Artist_44,Indie,Germany,Smart TV,Free,128,237729,No,No,53,2000
STR-802691,2023-10-05,Track_2266,Artist_88,Rock,Germany,Tablet,Free,278,59878,No,No,68,2013
STR-801499,2023-10-06,Track_224,Artist_100,Electronic,Brazil,Smart TV,Premium Student,155,355025,No,Yes,14,2014
STR-802067,2023-10-06,Track_1945,Artist_19,Classical,Brazil,Smartphone,Free,130,232944,Yes,Yes,33,1999
STR-800133,2023-10-06,Track_192,Artist_103,Indie,Canada,Smartphone,Premium Family,256,25038,Yes,No,72,2018
STR-802543,2023-10-06,Track_1819,Artist_10,Pop,Canada,Smart Speaker,Free,130,182597,No,No,24,1992
STR-802488,2023-10-06,Track_1244,Artist_138,Bollywood,Japan,Smartphone,Premium Individual,176,150290,No,No,48,2023
STR-802840,2023-10-07,Track_1138,Artist_126,Devotional,United States,Smartphone,Premium Family,183,271852,No,No,89,2003
STR-801278,2023-10-07,Track_1821,Artist_65,Pop,United Kingdom,Tablet,Free,134,138400,No,No,57,1998
STR-803582,2023-10-07,Track_630,Artist_50,Indie,United Kingdom,Smartphone,Free,137,102415,Yes,Yes,50,2007
STR-803015,2023-10-07,Track_2370,Artist_60,Classical,United States,Desktop,Premium Family,145,350086,No,No,81,2011
STR-803084,2023-10-08,Track_53,Artist_41,Jazz,India,Smart Speaker,Free,288,201299,No,No,62,2001
STR-800071,2023-10-08,Track_748,Artist_19,Hip-Hop,India,Smartphone,Premium Individual,285,315854,No,No,20,2010
STR-801704,2023-10-09,Track_2256,Artist_68,R&B,India,Desktop,Premium Student,284,47849,Yes,Yes,78,2020
STR-801335,2023-10-09,Track_1138,Artist_29,Bollywood,Brazil,Smart TV,Free,120,30130,No,Yes,32,1994
STR-803351,2023-10-09,Track_1234,Artist_117,Classical,Germany,Smart TV,Premium Individual,273,42728,No,No,100,2007
STR-801934,2023-10-09,Track_2073,Artist_59,Electronic,Japan,Smart Speaker,Premium Individual,251,354789,No,No,1,1997
STR-803514,2023-10-09,Track_930,Artist_45,Rock,Brazil,Smartphone,Premium Family,135,270095,Yes,Yes,8,2008
STR-804133,2023-10-09,Track_1601,Artist_141,Pop,Japan,Tablet,Premium Individual,243,242206,No,No,31,2000
STR-802541,2023-10-09,Track_1016,Artist_113,Bollywood,Australia,Smartphone,Premium Student,258,286588,Yes,Yes,96,2020
STR-801255,2023-10-09,Track_2418,Artist_58,Jazz,Germany,Tablet,Free,294,335141,No,No,7,2002
STR-802650,2023-10-09,Track_673,Artist_114,Bollywood,United Kingdom,Smart TV,Premium Individual,298,211126,No,No,78,1995
STR-801009,2023-10-10,Track_155,Artist_131,R&B,India,Smart TV,Premium Individual,131,118523,No,Yes,87,1992
STR-800369,2023-10-10,Track_2217,Artist_28,Jazz,Australia,Smartphone,Premium Individual,320,194909,No,Yes,39,2002
STR-800002,2023-10-10,Track_757,Artist_96,Classical,Japan,Desktop,Free,271,123567,No,No,59,1993
STR-802136,2023-10-10,Track_1223,Artist_51,Hip-Hop,Australia,Desktop,Premium Individual,256,231926,No,Yes,86,2002
STR-802602,2023-10-10,Track_1207,Artist_102,Rock,Australia,Tablet,Free,281,16477,No,Yes,66,1990
STR-802119,2023-10-11,Track_638,Artist_95,Electronic,India,Smart TV,Premium Family,250,300220,No,Yes,85,1999
STR-801301,2023-10-11,Track_2483,Artist_110,Classical,Canada,Desktop,Premium Individual,296,245590,Yes,No,88,2018
STR-801369,2023-10-11,Track_1789,Artist_79,Electronic,India,Tablet,Premium Family,210,173831,No,Yes,31,2001
STR-802827,2023-10-11,Track_93,Artist_93,Electronic,Japan,Smartphone,Premium Individual,248,210230,No,No,32,2020
STR-801080,2023-10-11,Track_2270,Artist_117,Pop,India,Smart TV,Free,291,308489,No,Yes,55,2018
STR-800367,2023-10-11,Track_856,Artist_125,R&B,United Kingdom,Desktop,Premium Individual,247,45194,No,Yes,85,2022
STR-800826,2023-10-11,Track_1804,Artist_115,Pop,Germany,Tablet,Premium Individual,335,14031,No,Yes,68,2005
STR-803919,2023-10-11,Track_1164,Artist_42,Devotional,Australia,Smart Speaker,Premium Family,353,216855,No,Yes,13,2008
STR-801473,2023-10-12,Track_552,Artist_120,Classical,Japan,Smart Speaker,Premium Student,241,276210,No,Yes,88,2018
STR-803226,2023-10-12,Track_1606,Artist_103,Electronic,United States,Smartphone,Free,335,228977,No,Yes,28,2019
STR-802396,2023-10-12,Track_327,Artist_67,Electronic,United Kingdom,Desktop,Free,261,210781,No,No,48,2008
STR-803400,2023-10-12,Track_1519,Artist_131,R&B,Australia,Smartphone,Premium Individual,142,213639,No,Yes,34,2018
STR-801638,2023-10-12,Track_1707,Artist_71,Classical,United States,Smartphone,Free,180,12283,No,Yes,65,1995
STR-800382,2023-10-13,Track_1861,Artist_94,Jazz,Australia,Tablet,Premium Individual,187,74989,No,No,73,2021
STR-800038,2023-10-13,Track_2037,Artist_28,Rock,India,Smartphone,Premium Individual,205,116744,No,Yes,59,1990
STR-803910,2023-10-13,Track_2244,Artist_53,Electronic,United Kingdom,Smartphone,Premium Individual,185,255994,No,Yes,92,2013
STR-800170,2023-10-14,Track_1239,Artist_50,Pop,United Kingdom,Desktop,Premium Individual,304,301358,Yes,No,87,2002
STR-803921,2023-10-14,Track_1476,Artist_55,Hip-Hop,Canada,Smart TV,Premium Individual,187,167972,Yes,Yes,61,1994
STR-800359,2023-10-14,Track_2414,Artist_83,Devotional,India,Desktop,Premium Individual,336,354610,No,Yes,87,1992
STR-801494,2023-10-14,Track_268,Artist_29,Hip-Hop,Japan,Smart TV,Premium Individual,284,112570,No,Yes,82,2010
STR-802489,2023-10-15,Track_802,Artist_57,Rock,United Kingdom,Tablet,Premium Individual,152,350086,No,Yes,85,2010
STR-803257,2023-10-15,Track_192,Artist_99,Jazz,Germany,Smart Speaker,Premium Family,270,24138,No,Yes,65,2021
STR-803626,2023-10-15,Track_2134,Artist_110,Jazz,India,Smart TV,Free,287,143196,No,Yes,46,2020
STR-804081,2023-10-15,Track_1326,Artist_65,Indie,Australia,Smart Speaker,Premium Family,149,337393,No,No,45,2016
STR-801686,2023-10-15,Track_1679,Artist_104,Hip-Hop,India,Desktop,Premium Individual,170,204263,Yes,Yes,80,2023
STR-804051,2023-10-16,Track_1300,Artist_39,R&B,Japan,Smart TV,Premium Family,158,116047,No,Yes,47,2016
STR-802669,2023-10-16,Track_2034,Artist_96,Hip-Hop,Canada,Smartphone,Premium Family,143,64479,No,No,65,1997
STR-802272,2023-10-16,Track_1939,Artist_114,Bollywood,United Kingdom,Smart Speaker,Premium Individual,305,305104,Yes,Yes,26,1990
STR-800688,2023-10-16,Track_1630,Artist_5,Hip-Hop,Australia,Smartphone,Premium Individual,217,65099,Yes,Yes,56,2021
STR-802021,2023-10-16,Track_992,Artist_54,R&B,Australia,Tablet,Premium Family,199,227171,Yes,No,35,2016
STR-801093,2023-10-16,Track_2263,Artist_11,Electronic,United Kingdom,Desktop,Premium Student,348,185396,No,Yes,46,2003
STR-800286,2023-10-17,Track_1546,Artist_116,Classical,United Kingdom,Smartphone,Premium Family,251,30075,No,Yes,21,1995
STR-802665,2023-10-17,Track_836,Artist_52,Pop,United States,Tablet,Premium Individual,155,129185,No,Yes,8,1998
STR-802837,2023-10-17,Track_503,Artist_141,R&B,Germany,Tablet,Premium Individual,227,28963,Yes,Yes,15,2007
STR-800672,2023-10-17,Track_1545,Artist_19,Jazz,Canada,Smart TV,Premium Family,124,194783,Yes,No,63,2002
STR-803965,2023-10-17,Track_919,Artist_92,Electronic,India,Desktop,Free,165,110649,Yes,Yes,39,2009
STR-800849,2023-10-17,Track_2103,Artist_94,Electronic,Japan,Smart TV,Premium Family,243,44278,Yes,Yes,62,1996
STR-803761,2023-10-18,Track_497,Artist_137,Electronic,Canada,Smart TV,Premium Family,195,290695,No,Yes,85,1997
STR-800794,2023-10-18,Track_1626,Artist_78,Classical,Brazil,Smartphone,Free,313,67556,No,No,27,2005
STR-800503,2023-10-18,Track_1251,Artist_45,Electronic,Brazil,Smartphone,Free,131,273694,No,Yes,79,2017
STR-800815,2023-10-18,Track_668,Artist_84,Indie,Australia,Desktop,Premium Family,269,233387,No,Yes,9,2020
STR-801172,2023-10-18,Track_1175,Artist_96,Hip-Hop,Australia,Smartphone,Premium Individual,201,72983,Yes,Yes,54,2007
STR-802159,2023-10-18,Track_922,Artist_20,R&B,Japan,Desktop,Premium Family,134,174806,Yes,No,2,2014
STR-800306,2023-10-18,Track_2460,Artist_58,Indie,Japan,Tablet,Premium Individual,281,333184,No,No,10,2023
STR-801672,2023-10-19,Track_1129,Artist_61,Devotional,United Kingdom,Smart TV,Premium Individual,330,36094,No,Yes,76,2010
STR-802982,2023-10-19,Track_1957,Artist_64,R&B,Brazil,Smart Speaker,Premium Individual,198,354281,No,Yes,35,1991
STR-802216,2023-10-19,Track_750,Artist_136,Indie,Germany,Smart TV,Free,182,49551,Yes,Yes,56,1995
STR-801134,2023-10-19,Track_778,Artist_33,Indie,Australia,Smart TV,Free,334,327534,No,No,1,2000
STR-800526,2023-10-19,Track_1453,Artist_65,Bollywood,United Kingdom,Smartphone,Premium Student,158,134674,No,No,88,2009
STR-801727,2023-10-19,Track_673,Artist_13,Jazz,United States,Desktop,Free,265,60169,No,Yes,95,2014
STR-800700,2023-10-19,Track_1510,Artist_21,Electronic,United Kingdom,Tablet,Premium Family,257,125475,No,Yes,73,1992
STR-804059,2023-10-20,Track_24,Artist_22,Bollywood,United Kingdom,Tablet,Free,327,108549,No,No,33,1993
STR-803664,2023-10-20,Track_589,Artist_74,Indie,Australia,Smartphone,Free,309,314396,No,No,16,2023
STR-803534,2023-10-20,Track_2315,Artist_143,Indie,Australia,Tablet,Premium Student,310,68368,Yes,Yes,96,2004
STR-803614,2023-10-20,Track_1731,Artist_57,Pop,Japan,Desktop,Premium Individual,143,78495,No,No,2,2014
STR-802312,2023-10-20,Track_1204,Artist_105,Classical,Brazil,Tablet,Premium Family,182,22437,No,No,77,2005
STR-802244,2023-10-21,Track_836,Artist_104,R&B,Australia,Desktop,Free,184,150509,Yes,Yes,70,2021
STR-801977,2023-10-21,Track_574,Artist_131,Jazz,Brazil,Tablet,Premium Family,278,95515,No,No,47,1999
STR-800091,2023-10-21,Track_124,Artist_92,Pop,Brazil,Desktop,Premium Student,137,217385,Yes,No,22,2014
STR-803809,2023-10-21,Track_2394,Artist_41,Pop,United States,Smart Speaker,Free,340,13048,No,No,70,2022
STR-800543,2023-10-21,Track_57,Artist_9,Pop,United States,Tablet,Premium Individual,207,60093,Yes,No,14,1998
STR-803742,2023-10-22,Track_370,Artist_41,Jazz,Brazil,Smart Speaker,Premium Individual,301,51847,No,Yes,57,1991
STR-800178,2023-10-22,Track_1002,Artist_127,Indie,Japan,Smart Speaker,Premium Individual,161,266915,No,Yes,78,2019
STR-802673,2023-10-22,Track_1254,Artist_45,Bollywood,Canada,Tablet,Premium Individual,268,325249,No,Yes,76,1995
STR-803026,2023-10-22,Track_1209,Artist_100,Indie,United States,Smart TV,Free,152,247920,No,No,37,1997
STR-800088,2023-10-23,Track_348,Artist_63,Devotional,United Kingdom,Smart TV,Premium Family,212,63099,No,Yes,65,2002
STR-800474,2023-10-23,Track_1878,Artist_24,Rock,India,Smart TV,Premium Student,124,346894,No,Yes,2,1994
STR-803049,2023-10-23,Track_705,Artist_97,Hip-Hop,India,Smart Speaker,Premium Student,287,38536,No,Yes,62,1995
STR-801024,2023-10-23,Track_1580,Artist_139,Bollywood,India,Smart Speaker,Premium Individual,283,147801,No,No,59,2010
STR-801506,2023-10-23,Track_1477,Artist_36,Hip-Hop,Japan,Smart TV,Premium Family,266,312133,No,Yes,64,2005
STR-802461,2023-10-23,Track_370,Artist_78,Devotional,United Kingdom,Smartphone,Premium Family,299,318134,No,Yes,99,2009
STR-802859,2023-10-23,Track_1504,Artist_70,Classical,Canada,Smart TV,Free,359,194108,No,No,45,1996
STR-802705,2023-10-23,Track_993,Artist_133,Bollywood,Germany,Smart TV,Premium Family,203,354636,Yes,No,98,2004
STR-803436,2023-10-23,Track_783,Artist_30,Devotional,Australia,Tablet,Premium Individual,151,107646,Yes,No,21,2019
STR-802231,2023-10-23,Track_2424,Artist_141,Jazz,United States,Smart TV,Premium Individual,298,110931,No,Yes,85,2022
STR-803025,2023-10-24,Track_951,Artist_78,Pop,Germany,Smart Speaker,Free,171,224313,No,Yes,22,2013
STR-801096,2023-10-24,Track_173,Artist_136,Pop,Canada,Smartphone,Free,223,132776,No,Yes,80,2000
STR-801691,2023-10-24,Track_385,Artist_125,Electronic,Canada,Smart Speaker,Free,181,265042,No,Yes,79,1995
STR-800811,2023-10-24,Track_1932,Artist_113,Bollywood,Canada,Smart TV,Premium Individual,353,278485,No,Yes,69,1991
STR-800324,2023-10-24,Track_1137,Artist_62,Classical,United States,Smart TV,Free,168,76459,No,Yes,7,2017
STR-803736,2023-10-24,Track_1193,Artist_108,Jazz,United States,Desktop,Free,358,349494,No,No,95,2003
STR-801824,2023-10-24,Track_1282,Artist_61,Indie,Canada,Tablet,Premium Student,145,267154,No,No,85,2001
STR-803480,2023-10-24,Track_1546,Artist_90,Devotional,India,Smart Speaker,Free,166,9934,No,No,99,2008
STR-802771,2023-10-25,Track_1262,Artist_34,Electronic,Canada,Smart TV,Free,189,235883,Yes,Yes,21,2021
STR-802098,2023-10-25,Track_2276,Artist_64,Pop,Australia,Desktop,Premium Student,220,325170,No,No,91,1991
STR-803677,2023-10-25,Track_1350,Artist_55,Jazz,Australia,Smart TV,Free,120,235776,No,No,1,2012
STR-803731,2023-10-26,Track_654,Artist_149,R&B,Japan,Smartphone,Premium Individual,283,155443,No,Yes,86,2006
STR-803807,2023-10-26,Track_2161,Artist_127,Devotional,India,Tablet,Free,166,67117,Yes,Yes,70,1990
STR-802375,2023-10-26,Track_230,Artist_93,Rock,Canada,Smartphone,Premium Student,219,303238,No,No,70,2008
STR-800975,2023-10-26,Track_1696,Artist_49,Hip-Hop,India,Smartphone,Free,261,169792,Yes,No,4,2011
STR-803010,2023-10-26,Track_671,Artist_118,Bollywood,Japan,Smartphone,Premium Family,256,190537,No,No,20,2017
STR-802290,2023-10-26,Track_1894,Artist_147,Pop,United Kingdom,Smart TV,Premium Family,354,159631,No,Yes,20,2017
STR-800750,2023-10-27,Track_1662,Artist_42,Electronic,Canada,Smart TV,Premium Individual,123,58164,No,Yes,37,1996
STR-800333,2023-10-27,Track_1662,Artist_54,Pop,Brazil,Tablet,Premium Individual,192,227485,No,Yes,89,2007
STR-801438,2023-10-27,Track_2403,Artist_31,Pop,Canada,Smartphone,Premium Family,338,26732,Yes,Yes,71,2008
STR-800966,2023-10-27,Track_1917,Artist_149,Hip-Hop,Japan,Tablet,Free,144,348095,No,Yes,10,2021
STR-800116,2023-10-27,Track_1265,Artist_76,R&B,Germany,Desktop,Premium Family,200,119182,No,No,28,2012
STR-803749,2023-10-27,Track_2434,Artist_9,Devotional,Germany,Desktop,Premium Family,309,137489,Yes,No,63,1994
STR-803329,2023-10-27,Track_681,Artist_94,Pop,India,Desktop,Free,329,205990,Yes,No,27,1995
STR-800991,2023-10-27,Track_2002,Artist_12,Hip-Hop,United Kingdom,Desktop,Premium Individual,143,328687,Yes,Yes,47,1999
STR-804158,2023-10-28,Track_2228,Artist_90,Electronic,India,Smartphone,Premium Individual,356,101643,No,No,84,2009
STR-803101,2023-10-28,Track_1892,Artist_143,Indie,Canada,Smart Speaker,Premium Individual,150,68964,No,No,31,2002
STR-802350,2023-10-28,Track_1489,Artist_55,Hip-Hop,Australia,Smart Speaker,Free,125,299576,No,Yes,70,2016
STR-802069,2023-10-29,Track_1456,Artist_9,Electronic,Canada,Smart TV,Free,328,320033,No,Yes,67,2016
STR-802517,2023-10-29,Track_1089,Artist_39,Indie,Japan,Smart Speaker,Premium Individual,302,193605,No,Yes,2,2018
STR-802971,2023-10-29,Track_817,Artist_98,Devotional,United States,Smart Speaker,Premium Individual,301,313263,No,No,4,2007
STR-800682,2023-10-29,Track_1708,Artist_70,Pop,United States,Smart TV,Premium Individual,219,140394,No,No,36,2018
STR-802529,2023-10-30,Track_44,Artist_59,Indie,Brazil,Desktop,Free,339,345366,No,No,21,2003
STR-803505,2023-10-30,Track_2376,Artist_20,Electronic,United States,Tablet,Premium Family,153,330919,No,No,19,2007
STR-803876,2023-10-30,Track_422,Artist_21,Electronic,Australia,Smart TV,Free,282,266376,No,Yes,58,2015
STR-802205,2023-10-30,Track_841,Artist_102,Electronic,Japan,Smart Speaker,Free,199,224460,No,No,61,2018
STR-802199,2023-10-31,Track_1512,Artist_142,Hip-Hop,United States,Smart Speaker,Free,183,248396,No,Yes,14,1999
STR-803725,2023-10-31,Track_1530,Artist_125,Devotional,Brazil,Smart TV,Free,257,107089,No,No,25,1998
STR-803254,2023-10-31,Track_1169,Artist_96,Jazz,Brazil,Smartphone,Premium Individual,132,124791,Yes,No,5,1994
STR-800726,2023-10-31,Track_1128,Artist_38,Pop,Germany,Desktop,Free,270,263908,No,No,9,2024
STR-802819,2023-10-31,Track_2293,Artist_113,Rock,Canada,Smart TV,Free,322,32959,No,Yes,78,2006
STR-800144,2023-10-31,Track_1008,Artist_45,Pop,Brazil,Desktop,Premium Family,190,210505,No,Yes,93,1998
STR-800343,2023-10-31,Track_1601,Artist_36,R&B,Brazil,Tablet,Premium Individual,235,75478,No,No,21,2017
STR-802366,2023-10-31,Track_501,Artist_99,Bollywood,Brazil,Smart TV,Premium Student,124,304086,No,Yes,7,1993
STR-801199,2023-11-01,Track_1512,Artist_120,Devotional,Japan,Smartphone,Premium Family,192,296526,No,No,46,2018
STR-803612,2023-11-01,Track_599,Artist_100,Hip-Hop,Japan,Desktop,Premium Individual,332,168706,No,No,72,1991
STR-804049,2023-11-02,Track_203,Artist_45,R&B,United States,Smart TV,Premium Family,305,163617,Yes,No,8,2019
STR-802618,2023-11-02,Track_1595,Artist_56,Hip-Hop,Brazil,Desktop,Premium Individual,349,149740,No,No,37,2008
STR-800363,2023-11-02,Track_2179,Artist_80,Hip-Hop,India,Smart TV,Free,242,314208,No,Yes,32,2006
STR-800293,2023-11-02,Track_2170,Artist_56,Devotional,Canada,Smartphone,Premium Individual,123,311766,Yes,No,45,2014
STR-802574,2023-11-02,Track_1320,Artist_21,R&B,India,Smart Speaker,Premium Individual,176,115839,Yes,Yes,67,2009
STR-801555,2023-11-02,Track_1471,Artist_23,Indie,Australia,Smart Speaker,Premium Family,207,46581,Yes,No,32,1990
STR-804044,2023-11-02,Track_1774,Artist_54,Devotional,United Kingdom,Tablet,Free,140,133736,Yes,Yes,61,2001
STR-803437,2023-11-03,Track_1332,Artist_111,Classical,Japan,Smart TV,Premium Family,280,299504,No,Yes,82,1997
STR-801147,2023-11-03,Track_898,Artist_109,Bollywood,Japan,Desktop,Premium Individual,154,305207,No,No,38,2002
STR-800385,2023-11-03,Track_2311,Artist_22,Devotional,United Kingdom,Smart Speaker,Premium Individual,355,191601,Yes,No,23,2000
STR-803347,2023-11-03,Track_1382,Artist_113,Hip-Hop,Australia,Tablet,Premium Individual,345,197295,No,No,20,1994
STR-804188,2023-11-03,Track_1376,Artist_55,R&B,Australia,Desktop,Free,334,218776,Yes,No,98,1990
STR-803362,2023-11-03,Track_2039,Artist_141,R&B,United States,Desktop,Premium Individual,219,19345,No,Yes,54,2018
STR-802569,2023-11-03,Track_1543,Artist_111,Devotional,Australia,Smart TV,Free,292,345403,No,Yes,52,2014
STR-800814,2023-11-04,Track_2371,Artist_69,Electronic,Brazil,Smartphone,Premium Individual,321,129504,No,Yes,61,2012
STR-803473,2023-11-04,Track_852,Artist_35,Classical,Japan,Smartphone,Premium Individual,235,309731,No,No,31,2020
STR-804032,2023-11-04,Track_2369,Artist_53,R&B,Brazil,Smart Speaker,Premium Student,221,178870,No,Yes,57,2012
STR-802315,2023-11-04,Track_643,Artist_71,Jazz,Germany,Smart TV,Premium Individual,175,346018,No,No,17,2013
STR-800304,2023-11-04,Track_595,Artist_125,R&B,Germany,Smartphone,Premium Individual,342,321385,No,No,90,2011
STR-800248,2023-11-04,Track_2109,Artist_70,Indie,Canada,Smart TV,Free,344,112822,No,No,97,2012
STR-800769,2023-11-04,Track_696,Artist_14,Rock,Canada,Smart Speaker,Premium Individual,121,152638,No,Yes,23,2000
STR-800764,2023-11-04,Track_1808,Artist_136,Indie,United Kingdom,Tablet,Free,219,311202,No,No,100,1997
STR-800145,2023-11-05,Track_222,Artist_9,Devotional,United States,Smart Speaker,Premium Individual,218,339964,Yes,Yes,78,2012
STR-803518,2023-11-05,Track_575,Artist_143,Bollywood,Germany,Desktop,Premium Student,179,209154,No,Yes,7,2011
STR-801297,2023-11-05,Track_1422,Artist_105,Jazz,Japan,Tablet,Free,237,15273,No,No,76,1996
STR-803904,2023-11-05,Track_2342,Artist_19,Rock,Australia,Smart TV,Free,248,342503,No,Yes,55,2016
STR-804020,2023-11-06,Track_2041,Artist_62,R&B,Australia,Smart Speaker,Premium Individual,198,64864,No,Yes,71,2009
STR-800013,2023-11-06,Track_276,Artist_142,Rock,Japan,Tablet,Premium Individual,235,291288,No,Yes,86,2016
STR-801034,2023-11-07,Track_1300,Artist_107,Pop,United States,Desktop,Premium Individual,158,153417,No,Yes,57,1994
STR-803756,2023-11-07,Track_2208,Artist_22,Hip-Hop,Brazil,Smart TV,Premium Individual,298,168690,No,Yes,23,1991
STR-800247,2023-11-07,Track_867,Artist_140,Electronic,Brazil,Smart TV,Premium Individual,161,151229,No,Yes,37,2022
STR-803070,2023-11-07,Track_2403,Artist_38,Classical,United States,Desktop,Free,157,61844,No,No,39,2003
STR-800825,2023-11-07,Track_761,Artist_55,Bollywood,India,Desktop,Premium Individual,251,186141,Yes,No,88,1994
STR-800458,2023-11-07,Track_2363,Artist_113,Jazz,Japan,Smart Speaker,Premium Individual,181,217372,Yes,No,54,1992
STR-800960,2023-11-08,Track_2390,Artist_20,Hip-Hop,Brazil,Smart Speaker,Premium Family,161,93252,Yes,No,70,1997
STR-803441,2023-11-08,Track_2064,Artist_71,Bollywood,Japan,Smart Speaker,Free,261,257390,No,Yes,66,1990
STR-800590,2023-11-08,Track_2016,Artist_38,Pop,Canada,Smartphone,Premium Individual,266,188374,No,Yes,5,2005
STR-800303,2023-11-09,Track_610,Artist_3,Devotional,Germany,Desktop,Premium Student,161,338985,No,Yes,68,1992
STR-803413,2023-11-09,Track_1733,Artist_34,Devotional,Germany,Smartphone,Premium Individual,190,145532,No,Yes,18,2019
STR-800598,2023-11-09,Track_629,Artist_64,Hip-Hop,Japan,Desktop,Premium Family,171,322674,No,Yes,29,2008
STR-803641,2023-11-10,Track_43,Artist_130,Rock,United States,Smart Speaker,Premium Individual,147,283980,No,No,94,2018
STR-804177,2023-11-10,Track_1118,Artist_70,Classical,Japan,Smartphone,Free,281,68240,Yes,No,62,2014
STR-801126,2023-11-11,Track_1204,Artist_148,R&B,United Kingdom,Tablet,Free,146,181924,No,Yes,17,2001
STR-800057,2023-11-11,Track_839,Artist_87,Jazz,Australia,Desktop,Premium Individual,319,210258,Yes,Yes,100,2015
STR-800581,2023-11-12,Track_1426,Artist_122,Indie,United States,Smartphone,Premium Individual,132,230969,No,No,2,2004
STR-802267,2023-11-12,Track_50,Artist_114,Devotional,United Kingdom,Smart Speaker,Premium Family,318,40601,No,Yes,96,2009
STR-800183,2023-11-12,Track_1055,Artist_2,Electronic,Germany,Tablet,Free,268,136587,Yes,Yes,54,2009
STR-801351,2023-11-12,Track_1235,Artist_121,R&B,Canada,Tablet,Premium Family,219,9869,No,Yes,8,1997
STR-800678,2023-11-12,Track_1565,Artist_76,Bollywood,Japan,Smartphone,Premium Student,160,342623,No,Yes,48,1996
STR-800701,2023-11-12,Track_2444,Artist_46,Bollywood,Canada,Smart TV,Free,209,300138,No,No,47,2010
STR-802218,2023-11-12,Track_1403,Artist_128,Jazz,Australia,Desktop,Free,234,207966,No,No,29,2003
STR-801388,2023-11-12,Track_626,Artist_121,Rock,Australia,Desktop,Premium Individual,348,272410,Yes,Yes,56,2017
STR-803621,2023-11-12,Track_2279,Artist_66,Classical,Germany,Tablet,Premium Student,261,275438,No,Yes,1,2022
STR-803998,2023-11-13,Track_616,Artist_9,Devotional,Germany,Tablet,Free,183,35239,No,No,80,1999
STR-802383,2023-11-13,Track_851,Artist_102,Pop,Brazil,Smart TV,Premium Individual,203,314700,No,Yes,55,1998
STR-804035,2023-11-13,Track_1466,Artist_31,Jazz,United States,Smart Speaker,Premium Individual,240,113372,No,Yes,31,2005
STR-801272,2023-11-13,Track_435,Artist_85,Jazz,Australia,Smartphone,Premium Family,251,112936,No,Yes,16,1999
STR-800511,2023-11-13,Track_2402,Artist_85,Indie,Germany,Smart Speaker,Premium Individual,168,177312,No,No,63,2014
STR-803710,2023-11-13,Track_2124,Artist_31,Indie,Canada,Tablet,Free,160,304146,No,Yes,22,2001
STR-800859,2023-11-13,Track_1733,Artist_118,Hip-Hop,Germany,Desktop,Premium Individual,266,29637,No,Yes,44,1994
STR-802050,2023-11-14,Track_1240,Artist_133,Rock,Germany,Tablet,Free,161,280956,Yes,No,77,2006
STR-801663,2023-11-14,Track_1040,Artist_53,Indie,United Kingdom,Smart Speaker,Premium Individual,316,284017,No,No,78,2002
STR-800931,2023-11-14,Track_221,Artist_131,Indie,Australia,Smart Speaker,Free,177,213846,Yes,No,89,2018
STR-803537,2023-11-14,Track_1882,Artist_30,Bollywood,Canada,Desktop,Premium Individual,145,279206,Yes,Yes,48,2019
STR-800922,2023-11-14,Track_1185,Artist_65,Jazz,Brazil,Tablet,Premium Individual,295,327229,No,Yes,94,2004
STR-802855,2023-11-15,Track_266,Artist_124,Jazz,Australia,Smartphone,Premium Individual,180,117805,Yes,Yes,95,2002
STR-800560,2023-11-15,Track_678,Artist_143,Classical,Japan,Smart Speaker,Premium Individual,126,344038,No,No,65,2012
STR-801770,2023-11-15,Track_393,Artist_85,Jazz,India,Smart Speaker,Premium Student,258,175996,No,Yes,85,1993
STR-802563,2023-11-15,Track_1931,Artist_44,Devotional,United States,Tablet,Premium Family,241,277928,No,Yes,50,2003
STR-801304,2023-11-15,Track_1693,Artist_132,Electronic,Canada,Smartphone,Premium Individual,170,12988,No,No,9,2000
STR-804089,2023-11-16,Track_1143,Artist_37,Indie,Germany,Smart Speaker,Premium Individual,244,62131,No,Yes,39,2015
STR-803097,2023-11-16,Track_742,Artist_70,Bollywood,Australia,Smartphone,Free,334,353175,No,Yes,55,1994
STR-802391,2023-11-16,Track_1045,Artist_105,Devotional,United Kingdom,Smartphone,Free,330,311469,Yes,No,98,2022
STR-801556,2023-11-16,Track_144,Artist_1,Electronic,Canada,Smart Speaker,Free,201,311442,No,No,27,2012
STR-803102,2023-11-16,Track_1537,Artist_143,Electronic,United States,Smart TV,Free,148,212072,No,No,10,2005
STR-802456,2023-11-16,Track_1471,Artist_102,Devotional,United Kingdom,Desktop,Free,282,171505,No,No,70,2012
STR-802627,2023-11-16,Track_2305,Artist_33,Pop,Canada,Smartphone,Premium Individual,180,21257,No,Yes,60,1999
STR-803564,2023-11-16,Track_3,Artist_128,Pop,Australia,Smart Speaker,Free,124,301999,No,No,58,1991
STR-803806,2023-11-17,Track_1293,Artist_56,Bollywood,Canada,Smart Speaker,Free,279,288635,No,No,79,1997
STR-802009,2023-11-17,Track_2110,Artist_95,Jazz,United Kingdom,Desktop,Free,217,32680,No,Yes,73,2007
STR-801706,2023-11-17,Track_1285,Artist_16,Jazz,United Kingdom,Smartphone,Free,222,63930,No,No,53,2023
STR-803557,2023-11-17,Track_1293,Artist_28,R&B,Brazil,Tablet,Free,355,207075,No,Yes,23,2002
STR-803050,2023-11-17,Track_2096,Artist_67,R&B,Brazil,Smart TV,Free,190,196190,No,Yes,16,2023
STR-801464,2023-11-18,Track_696,Artist_120,Indie,Japan,Smartphone,Premium Individual,339,307927,Yes,No,61,2006
STR-802787,2023-11-18,Track_1249,Artist_22,Rock,India,Smartphone,Premium Family,314,306631,No,No,61,1993
STR-803804,2023-11-18,Track_1858,Artist_5,Classical,Australia,Desktop,Free,223,273524,No,No,8,2002
STR-801403,2023-11-18,Track_1215,Artist_27,Devotional,United States,Smartphone,Free,358,202681,No,No,77,2015
STR-801813,2023-11-18,Track_1426,Artist_27,Jazz,India,Tablet,Premium Individual,274,42964,No,Yes,6,2019
STR-800045,2023-11-18,Track_1454,Artist_7,Classical,Japan,Desktop,Premium Student,185,328637,No,No,16,1994
STR-801647,2023-11-18,Track_1662,Artist_21,Electronic,Germany,Smart TV,Premium Student,233,321250,No,Yes,1,2016
STR-800041,2023-11-19,Track_948,Artist_137,Indie,Germany,Desktop,Premium Family,261,191032,No,Yes,69,2020
STR-803080,2023-11-19,Track_504,Artist_17,Jazz,Canada,Smart TV,Premium Individual,162,250546,No,No,50,2009
STR-801651,2023-11-20,Track_1988,Artist_91,Bollywood,United States,Smart Speaker,Free,345,157010,Yes,No,16,1995
STR-802747,2023-11-20,Track_821,Artist_90,Pop,Japan,Smart Speaker,Premium Individual,137,151838,No,Yes,99,2024
STR-803044,2023-11-20,Track_1371,Artist_65,Electronic,Japan,Desktop,Premium Individual,331,300480,Yes,No,100,2006
STR-802995,2023-11-20,Track_529,Artist_93,Rock,United States,Smart Speaker,Free,224,346900,No,No,18,2024
STR-801882,2023-11-20,Track_575,Artist_139,Indie,United States,Smart Speaker,Premium Individual,333,241279,No,No,8,2023
STR-803522,2023-11-20,Track_1304,Artist_136,Jazz,United Kingdom,Desktop,Premium Individual,182,5626,Yes,No,71,2015
STR-802884,2023-11-20,Track_965,Artist_141,R&B,Japan,Desktop,Free,133,303945,No,Yes,60,2018
STR-801655,2023-11-21,Track_208,Artist_150,Rock,Australia,Smart TV,Premium Family,326,276655,No,Yes,95,2020
STR-803747,2023-11-21,Track_1178,Artist_112,Classical,Australia,Smart Speaker,Premium Individual,255,251455,Yes,No,30,2019
STR-803890,2023-11-21,Track_562,Artist_48,Devotional,Brazil,Desktop,Premium Student,127,188100,No,Yes,67,2018
STR-800316,2023-11-21,Track_2451,Artist_105,Electronic,India,Desktop,Free,270,73742,Yes,No,46,1992
STR-803575,2023-11-21,Track_2460,Artist_10,Indie,United Kingdom,Smart TV,Premium Individual,332,123451,No,Yes,55,2009
STR-803992,2023-11-22,Track_1145,Artist_129,Devotional,Brazil,Smartphone,Premium Family,289,248110,No,Yes,32,2004
STR-803991,2023-11-22,Track_613,Artist_63,Hip-Hop,Germany,Desktop,Free,225,84091,No,No,15,1994
STR-802847,2023-11-22,Track_434,Artist_97,Devotional,Brazil,Smart TV,Premium Individual,205,98261,No,No,54,2017
STR-803805,2023-11-22,Track_264,Artist_23,Rock,Canada,Smartphone,Premium Student,253,7436,No,Yes,63,2014
STR-801925,2023-11-22,Track_1889,Artist_134,Pop,Brazil,Smart TV,Free,331,244799,No,Yes,74,1997
STR-802480,2023-11-22,Track_1134,Artist_129,Electronic,Australia,Smart TV,Free,171,335608,Yes,Yes,100,2018
STR-802388,2023-11-23,Track_286,Artist_111,Indie,Brazil,Smart Speaker,Premium Individual,227,44165,No,No,93,1998
STR-801370,2023-11-23,Track_1027,Artist_97,Electronic,Germany,Tablet,Premium Individual,159,243180,Yes,Yes,47,1993
STR-803625,2023-11-23,Track_1547,Artist_132,Classical,Brazil,Desktop,Free,326,160344,No,No,71,2021
STR-801322,2023-11-23,Track_1252,Artist_110,Jazz,United States,Smart TV,Premium Individual,222,298986,No,No,68,2004
STR-800556,2023-11-23,Track_39,Artist_22,Pop,United States,Smart Speaker,Free,149,235873,No,No,8,1994
STR-801737,2023-11-23,Track_90,Artist_30,Hip-Hop,United States,Smartphone,Free,256,211704,Yes,Yes,20,2023
STR-804150,2023-11-23,Track_1740,Artist_41,Indie,United Kingdom,Desktop,Premium Individual,134,212228,No,Yes,76,1991
STR-800722,2023-11-24,Track_1003,Artist_124,Classical,Japan,Smart TV,Premium Individual,208,156394,No,Yes,74,2011
STR-802465,2023-11-24,Track_1646,Artist_102,Classical,Japan,Smart Speaker,Premium Individual,207,16879,Yes,Yes,93,1997
STR-802344,2023-11-24,Track_241,Artist_98,Classical,United Kingdom,Desktop,Free,215,263326,No,Yes,94,2022
STR-803141,2023-11-25,Track_2352,Artist_22,R&B,Germany,Tablet,Premium Student,326,331741,No,Yes,66,2005
STR-803835,2023-11-25,Track_824,Artist_108,Rock,Japan,Smart Speaker,Premium Student,132,116009,No,No,71,2023
STR-800716,2023-11-25,Track_683,Artist_39,Pop,United Kingdom,Smartphone,Free,229,346881,Yes,No,16,2016
STR-803732,2023-11-26,Track_103,Artist_113,Rock,India,Smartphone,Free,142,350452,No,Yes,19,2008
STR-802534,2023-11-26,Track_2157,Artist_42,Indie,Australia,Smart TV,Premium Family,218,289523,No,Yes,58,1992
STR-801845,2023-11-26,Track_1789,Artist_3,Devotional,United States,Smart TV,Premium Family,202,254661,No,Yes,78,2015
STR-802455,2023-11-26,Track_1315,Artist_39,R&B,United States,Smart Speaker,Premium Family,186,21158,No,No,20,2020
STR-803745,2023-11-26,Track_695,Artist_44,R&B,Japan,Tablet,Premium Individual,326,168767,No,No,74,2013
STR-803675,2023-11-26,Track_53,Artist_91,Bollywood,Japan,Smart TV,Premium Family,292,237196,Yes,No,18,1997
STR-801511,2023-11-27,Track_1692,Artist_45,Jazz,Germany,Smart TV,Premium Family,120,113875,No,No,26,2009
STR-802321,2023-11-27,Track_357,Artist_95,Rock,Germany,Tablet,Free,131,133979,No,Yes,92,1996
STR-803411,2023-11-27,Track_1428,Artist_78,R&B,Canada,Smart Speaker,Premium Family,179,321287,Yes,Yes,20,2000
STR-803399,2023-11-28,Track_1325,Artist_29,Classical,Brazil,Smartphone,Free,331,275569,No,Yes,5,1990
STR-803083,2023-11-29,Track_1725,Artist_55,Devotional,Japan,Smart TV,Premium Individual,269,79548,Yes,Yes,43,1994
STR-800259,2023-11-29,Track_1978,Artist_94,Classical,Canada,Tablet,Premium Student,138,97420,No,Yes,64,2016
STR-803085,2023-11-30,Track_1208,Artist_33,Rock,Brazil,Tablet,Free,323,250258,No,Yes,8,1998
STR-802198,2023-11-30,Track_1978,Artist_89,Bollywood,United States,Smart Speaker,Free,163,37933,No,Yes,78,2017
STR-803573,2023-11-30,Track_2175,Artist_35,Indie,Australia,Desktop,Free,187,175907,No,Yes,39,2017
STR-801108,2023-12-01,Track_561,Artist_35,Classical,United States,Smartphone,Premium Individual,135,86023,No,No,27,2008
STR-803728,2023-12-01,Track_774,Artist_35,R&B,India,Desktop,Premium Individual,269,73181,No,No,15,2024
STR-803471,2023-12-01,Track_1226,Artist_139,Electronic,Australia,Smartphone,Free,204,214658,No,No,34,2015
STR-801759,2023-12-01,Track_619,Artist_109,Devotional,Australia,Desktop,Premium Individual,172,200196,No,No,45,2012
STR-802598,2023-12-01,Track_2238,Artist_29,Electronic,Australia,Smartphone,Premium Individual,138,169470,No,Yes,79,1996
STR-802632,2023-12-02,Track_656,Artist_13,Devotional,Germany,Smartphone,Premium Student,158,283249,Yes,Yes,86,2005
STR-800861,2023-12-02,Track_2453,Artist_73,Rock,Germany,Smart TV,Premium Individual,278,249566,Yes,No,68,2004
STR-802768,2023-12-02,Track_928,Artist_61,Pop,Japan,Tablet,Premium Individual,285,55414,No,Yes,65,1996
STR-803893,2023-12-02,Track_2284,Artist_24,Classical,Australia,Desktop,Premium Family,342,107037,No,Yes,11,2020
STR-801631,2023-12-02,Track_1617,Artist_149,Devotional,India,Smart TV,Premium Individual,268,29589,No,Yes,18,1990
STR-801974,2023-12-02,Track_2327,Artist_105,Pop,Japan,Desktop,Free,259,230253,No,No,74,2014
STR-802406,2023-12-02,Track_754,Artist_59,Hip-Hop,Canada,Smart TV,Free,233,72435,No,No,14,2004
STR-800628,2023-12-03,Track_1474,Artist_123,Electronic,Australia,Desktop,Premium Individual,262,173352,No,No,48,2024
STR-802536,2023-12-03,Track_1327,Artist_134,Rock,United States,Smart TV,Free,282,135560,No,No,83,2015
STR-801379,2023-12-03,Track_463,Artist_111,Bollywood,Japan,Smart Speaker,Free,232,156184,No,Yes,83,2012
STR-800254,2023-12-03,Track_136,Artist_81,Indie,United Kingdom,Smart TV,Premium Family,241,237296,No,No,10,1992
STR-802596,2023-12-03,Track_1229,Artist_134,R&B,India,Smartphone,Free,220,216078,No,Yes,37,2010
STR-802911,2023-12-03,Track_1319,Artist_13,Devotional,Japan,Smart TV,Premium Individual,215,199236,No,Yes,73,1996
STR-804122,2023-12-03,Track_340,Artist_9,R&B,Australia,Desktop,Premium Family,214,268667,No,Yes,96,2022
STR-803629,2023-12-03,Track_2307,Artist_101,Electronic,Germany,Smart Speaker,Free,289,210691,No,No,78,2010
STR-801334,2023-12-03,Track_2075,Artist_21,Pop,Germany,Smart Speaker,Premium Family,272,356875,No,No,21,1997
STR-803142,2023-12-03,Track_931,Artist_79,R&B,Germany,Desktop,Premium Family,161,93136,No,Yes,82,2019
STR-801621,2023-12-03,Track_1359,Artist_135,Classical,Brazil,Smart Speaker,Premium Individual,337,120171,No,Yes,82,2006
STR-802230,2023-12-03,Track_236,Artist_19,Electronic,United Kingdom,Smart TV,Free,276,243876,No,Yes,100,1999
STR-801603,2023-12-04,Track_825,Artist_5,R&B,Canada,Desktop,Premium Family,332,155033,No,No,12,2003
STR-802906,2023-12-04,Track_2400,Artist_2,R&B,India,Desktop,Premium Individual,230,60557,Yes,Yes,29,2001
STR-802702,2023-12-04,Track_1527,Artist_29,Classical,Australia,Smartphone,Free,345,166604,No,Yes,69,2016
STR-802034,2023-12-05,Track_1969,Artist_56,Indie,Canada,Desktop,Free,283,170563,No,Yes,22,1997
STR-803095,2023-12-05,Track_1175,Artist_89,Rock,Japan,Smart Speaker,Premium Individual,179,143407,No,Yes,48,1991
STR-803657,2023-12-05,Track_2295,Artist_66,R&B,Australia,Smartphone,Free,200,232812,No,No,40,1994
STR-800036,2023-12-05,Track_1948,Artist_21,Indie,United Kingdom,Smart Speaker,Premium Individual,149,93422,No,No,20,2000
STR-802493,2023-12-05,Track_288,Artist_62,R&B,United Kingdom,Tablet,Free,292,130865,No,Yes,70,1992
STR-803114,2023-12-05,Track_324,Artist_29,Jazz,Australia,Tablet,Premium Student,158,159122,No,No,22,2024
STR-802583,2023-12-05,Track_1610,Artist_80,Jazz,Canada,Smart Speaker,Premium Student,224,140827,Yes,Yes,24,2024
STR-801847,2023-12-06,Track_528,Artist_62,Rock,Australia,Smartphone,Premium Student,228,164284,No,Yes,52,2010
STR-802844,2023-12-06,Track_671,Artist_81,R&B,United Kingdom,Smart TV,Free,324,115415,No,No,30,2022
STR-801302,2023-12-06,Track_478,Artist_89,Bollywood,Brazil,Tablet,Premium Family,136,98484,Yes,No,68,2002
STR-802792,2023-12-07,Track_1838,Artist_65,Devotional,United Kingdom,Smart Speaker,Free,129,80125,No,No,25,2023
STR-801131,2023-12-07,Track_2242,Artist_45,Devotional,India,Desktop,Free,249,204880,No,No,7,2008
STR-800893,2023-12-07,Track_1464,Artist_12,R&B,United Kingdom,Smartphone,Premium Family,191,173410,Yes,Yes,100,1990
STR-800561,2023-12-07,Track_2391,Artist_102,Hip-Hop,Australia,Smartphone,Free,205,76797,No,Yes,75,1992
STR-800485,2023-12-07,Track_663,Artist_32,Indie,Australia,Desktop,Premium Individual,281,349915,No,No,97,2013
STR-801918,2023-12-07,Track_1806,Artist_11,Devotional,Japan,Smart TV,Premium Individual,338,341959,No,Yes,36,2006
STR-801040,2023-12-07,Track_2486,Artist_135,Devotional,Brazil,Smartphone,Free,223,155332,No,Yes,49,2014
STR-802564,2023-12-07,Track_1937,Artist_53,Rock,United Kingdom,Smart Speaker,Premium Individual,296,200857,No,Yes,94,2019
STR-800004,2023-12-07,Track_1599,Artist_79,Hip-Hop,Australia,Smart Speaker,Premium Student,222,303251,Yes,Yes,45,1999
STR-801585,2023-12-07,Track_703,Artist_95,R&B,Australia,Desktop,Premium Family,296,327159,No,No,32,2019
STR-801441,2023-12-08,Track_854,Artist_92,Electronic,Japan,Tablet,Premium Student,155,253265,No,Yes,56,2023
STR-802190,2023-12-08,Track_890,Artist_15,Devotional,Germany,Desktop,Premium Individual,186,285089,No,Yes,65,2015
STR-801047,2023-12-08,Track_190,Artist_22,Jazz,Australia,Smart TV,Free,147,231035,Yes,No,97,2017
STR-802470,2023-12-08,Track_1790,Artist_54,Pop,Canada,Smart TV,Free,312,78347,No,Yes,21,1997
STR-800501,2023-12-08,Track_195,Artist_136,Classical,Canada,Desktop,Premium Individual,155,59523,Yes,Yes,57,2015
STR-804003,2023-12-08,Track_1032,Artist_58,Hip-Hop,Japan,Smart Speaker,Free,321,55714,No,No,22,2010
STR-800106,2023-12-08,Track_1391,Artist_119,Jazz,United States,Smart Speaker,Free,131,251848,No,No,63,2021
STR-802523,2023-12-08,Track_1990,Artist_84,Pop,Canada,Smart Speaker,Premium Family,204,158527,No,No,18,2010
STR-802513,2023-12-08,Track_133,Artist_7,Classical,Germany,Smart TV,Free,251,308262,No,Yes,82,2009
STR-802409,2023-12-09,Track_1757,Artist_99,Rock,Germany,Tablet,Free,205,24867,No,Yes,43,2022
STR-802508,2023-12-09,Track_1446,Artist_19,Bollywood,United States,Smartphone,Premium Family,188,48553,No,Yes,12,1996
STR-801166,2023-12-09,Track_2410,Artist_26,Rock,Canada,Smartphone,Free,309,191430,No,Yes,99,2005
STR-803012,2023-12-09,Track_802,Artist_8,Indie,India,Tablet,Premium Student,253,151575,Yes,No,79,2010
STR-801970,2023-12-09,Track_235,Artist_123,Bollywood,Japan,Tablet,Free,192,209284,No,Yes,32,2013
STR-803326,2023-12-09,Track_503,Artist_141,Classical,United States,Smart TV,Free,281,239805,No,Yes,63,2017
STR-801818,2023-12-09,Track_359,Artist_93,Classical,Germany,Tablet,Premium Family,346,83184,No,Yes,60,2006
STR-801853,2023-12-10,Track_563,Artist_70,Electronic,India,Smart Speaker,Premium Individual,237,248693,No,No,65,2010
STR-801387,2023-12-10,Track_1704,Artist_99,Indie,Canada,Smartphone,Free,139,115284,No,No,96,1990
STR-801607,2023-12-10,Track_778,Artist_119,Bollywood,Australia,Smartphone,Premium Individual,261,240241,No,Yes,78,2016
STR-800867,2023-12-11,Track_1063,Artist_120,Indie,Canada,Smart Speaker,Free,125,73134,No,Yes,65,1994
STR-800478,2023-12-11,Track_1002,Artist_128,Indie,India,Smart Speaker,Premium Individual,184,155421,No,No,86,1990
STR-802399,2023-12-11,Track_192,Artist_105,Classical,Japan,Desktop,Premium Family,353,282079,No,No,81,1990
STR-802677,2023-12-11,Track_2032,Artist_139,Rock,Germany,Desktop,Premium Individual,216,188827,Yes,No,66,1996
STR-801894,2023-12-12,Track_759,Artist_15,Indie,Germany,Tablet,Premium Student,303,60126,Yes,Yes,66,1991
STR-802532,2023-12-12,Track_1070,Artist_25,Indie,United Kingdom,Tablet,Premium Individual,348,196673,No,No,7,2013
STR-803975,2023-12-12,Track_1491,Artist_18,Rock,India,Smart TV,Premium Individual,204,265599,Yes,No,50,2009
STR-800421,2023-12-12,Track_1845,Artist_16,Electronic,United Kingdom,Desktop,Free,159,35464,No,Yes,84,2019
STR-800219,2023-12-12,Track_461,Artist_113,Rock,Australia,Smartphone,Free,228,308736,No,Yes,78,2016
STR-801339,2023-12-12,Track_1700,Artist_87,Pop,Brazil,Tablet,Premium Individual,282,243621,No,Yes,64,1997
STR-800051,2023-12-12,Track_1788,Artist_63,Indie,Germany,Smartphone,Premium Student,328,347117,Yes,No,10,1995
STR-802225,2023-12-12,Track_1607,Artist_22,Indie,India,Smartphone,Premium Individual,215,37470,No,Yes,60,2004
STR-803298,2023-12-12,Track_1971,Artist_114,Hip-Hop,Australia,Desktop,Free,312,267344,No,No,93,1998
STR-802385,2023-12-12,Track_1504,Artist_125,Indie,Japan,Tablet,Free,243,83619,Yes,Yes,64,2018
STR-804141,2023-12-13,Track_987,Artist_4,Rock,Brazil,Smart Speaker,Premium Individual,191,64033,No,Yes,29,2021
STR-803202,2023-12-14,Track_209,Artist_67,Indie,Germany,Desktop,Free,305,217685,Yes,No,41,2010
STR-802188,2023-12-14,Track_380,Artist_97,Electronic,Australia,Tablet,Premium Individual,300,115969,No,Yes,25,2008
STR-803207,2023-12-15,Track_152,Artist_91,Bollywood,India,Tablet,Premium Family,312,331937,No,No,58,1997
STR-801749,2023-12-15,Track_2308,Artist_63,Rock,United States,Desktop,Free,292,254930,No,Yes,23,1994
STR-804172,2023-12-15,Track_1534,Artist_62,Hip-Hop,Japan,Smart TV,Premium Individual,198,333128,No,No,2,1993
STR-802056,2023-12-15,Track_646,Artist_135,Bollywood,Germany,Desktop,Free,136,205526,Yes,No,69,1996
STR-801283,2023-12-15,Track_630,Artist_90,Devotional,India,Desktop,Premium Individual,307,308184,No,Yes,72,1994
STR-804178,2023-12-15,Track_1247,Artist_62,Pop,Japan,Tablet,Premium Student,284,351902,Yes,No,15,2006
STR-801326,2023-12-15,Track_2437,Artist_65,Devotional,United Kingdom,Smart TV,Free,332,265060,No,Yes,89,1993
STR-803925,2023-12-15,Track_1155,Artist_142,Devotional,Japan,Tablet,Premium Student,286,84198,No,No,34,2022
STR-801081,2023-12-16,Track_1960,Artist_59,Electronic,India,Desktop,Free,206,118939,No,Yes,6,1998
STR-802983,2023-12-16,Track_1003,Artist_96,Indie,United States,Smart Speaker,Premium Individual,196,269173,Yes,No,41,2003
STR-800076,2023-12-16,Track_2183,Artist_99,Indie,United Kingdom,Tablet,Premium Individual,232,337513,No,Yes,15,2015
STR-800258,2023-12-16,Track_2,Artist_47,Bollywood,Brazil,Smart Speaker,Free,262,137810,No,No,100,2017
STR-804054,2023-12-16,Track_2062,Artist_4,Pop,United Kingdom,Smart Speaker,Free,150,51794,No,Yes,52,2009
STR-803385,2023-12-16,Track_2216,Artist_18,Indie,Brazil,Smart TV,Premium Individual,192,71019,No,Yes,16,2008
STR-801880,2023-12-16,Track_2276,Artist_34,Devotional,Japan,Smart Speaker,Free,322,13262,No,Yes,63,2004
STR-803618,2023-12-17,Track_1041,Artist_70,Electronic,Brazil,Tablet,Premium Family,181,255675,No,Yes,21,2018
STR-802916,2023-12-17,Track_2258,Artist_87,Hip-Hop,United Kingdom,Tablet,Premium Individual,187,350927,No,Yes,22,1997
STR-803529,2023-12-17,Track_518,Artist_38,Jazz,United States,Desktop,Premium Individual,220,37765,Yes,Yes,37,1991
STR-800347,2023-12-17,Track_1363,Artist_42,Pop,Canada,Desktop,Premium Individual,264,164073,Yes,Yes,57,1994
STR-800947,2023-12-17,Track_1559,Artist_74,Indie,Australia,Tablet,Free,294,144599,No,Yes,79,1999
STR-804028,2023-12-18,Track_1808,Artist_145,Rock,Canada,Desktop,Free,246,71810,No,No,50,1997
STR-801317,2023-12-18,Track_1052,Artist_92,R&B,Brazil,Smart Speaker,Free,134,319282,No,No,57,2000
STR-801208,2023-12-18,Track_497,Artist_109,Classical,India,Smartphone,Premium Family,269,325159,No,Yes,55,2011
STR-804011,2023-12-18,Track_311,Artist_86,Electronic,United States,Smart TV,Premium Student,222,262222,Yes,Yes,38,2023
STR-801613,2023-12-18,Track_2151,Artist_51,Hip-Hop,United States,Smart TV,Free,332,286582,Yes,No,63,2023
STR-800152,2023-12-18,Track_679,Artist_11,Electronic,Canada,Desktop,Premium Family,251,22638,No,Yes,40,2023
STR-803418,2023-12-19,Track_2347,Artist_38,Hip-Hop,Germany,Smart TV,Free,350,49784,Yes,Yes,11,2018
STR-803874,2023-12-19,Track_1207,Artist_83,Jazz,India,Smart TV,Free,178,334308,No,Yes,92,2003
STR-801212,2023-12-19,Track_1733,Artist_107,Classical,United States,Tablet,Free,153,314105,No,No,42,1994
STR-801762,2023-12-20,Track_2398,Artist_113,Pop,United Kingdom,Smart TV,Free,309,352756,Yes,No,20,2007
STR-801953,2023-12-20,Track_2158,Artist_38,R&B,India,Desktop,Premium Student,153,171303,No,No,56,2002
STR-803178,2023-12-20,Track_683,Artist_86,Hip-Hop,Germany,Desktop,Premium Family,281,350658,No,Yes,1,1999
STR-800744,2023-12-20,Track_923,Artist_116,Jazz,Japan,Desktop,Premium Individual,280,182292,Yes,No,17,2011
STR-803218,2023-12-20,Track_179,Artist_119,Bollywood,Germany,Smart TV,Premium Family,326,221332,Yes,Yes,74,2007
STR-800070,2023-12-20,Track_1846,Artist_136,Jazz,Canada,Smartphone,Premium Family,120,32462,No,Yes,28,1992
STR-800833,2023-12-20,Track_977,Artist_34,Electronic,Canada,Smart TV,Free,224,301162,No,Yes,90,1996
STR-802699,2023-12-20,Track_1161,Artist_125,Pop,Canada,Tablet,Free,351,102416,Yes,Yes,54,2003
STR-802676,2023-12-20,Track_1214,Artist_64,Classical,Germany,Smartphone,Premium Individual,219,338483,No,Yes,82,1993
STR-800640,2023-12-21,Track_1662,Artist_60,Hip-Hop,Australia,Smartphone,Free,318,168877,No,Yes,22,2006
STR-802545,2023-12-21,Track_432,Artist_29,Pop,Australia,Smart Speaker,Free,137,32621,No,No,58,1998
STR-803637,2023-12-21,Track_180,Artist_137,Devotional,United States,Smartphone,Premium Family,276,69110,No,No,51,2023
STR-803738,2023-12-21,Track_1028,Artist_106,Classical,United States,Desktop,Premium Student,204,136856,Yes,No,74,1998
STR-803484,2023-12-22,Track_2366,Artist_41,Devotional,Brazil,Tablet,Free,263,18124,No,Yes,56,1999
STR-801268,2023-12-23,Track_1623,Artist_33,Jazz,Brazil,Smart Speaker,Premium Family,202,148463,No,No,34,2023
STR-800528,2023-12-23,Track_2449,Artist_63,Devotional,India,Tablet,Free,196,12624,Yes,No,7,2019
STR-802264,2023-12-23,Track_1858,Artist_91,Hip-Hop,India,Smart Speaker,Free,251,269694,No,Yes,81,1990
STR-800643,2023-12-23,Track_1891,Artist_49,R&B,India,Desktop,Premium Individual,228,155159,No,Yes,1,2002
STR-804071,2023-12-23,Track_206,Artist_82,Devotional,United States,Smart TV,Free,354,283987,No,No,31,2022
STR-800283,2023-12-23,Track_1629,Artist_43,Indie,Brazil,Desktop,Premium Individual,190,191918,No,Yes,3,2019
STR-803285,2023-12-23,Track_552,Artist_122,Classical,Japan,Smart Speaker,Premium Individual,121,223974,Yes,No,62,1993
STR-800654,2023-12-23,Track_565,Artist_95,Jazz,India,Smart TV,Premium Family,130,264041,No,No,17,1993
STR-801290,2023-12-24,Track_1495,Artist_118,Hip-Hop,Canada,Smartphone,Free,298,90363,No,Yes,91,2018
STR-800995,2023-12-24,Track_1931,Artist_111,R&B,United States,Smartphone,Free,325,73311,No,Yes,29,2000
STR-803900,2023-12-24,Track_1919,Artist_50,Pop,United States,Tablet,Free,169,98692,No,No,10,1996
STR-801337,2023-12-24,Track_1366,Artist_73,Indie,United States,Desktop,Free,275,130073,No,Yes,8,2002
STR-803609,2023-12-24,Track_1740,Artist_81,Indie,United States,Tablet,Free,205,63997,No,No,55,1990
STR-802889,2023-12-24,Track_1947,Artist_28,Classical,United States,Smart TV,Free,209,31154,Yes,No,31,2008
STR-803723,2023-12-24,Track_2290,Artist_54,Indie,India,Smart Speaker,Free,145,219484,No,Yes,77,2010
STR-800796,2023-12-24,Track_1855,Artist_129,R&B,United Kingdom,Smart TV,Free,155,103621,Yes,Yes,42,1994
STR-803148,2023-12-25,Track_2034,Artist_104,R&B,Japan,Tablet,Free,135,191332,Yes,Yes,48,2009
STR-801295,2023-12-25,Track_2354,Artist_114,R&B,Brazil,Smart Speaker,Premium Individual,230,351263,No,Yes,85,2020
STR-801320,2023-12-25,Track_2131,Artist_148,Bollywood,United States,Smart Speaker,Premium Individual,129,63454,No,Yes,88,2017
STR-803408,2023-12-25,Track_969,Artist_108,Jazz,Germany,Desktop,Premium Individual,212,279617,No,No,21,2017
STR-802970,2023-12-25,Track_788,Artist_72,Hip-Hop,United States,Desktop,Premium Individual,126,358454,Yes,Yes,20,2006
STR-804026,2023-12-25,Track_1073,Artist_80,Electronic,United States,Smart TV,Premium Individual,321,267389,No,Yes,18,1998
STR-800951,2023-12-25,Track_1191,Artist_147,R&B,India,Smartphone,Premium Student,186,182140,Yes,No,94,1991
STR-800310,2023-12-25,Track_1409,Artist_4,Pop,United Kingdom,Tablet,Premium Family,203,289450,No,Yes,75,1996
STR-801135,2023-12-25,Track_1969,Artist_47,Rock,Australia,Smart Speaker,Premium Individual,325,311814,No,Yes,93,2002
STR-802253,2023-12-25,Track_495,Artist_55,Classical,United States,Desktop,Premium Individual,245,48175,Yes,Yes,63,1999
STR-801257,2023-12-25,Track_1582,Artist_42,Indie,United Kingdom,Smartphone,Free,146,190405,No,Yes,41,1997
STR-800695,2023-12-25,Track_195,Artist_122,Electronic,Australia,Desktop,Free,234,38274,Yes,No,61,1994
STR-803186,2023-12-25,Track_973,Artist_113,Rock,United Kingdom,Desktop,Free,121,241091,No,Yes,18,1990
STR-802680,2023-12-26,Track_979,Artist_116,Bollywood,Brazil,Smart Speaker,Premium Individual,339,357165,No,Yes,35,2002
STR-803128,2023-12-26,Track_1404,Artist_63,Electronic,Brazil,Tablet,Free,263,349346,Yes,Yes,60,1996
STR-802959,2023-12-26,Track_1656,Artist_77,Bollywood,Japan,Smartphone,Free,156,190528,Yes,Yes,81,1990
STR-804018,2023-12-27,Track_1265,Artist_83,Devotional,United Kingdom,Desktop,Free,147,102197,No,No,26,2021
STR-801200,2023-12-27,Track_513,Artist_26,Electronic,Brazil,Desktop,Premium Individual,345,264285,No,Yes,3,2004
STR-801469,2023-12-27,Track_270,Artist_143,Devotional,Brazil,Smartphone,Free,215,238045,No,Yes,81,1998
STR-801795,2023-12-27,Track_878,Artist_13,Rock,Canada,Smartphone,Premium Family,185,24310,Yes,Yes,60,2024
STR-803796,2023-12-27,Track_179,Artist_18,Hip-Hop,Germany,Smart TV,Premium Individual,205,278774,No,Yes,34,1994
STR-800949,2023-12-27,Track_2410,Artist_131,Classical,Germany,Smart Speaker,Free,234,80519,No,Yes,49,1995
STR-802998,2023-12-27,Track_1404,Artist_63,Electronic,United States,Tablet,Free,304,219435,No,No,17,1999
STR-802836,2023-12-27,Track_883,Artist_23,Hip-Hop,Brazil,Desktop,Premium Individual,355,251957,No,No,14,2001
STR-802585,2023-12-28,Track_2357,Artist_72,R&B,Canada,Desktop,Free,150,316210,No,Yes,28,2011
STR-800863,2023-12-28,Track_964,Artist_19,Electronic,United States,Smart TV,Premium Individual,136,316273,Yes,Yes,13,2024
STR-802392,2023-12-28,Track_4,Artist_148,Bollywood,Japan,Tablet,Premium Individual,338,140826,No,Yes,71,2024
STR-800378,2023-12-28,Track_955,Artist_61,Classical,Brazil,Tablet,Premium Student,207,311039,No,No,31,2016
STR-803313,2023-12-29,Track_1869,Artist_109,Devotional,India,Smartphone,Free,135,134381,Yes,No,87,1999
STR-803079,2023-12-29,Track_1556,Artist_111,Rock,Brazil,Tablet,Premium Family,165,139132,No,No,75,2022
STR-802275,2023-12-29,Track_1098,Artist_52,Devotional,United Kingdom,Smart Speaker,Premium Student,143,52212,No,No,66,2011
STR-803730,2023-12-29,Track_2426,Artist_135,Devotional,United States,Smart TV,Premium Family,211,69984,No,Yes,49,2001
STR-804135,2023-12-29,Track_2248,Artist_140,Jazz,Australia,Smart TV,Free,189,189048,No,Yes,83,2010
STR-802750,2023-12-29,Track_1280,Artist_22,Hip-Hop,United States,Smart Speaker,Premium Individual,231,107006,No,Yes,82,2022
STR-803477,2023-12-29,Track_2269,Artist_143,Bollywood,Japan,Smart Speaker,Premium Family,235,7707,No,Yes,88,1994
STR-802404,2023-12-30,Track_2141,Artist_65,Electronic,Germany,Desktop,Premium Family,214,247365,No,No,100,2004
STR-801037,2023-12-30,Track_552,Artist_46,Classical,Germany,Smart TV,Premium Individual,150,57537,No,Yes,87,2013
STR-801871,2023-12-30,Track_2328,Artist_24,Classical,Canada,Smart Speaker,Premium Individual,177,253812,No,No,90,2010
STR-802475,2023-12-30,Track_605,Artist_111,Rock,Brazil,Desktop,Free,192,189104,No,Yes,31,1997
STR-802725,2023-12-30,Track_2329,Artist_136,Indie,Brazil,Tablet,Premium Family,217,8860,No,Yes,49,2010
STR-800067,2023-12-30,Track_1232,Artist_100,R&B,Japan,Smart Speaker,Free,291,65353,Yes,Yes,30,2016
STR-803301,2023-12-31,Track_1112,Artist_128,Electronic,United States,Smartphone,Premium Individual,295,21384,No,Yes,25,2024
STR-803984,2023-12-31,Track_1166,Artist_81,R&B,India,Smartphone,Free,190,210128,No,Yes,72,1999
STR-800443,2024-01-01,Track_2,Artist_1,Indie,United States,Tablet,Premium Family,336,84945,No,Yes,91,2000
STR-800150,2024-01-01,Track_37,Artist_7,Hip-Hop,Germany,Tablet,Free,284,175959,No,Yes,70,1995
STR-800372,2024-01-01,Track_75,Artist_19,Hip-Hop,United Kingdom,Smart TV,Premium Individual,232,236008,No,No,68,2020
STR-803528,2024-01-01,Track_2038,Artist_55,Indie,India,Tablet,Premium Individual,296,182577,No,Yes,69,2004
STR-801705,2024-01-01,Track_816,Artist_65,Electronic,United Kingdom,Smartphone,Premium Individual,212,243213,No,No,80,1994
STR-803825,2024-01-01,Track_572,Artist_136,Rock,United States,Tablet,Premium Individual,243,234165,Yes,No,26,1994
STR-800962,2024-01-02,Track_2455,Artist_145,R&B,Germany,Smart Speaker,Premium Individual,250,284752,No,Yes,51,1993
STR-802369,2024-01-02,Track_1632,Artist_72,Pop,Canada,Smartphone,Free,141,274278,No,Yes,19,2017
STR-804078,2024-01-02,Track_305,Artist_25,Indie,United Kingdom,Smartphone,Premium Individual,199,261375,No,Yes,56,1999
STR-802872,2024-01-02,Track_843,Artist_34,Jazz,United States,Smartphone,Free,287,74336,No,No,84,2008
STR-801265,2024-01-02,Track_1119,Artist_135,Bollywood,United States,Smart TV,Free,357,102016,No,No,19,2017
STR-802094,2024-01-02,Track_601,Artist_81,Hip-Hop,United States,Smart Speaker,Premium Individual,258,328433,No,No,94,2018
STR-800431,2024-01-02,Track_2173,Artist_47,Rock,United Kingdom,Smart Speaker,Premium Individual,169,226739,No,Yes,84,2013
STR-800538,2024-01-02,Track_2003,Artist_100,Jazz,United States,Tablet,Free,202,39978,Yes,No,60,2022
STR-800446,2024-01-03,Track_705,Artist_4,R&B,Germany,Tablet,Free,335,122204,No,No,16,2008
STR-800956,2024-01-03,Track_1284,Artist_150,R&B,Brazil,Smart TV,Premium Family,346,356728,No,No,82,1998
STR-801994,2024-01-03,Track_1204,Artist_86,Bollywood,United States,Desktop,Premium Family,347,274583,Yes,Yes,44,2004
STR-804030,2024-01-03,Track_583,Artist_83,Classical,Japan,Smart TV,Premium Individual,120,24512,No,Yes,61,2023
STR-802296,2024-01-03,Track_1059,Artist_104,Devotional,India,Smart TV,Premium Individual,277,86996,No,No,67,2011
STR-800466,2024-01-03,Track_421,Artist_80,Electronic,Japan,Tablet,Premium Family,343,115746,No,Yes,14,2003
STR-803782,2024-01-05,Track_462,Artist_26,Bollywood,United States,Smartphone,Free,222,23293,No,No,66,1994
STR-803279,2024-01-05,Track_2231,Artist_70,Classical,Canada,Smartphone,Premium Family,137,80823,No,No,77,2008
STR-800146,2024-01-05,Track_392,Artist_71,R&B,India,Tablet,Free,220,187863,No,Yes,75,2012
STR-802743,2024-01-05,Track_1146,Artist_132,Jazz,Japan,Smartphone,Premium Individual,264,45040,No,No,95,1992
STR-803468,2024-01-05,Track_2410,Artist_71,Electronic,Australia,Tablet,Premium Family,201,238336,No,No,40,2007
STR-800591,2024-01-06,Track_1547,Artist_137,Hip-Hop,Japan,Smart TV,Free,131,165197,No,No,53,1992
STR-800024,2024-01-06,Track_983,Artist_135,Hip-Hop,India,Smart Speaker,Premium Individual,246,79435,Yes,Yes,24,1990
STR-802054,2024-01-06,Track_330,Artist_86,Devotional,Germany,Smart TV,Premium Individual,246,339798,No,Yes,9,2003
STR-801070,2024-01-06,Track_392,Artist_15,Pop,Brazil,Desktop,Premium Student,303,77594,No,No,21,2002
STR-802797,2024-01-06,Track_170,Artist_5,Jazz,Japan,Smart Speaker,Premium Individual,250,209454,No,No,49,1992
STR-801094,2024-01-06,Track_1656,Artist_92,Indie,United States,Smart Speaker,Premium Individual,223,299086,No,Yes,70,1997
STR-803892,2024-01-06,Track_475,Artist_111,Indie,Germany,Smart Speaker,Premium Student,236,340493,No,No,92,2005
STR-801707,2024-01-07,Track_770,Artist_31,Classical,India,Smartphone,Free,171,95804,Yes,Yes,98,1996
STR-803608,2024-01-07,Track_1402,Artist_59,Rock,Canada,Smartphone,Free,218,77208,Yes,Yes,58,2004
STR-803549,2024-01-08,Track_1177,Artist_148,Hip-Hop,Germany,Tablet,Premium Individual,204,198042,Yes,Yes,51,2014
STR-801196,2024-01-08,Track_2301,Artist_7,Devotional,United Kingdom,Desktop,Free,316,111652,No,Yes,38,2021
STR-800955,2024-01-08,Track_1443,Artist_148,Bollywood,Japan,Smart TV,Premium Individual,282,356084,No,No,60,1998
STR-801315,2024-01-09,Track_404,Artist_120,Classical,United Kingdom,Smart Speaker,Premium Individual,199,132712,Yes,No,74,2022
STR-800852,2024-01-09,Track_213,Artist_106,Electronic,Germany,Desktop,Free,188,71284,No,Yes,94,2004
STR-802405,2024-01-09,Track_695,Artist_83,Classical,Japan,Desktop,Premium Individual,189,129350,No,No,59,2010
STR-801764,2024-01-09,Track_1462,Artist_45,Devotional,United States,Smart TV,Premium Student,180,213633,Yes,Yes,48,2003
STR-801245,2024-01-09,Track_1882,Artist_134,Indie,United Kingdom,Tablet,Premium Individual,326,101874,No,Yes,63,2018
STR-803170,2024-01-09,Track_1969,Artist_66,Classical,India,Tablet,Premium Individual,353,58102,No,Yes,79,1994
STR-802869,2024-01-10,Track_2303,Artist_51,Devotional,Brazil,Smart Speaker,Free,230,148166,No,Yes,54,1990
STR-801300,2024-01-10,Track_1993,Artist_135,Jazz,Germany,Smartphone,Premium Individual,193,221049,Yes,Yes,72,2021
STR-801955,2024-01-10,Track_185,Artist_55,Rock,Canada,Smart TV,Premium Family,145,248979,Yes,Yes,42,2019
STR-801890,2024-01-11,Track_682,Artist_51,Indie,Japan,Smart Speaker,Free,347,94393,No,No,8,2000
STR-802197,2024-01-11,Track_537,Artist_105,Indie,Canada,Desktop,Premium Individual,310,151514,No,No,36,1992
STR-801157,2024-01-11,Track_2190,Artist_24,Electronic,Brazil,Smart TV,Free,312,339835,No,No,90,1996
STR-800875,2024-01-11,Track_130,Artist_7,Devotional,Canada,Smartphone,Premium Individual,311,178842,Yes,No,94,2003
STR-801346,2024-01-11,Track_1955,Artist_124,Classical,United Kingdom,Tablet,Free,293,296952,No,Yes,26,1994
STR-803462,2024-01-11,Track_992,Artist_148,R&B,Brazil,Smart Speaker,Free,187,97531,Yes,No,60,2016
STR-802143,2024-01-12,Track_1540,Artist_115,Rock,India,Smart Speaker,Premium Family,323,335355,Yes,No,27,2018
STR-802233,2024-01-12,Track_917,Artist_123,Jazz,India,Smart TV,Premium Student,160,357176,Yes,Yes,23,1998
STR-804134,2024-01-12,Track_1537,Artist_2,Bollywood,India,Tablet,Premium Student,241,33541,No,Yes,24,2009
STR-802597,2024-01-12,Track_1358,Artist_88,Electronic,Brazil,Tablet,Free,216,224051,No,Yes,90,2010
STR-801545,2024-01-12,Track_179,Artist_57,Rock,India,Smart Speaker,Premium Student,322,187499,No,Yes,55,2023
STR-802414,2024-01-13,Track_331,Artist_75,Classical,Brazil,Smart TV,Premium Student,281,325633,No,No,8,2000
STR-801637,2024-01-13,Track_2416,Artist_27,Rock,United Kingdom,Smart TV,Premium Individual,171,18809,No,Yes,53,2016
STR-800567,2024-01-13,Track_2119,Artist_63,Pop,United Kingdom,Smartphone,Premium Individual,178,171866,No,No,3,1998
STR-801271,2024-01-13,Track_2365,Artist_18,Bollywood,Japan,Smart TV,Free,358,345502,No,Yes,19,2001
STR-804164,2024-01-14,Track_1387,Artist_15,Electronic,India,Smart TV,Free,159,188032,Yes,Yes,30,2015
STR-803538,2024-01-14,Track_1084,Artist_37,Jazz,Germany,Smart Speaker,Premium Family,202,185019,No,Yes,94,2006
STR-802509,2024-01-14,Track_651,Artist_60,Jazz,Australia,Smart TV,Premium Individual,287,238912,No,No,49,1995
STR-801742,2024-01-14,Track_1397,Artist_43,Indie,Japan,Smartphone,Premium Individual,178,193742,Yes,Yes,19,1997
STR-803264,2024-01-14,Track_2214,Artist_5,Classical,United Kingdom,Tablet,Premium Individual,264,77447,No,No,97,2023
STR-802156,2024-01-14,Track_397,Artist_123,Hip-Hop,India,Tablet,Premium Individual,324,64287,No,Yes,22,2023
STR-803489,2024-01-14,Track_1505,Artist_114,Bollywood,Brazil,Tablet,Premium Individual,312,163545,No,Yes,68,2020
STR-804088,2024-01-14,Track_2136,Artist_64,Pop,Brazil,Smartphone,Free,292,225333,No,Yes,57,2010
STR-801696,2024-01-14,Track_1675,Artist_31,Jazz,Brazil,Tablet,Premium Student,136,51252,No,Yes,25,2005
STR-800505,2024-01-14,Track_75,Artist_148,R&B,United Kingdom,Tablet,Free,187,112740,No,Yes,52,2010
STR-803673,2024-01-15,Track_2012,Artist_130,R&B,United States,Smartphone,Free,302,190497,No,No,35,1997
STR-800489,2024-01-15,Track_529,Artist_41,Devotional,Germany,Tablet,Premium Student,199,91466,No,No,12,2020
STR-803223,2024-01-15,Track_318,Artist_61,Devotional,Canada,Desktop,Premium Individual,347,177213,Yes,Yes,54,1996
STR-801195,2024-01-15,Track_1048,Artist_88,Devotional,Brazil,Desktop,Premium Family,297,357102,No,No,62,2017
STR-802726,2024-01-15,Track_556,Artist_37,Indie,Japan,Tablet,Free,272,163466,No,Yes,100,2002
STR-802595,2024-01-15,Track_771,Artist_111,Pop,Australia,Smartphone,Free,248,153403,No,Yes,98,2003
STR-803496,2024-01-16,Track_2252,Artist_39,Indie,United States,Tablet,Premium Individual,198,294275,Yes,No,69,2016
STR-800389,2024-01-16,Track_682,Artist_11,Hip-Hop,United Kingdom,Smart TV,Free,193,98179,No,Yes,50,2006
STR-803476,2024-01-17,Track_1593,Artist_53,Electronic,United States,Tablet,Free,251,135060,No,No,65,2003
STR-800572,2024-01-17,Track_354,Artist_39,Electronic,Canada,Smart Speaker,Premium Individual,184,164715,No,No,85,2017
STR-800978,2024-01-17,Track_160,Artist_37,Classical,Japan,Smart Speaker,Premium Student,179,191961,No,Yes,90,1990
STR-801456,2024-01-17,Track_1860,Artist_22,Electronic,Japan,Smart Speaker,Free,260,36798,No,Yes,28,2020
STR-800460,2024-01-17,Track_2165,Artist_105,Devotional,United States,Tablet,Premium Individual,221,294821,No,No,78,1996
STR-800559,2024-01-17,Track_1292,Artist_19,Hip-Hop,India,Tablet,Premium Individual,169,233392,No,Yes,61,1998
STR-803439,2024-01-18,Track_1503,Artist_148,Indie,India,Smart TV,Premium Family,244,194858,Yes,Yes,83,2010
STR-800540,2024-01-18,Track_1681,Artist_105,Indie,United Kingdom,Smart Speaker,Free,250,310371,No,No,62,1998
STR-801313,2024-01-18,Track_728,Artist_39,Rock,Australia,Tablet,Free,313,180634,Yes,Yes,76,2021
STR-801089,2024-01-18,Track_1677,Artist_75,Electronic,India,Smartphone,Premium Individual,255,116265,No,No,47,1998
STR-804130,2024-01-18,Track_547,Artist_78,Bollywood,India,Smart TV,Free,134,354433,No,Yes,37,2018
STR-800298,2024-01-18,Track_1718,Artist_33,R&B,United Kingdom,Desktop,Premium Individual,252,38094,No,No,69,2018
STR-800687,2024-01-18,Track_1119,Artist_142,Pop,Australia,Desktop,Premium Individual,133,282545,No,No,31,1990
STR-803622,2024-01-18,Track_1876,Artist_23,Bollywood,Canada,Smartphone,Premium Individual,296,332431,No,No,22,2010
STR-800970,2024-01-18,Track_599,Artist_102,Electronic,Germany,Smart TV,Premium Individual,283,318264,No,No,26,2001
STR-802843,2024-01-19,Track_1195,Artist_21,Hip-Hop,Germany,Smartphone,Premium Student,291,111943,Yes,Yes,10,2011
STR-803920,2024-01-19,Track_2338,Artist_45,Bollywood,Australia,Smartphone,Premium Individual,357,245659,No,No,7,1996
STR-803765,2024-01-19,Track_2325,Artist_55,Indie,Canada,Smart TV,Free,262,282337,No,Yes,57,2013
STR-803105,2024-01-19,Track_355,Artist_140,Jazz,United States,Smart Speaker,Premium Individual,187,111477,No,Yes,90,2011
STR-800913,2024-01-19,Track_938,Artist_95,Hip-Hop,United Kingdom,Tablet,Premium Family,217,39904,No,Yes,75,2021
STR-801595,2024-01-19,Track_1632,Artist_142,R&B,United States,Desktop,Free,270,129654,Yes,Yes,83,1992
STR-801566,2024-01-19,Track_1771,Artist_140,Pop,Germany,Smart TV,Premium Individual,200,150734,No,No,86,1997
STR-803190,2024-01-19,Track_26,Artist_121,Indie,Japan,Tablet,Free,189,291007,No,Yes,86,1999
STR-803597,2024-01-19,Track_999,Artist_11,Classical,Brazil,Desktop,Premium Individual,295,257315,No,No,75,2013
STR-801385,2024-01-19,Track_881,Artist_3,Classical,Germany,Tablet,Free,266,266044,No,Yes,32,2009
STR-801763,2024-01-20,Track_1050,Artist_47,Jazz,United Kingdom,Smart Speaker,Free,290,295836,No,No,49,2013
STR-803916,2024-01-20,Track_2349,Artist_24,Electronic,India,Smart Speaker,Premium Family,120,32192,Yes,Yes,33,2014
STR-802881,2024-01-20,Track_51,Artist_39,Electronic,Australia,Smart Speaker,Premium Individual,331,330531,Yes,Yes,3,2015
STR-802917,2024-01-20,Track_265,Artist_92,Electronic,United Kingdom,Smart Speaker,Premium Individual,347,119276,No,Yes,92,1991
STR-801777,2024-01-20,Track_663,Artist_128,Devotional,Canada,Desktop,Free,219,324268,Yes,Yes,16,2013
STR-802105,2024-01-21,Track_357,Artist_112,Rock,Germany,Tablet,Premium Family,171,103044,No,Yes,6,1999
STR-801683,2024-01-21,Track_1136,Artist_10,Bollywood,Brazil,Desktop,Premium Individual,144,125575,Yes,Yes,100,2010
STR-802148,2024-01-21,Track_338,Artist_80,R&B,India,Tablet,Premium Student,197,227981,Yes,No,40,1996
STR-801428,2024-01-21,Track_2222,Artist_8,Classical,India,Smart TV,Premium Individual,268,122427,Yes,Yes,5,2020
STR-802601,2024-01-21,Track_1854,Artist_74,R&B,United Kingdom,Tablet,Free,166,132359,No,No,56,1992
STR-803930,2024-01-22,Track_2226,Artist_135,Bollywood,Canada,Desktop,Free,316,327053,No,Yes,66,1997
STR-803068,2024-01-22,Track_289,Artist_75,R&B,Germany,Smart Speaker,Premium Individual,352,284746,No,No,26,2024
STR-802547,2024-01-22,Track_1093,Artist_119,Electronic,United States,Smart Speaker,Free,159,106191,Yes,No,54,2009
STR-803770,2024-01-22,Track_1912,Artist_20,Electronic,Australia,Smartphone,Free,264,236503,Yes,No,66,2019
STR-803032,2024-01-22,Track_1182,Artist_91,Hip-Hop,Germany,Smart TV,Premium Individual,311,168703,No,Yes,43,2019
STR-802386,2024-01-22,Track_181,Artist_81,Rock,Germany,Smartphone,Premium Individual,310,182190,Yes,No,6,1990
STR-801350,2024-01-22,Track_1655,Artist_126,Devotional,United States,Smart TV,Free,351,150934,No,Yes,4,1990
STR-802710,2024-01-23,Track_266,Artist_131,Electronic,Brazil,Desktop,Free,207,193051,Yes,Yes,85,1991
STR-802086,2024-01-23,Track_1635,Artist_133,Devotional,Germany,Desktop,Free,242,343229,Yes,No,55,2000
STR-802331,2024-01-23,Track_1658,Artist_110,Jazz,Canada,Tablet,Premium Family,187,276414,No,No,43,1993
STR-801201,2024-01-23,Track_682,Artist_17,Indie,United States,Tablet,Premium Individual,329,27385,Yes,No,54,1999
STR-801840,2024-01-23,Track_2478,Artist_61,Classical,Canada,Tablet,Premium Individual,175,78208,No,No,12,1998
STR-804094,2024-01-23,Track_2478,Artist_45,Electronic,Germany,Desktop,Premium Individual,315,264034,No,No,47,2009
STR-800781,2024-01-23,Track_485,Artist_64,Pop,Brazil,Smart Speaker,Free,176,254278,No,Yes,88,1999
STR-800981,2024-01-23,Track_1984,Artist_128,Rock,United Kingdom,Smart TV,Premium Individual,333,100716,No,No,68,2007
STR-803922,2024-01-24,Track_2001,Artist_29,Pop,United States,Smart Speaker,Premium Family,185,179338,Yes,Yes,81,2000
STR-803839,2024-01-24,Track_17,Artist_49,Hip-Hop,India,Desktop,Premium Family,168,116277,Yes,Yes,30,2003
STR-801491,2024-01-24,Track_95,Artist_61,Jazz,Australia,Desktop,Free,179,179841,No,No,39,1998
STR-800234,2024-01-24,Track_1110,Artist_5,Pop,India,Smart Speaker,Free,350,219920,No,Yes,46,2005
STR-802817,2024-01-24,Track_940,Artist_3,Devotional,United Kingdom,Smart Speaker,Premium Family,307,174683,No,Yes,60,1992
STR-802268,2024-01-24,Track_1315,Artist_119,R&B,United Kingdom,Tablet,Premium Individual,188,108974,Yes,Yes,44,2018
STR-800655,2024-01-24,Track_1494,Artist_80,Classical,Japan,Smart Speaker,Free,192,157204,Yes,Yes,11,2011
STR-802900,2024-01-25,Track_1543,Artist_66,Rock,Germany,Smartphone,Premium Family,204,247737,Yes,Yes,23,1997
STR-800773,2024-01-25,Track_407,Artist_51,Jazz,Australia,Smart Speaker,Premium Student,243,147589,No,No,9,2007
STR-800427,2024-01-25,Track_1212,Artist_54,Indie,Japan,Tablet,Premium Individual,266,117780,Yes,No,31,2002
STR-803559,2024-01-25,Track_1908,Artist_33,Bollywood,United States,Desktop,Free,242,116772,No,No,79,2020
STR-800288,2024-01-25,Track_1976,Artist_49,Rock,Canada,Smart Speaker,Premium Individual,287,74544,No,Yes,37,1995
STR-803335,2024-01-26,Track_2118,Artist_138,Devotional,United Kingdom,Desktop,Premium Individual,326,285436,Yes,Yes,35,2004
STR-802909,2024-01-26,Track_2203,Artist_16,Pop,India,Smart Speaker,Free,164,330711,No,Yes,17,2005
STR-800261,2024-01-26,Track_48,Artist_125,Electronic,Canada,Smartphone,Premium Family,244,273944,No,No,100,2018
STR-803284,2024-01-27,Track_1298,Artist_111,Rock,Germany,Smart TV,Premium Individual,225,314627,Yes,Yes,68,1998
STR-802631,2024-01-27,Track_1451,Artist_138,R&B,Germany,Smart TV,Free,225,16144,No,No,93,1996
STR-800771,2024-01-27,Track_2050,Artist_23,Pop,Japan,Smart TV,Premium Student,347,306205,No,Yes,64,2003
STR-801766,2024-01-27,Track_1048,Artist_20,Jazz,India,Tablet,Free,165,245622,No,No,45,2006
STR-803206,2024-01-28,Track_1288,Artist_136,Devotional,Canada,Tablet,Premium Student,188,245863,No,Yes,62,2022
STR-803478,2024-01-28,Track_1234,Artist_10,Electronic,Australia,Desktop,Premium Student,327,27465,No,No,43,2021
STR-803201,2024-01-28,Track_1851,Artist_68,Devotional,Japan,Smart TV,Free,161,29540,No,No,24,1990
STR-802025,2024-01-29,Track_1322,Artist_124,Pop,Germany,Smartphone,Free,173,261495,No,No,32,2001
STR-801401,2024-01-29,Track_1337,Artist_51,Classical,Australia,Smart TV,Premium Student,202,104147,No,Yes,11,2015
STR-802528,2024-01-29,Track_1739,Artist_66,R&B,Brazil,Tablet,Premium Student,285,247436,No,No,21,2012
STR-803120,2024-01-29,Track_2179,Artist_122,Jazz,Japan,Smart Speaker,Premium Individual,199,128171,No,Yes,2,2001
STR-802407,2024-01-30,Track_1480,Artist_16,R&B,United States,Smartphone,Premium Individual,131,14482,No,No,80,2019
STR-800741,2024-01-30,Track_1700,Artist_133,Indie,India,Desktop,Free,349,121063,Yes,No,86,2024
STR-802222,2024-01-30,Track_565,Artist_92,Electronic,Canada,Smartphone,Free,162,35125,No,Yes,23,1995
STR-801076,2024-01-31,Track_651,Artist_18,Rock,United Kingdom,Smartphone,Premium Individual,141,212377,Yes,Yes,78,2024
STR-804031,2024-01-31,Track_2080,Artist_19,Jazz,United States,Tablet,Premium Family,266,248862,No,No,60,1990
STR-802245,2024-01-31,Track_1839,Artist_120,Classical,Germany,Tablet,Free,186,313923,No,No,91,2006
STR-800386,2024-01-31,Track_175,Artist_39,Electronic,United Kingdom,Smartphone,Premium Student,193,25074,No,Yes,1,2003
STR-800732,2024-01-31,Track_1895,Artist_9,Rock,United Kingdom,Desktop,Free,354,110478,No,Yes,97,1993
STR-801800,2024-01-31,Track_1737,Artist_104,Bollywood,Brazil,Tablet,Free,122,18124,No,Yes,38,1995
STR-803726,2024-01-31,Track_359,Artist_135,Classical,Germany,Desktop,Premium Family,316,205576,No,Yes,58,2014
STR-800578,2024-01-31,Track_222,Artist_15,Jazz,India,Smart TV,Free,125,93762,No,Yes,53,2009
STR-800507,2024-02-01,Track_2040,Artist_22,Rock,Brazil,Smart TV,Premium Individual,288,225527,No,No,17,2020
STR-800904,2024-02-01,Track_2051,Artist_87,R&B,Japan,Smart TV,Free,358,307717,Yes,Yes,58,2018
STR-801109,2024-02-01,Track_2278,Artist_86,Bollywood,United Kingdom,Tablet,Free,276,81347,Yes,Yes,7,1990
STR-802876,2024-02-01,Track_1818,Artist_106,Indie,Germany,Smart TV,Free,133,10183,No,Yes,64,2014
STR-802879,2024-02-01,Track_1161,Artist_50,Jazz,Japan,Desktop,Free,203,330945,Yes,No,4,2009
STR-803743,2024-02-02,Track_1762,Artist_96,Jazz,Japan,Smartphone,Premium Student,169,16810,No,Yes,81,2018
STR-802027,2024-02-02,Track_2368,Artist_107,Rock,United States,Desktop,Free,154,224496,No,Yes,49,1992
STR-804168,2024-02-03,Track_562,Artist_124,Indie,Australia,Smart Speaker,Premium Student,302,299363,No,No,75,2023
STR-803315,2024-02-03,Track_2344,Artist_17,Pop,Australia,Smart Speaker,Premium Family,258,207327,No,Yes,37,2024
STR-801544,2024-02-03,Track_949,Artist_81,Classical,United Kingdom,Tablet,Premium Individual,316,86220,No,No,67,1998
STR-803773,2024-02-03,Track_390,Artist_112,Rock,Germany,Smart TV,Premium Individual,259,67504,Yes,No,62,1997
STR-802217,2024-02-04,Track_2223,Artist_32,Classical,Australia,Smartphone,Premium Individual,359,215199,Yes,Yes,99,2015
STR-800521,2024-02-04,Track_1287,Artist_115,Hip-Hop,United Kingdom,Smart Speaker,Premium Individual,255,356673,No,Yes,89,2001
STR-801065,2024-02-04,Track_2249,Artist_69,Devotional,Japan,Smart TV,Premium Family,304,354116,No,Yes,94,1996
STR-804167,2024-02-04,Track_723,Artist_86,Classical,India,Tablet,Free,334,40941,Yes,Yes,42,2008
STR-803176,2024-02-04,Track_13,Artist_70,Rock,Brazil,Smart Speaker,Free,202,297178,No,No,40,2006
STR-802941,2024-02-04,Track_315,Artist_107,Hip-Hop,Australia,Smart Speaker,Free,226,30956,No,Yes,98,1993
STR-804148,2024-02-05,Track_865,Artist_145,Classical,Brazil,Smart TV,Premium Family,301,36099,No,Yes,16,2006
STR-803188,2024-02-05,Track_995,Artist_69,R&B,United Kingdom,Smartphone,Premium Individual,301,317821,No,No,42,1993
STR-802857,2024-02-05,Track_1163,Artist_33,Devotional,Brazil,Smart Speaker,Premium Individual,326,114537,Yes,No,91,1993
STR-803651,2024-02-05,Track_1188,Artist_139,R&B,United Kingdom,Desktop,Premium Family,256,182420,Yes,Yes,49,2002
STR-804050,2024-02-06,Track_1707,Artist_60,Bollywood,Japan,Smart TV,Free,145,6440,No,Yes,53,2016
STR-800946,2024-02-07,Track_371,Artist_104,Indie,Brazil,Tablet,Free,254,16934,No,Yes,97,1992
STR-800856,2024-02-07,Track_808,Artist_54,Rock,United States,Smart TV,Premium Student,189,26250,Yes,No,97,2005
STR-804181,2024-02-07,Track_992,Artist_61,Rock,United Kingdom,Tablet,Premium Family,235,67588,No,Yes,93,2013
STR-801404,2024-02-07,Track_833,Artist_136,R&B,India,Tablet,Premium Family,229,187243,No,No,27,2006
STR-803596,2024-02-07,Track_2411,Artist_59,Pop,United Kingdom,Desktop,Free,258,149665,No,Yes,22,2018
STR-800166,2024-02-07,Track_2092,Artist_14,Rock,Australia,Smart TV,Free,295,8699,No,No,50,1995
STR-802204,2024-02-07,Track_2315,Artist_85,Indie,Australia,Desktop,Free,348,263113,No,No,95,1990
STR-802989,2024-02-07,Track_519,Artist_21,R&B,India,Smart Speaker,Premium Individual,349,155478,No,No,12,2006
STR-800895,2024-02-07,Track_2468,Artist_81,Pop,United Kingdom,Tablet,Free,154,7759,Yes,No,26,1995
STR-801206,2024-02-08,Track_2451,Artist_72,Pop,United States,Smart TV,Premium Family,327,190560,No,No,37,2000
STR-802796,2024-02-08,Track_214,Artist_3,Hip-Hop,Japan,Smartphone,Free,227,79566,No,No,26,2007
STR-803155,2024-02-08,Track_236,Artist_141,Jazz,Canada,Smart Speaker,Premium Family,274,167026,No,No,26,1992
STR-803470,2024-02-08,Track_1546,Artist_59,Rock,Brazil,Smart Speaker,Free,347,183300,Yes,Yes,60,2002
STR-800941,2024-02-08,Track_1049,Artist_35,Hip-Hop,India,Smartphone,Free,348,251515,No,No,91,2008
STR-800069,2024-02-08,Track_473,Artist_141,Hip-Hop,Brazil,Tablet,Premium Student,165,58409,No,Yes,60,2005
STR-800652,2024-02-08,Track_1741,Artist_75,Hip-Hop,Germany,Desktop,Premium Individual,359,297365,Yes,Yes,76,2021
STR-803410,2024-02-09,Track_1592,Artist_33,Jazz,Germany,Smartphone,Free,121,242400,No,Yes,98,2016
STR-801859,2024-02-09,Track_20,Artist_128,Classical,United States,Tablet,Free,313,322280,No,No,41,1991
STR-801319,2024-02-09,Track_645,Artist_142,Jazz,India,Smart Speaker,Premium Individual,163,230630,No,No,12,2005
STR-802184,2024-02-09,Track_1818,Artist_138,Devotional,United States,Smartphone,Premium Individual,319,301219,No,Yes,46,2013
STR-800761,2024-02-10,Track_1688,Artist_85,Indie,Brazil,Smart TV,Premium Individual,340,344155,No,Yes,75,1993
STR-800896,2024-02-10,Track_1062,Artist_95,Bollywood,Brazil,Smartphone,Premium Individual,242,289091,Yes,No,40,2009
STR-800980,2024-02-10,Track_1513,Artist_126,Hip-Hop,Japan,Desktop,Premium Family,158,100492,No,Yes,32,2018
STR-800937,2024-02-10,Track_695,Artist_140,Bollywood,Australia,Smart Speaker,Premium Individual,344,59804,No,No,75,2001
STR-803527,2024-02-10,Track_1526,Artist_58,Jazz,United Kingdom,Smartphone,Free,140,80662,Yes,No,57,2015
STR-800491,2024-02-10,Track_1638,Artist_72,Electronic,Germany,Smart Speaker,Premium Student,343,164319,No,Yes,38,2015
STR-803460,2024-02-10,Track_1498,Artist_116,R&B,Brazil,Tablet,Premium Family,167,162623,No,Yes,19,2024
STR-801017,2024-02-10,Track_1414,Artist_65,Bollywood,India,Tablet,Premium Individual,278,91718,No,No,94,1999
STR-801915,2024-02-11,Track_78,Artist_4,Indie,Japan,Smart TV,Free,331,340626,Yes,No,96,2011
STR-800533,2024-02-11,Track_1182,Artist_91,Electronic,Canada,Smart Speaker,Premium Family,280,22509,No,Yes,49,2013
STR-801374,2024-02-11,Track_309,Artist_113,Rock,Brazil,Smart TV,Premium Individual,264,261393,No,No,97,1999
STR-803416,2024-02-11,Track_1312,Artist_103,Devotional,Germany,Smartphone,Free,288,165335,No,No,6,2019
STR-802852,2024-02-11,Track_1564,Artist_91,Hip-Hop,United States,Tablet,Free,328,72728,Yes,No,32,1990
STR-802880,2024-02-12,Track_2383,Artist_132,Devotional,United States,Smart TV,Premium Family,261,267129,No,Yes,16,1991
STR-801467,2024-02-12,Track_1291,Artist_53,Pop,United Kingdom,Smartphone,Premium Individual,194,38483,Yes,No,97,2022
STR-801629,2024-02-12,Track_841,Artist_22,Rock,Canada,Desktop,Premium Student,358,255985,No,Yes,5,1993
STR-801984,2024-02-12,Track_938,Artist_100,Rock,Brazil,Smartphone,Premium Individual,120,316456,No,Yes,29,2020
STR-802106,2024-02-12,Track_1037,Artist_82,R&B,Japan,Desktop,Premium Individual,309,23950,No,No,53,1993
STR-803499,2024-02-12,Track_1533,Artist_141,Hip-Hop,Brazil,Smart TV,Premium Individual,266,133586,No,Yes,78,2017
STR-803373,2024-02-12,Track_530,Artist_34,Bollywood,Germany,Smart Speaker,Premium Family,165,201453,No,Yes,7,2013
STR-800545,2024-02-13,Track_1577,Artist_81,Classical,India,Desktop,Free,293,250371,No,No,78,1992
STR-802478,2024-02-13,Track_1410,Artist_2,Pop,United States,Tablet,Premium Student,292,308541,No,No,76,1992
STR-803970,2024-02-13,Track_401,Artist_134,Pop,United Kingdom,Smart Speaker,Free,196,228788,Yes,No,70,1995
STR-800349,2024-02-13,Track_2235,Artist_93,Hip-Hop,Japan,Desktop,Premium Family,315,120686,No,Yes,66,2015
STR-802690,2024-02-13,Track_518,Artist_54,Electronic,India,Tablet,Premium Individual,164,62989,Yes,No,15,2012
STR-801323,2024-02-13,Track_780,Artist_32,Pop,India,Desktop,Premium Individual,319,162196,No,Yes,71,1997
STR-801703,2024-02-13,Track_1608,Artist_36,Bollywood,Brazil,Smart Speaker,Free,322,195731,No,Yes,68,1994
STR-802766,2024-02-13,Track_888,Artist_37,Jazz,Australia,Smartphone,Premium Individual,134,58854,No,Yes,53,2004
STR-801724,2024-02-13,Track_834,Artist_56,Electronic,Japan,Tablet,Premium Individual,356,101870,No,Yes,78,2013
STR-801049,2024-02-13,Track_1587,Artist_15,R&B,Brazil,Smart Speaker,Premium Individual,125,339659,No,Yes,95,2018
STR-801380,2024-02-14,Track_1922,Artist_101,Indie,United Kingdom,Desktop,Premium Individual,178,356420,No,Yes,35,1991
STR-801906,2024-02-14,Track_2383,Artist_74,Hip-Hop,Japan,Desktop,Premium Family,223,132286,No,Yes,18,1992
STR-802000,2024-02-14,Track_2479,Artist_150,Devotional,United States,Tablet,Free,283,278963,Yes,No,9,2011
STR-803724,2024-02-14,Track_1663,Artist_93,Classical,United States,Desktop,Premium Family,264,257528,No,No,85,1991
STR-800613,2024-02-14,Track_304,Artist_113,R&B,United States,Smartphone,Premium Family,191,120425,Yes,Yes,81,2012
STR-803163,2024-02-14,Track_90,Artist_100,Devotional,Germany,Smart TV,Premium Individual,201,351528,No,No,14,2013
STR-803648,2024-02-14,Track_1169,Artist_145,Devotional,Japan,Smart TV,Premium Individual,160,120774,No,Yes,74,2006
STR-801020,2024-02-15,Track_690,Artist_13,Electronic,United States,Desktop,Premium Individual,124,217169,No,Yes,55,1999
STR-801658,2024-02-15,Track_563,Artist_73,Rock,United Kingdom,Smart TV,Premium Family,120,271564,No,Yes,82,2022
STR-801480,2024-02-15,Track_1445,Artist_132,Jazz,Japan,Desktop,Free,155,220819,Yes,Yes,39,1991
STR-802178,2024-02-15,Track_2433,Artist_53,Classical,Japan,Smart TV,Premium Individual,223,338126,No,No,63,1990
STR-800841,2024-02-15,Track_310,Artist_77,Pop,United States,Tablet,Premium Family,337,13435,No,No,69,2005
STR-800397,2024-02-15,Track_2417,Artist_46,R&B,United States,Tablet,Premium Individual,341,134126,Yes,No,19,2021
STR-802419,2024-02-15,Track_1311,Artist_38,Pop,Canada,Desktop,Premium Individual,181,67988,Yes,No,23,1999
STR-801141,2024-02-15,Track_2031,Artist_124,R&B,Brazil,Tablet,Premium Individual,326,320519,No,Yes,100,2010
STR-803938,2024-02-15,Track_1381,Artist_17,Devotional,India,Smartphone,Premium Individual,347,244143,No,No,79,2019
STR-802527,2024-02-16,Track_769,Artist_58,Indie,Canada,Smart Speaker,Premium Individual,288,8199,No,Yes,43,2015
STR-804096,2024-02-16,Track_1333,Artist_127,R&B,Japan,Smartphone,Premium Individual,337,198360,No,Yes,69,1998
STR-800860,2024-02-16,Track_94,Artist_32,Devotional,United States,Tablet,Premium Student,215,235710,No,Yes,5,2010
STR-800292,2024-02-16,Track_2360,Artist_141,Electronic,Canada,Smart TV,Free,355,125029,No,No,80,1991
STR-803611,2024-02-16,Track_344,Artist_125,Rock,United Kingdom,Smart Speaker,Premium Individual,188,94307,Yes,Yes,52,1990
STR-801119,2024-02-17,Track_1266,Artist_138,R&B,Brazil,Smart TV,Premium Individual,268,302690,No,Yes,39,1992
STR-800125,2024-02-17,Track_154,Artist_112,Electronic,India,Smart TV,Free,187,339712,No,No,68,2013
STR-802744,2024-02-17,Track_206,Artist_50,Hip-Hop,Canada,Smartphone,Premium Individual,299,59187,Yes,No,87,2011
STR-802182,2024-02-17,Track_2436,Artist_25,Rock,India,Desktop,Premium Individual,233,201212,Yes,No,52,2007
STR-802544,2024-02-17,Track_257,Artist_7,Jazz,United Kingdom,Tablet,Free,333,333804,No,Yes,75,1993
STR-801913,2024-02-17,Track_1743,Artist_12,Devotional,Germany,Smart Speaker,Free,302,28721,No,Yes,2,2017
STR-802003,2024-02-17,Track_2293,Artist_70,Rock,Japan,Desktop,Premium Individual,288,115200,Yes,Yes,81,2016
STR-801801,2024-02-17,Track_1642,Artist_111,Devotional,Australia,Smart TV,Free,280,273971,No,Yes,20,2007
STR-800525,2024-02-17,Track_481,Artist_130,Rock,India,Desktop,Free,186,82067,No,Yes,9,2002
STR-802389,2024-02-18,Track_2260,Artist_72,Classical,Japan,Tablet,Free,255,24739,No,No,98,2022
STR-803928,2024-02-18,Track_133,Artist_75,Devotional,United States,Smartphone,Free,345,50949,No,No,11,2010
STR-801325,2024-02-18,Track_161,Artist_29,Electronic,Canada,Desktop,Premium Individual,270,322794,No,No,46,2015
STR-803289,2024-02-18,Track_2037,Artist_76,Bollywood,United Kingdom,Smart TV,Free,246,322905,No,Yes,45,2009
STR-802580,2024-02-18,Track_1956,Artist_84,Pop,United Kingdom,Smart TV,Premium Individual,146,238075,No,Yes,99,2024
STR-803640,2024-02-18,Track_757,Artist_51,Hip-Hop,United Kingdom,Smart TV,Premium Individual,170,222087,No,No,90,2010
STR-801064,2024-02-18,Track_930,Artist_33,Jazz,Canada,Desktop,Premium Student,326,26701,No,No,56,2010
STR-800804,2024-02-19,Track_844,Artist_22,Classical,Canada,Smartphone,Premium Individual,298,210402,Yes,Yes,33,2008
STR-801562,2024-02-19,Track_870,Artist_48,Electronic,Brazil,Tablet,Premium Individual,189,145324,Yes,Yes,6,2008
STR-800217,2024-02-19,Track_2232,Artist_68,Pop,United Kingdom,Smart Speaker,Free,149,24736,No,No,87,2011
STR-802284,2024-02-19,Track_2072,Artist_94,Indie,Canada,Smart TV,Premium Individual,162,194092,No,Yes,42,1996
STR-801889,2024-02-19,Track_2278,Artist_83,R&B,Germany,Smart Speaker,Premium Individual,195,216310,No,Yes,43,2013
STR-800762,2024-02-19,Track_1794,Artist_26,Bollywood,United States,Desktop,Premium Family,313,349248,Yes,No,18,1995
STR-801104,2024-02-20,Track_1801,Artist_47,Electronic,Japan,Smart TV,Premium Individual,142,186703,No,No,100,1991
STR-800753,2024-02-20,Track_2075,Artist_59,Devotional,Australia,Smart TV,Free,241,224156,No,Yes,77,2001
STR-804002,2024-02-20,Track_1917,Artist_80,Electronic,Japan,Tablet,Free,290,322973,Yes,Yes,23,2012
STR-803369,2024-02-20,Track_1040,Artist_121,Devotional,Canada,Smart TV,Free,286,271585,No,No,87,2006
STR-802780,2024-02-20,Track_43,Artist_74,Bollywood,Germany,Smart Speaker,Free,231,233439,No,Yes,93,1997
STR-800176,2024-02-21,Track_42,Artist_49,Devotional,Canada,Smartphone,Premium Individual,266,34871,No,No,98,2001
STR-800791,2024-02-21,Track_712,Artist_131,Electronic,United Kingdom,Desktop,Premium Student,120,294940,No,No,42,2001
STR-800277,2024-02-21,Track_936,Artist_3,Jazz,Brazil,Desktop,Premium Individual,181,182298,Yes,No,74,2019
STR-804093,2024-02-21,Track_620,Artist_135,Devotional,Germany,Smart TV,Premium Individual,327,124898,Yes,Yes,76,2004
STR-802443,2024-02-22,Track_710,Artist_92,Indie,Germany,Smartphone,Free,130,94775,No,No,51,1997
STR-802170,2024-02-22,Track_924,Artist_125,Rock,Brazil,Smart Speaker,Premium Individual,248,291487,No,No,48,1990
STR-803055,2024-02-22,Track_820,Artist_92,Rock,Australia,Desktop,Free,240,145618,No,No,82,2018
STR-800824,2024-02-22,Track_1625,Artist_122,Jazz,United Kingdom,Smart TV,Premium Family,130,113449,Yes,Yes,45,1996
STR-803235,2024-02-22,Track_2101,Artist_112,Hip-Hop,Germany,Smart TV,Premium Individual,333,267890,No,No,79,2014
STR-803531,2024-02-23,Track_624,Artist_82,Classical,United States,Smart TV,Premium Individual,358,148158,No,Yes,31,1997
STR-802430,2024-02-23,Track_852,Artist_93,Hip-Hop,Canada,Smartphone,Premium Family,247,319011,No,Yes,68,1991
STR-803407,2024-02-23,Track_1788,Artist_85,R&B,Japan,Smart TV,Free,334,237142,No,No,96,2014
STR-801021,2024-02-23,Track_2082,Artist_7,Indie,Japan,Smartphone,Premium Family,289,100939,No,Yes,7,2003
STR-804056,2024-02-23,Track_460,Artist_83,Pop,Canada,Smart Speaker,Free,298,342124,No,Yes,39,2016
STR-802921,2024-02-24,Track_1030,Artist_85,Classical,United Kingdom,Smart Speaker,Premium Family,282,70916,Yes,No,69,2004
STR-800818,2024-02-24,Track_695,Artist_6,R&B,United States,Smartphone,Free,227,287201,No,Yes,88,1990
STR-800801,2024-02-24,Track_2260,Artist_53,Jazz,United States,Smart Speaker,Premium Individual,216,91255,No,No,3,2021
STR-800636,2024-02-24,Track_775,Artist_70,Hip-Hop,India,Smartphone,Premium Student,335,171122,No,No,53,2020
STR-802444,2024-02-25,Track_903,Artist_29,Pop,Germany,Smartphone,Premium Individual,131,191395,Yes,Yes,52,2008
STR-802164,2024-02-25,Track_542,Artist_84,Electronic,Germany,Tablet,Premium Individual,212,221279,No,No,1,2024
STR-800139,2024-02-25,Track_1469,Artist_133,Bollywood,India,Tablet,Premium Individual,346,126304,Yes,No,60,1992
STR-800845,2024-02-25,Track_214,Artist_117,Classical,Germany,Desktop,Premium Individual,252,191440,No,No,81,2001
STR-804142,2024-02-25,Track_579,Artist_7,Pop,Brazil,Tablet,Premium Individual,161,353963,No,Yes,7,2004
STR-803255,2024-02-25,Track_354,Artist_3,Indie,Brazil,Desktop,Premium Family,322,352493,No,No,81,2015
STR-800968,2024-02-26,Track_1248,Artist_149,Jazz,Australia,Smartphone,Free,215,242356,Yes,No,8,1992
STR-801793,2024-02-26,Track_1551,Artist_59,Rock,Canada,Smart TV,Premium Individual,284,260060,No,No,14,2008
STR-801987,2024-02-26,Track_1817,Artist_102,Bollywood,United Kingdom,Smart Speaker,Premium Individual,225,62672,No,No,26,2017
STR-800242,2024-02-26,Track_2164,Artist_145,Devotional,Australia,Tablet,Premium Individual,265,66929,No,Yes,91,2005
STR-800987,2024-02-26,Track_605,Artist_26,R&B,Canada,Smart TV,Free,312,234256,No,Yes,39,1997
STR-804169,2024-02-27,Track_664,Artist_147,R&B,United Kingdom,Desktop,Free,293,313956,No,Yes,25,2017
STR-800576,2024-02-27,Track_1961,Artist_80,Bollywood,Brazil,Tablet,Premium Individual,346,12978,No,Yes,98,1999
STR-803748,2024-02-27,Track_283,Artist_39,Rock,India,Desktop,Premium Individual,188,309510,No,Yes,71,2014
STR-802200,2024-02-27,Track_1965,Artist_46,Pop,India,Smartphone,Free,146,222804,Yes,No,99,2003
STR-803971,2024-02-27,Track_1837,Artist_37,Hip-Hop,Japan,Smart Speaker,Premium Family,138,78328,No,No,3,2015
STR-800648,2024-02-28,Track_135,Artist_3,R&B,Germany,Desktop,Free,309,303417,No,No,36,1999
STR-800130,2024-02-28,Track_1658,Artist_35,Pop,Canada,Desktop,Free,346,321161,No,No,42,2003
STR-801720,2024-02-28,Track_1114,Artist_84,Hip-Hop,Germany,Tablet,Free,235,129780,Yes,Yes,28,2014
STR-802187,2024-02-28,Track_401,Artist_43,Hip-Hop,Canada,Smartphone,Free,201,25249,No,Yes,37,2005
STR-801690,2024-02-28,Track_1829,Artist_150,Bollywood,India,Smartphone,Free,249,81738,Yes,No,71,2016
STR-801805,2024-02-28,Track_1333,Artist_70,Rock,United Kingdom,Smartphone,Free,356,335948,No,No,91,1995
STR-802783,2024-02-29,Track_906,Artist_129,Classical,Australia,Smart Speaker,Free,232,292510,No,Yes,43,2024
STR-803711,2024-02-29,Track_1034,Artist_47,Hip-Hop,Australia,Smart Speaker,Premium Family,337,183266,No,No,11,2007
STR-801392,2024-02-29,Track_1230,Artist_79,Electronic,Germany,Desktop,Free,125,337536,Yes,Yes,9,2007
STR-803444,2024-02-29,Track_1994,Artist_64,Bollywood,Japan,Tablet,Premium Family,203,324836,No,No,85,1996
STR-802149,2024-02-29,Track_526,Artist_73,Bollywood,Japan,Desktop,Premium Individual,165,302775,No,No,99,1995
STR-800089,2024-02-29,Track_2295,Artist_77,Devotional,United States,Smartphone,Premium Individual,289,23522,No,Yes,31,2014
STR-802937,2024-03-01,Track_476,Artist_42,Rock,India,Smart TV,Free,232,177669,Yes,No,35,2018
STR-801932,2024-03-01,Track_2482,Artist_148,Indie,Australia,Tablet,Premium Family,312,178212,No,No,7,2023
STR-801735,2024-03-01,Track_1106,Artist_71,Bollywood,Australia,Tablet,Free,201,63115,No,Yes,5,2020
STR-802014,2024-03-01,Track_775,Artist_70,Devotional,India,Smart Speaker,Free,181,200418,Yes,Yes,43,2006
STR-801472,2024-03-01,Track_2394,Artist_29,Hip-Hop,Canada,Smart Speaker,Free,348,27576,No,Yes,37,1995
STR-801964,2024-03-01,Track_2488,Artist_120,Indie,Canada,Smart Speaker,Free,127,98360,No,Yes,56,2004
STR-801976,2024-03-02,Track_1784,Artist_116,Classical,United Kingdom,Tablet,Free,324,81218,Yes,No,100,1990
STR-803168,2024-03-02,Track_7,Artist_112,Classical,Japan,Desktop,Premium Student,154,251419,Yes,No,22,2005
STR-802306,2024-03-02,Track_928,Artist_105,Pop,Australia,Desktop,Premium Individual,336,248046,No,Yes,53,2002
STR-802476,2024-03-02,Track_1173,Artist_38,Bollywood,Japan,Smart TV,Free,318,138594,No,No,100,2017
STR-800096,2024-03-02,Track_330,Artist_13,Classical,Australia,Tablet,Free,148,88594,No,No,83,2008
STR-803521,2024-03-03,Track_2294,Artist_20,Hip-Hop,Germany,Tablet,Premium Individual,129,160043,No,No,71,1991
STR-803014,2024-03-03,Track_1278,Artist_51,Classical,Germany,Smartphone,Premium Student,135,125932,Yes,Yes,6,2003
STR-801650,2024-03-04,Track_1853,Artist_89,Devotional,Canada,Desktop,Premium Individual,348,335392,No,No,23,2021
STR-801854,2024-03-04,Track_1234,Artist_52,Electronic,India,Smart Speaker,Premium Student,189,58710,No,Yes,27,2015
STR-802633,2024-03-04,Track_2261,Artist_44,Pop,United Kingdom,Smart TV,Free,336,163703,No,No,82,2020
STR-803237,2024-03-05,Track_1201,Artist_100,Hip-Hop,United Kingdom,Smart Speaker,Premium Family,346,334457,Yes,No,10,2009
STR-800235,2024-03-05,Track_824,Artist_89,Classical,Canada,Desktop,Premium Student,175,335511,No,No,80,1996
STR-803215,2024-03-05,Track_2068,Artist_85,Classical,Australia,Tablet,Premium Individual,247,101540,No,Yes,59,2007
STR-802605,2024-03-05,Track_79,Artist_135,Bollywood,United Kingdom,Desktop,Premium Student,338,132228,No,Yes,23,2006
STR-801140,2024-03-05,Track_701,Artist_98,Rock,Japan,Smart Speaker,Free,271,198704,No,No,31,1995
STR-803740,2024-03-05,Track_1634,Artist_23,Electronic,Australia,Smartphone,Premium Family,281,242141,No,Yes,16,1992
STR-802795,2024-03-06,Track_591,Artist_104,Jazz,United Kingdom,Tablet,Free,314,221062,No,Yes,61,1990
STR-803721,2024-03-06,Track_415,Artist_53,Devotional,Canada,Desktop,Premium Family,316,51578,No,No,56,2007
STR-801804,2024-03-06,Track_1816,Artist_23,Bollywood,India,Smartphone,Free,248,324239,No,Yes,57,1994
STR-800589,2024-03-06,Track_495,Artist_62,Indie,Germany,Smartphone,Free,244,109627,No,No,5,2017
STR-800233,2024-03-06,Track_518,Artist_50,Electronic,Brazil,Smart Speaker,Premium Individual,249,108587,No,No,46,1995
STR-802023,2024-03-06,Track_1315,Artist_48,Electronic,United States,Smartphone,Free,166,203708,No,No,55,2018
STR-804092,2024-03-07,Track_1081,Artist_146,Classical,Australia,Smart TV,Premium Family,144,120319,Yes,Yes,18,2002
STR-802432,2024-03-08,Track_368,Artist_92,Jazz,United States,Desktop,Free,291,333798,Yes,Yes,43,1994
STR-801235,2024-03-08,Track_1970,Artist_21,Electronic,United States,Smart TV,Free,325,337598,Yes,No,93,2001
STR-801057,2024-03-08,Track_579,Artist_72,R&B,Germany,Smart Speaker,Premium Student,148,343967,No,No,96,1999
STR-800109,2024-03-08,Track_2087,Artist_18,Devotional,Canada,Smartphone,Free,202,234844,No,Yes,90,2021
STR-802232,2024-03-08,Track_7,Artist_38,Jazz,Canada,Smart Speaker,Premium Individual,154,137052,No,No,24,2009
STR-802511,2024-03-08,Track_43,Artist_147,Jazz,Brazil,Smartphone,Free,267,347058,No,No,8,1998
STR-800340,2024-03-08,Track_665,Artist_135,Pop,Brazil,Smart TV,Premium Family,146,258203,Yes,No,85,2005
STR-801771,2024-03-08,Track_1193,Artist_76,Rock,United Kingdom,Desktop,Premium Student,201,66244,No,No,81,2001
STR-800690,2024-03-09,Track_1691,Artist_77,Indie,Brazil,Smart TV,Free,268,327604,Yes,No,36,2018
STR-800450,2024-03-09,Track_1914,Artist_130,Rock,United Kingdom,Tablet,Premium Family,256,181983,No,Yes,42,1991
STR-802381,2024-03-09,Track_182,Artist_142,Classical,Japan,Smartphone,Premium Family,291,308688,No,Yes,21,2019
STR-801457,2024-03-09,Track_157,Artist_134,Pop,United Kingdom,Tablet,Premium Family,292,25610,Yes,No,46,2012
STR-802947,2024-03-09,Track_2267,Artist_52,Hip-Hop,United States,Smart TV,Free,308,122458,No,No,60,2024
STR-803493,2024-03-09,Track_568,Artist_65,Jazz,Brazil,Desktop,Free,167,320696,No,Yes,43,1998
STR-802944,2024-03-09,Track_1666,Artist_60,Pop,India,Smartphone,Free,214,233444,No,Yes,24,2023
STR-803175,2024-03-09,Track_2115,Artist_131,Rock,Japan,Tablet,Free,282,66009,No,No,47,2012
STR-803541,2024-03-09,Track_819,Artist_112,Classical,Australia,Smart Speaker,Premium Individual,349,56778,No,Yes,52,2015
STR-802440,2024-03-10,Track_1594,Artist_119,Jazz,Brazil,Desktop,Premium Individual,358,290898,No,Yes,63,2019
STR-801587,2024-03-10,Track_454,Artist_42,Classical,Brazil,Smartphone,Free,285,221266,No,No,67,2009
STR-801744,2024-03-10,Track_2381,Artist_133,Electronic,Germany,Smart TV,Premium Family,252,156727,No,No,41,1994
STR-801576,2024-03-10,Track_2247,Artist_59,Jazz,India,Smartphone,Premium Individual,231,321374,No,No,11,2004
STR-801979,2024-03-10,Track_2432,Artist_16,Indie,United Kingdom,Tablet,Premium Individual,308,205675,No,Yes,78,1992
STR-801740,2024-03-10,Track_2458,Artist_139,Rock,Brazil,Smart TV,Premium Individual,252,204143,No,No,98,1993
STR-800407,2024-03-11,Track_624,Artist_112,R&B,Canada,Smart TV,Free,294,266323,No,Yes,43,2001
STR-800225,2024-03-11,Track_321,Artist_68,Hip-Hop,Brazil,Tablet,Premium Family,356,58096,No,No,93,2005
STR-801693,2024-03-11,Track_1577,Artist_16,Pop,Brazil,Tablet,Premium Individual,291,340635,No,No,84,2002
STR-802904,2024-03-11,Track_1761,Artist_37,Bollywood,India,Desktop,Free,280,90187,No,No,45,2001
STR-802046,2024-03-12,Track_1971,Artist_57,Hip-Hop,Germany,Tablet,Premium Individual,141,164024,No,No,23,2022
STR-801153,2024-03-12,Track_2457,Artist_31,Rock,United Kingdom,Smart Speaker,Premium Individual,336,320930,No,No,14,2011
STR-803526,2024-03-12,Track_1376,Artist_38,Pop,India,Tablet,Premium Individual,269,260994,No,No,84,2009
STR-803189,2024-03-13,Track_2124,Artist_63,Indie,Japan,Smart TV,Premium Student,163,320455,No,No,16,2012
STR-802317,2024-03-13,Track_226,Artist_79,Pop,Germany,Desktop,Premium Individual,174,101405,No,Yes,92,2015
STR-800817,2024-03-13,Track_778,Artist_39,Classical,United States,Smart TV,Free,137,243191,No,Yes,29,1999
STR-800104,2024-03-14,Track_620,Artist_111,Pop,India,Desktop,Free,144,297712,No,Yes,74,2012
STR-803862,2024-03-14,Track_2353,Artist_74,Devotional,India,Desktop,Free,121,36354,No,Yes,80,2005
STR-803798,2024-03-14,Track_2137,Artist_5,Jazz,Japan,Smartphone,Free,179,262692,Yes,Yes,63,2000
STR-800847,2024-03-14,Track_447,Artist_120,Hip-Hop,Canada,Smart TV,Premium Family,148,75730,No,Yes,60,1994
STR-801624,2024-03-14,Track_1377,Artist_84,Indie,Japan,Desktop,Premium Student,173,88150,No,No,43,2010
STR-802207,2024-03-14,Track_1711,Artist_12,Rock,India,Tablet,Premium Family,339,230222,No,Yes,89,1995
STR-803349,2024-03-14,Track_2017,Artist_21,Hip-Hop,Germany,Smart TV,Premium Family,243,186688,No,No,87,2001
STR-802589,2024-03-14,Track_2392,Artist_146,Jazz,Canada,Tablet,Free,164,141185,No,Yes,38,1990
STR-800309,2024-03-14,Track_1258,Artist_95,Electronic,Germany,Smartphone,Premium Family,200,157053,Yes,Yes,59,2008
STR-803116,2024-03-15,Track_1969,Artist_50,Electronic,United States,Tablet,Free,163,262263,No,Yes,68,2024
STR-802070,2024-03-15,Track_1995,Artist_45,Jazz,Germany,Smart Speaker,Premium Individual,123,143214,Yes,Yes,59,1995
STR-803023,2024-03-15,Track_2243,Artist_17,Indie,United Kingdom,Smart TV,Premium Individual,348,328621,Yes,No,62,1990
STR-803867,2024-03-15,Track_2214,Artist_54,Bollywood,Germany,Smart TV,Premium Family,249,267060,No,Yes,63,2008
STR-800173,2024-03-15,Track_88,Artist_17,Jazz,Australia,Tablet,Premium Individual,313,182782,No,No,41,2015
STR-802822,2024-03-15,Track_1966,Artist_118,R&B,Australia,Tablet,Free,137,332117,No,No,10,2017
STR-800972,2024-03-15,Track_2285,Artist_149,Jazz,Canada,Smart Speaker,Premium Individual,338,138010,Yes,Yes,47,2011
STR-803989,2024-03-15,Track_546,Artist_150,Rock,Brazil,Smart Speaker,Premium Family,334,182821,Yes,Yes,20,2002
STR-801423,2024-03-15,Track_2385,Artist_124,Hip-Hop,United States,Smartphone,Free,282,297339,No,No,40,1996
STR-803700,2024-03-16,Track_1013,Artist_21,Hip-Hop,Japan,Smartphone,Premium Individual,181,110905,Yes,Yes,67,1992
STR-803708,2024-03-16,Track_2275,Artist_77,Indie,Canada,Desktop,Free,218,311157,No,Yes,77,2016
STR-801861,2024-03-16,Track_85,Artist_114,Rock,Japan,Desktop,Premium Student,218,47268,No,No,13,2002
STR-804004,2024-03-16,Track_1832,Artist_30,Hip-Hop,Japan,Tablet,Free,300,184888,No,No,48,2022
STR-801791,2024-03-16,Track_2077,Artist_95,Electronic,Brazil,Smartphone,Free,339,341852,Yes,No,97,2012
STR-803816,2024-03-17,Track_2083,Artist_123,Pop,Japan,Desktop,Free,127,12990,No,Yes,41,1998
STR-802079,2024-03-17,Track_2246,Artist_135,Hip-Hop,Japan,Smart TV,Free,206,236456,No,Yes,78,2003
STR-802667,2024-03-18,Track_460,Artist_36,Classical,India,Smart TV,Premium Family,357,311075,No,Yes,34,2024
STR-803024,2024-03-18,Track_214,Artist_36,Electronic,India,Smart TV,Free,266,157347,No,No,10,1993
STR-800190,2024-03-18,Track_1496,Artist_126,R&B,Canada,Smart Speaker,Premium Individual,168,93370,No,Yes,78,1997
STR-800003,2024-03-18,Track_1974,Artist_133,Jazz,Canada,Smart TV,Premium Individual,132,32716,No,No,34,1991
STR-801914,2024-03-18,Track_78,Artist_28,Rock,Australia,Smart Speaker,Free,162,201843,No,No,85,2023
STR-803763,2024-03-18,Track_1330,Artist_130,Devotional,India,Smart TV,Free,356,335511,No,No,76,2005
STR-802864,2024-03-18,Track_2014,Artist_131,Devotional,United Kingdom,Tablet,Premium Student,143,237278,No,Yes,6,1999
STR-803954,2024-03-19,Track_336,Artist_46,Hip-Hop,United States,Smartphone,Premium Individual,332,204479,No,Yes,22,1990
STR-801846,2024-03-19,Track_465,Artist_124,Pop,Brazil,Smart TV,Premium Individual,235,344250,No,No,65,2016
STR-801820,2024-03-19,Track_1078,Artist_60,Rock,India,Tablet,Free,283,279711,No,No,50,2011
STR-800055,2024-03-19,Track_1655,Artist_42,Devotional,Australia,Smart Speaker,Free,325,273742,No,No,28,2018
STR-801807,2024-03-19,Track_1783,Artist_57,Rock,India,Smartphone,Free,224,133860,No,No,71,1993
STR-804157,2024-03-19,Track_719,Artist_142,Pop,United States,Tablet,Free,342,292161,No,Yes,74,1998
STR-800869,2024-03-19,Track_233,Artist_123,Jazz,Germany,Smartphone,Premium Family,249,76928,No,No,39,1991
STR-800280,2024-03-19,Track_1148,Artist_55,Bollywood,Australia,Smart Speaker,Premium Family,224,232894,No,No,4,1990
STR-801541,2024-03-19,Track_1085,Artist_89,Rock,Germany,Desktop,Premium Family,121,32658,No,Yes,1,1990
STR-800552,2024-03-20,Track_1153,Artist_119,Devotional,India,Smart Speaker,Free,173,174048,No,No,84,2002
STR-803045,2024-03-20,Track_920,Artist_91,Indie,United States,Smartphone,Premium Family,137,57726,No,No,8,2012
STR-800906,2024-03-20,Track_656,Artist_84,Classical,Canada,Desktop,Premium Family,188,164933,No,No,5,2019
STR-801127,2024-03-20,Track_440,Artist_50,R&B,Germany,Smart Speaker,Premium Family,152,47938,No,No,22,1996
STR-801296,2024-03-20,Track_1072,Artist_5,Hip-Hop,India,Smart Speaker,Premium Student,209,306336,Yes,No,1,1997
STR-801031,2024-03-21,Track_2092,Artist_116,Rock,Japan,Tablet,Free,309,144139,No,No,45,2001
STR-801870,2024-03-21,Track_287,Artist_23,Rock,India,Smart TV,Premium Individual,295,216866,No,No,11,2020
STR-804139,2024-03-21,Track_1860,Artist_62,Bollywood,India,Smart Speaker,Premium Individual,299,300454,Yes,Yes,87,2012
STR-804155,2024-03-21,Track_1623,Artist_86,Rock,United States,Smart Speaker,Premium Family,143,254090,Yes,Yes,25,2003
STR-800295,2024-03-21,Track_1564,Artist_150,Hip-Hop,Brazil,Tablet,Premium Student,348,93375,No,Yes,12,2011
STR-800377,2024-03-21,Track_44,Artist_15,Classical,United States,Smart TV,Free,160,219905,Yes,No,31,2001
STR-803985,2024-03-22,Track_1243,Artist_63,Jazz,United Kingdom,Smart TV,Free,205,270881,Yes,No,20,1990
STR-803216,2024-03-22,Track_1238,Artist_69,Hip-Hop,United Kingdom,Smart TV,Premium Student,136,166003,No,Yes,63,1994
STR-804199,2024-03-22,Track_17,Artist_113,Electronic,Canada,Smart TV,Premium Individual,229,45671,No,No,12,1997
STR-802500,2024-03-22,Track_1807,Artist_123,R&B,United Kingdom,Smartphone,Free,332,107791,No,Yes,32,2021
STR-801726,2024-03-22,Track_193,Artist_33,Bollywood,United Kingdom,Smartphone,Premium Student,156,354786,No,No,78,2013
STR-801632,2024-03-23,Track_685,Artist_4,Rock,United Kingdom,Smart TV,Free,193,167535,No,Yes,74,2000
STR-800982,2024-03-23,Track_261,Artist_20,Bollywood,United Kingdom,Tablet,Premium Student,167,62205,No,No,44,2008
STR-801415,2024-03-23,Track_68,Artist_99,Bollywood,Germany,Desktop,Premium Student,125,202072,No,Yes,76,1993
STR-802672,2024-03-23,Track_1638,Artist_91,Hip-Hop,Japan,Tablet,Premium Student,207,260066,No,No,29,2015
STR-802061,2024-03-25,Track_637,Artist_79,Rock,India,Smart TV,Free,168,95364,No,No,96,2010
STR-802151,2024-03-25,Track_1303,Artist_62,Pop,United Kingdom,Smart TV,Premium Individual,171,262397,No,Yes,4,2012
STR-802505,2024-03-25,Track_2100,Artist_18,Bollywood,Brazil,Tablet,Premium Student,232,81973,No,No,97,2007
STR-803331,2024-03-25,Track_2421,Artist_62,Indie,Germany,Smartphone,Free,181,336353,Yes,No,1,1993
STR-800204,2024-03-26,Track_404,Artist_29,Rock,India,Desktop,Free,123,179981,Yes,Yes,37,2019
STR-802679,2024-03-26,Track_1969,Artist_45,Pop,Canada,Smart Speaker,Free,139,219626,No,Yes,99,1999
STR-800926,2024-03-26,Track_1064,Artist_92,Jazz,Canada,Smart Speaker,Free,136,201561,No,No,65,2003
STR-801741,2024-03-26,Track_554,Artist_123,Indie,India,Smart TV,Premium Student,209,133521,Yes,No,22,1994
STR-803784,2024-03-27,Track_2147,Artist_97,Devotional,United States,Smartphone,Free,156,338992,No,No,82,2004
STR-803599,2024-03-27,Track_863,Artist_127,Pop,India,Tablet,Free,208,197473,No,Yes,67,2005
STR-802636,2024-03-27,Track_342,Artist_60,Electronic,Japan,Tablet,Premium Individual,244,198504,Yes,Yes,32,1993
STR-803691,2024-03-27,Track_987,Artist_41,Indie,India,Desktop,Premium Individual,195,140260,Yes,Yes,82,2015
STR-801289,2024-03-27,Track_1739,Artist_98,Indie,Japan,Tablet,Premium Individual,208,359332,No,Yes,100,2015
STR-802753,2024-03-27,Track_1846,Artist_79,Hip-Hop,Australia,Smart TV,Premium Individual,198,239962,No,No,58,2001
STR-801939,2024-03-27,Track_530,Artist_117,Indie,Australia,Smartphone,Free,161,17581,Yes,No,49,1991
STR-802531,2024-03-27,Track_1545,Artist_148,Classical,Brazil,Smart TV,Free,358,47056,No,No,31,2011
STR-801937,2024-03-27,Track_1573,Artist_121,Indie,United States,Smart TV,Premium Individual,270,155704,No,No,16,1996
STR-801809,2024-03-27,Track_120,Artist_81,Rock,United States,Smart Speaker,Premium Family,178,262678,No,Yes,13,2017
STR-800102,2024-03-28,Track_2020,Artist_90,Classical,United States,Tablet,Premium Family,285,265876,No,No,93,2016
STR-803540,2024-03-28,Track_1081,Artist_47,Devotional,United States,Tablet,Premium Individual,311,90715,No,Yes,92,2008
STR-801848,2024-03-28,Track_987,Artist_6,Indie,Japan,Smartphone,Premium Family,251,197078,No,Yes,29,1992
STR-801646,2024-03-29,Track_251,Artist_100,Classical,Brazil,Smartphone,Premium Individual,271,325589,No,No,31,2023
STR-802945,2024-03-29,Track_1272,Artist_101,Devotional,India,Tablet,Premium Individual,209,65286,No,No,15,2011
STR-801687,2024-03-29,Track_1627,Artist_19,R&B,Germany,Smartphone,Free,127,275185,No,No,1,2017
STR-800010,2024-03-29,Track_426,Artist_68,Classical,Australia,Smart Speaker,Free,127,154110,No,Yes,48,2017
STR-803286,2024-03-29,Track_403,Artist_18,Pop,Japan,Desktop,Premium Family,198,88079,No,No,50,1990
STR-802555,2024-03-29,Track_1326,Artist_148,Pop,India,Smart TV,Free,347,95386,No,No,88,2008
STR-803387,2024-03-29,Track_807,Artist_124,Electronic,Germany,Smartphone,Free,285,124416,Yes,Yes,56,2007
STR-800158,2024-03-30,Track_246,Artist_71,Devotional,Japan,Smart TV,Free,195,5108,No,No,72,2004
STR-802484,2024-03-30,Track_2039,Artist_35,Indie,India,Smartphone,Free,312,152644,No,No,48,2020
STR-802756,2024-03-30,Track_1793,Artist_31,Classical,Germany,Smart Speaker,Premium Family,147,214284,No,No,11,2009
STR-803160,2024-03-30,Track_709,Artist_61,Indie,Australia,Tablet,Premium Student,351,215600,No,No,52,1990
STR-801660,2024-03-30,Track_653,Artist_51,Rock,Canada,Smartphone,Premium Individual,263,324099,Yes,Yes,47,2024
STR-800614,2024-03-30,Track_2061,Artist_9,Indie,Australia,Smart TV,Free,297,46809,No,No,70,2020
STR-801948,2024-03-31,Track_1855,Artist_44,Electronic,United States,Smartphone,Free,239,149884,No,Yes,9,2024
STR-801293,2024-03-31,Track_817,Artist_45,Electronic,India,Desktop,Premium Individual,273,328936,No,No,12,1997
STR-803652,2024-03-31,Track_1591,Artist_139,Indie,United Kingdom,Tablet,Premium Individual,243,248290,No,Yes,30,2003
STR-803066,2024-03-31,Track_1752,Artist_27,Hip-Hop,United Kingdom,Smart Speaker,Premium Individual,286,306547,No,Yes,25,2012
STR-800444,2024-03-31,Track_49,Artist_82,Bollywood,United States,Tablet,Free,311,237034,No,No,20,1995
STR-801207,2024-03-31,Track_432,Artist_36,Hip-Hop,Canada,Desktop,Free,193,325741,Yes,Yes,56,2008
STR-800452,2024-03-31,Track_192,Artist_55,Electronic,India,Smartphone,Premium Individual,306,276004,Yes,No,75,2024
STR-802711,2024-03-31,Track_991,Artist_134,Devotional,United Kingdom,Smart Speaker,Free,284,102544,No,No,72,2006
STR-803485,2024-04-01,Track_95,Artist_124,R&B,United States,Tablet,Premium Student,200,182577,No,No,6,1998
STR-801578,2024-04-01,Track_1283,Artist_74,Rock,Japan,Smartphone,Premium Individual,148,357738,Yes,No,61,2023
STR-800820,2024-04-01,Track_2463,Artist_24,R&B,United States,Desktop,Free,287,62814,No,Yes,38,2024
STR-802892,2024-04-01,Track_805,Artist_67,Classical,United Kingdom,Smartphone,Premium Individual,156,172952,No,Yes,28,2010
STR-801534,2024-04-01,Track_2234,Artist_136,Electronic,Canada,Desktop,Premium Student,204,95313,No,No,12,2004
STR-801652,2024-04-01,Track_2429,Artist_148,Classical,United States,Desktop,Premium Student,340,58107,No,Yes,43,1995
STR-804037,2024-04-01,Track_1608,Artist_9,Devotional,United Kingdom,Smart TV,Premium Individual,217,323618,No,No,29,1996
STR-800885,2024-04-01,Track_1084,Artist_135,R&B,Japan,Desktop,Premium Family,202,355005,Yes,Yes,52,1995
STR-803902,2024-04-01,Track_308,Artist_87,Electronic,Japan,Desktop,Premium Individual,257,73225,No,Yes,28,1998
STR-802826,2024-04-01,Track_200,Artist_124,Jazz,Brazil,Smart Speaker,Free,305,263957,Yes,Yes,19,1998
STR-803093,2024-04-01,Track_1883,Artist_95,Classical,Australia,Smartphone,Premium Individual,218,53341,No,No,42,1992
STR-802638,2024-04-02,Track_466,Artist_79,R&B,Germany,Smart TV,Premium Individual,216,14124,No,No,8,2001
STR-802927,2024-04-02,Track_285,Artist_143,Electronic,India,Smart TV,Free,242,47998,No,No,4,2011
STR-803036,2024-04-02,Track_2039,Artist_58,Classical,Brazil,Smart Speaker,Premium Individual,206,118487,No,No,53,2022
STR-800432,2024-04-02,Track_769,Artist_88,Hip-Hop,United States,Smart Speaker,Free,316,148406,No,No,57,1996
STR-800184,2024-04-02,Track_2320,Artist_2,Jazz,Canada,Tablet,Free,143,83853,No,Yes,7,1991
STR-801799,2024-04-02,Track_1163,Artist_66,R&B,United Kingdom,Smart Speaker,Premium Individual,127,160372,Yes,No,99,2023
STR-800464,2024-04-02,Track_1932,Artist_123,R&B,India,Smart Speaker,Premium Family,197,66202,No,Yes,38,2010
STR-800332,2024-04-02,Track_2276,Artist_143,Classical,Germany,Smartphone,Premium Individual,342,92076,Yes,Yes,17,2008
STR-801834,2024-04-02,Track_1919,Artist_95,Bollywood,Germany,Smart Speaker,Premium Individual,222,114232,Yes,No,95,1999
STR-800795,2024-04-02,Track_1378,Artist_29,Bollywood,Canada,Desktop,Free,354,163242,No,Yes,19,2010
STR-803663,2024-04-02,Track_1565,Artist_28,Bollywood,United States,Smartphone,Free,161,59805,No,Yes,23,2023
STR-803494,2024-04-02,Track_65,Artist_78,Electronic,Japan,Smart TV,Premium Family,227,12308,Yes,No,79,2002
STR-802985,2024-04-03,Track_1532,Artist_135,Rock,India,Smart Speaker,Premium Individual,145,296129,Yes,Yes,71,2002
STR-803213,2024-04-03,Track_1189,Artist_106,Hip-Hop,India,Smartphone,Premium Individual,180,321464,No,No,32,1998
STR-802261,2024-04-03,Track_1686,Artist_128,Electronic,Australia,Tablet,Premium Individual,218,145961,No,No,68,2012
STR-800790,2024-04-03,Track_848,Artist_122,Bollywood,Brazil,Smartphone,Premium Individual,202,35562,Yes,Yes,99,1991
STR-801949,2024-04-03,Track_2082,Artist_121,Jazz,United States,Smart TV,Premium Individual,186,92784,No,Yes,82,2015
STR-803461,2024-04-03,Track_1524,Artist_35,Rock,Brazil,Smartphone,Premium Individual,214,193643,No,No,56,2022
STR-800135,2024-04-03,Track_1070,Artist_94,Classical,Australia,Tablet,Premium Individual,295,7229,No,Yes,27,2006
STR-802038,2024-04-04,Track_829,Artist_74,Bollywood,Germany,Smartphone,Free,253,319289,No,No,44,2006
STR-803995,2024-04-04,Track_2120,Artist_5,Classical,India,Tablet,Free,265,201993,No,Yes,41,2004
STR-803340,2024-04-04,Track_190,Artist_125,Indie,Japan,Smart Speaker,Premium Student,196,343131,No,No,20,2023
STR-802664,2024-04-04,Track_704,Artist_9,R&B,Australia,Smart Speaker,Premium Individual,272,239744,No,Yes,1,2023
STR-804083,2024-04-04,Track_1985,Artist_108,Devotional,Brazil,Tablet,Premium Family,319,38206,Yes,No,47,2007
STR-802135,2024-04-04,Track_2375,Artist_29,Rock,United States,Smartphone,Free,179,130283,No,No,82,2013
STR-803336,2024-04-04,Track_2035,Artist_129,Classical,United Kingdom,Smartphone,Free,147,224554,No,Yes,40,2016
STR-800342,2024-04-05,Track_1250,Artist_10,Rock,Australia,Desktop,Premium Student,281,286878,Yes,No,13,2005
STR-803276,2024-04-05,Track_261,Artist_120,Classical,Canada,Desktop,Free,179,301866,No,No,49,2013
STR-804180,2024-04-05,Track_1845,Artist_149,Bollywood,Japan,Smart Speaker,Free,265,215264,No,Yes,71,2003
STR-800593,2024-04-05,Track_1174,Artist_59,Jazz,Canada,Smart Speaker,Free,219,240139,No,Yes,41,2008
STR-803826,2024-04-06,Track_1732,Artist_87,Pop,Brazil,Desktop,Free,129,105508,Yes,No,81,2011
STR-802604,2024-04-06,Track_927,Artist_48,Indie,United States,Smartphone,Free,268,246838,No,No,51,2019
STR-802649,2024-04-06,Track_1654,Artist_101,Classical,United States,Smart TV,Free,147,87334,Yes,Yes,5,2001
STR-801668,2024-04-06,Track_709,Artist_60,Classical,United Kingdom,Desktop,Premium Family,343,298333,No,No,69,2009
STR-800009,2024-04-06,Track_940,Artist_135,Hip-Hop,Australia,Tablet,Free,349,284975,No,No,63,2019
STR-801036,2024-04-07,Track_2258,Artist_94,Jazz,United Kingdom,Desktop,Free,330,82777,Yes,Yes,49,2024
STR-800959,2024-04-07,Track_2240,Artist_19,Bollywood,United States,Smartphone,Premium Individual,135,358192,Yes,Yes,28,2014
STR-800380,2024-04-07,Track_290,Artist_2,Pop,Japan,Tablet,Premium Individual,241,102007,No,No,20,1992
STR-800428,2024-04-07,Track_49,Artist_42,Rock,Canada,Smart Speaker,Premium Individual,245,284978,No,No,2,1995
STR-803638,2024-04-07,Track_719,Artist_64,Indie,Brazil,Smartphone,Premium Individual,307,354977,No,Yes,86,1997
STR-800938,2024-04-07,Track_480,Artist_150,Pop,Australia,Tablet,Premium Family,333,263540,No,Yes,72,2006
STR-803334,2024-04-07,Track_1963,Artist_29,Rock,Germany,Desktop,Premium Student,246,19911,No,No,34,2000
STR-800097,2024-04-07,Track_1111,Artist_87,Electronic,Germany,Smartphone,Premium Individual,281,331221,Yes,No,27,1995
STR-802137,2024-04-08,Track_2192,Artist_69,Devotional,India,Tablet,Free,262,188950,No,No,27,2007
STR-803941,2024-04-08,Track_1783,Artist_124,Jazz,Brazil,Smart TV,Free,120,29637,Yes,Yes,49,1997
STR-800676,2024-04-08,Track_2357,Artist_2,Rock,United States,Smart Speaker,Premium Family,337,54067,No,No,80,1991
STR-800241,2024-04-08,Track_502,Artist_96,Devotional,Germany,Smart Speaker,Free,302,41161,No,Yes,14,2007
STR-801945,2024-04-08,Track_856,Artist_69,Jazz,India,Smart TV,Premium Family,148,273789,Yes,Yes,1,2024
STR-803869,2024-04-09,Track_190,Artist_124,Jazz,United States,Smartphone,Free,169,178006,Yes,Yes,58,2001
STR-800588,2024-04-09,Track_1592,Artist_43,Rock,Brazil,Smartphone,Free,342,174932,No,Yes,73,1998
STR-800784,2024-04-09,Track_980,Artist_150,Indie,India,Desktop,Premium Individual,262,343917,No,No,47,1999
STR-803668,2024-04-09,Track_1368,Artist_64,Classical,Germany,Desktop,Premium Student,168,190905,No,Yes,4,2018
STR-800434,2024-04-09,Track_1827,Artist_70,Hip-Hop,Australia,Desktop,Premium Family,311,315612,No,No,20,1998
STR-801729,2024-04-09,Track_86,Artist_103,Indie,Japan,Tablet,Premium Family,279,94683,No,No,44,1991
STR-800056,2024-04-10,Track_1552,Artist_41,Devotional,Australia,Tablet,Premium Individual,335,92971,No,Yes,67,2011
STR-802571,2024-04-10,Track_1356,Artist_21,Indie,United States,Smart Speaker,Premium Family,177,210515,Yes,Yes,81,1994
STR-802471,2024-04-10,Track_150,Artist_34,Electronic,United States,Tablet,Free,127,167646,No,Yes,57,2023
STR-803588,2024-04-10,Track_1748,Artist_8,Jazz,Japan,Smartphone,Premium Individual,317,7021,No,No,75,1991
STR-803674,2024-04-11,Track_1386,Artist_98,Jazz,India,Desktop,Free,316,86879,Yes,Yes,76,2017
STR-801896,2024-04-11,Track_365,Artist_103,Bollywood,Brazil,Smart Speaker,Premium Individual,163,79694,No,Yes,71,1992
STR-800366,2024-04-11,Track_222,Artist_113,Jazz,Brazil,Smart TV,Premium Student,168,234661,Yes,No,18,1992
STR-803156,2024-04-11,Track_2399,Artist_100,Classical,Japan,Desktop,Premium Individual,292,167271,Yes,Yes,76,1996
STR-801908,2024-04-11,Track_491,Artist_106,Hip-Hop,Canada,Smart TV,Premium Family,159,114577,No,No,10,2007
STR-804080,2024-04-12,Track_481,Artist_119,Indie,Germany,Smartphone,Premium Student,126,46709,No,No,75,2021
STR-802114,2024-04-12,Track_2328,Artist_27,Pop,Brazil,Tablet,Premium Individual,161,47289,No,Yes,16,2005
STR-803746,2024-04-12,Track_683,Artist_85,Classical,United States,Smart TV,Free,121,46432,No,Yes,78,2007
STR-803833,2024-04-13,Track_184,Artist_63,Classical,Germany,Desktop,Free,157,298209,No,Yes,81,2000
STR-800171,2024-04-13,Track_2140,Artist_29,Electronic,Japan,Tablet,Free,219,44767,Yes,No,8,2009
STR-800787,2024-04-13,Track_1289,Artist_81,Jazz,United States,Smart TV,Free,203,202250,Yes,Yes,99,2014
STR-801204,2024-04-13,Track_2153,Artist_23,Jazz,Germany,Smart TV,Free,300,304597,No,No,85,2008
STR-800077,2024-04-13,Track_1538,Artist_118,Rock,United States,Tablet,Premium Individual,165,35202,Yes,Yes,28,2009
STR-803364,2024-04-13,Track_910,Artist_50,Bollywood,Japan,Smart TV,Premium Student,312,253288,No,Yes,45,2019
STR-801150,2024-04-13,Track_425,Artist_92,Indie,United Kingdom,Desktop,Premium Individual,189,352697,No,No,23,1995
STR-802749,2024-04-13,Track_509,Artist_53,Pop,United Kingdom,Desktop,Premium Family,249,319831,Yes,Yes,87,2023
STR-803627,2024-04-13,Track_880,Artist_77,Hip-Hop,Canada,Smartphone,Premium Family,243,153090,No,No,59,2015
STR-802150,2024-04-13,Track_1595,Artist_100,Hip-Hop,Germany,Smart Speaker,Premium Student,120,91284,No,No,40,2013
STR-804137,2024-04-14,Track_696,Artist_48,Jazz,Australia,Smart Speaker,Premium Individual,254,102075,No,No,91,2022
STR-802778,2024-04-14,Track_535,Artist_28,Hip-Hop,India,Desktop,Premium Individual,153,323618,No,Yes,44,2008
STR-802887,2024-04-14,Track_1151,Artist_49,Hip-Hop,United Kingdom,Smart TV,Premium Individual,293,165742,No,Yes,82,2016
STR-800971,2024-04-14,Track_1706,Artist_85,Jazz,United Kingdom,Smart TV,Free,233,205946,Yes,No,39,2008
STR-803192,2024-04-14,Track_2473,Artist_66,Electronic,United States,Tablet,Premium Individual,132,15407,No,No,8,2004
STR-800803,2024-04-15,Track_1781,Artist_112,Pop,Australia,Tablet,Premium Student,279,18261,Yes,Yes,29,2008
STR-803376,2024-04-15,Track_2390,Artist_17,Rock,Japan,Tablet,Free,356,149401,No,Yes,42,2007
STR-802347,2024-04-15,Track_1568,Artist_118,Hip-Hop,Canada,Smart Speaker,Free,284,342659,Yes,No,5,2024
STR-804012,2024-04-15,Track_149,Artist_117,Pop,India,Tablet,Premium Family,254,29270,No,No,58,2013
STR-803574,2024-04-15,Track_2459,Artist_21,R&B,Germany,Smart Speaker,Free,241,25812,No,No,3,2003
STR-802420,2024-04-15,Track_2246,Artist_31,Devotional,India,Smart Speaker,Premium Family,324,22217,Yes,No,98,2007
STR-801597,2024-04-15,Track_340,Artist_40,Devotional,Japan,Tablet,Free,252,139146,No,No,16,2024
STR-803263,2024-04-15,Track_2263,Artist_129,Classical,Canada,Tablet,Free,176,168167,No,No,95,2003
STR-801405,2024-04-15,Track_2049,Artist_12,Hip-Hop,Brazil,Tablet,Premium Student,299,152890,No,No,90,2001
STR-800101,2024-04-16,Track_217,Artist_101,Hip-Hop,Brazil,Smartphone,Premium Student,267,337691,No,Yes,68,2013
STR-802895,2024-04-16,Track_2138,Artist_116,R&B,Australia,Smart Speaker,Premium Student,228,210310,No,Yes,55,1995
STR-803440,2024-04-16,Track_1028,Artist_109,Devotional,United Kingdom,Smart Speaker,Free,303,128026,No,Yes,23,1991
STR-801154,2024-04-16,Track_2351,Artist_128,Devotional,Canada,Smartphone,Free,258,35088,No,No,45,2008
STR-802954,2024-04-16,Track_992,Artist_3,Devotional,Japan,Smartphone,Free,178,285408,No,Yes,70,2015
STR-802662,2024-04-16,Track_2100,Artist_5,Rock,Germany,Smart TV,Premium Student,331,284900,No,Yes,31,2015
STR-800424,2024-04-16,Track_2280,Artist_112,Hip-Hop,India,Tablet,Premium Individual,326,69832,No,Yes,52,2012
STR-803361,2024-04-16,Track_1516,Artist_43,Hip-Hop,Canada,Smart TV,Premium Student,335,49306,Yes,Yes,9,1994
STR-802785,2024-04-17,Track_1518,Artist_89,Electronic,Brazil,Smartphone,Premium Individual,352,185942,No,No,76,2012
STR-803623,2024-04-17,Track_169,Artist_75,Pop,United States,Smartphone,Free,317,253475,No,Yes,59,2009
STR-802122,2024-04-18,Track_1045,Artist_66,Electronic,Canada,Tablet,Premium Family,302,178336,Yes,Yes,67,2012
STR-801022,2024-04-18,Track_683,Artist_88,R&B,Germany,Smart Speaker,Free,283,165681,No,Yes,94,1995
STR-803417,2024-04-18,Track_1780,Artist_31,Rock,Germany,Desktop,Free,308,335207,Yes,No,99,2018
STR-801183,2024-04-18,Track_279,Artist_73,Jazz,Brazil,Tablet,Premium Family,137,205018,No,No,39,1997
STR-800768,2024-04-18,Track_1739,Artist_69,Indie,Canada,Smart Speaker,Premium Student,120,170395,No,No,31,2007
STR-801063,2024-04-18,Track_2039,Artist_60,Indie,India,Smart TV,Free,185,357378,No,Yes,82,2023
STR-801365,2024-04-18,Track_2165,Artist_5,Rock,Germany,Desktop,Free,188,166994,No,No,15,1996
STR-801753,2024-04-18,Track_625,Artist_99,Devotional,Brazil,Smart Speaker,Premium Individual,341,66674,No,Yes,46,2003
STR-801078,2024-04-18,Track_2171,Artist_49,Indie,Australia,Tablet,Premium Family,209,112951,No,No,13,2013
STR-802582,2024-04-18,Track_748,Artist_125,Classical,United States,Desktop,Premium Individual,232,34329,No,No,55,1991
STR-803813,2024-04-19,Track_300,Artist_149,Bollywood,Japan,Tablet,Free,166,139253,Yes,No,34,2019
STR-800822,2024-04-19,Track_1904,Artist_137,Jazz,Brazil,Tablet,Premium Individual,211,53227,No,No,20,2006
STR-802617,2024-04-19,Track_138,Artist_109,R&B,Canada,Smartphone,Free,329,126707,No,Yes,95,2015
STR-800806,2024-04-19,Track_572,Artist_90,Devotional,Australia,Smart Speaker,Premium Family,172,239277,No,Yes,52,1998
STR-803488,2024-04-19,Track_720,Artist_73,R&B,Australia,Smart TV,Premium Student,182,118399,No,Yes,48,2014
STR-800967,2024-04-19,Track_49,Artist_100,Hip-Hop,United Kingdom,Smartphone,Free,277,93395,No,Yes,7,2013
STR-800456,2024-04-19,Track_111,Artist_122,Indie,Australia,Desktop,Premium Individual,339,124406,No,No,94,2000
STR-800517,2024-04-19,Track_1348,Artist_105,Hip-Hop,India,Smartphone,Free,133,348677,No,Yes,18,2002
STR-800052,2024-04-19,Track_1809,Artist_52,Classical,United Kingdom,Smart TV,Free,121,58221,Yes,No,29,1991
STR-803381,2024-04-20,Track_1118,Artist_118,Devotional,Canada,Smart TV,Free,205,237299,Yes,No,46,2001
STR-802558,2024-04-20,Track_711,Artist_38,Jazz,Canada,Tablet,Premium Individual,336,154763,No,No,71,1991
STR-803978,2024-04-21,Track_755,Artist_135,Bollywood,Brazil,Desktop,Premium Individual,196,95747,No,Yes,24,1997
STR-803555,2024-04-21,Track_153,Artist_29,Pop,India,Smartphone,Premium Individual,139,137017,No,No,90,2009
STR-801267,2024-04-21,Track_69,Artist_51,Indie,Germany,Smart Speaker,Free,225,198664,Yes,Yes,38,1990
STR-803632,2024-04-21,Track_832,Artist_120,Hip-Hop,Germany,Smart TV,Premium Family,208,174042,No,No,19,2014
STR-800084,2024-04-21,Track_1504,Artist_70,Indie,United Kingdom,Smart Speaker,Free,157,300194,No,Yes,94,1990
STR-800697,2024-04-21,Track_2286,Artist_129,Classical,India,Smart Speaker,Premium Individual,219,316921,No,No,17,2006
STR-802732,2024-04-21,Track_308,Artist_119,Pop,Australia,Smart Speaker,Premium Individual,164,331761,No,Yes,100,2005
STR-801471,2024-04-22,Track_967,Artist_49,Rock,Brazil,Tablet,Free,210,278359,No,Yes,4,2021
STR-801961,2024-04-22,Track_320,Artist_28,Indie,India,Smart TV,Premium Family,199,15633,Yes,Yes,5,2001
STR-801198,2024-04-22,Track_2493,Artist_86,Classical,India,Desktop,Free,322,19892,No,No,47,2017
STR-801996,2024-04-23,Track_1848,Artist_32,Bollywood,Japan,Smart TV,Free,287,160638,No,Yes,12,2022
STR-800851,2024-04-23,Track_875,Artist_48,Jazz,Japan,Smart TV,Premium Student,266,241473,No,Yes,87,2001
STR-800142,2024-04-23,Track_1715,Artist_131,Hip-Hop,Germany,Tablet,Premium Individual,307,28808,No,No,64,2008
STR-800043,2024-04-24,Track_492,Artist_147,Indie,United States,Smart TV,Premium Individual,151,204087,No,Yes,80,2009
STR-803983,2024-04-24,Track_1646,Artist_50,Devotional,Brazil,Tablet,Premium Student,311,147505,No,Yes,68,2021
STR-803852,2024-04-24,Track_983,Artist_90,Jazz,United Kingdom,Desktop,Free,264,336625,Yes,No,88,1995
STR-801642,2024-04-24,Track_523,Artist_69,Pop,Germany,Desktop,Premium Student,313,203028,No,Yes,93,2011
STR-803290,2024-04-24,Track_2300,Artist_11,Jazz,Brazil,Tablet,Free,139,148975,Yes,No,3,1991
STR-802408,2024-04-24,Track_2432,Artist_119,Rock,Canada,Smartphone,Free,240,152959,No,Yes,77,1995
STR-801596,2024-04-24,Track_862,Artist_121,Bollywood,Canada,Tablet,Free,280,231862,No,No,49,2001
STR-803108,2024-04-24,Track_2198,Artist_146,Pop,India,Tablet,Premium Individual,295,140460,No,No,13,1995
STR-803451,2024-04-24,Track_1993,Artist_127,Bollywood,Germany,Desktop,Premium Family,323,108915,Yes,Yes,60,2007
STR-801227,2024-04-24,Track_994,Artist_54,Electronic,India,Smartphone,Free,220,167910,No,Yes,69,1999
STR-802139,2024-04-25,Track_388,Artist_102,Rock,Brazil,Smartphone,Premium Individual,200,273823,Yes,No,92,2005
STR-802522,2024-04-25,Track_484,Artist_79,Bollywood,United Kingdom,Smart TV,Premium Family,201,194359,No,No,15,1991
STR-800118,2024-04-25,Track_1720,Artist_57,R&B,Germany,Smart TV,Premium Individual,269,330431,No,No,26,2000
STR-800779,2024-04-25,Track_843,Artist_20,R&B,Brazil,Smart Speaker,Premium Individual,225,17855,No,Yes,24,2015
STR-800660,2024-04-25,Track_1197,Artist_108,Rock,Canada,Desktop,Premium Individual,176,6931,No,No,43,2023
STR-802133,2024-04-25,Track_154,Artist_60,Pop,Germany,Smart Speaker,Free,350,234143,No,No,92,2022
STR-803912,2024-04-25,Track_1164,Artist_65,Devotional,United States,Smart Speaker,Premium Family,172,69022,No,Yes,89,1992
STR-800679,2024-04-25,Track_536,Artist_149,Devotional,Japan,Tablet,Free,219,182217,No,Yes,85,2022
STR-800884,2024-04-25,Track_2107,Artist_77,R&B,United States,Tablet,Free,229,148544,No,No,87,1996
STR-803759,2024-04-25,Track_1092,Artist_147,Pop,Australia,Smart TV,Premium Individual,158,325349,No,Yes,57,2004
STR-800172,2024-04-25,Track_932,Artist_112,Bollywood,India,Desktop,Free,280,183874,No,No,95,1994
STR-802874,2024-04-26,Track_291,Artist_36,Indie,India,Smartphone,Premium Individual,256,335454,Yes,Yes,69,1999
STR-804036,2024-04-26,Track_1529,Artist_70,Bollywood,United Kingdom,Smart TV,Free,170,193043,Yes,Yes,3,2018
STR-803808,2024-04-26,Track_1121,Artist_106,Electronic,Japan,Tablet,Premium Individual,310,173812,No,Yes,39,1991
STR-803688,2024-04-26,Track_447,Artist_97,R&B,Brazil,Smart Speaker,Premium Individual,283,20735,No,Yes,18,2021
STR-800398,2024-04-26,Track_802,Artist_21,Pop,Germany,Smart Speaker,Premium Individual,141,155569,No,No,83,1994
STR-802559,2024-04-26,Track_625,Artist_71,Hip-Hop,Germany,Smartphone,Free,321,134108,Yes,No,25,1992
STR-803338,2024-04-26,Track_601,Artist_125,Bollywood,Canada,Tablet,Premium Individual,271,103261,No,Yes,36,1997
STR-803906,2024-04-27,Track_2256,Artist_44,Electronic,Australia,Desktop,Premium Family,286,78475,No,Yes,48,1991
STR-803244,2024-04-27,Track_193,Artist_110,Devotional,Canada,Smart Speaker,Premium Family,262,157530,No,Yes,48,1993
STR-800928,2024-04-27,Track_2294,Artist_105,R&B,Germany,Tablet,Free,288,27590,No,Yes,78,2018
STR-802467,2024-04-27,Track_2230,Artist_97,Indie,United Kingdom,Tablet,Premium Individual,264,249129,Yes,No,73,2024
STR-800260,2024-04-27,Track_835,Artist_140,Pop,Japan,Smart TV,Free,297,56928,No,Yes,33,2002
STR-803011,2024-04-27,Track_835,Artist_99,R&B,India,Smart Speaker,Free,298,81642,No,No,57,2005
STR-801298,2024-04-28,Track_2047,Artist_84,Bollywood,Germany,Desktop,Premium Family,339,208813,Yes,Yes,37,2018
STR-800963,2024-04-28,Track_2308,Artist_40,Classical,Canada,Desktop,Premium Individual,126,350936,No,No,47,2012
STR-801558,2024-04-28,Track_1570,Artist_150,Rock,Japan,Tablet,Premium Individual,130,264709,Yes,Yes,13,1997
STR-802925,2024-04-28,Track_1658,Artist_118,Indie,Brazil,Smart Speaker,Free,216,101702,No,Yes,34,2004
STR-801644,2024-04-28,Track_1781,Artist_150,R&B,United Kingdom,Tablet,Premium Family,298,20315,No,No,87,1995
STR-803680,2024-04-28,Track_1863,Artist_31,Classical,India,Desktop,Premium Family,336,118127,No,Yes,73,1995
STR-803098,2024-04-29,Track_1378,Artist_94,Rock,Japan,Smart TV,Premium Family,139,41718,No,Yes,80,1991
STR-801156,2024-04-29,Track_1669,Artist_44,Pop,Japan,Smart TV,Premium Individual,184,333352,No,No,95,2005
STR-800127,2024-04-29,Track_855,Artist_80,Bollywood,Canada,Smart Speaker,Premium Family,289,305692,No,Yes,88,2021
STR-802300,2024-04-29,Track_1423,Artist_141,Rock,India,Smart TV,Free,296,25031,Yes,No,64,2017
STR-803880,2024-04-30,Track_442,Artist_64,Electronic,Brazil,Smart TV,Premium Individual,217,138779,No,Yes,34,2008
STR-802894,2024-04-30,Track_485,Artist_50,Pop,India,Smart TV,Free,350,63633,No,Yes,46,1998
STR-803547,2024-04-30,Track_1798,Artist_22,Hip-Hop,Canada,Smartphone,Premium Family,139,94090,No,Yes,1,2008
STR-802166,2024-04-30,Track_995,Artist_4,Jazz,United States,Desktop,Free,250,9594,No,No,27,2010
STR-800990,2024-04-30,Track_1238,Artist_93,R&B,Germany,Smartphone,Premium Individual,170,220221,Yes,Yes,17,2005
STR-800413,2024-04-30,Track_764,Artist_83,Rock,United Kingdom,Tablet,Free,254,276359,Yes,No,94,1993
STR-800285,2024-04-30,Track_1148,Artist_86,Rock,India,Smart Speaker,Premium Individual,120,166346,No,No,20,2001
STR-801866,2024-04-30,Track_2202,Artist_55,Indie,United States,Smartphone,Free,283,13745,No,Yes,82,2017
STR-800945,2024-05-01,Track_2389,Artist_81,Jazz,India,Desktop,Free,275,306406,No,No,69,1996
STR-802308,2024-05-01,Track_835,Artist_126,Hip-Hop,United States,Smart Speaker,Premium Family,353,348036,No,No,65,1991
STR-801924,2024-05-01,Track_503,Artist_94,R&B,Canada,Smartphone,Premium Family,244,24091,No,Yes,77,2008
STR-802254,2024-05-01,Track_1098,Artist_107,Electronic,Canada,Desktop,Premium Family,202,253468,No,Yes,100,2001
STR-802210,2024-05-01,Track_1703,Artist_145,Devotional,Canada,Smart Speaker,Premium Individual,183,33829,No,No,1,2000
STR-801678,2024-05-01,Track_976,Artist_60,Rock,Australia,Tablet,Premium Family,280,310365,No,Yes,42,2020
STR-803766,2024-05-01,Track_1120,Artist_134,Indie,Japan,Smartphone,Premium Family,124,25038,Yes,Yes,30,2022
STR-802416,2024-05-02,Track_615,Artist_111,Devotional,India,Smartphone,Free,291,188717,No,No,36,2010
STR-801700,2024-05-02,Track_474,Artist_62,Indie,Canada,Desktop,Free,257,179067,No,Yes,3,2017
STR-801500,2024-05-02,Track_1457,Artist_36,Indie,United Kingdom,Smart TV,Free,219,67335,Yes,Yes,92,2024
STR-802803,2024-05-02,Track_1922,Artist_131,Hip-Hop,United States,Smartphone,Premium Family,348,358197,No,No,57,2018
STR-802786,2024-05-03,Track_2032,Artist_55,Jazz,Canada,Desktop,Premium Family,296,105462,No,No,91,2004
STR-800448,2024-05-03,Track_788,Artist_69,Indie,Brazil,Smart Speaker,Premium Individual,208,165554,No,No,17,1995
STR-803672,2024-05-03,Track_377,Artist_117,Indie,Australia,Desktop,Premium Individual,329,249125,Yes,Yes,66,2017
STR-803554,2024-05-03,Track_1403,Artist_22,Devotional,Brazil,Smart TV,Premium Individual,271,316563,No,Yes,100,1990
STR-803714,2024-05-03,Track_30,Artist_97,Pop,Canada,Smart Speaker,Free,190,112127,No,Yes,85,2010
STR-802249,2024-05-04,Track_390,Artist_37,Electronic,Canada,Desktop,Premium Individual,345,74035,No,No,87,2005
STR-803607,2024-05-04,Track_1776,Artist_140,Electronic,India,Smart Speaker,Free,259,186485,No,Yes,64,2006
STR-800580,2024-05-04,Track_1431,Artist_96,Classical,United Kingdom,Smart TV,Free,284,225165,No,Yes,68,1990
STR-803028,2024-05-04,Track_1688,Artist_135,Indie,United Kingdom,Desktop,Free,265,294879,No,Yes,39,2015
STR-804006,2024-05-04,Track_375,Artist_84,Rock,Canada,Tablet,Premium Individual,279,102010,No,Yes,46,2021
STR-801775,2024-05-04,Track_1904,Artist_144,R&B,Canada,Smart TV,Free,199,344919,No,No,66,1990
STR-803113,2024-05-04,Track_631,Artist_12,R&B,Brazil,Smart Speaker,Premium Student,208,241739,No,Yes,19,1997
STR-802647,2024-05-04,Track_1965,Artist_5,R&B,United States,Smartphone,Premium Individual,333,323753,No,Yes,65,2011
STR-800637,2024-05-04,Track_485,Artist_107,R&B,Canada,Smart Speaker,Free,152,256672,No,No,45,1999
STR-800708,2024-05-04,Track_2025,Artist_115,Indie,India,Smart Speaker,Free,226,205840,No,Yes,62,2006
STR-800763,2024-05-05,Track_1654,Artist_62,Jazz,Brazil,Smart Speaker,Free,156,222261,No,Yes,80,2013
STR-801035,2024-05-05,Track_2448,Artist_88,Electronic,United States,Smart Speaker,Premium Individual,219,117629,No,No,30,2007
STR-801982,2024-05-05,Track_2073,Artist_99,Pop,Japan,Smartphone,Premium Individual,326,150862,Yes,No,51,1998
STR-800586,2024-05-05,Track_1311,Artist_41,Electronic,Australia,Tablet,Free,260,114005,No,Yes,60,2019
STR-802773,2024-05-05,Track_1852,Artist_116,Indie,United Kingdom,Tablet,Premium Individual,229,16587,Yes,Yes,30,1990
STR-802674,2024-05-06,Track_193,Artist_137,Hip-Hop,United States,Tablet,Premium Family,265,215341,No,Yes,27,2014
STR-800494,2024-05-06,Track_2134,Artist_64,Bollywood,Germany,Smart TV,Premium Individual,206,50219,No,Yes,77,2006
STR-802830,2024-05-06,Track_711,Artist_47,Jazz,Australia,Tablet,Premium Individual,134,55191,No,Yes,97,2003
STR-803203,2024-05-06,Track_378,Artist_29,Pop,Japan,Smartphone,Free,203,171996,No,No,37,2007
STR-800023,2024-05-06,Track_2017,Artist_149,Hip-Hop,Australia,Smart Speaker,Premium Family,347,30084,No,Yes,51,2016
STR-803062,2024-05-07,Track_1550,Artist_97,Jazz,Canada,Tablet,Free,142,287583,No,Yes,41,2021
STR-801951,2024-05-07,Track_1337,Artist_55,Hip-Hop,United States,Smartphone,Premium Student,247,318814,No,Yes,45,2007
STR-802823,2024-05-07,Track_2187,Artist_81,R&B,Japan,Smart TV,Free,166,34799,No,Yes,94,2014
STR-801616,2024-05-07,Track_2002,Artist_15,Classical,Canada,Desktop,Free,335,67886,Yes,No,4,1992
STR-803562,2024-05-07,Track_1967,Artist_96,R&B,Japan,Smartphone,Premium Individual,332,166309,No,No,92,1991
STR-803394,2024-05-07,Track_1644,Artist_47,Devotional,United Kingdom,Tablet,Premium Family,207,134361,No,No,55,2013
STR-802689,2024-05-07,Track_398,Artist_101,Electronic,United States,Tablet,Free,216,156747,Yes,Yes,62,2001
STR-803865,2024-05-07,Track_2308,Artist_48,Indie,Brazil,Tablet,Free,182,181919,No,No,82,1995
STR-801851,2024-05-07,Track_556,Artist_1,Hip-Hop,Australia,Tablet,Premium Individual,333,15994,No,Yes,2,1992
STR-801143,2024-05-07,Track_1099,Artist_116,Bollywood,Australia,Tablet,Premium Individual,164,129118,No,Yes,26,2007
STR-802310,2024-05-08,Track_1983,Artist_38,Jazz,Japan,Smart Speaker,Premium Individual,125,57248,No,Yes,27,1991
STR-800612,2024-05-08,Track_130,Artist_22,R&B,Brazil,Smart TV,Premium Individual,283,112254,Yes,Yes,67,2012
STR-800723,2024-05-08,Track_259,Artist_8,Bollywood,United Kingdom,Desktop,Premium Individual,209,79814,No,No,62,1999
STR-802942,2024-05-09,Track_2322,Artist_148,Indie,United Kingdom,Smartphone,Free,224,289956,No,Yes,74,1995
STR-801671,2024-05-09,Track_465,Artist_103,Classical,Canada,Smart TV,Premium Student,295,118959,No,No,68,2015
STR-803378,2024-05-09,Track_1010,Artist_131,Pop,Germany,Desktop,Premium Individual,278,36528,No,No,42,2007
STR-800124,2024-05-09,Track_931,Artist_66,Classical,India,Desktop,Premium Individual,122,119916,Yes,Yes,59,1999
STR-800019,2024-05-09,Track_2307,Artist_26,Devotional,Brazil,Tablet,Free,309,209690,No,Yes,14,2019
STR-800391,2024-05-09,Track_2486,Artist_74,Indie,Australia,Desktop,Free,259,277731,No,No,82,2013
STR-802648,2024-05-09,Track_2329,Artist_146,Electronic,Australia,Tablet,Premium Family,260,340768,No,No,64,2015
STR-801822,2024-05-09,Track_1920,Artist_107,Indie,India,Smartphone,Free,138,317007,No,Yes,43,2013
STR-802323,2024-05-10,Track_1470,Artist_140,Pop,Australia,Desktop,Free,258,19769,No,No,65,2007
STR-800263,2024-05-10,Track_1189,Artist_44,Indie,India,Smart TV,Free,227,281146,No,Yes,67,2009
STR-803243,2024-05-10,Track_272,Artist_99,R&B,Brazil,Smartphone,Free,198,146176,No,No,57,2023
STR-801247,2024-05-10,Track_1557,Artist_16,Bollywood,Japan,Tablet,Free,228,306582,No,No,62,1992
STR-803620,2024-05-11,Track_1123,Artist_82,Bollywood,Japan,Smart TV,Premium Family,293,77098,No,No,55,2022
STR-802883,2024-05-11,Track_1708,Artist_59,Classical,Brazil,Tablet,Premium Family,278,73337,No,No,74,2021
STR-803788,2024-05-11,Track_1592,Artist_22,R&B,Canada,Smart TV,Premium Individual,229,326438,No,No,62,2001
STR-802453,2024-05-11,Track_2358,Artist_23,Classical,India,Smart TV,Free,240,198963,No,Yes,26,2001
STR-803754,2024-05-12,Track_283,Artist_92,R&B,Canada,Smart TV,Premium Individual,246,165199,No,No,27,2004
STR-801975,2024-05-12,Track_688,Artist_127,Pop,India,Smart TV,Premium Student,279,61674,Yes,Yes,37,2024
STR-801734,2024-05-12,Track_2090,Artist_102,R&B,Canada,Tablet,Premium Individual,303,344225,No,No,10,2016
STR-801888,2024-05-12,Track_1994,Artist_51,Indie,United States,Desktop,Free,328,357279,Yes,No,43,2013
STR-800068,2024-05-12,Track_869,Artist_32,Devotional,Australia,Smartphone,Premium Individual,315,19157,Yes,Yes,65,2003
STR-802808,2024-05-12,Track_843,Artist_148,Jazz,Japan,Desktop,Free,344,312525,No,Yes,58,1990
STR-802966,2024-05-13,Track_733,Artist_108,Electronic,Germany,Tablet,Premium Family,287,145543,No,No,51,2003
STR-800381,2024-05-13,Track_465,Artist_84,Electronic,Canada,Tablet,Premium Student,230,151938,Yes,No,1,2021
STR-800665,2024-05-13,Track_1005,Artist_115,Pop,Japan,Desktop,Premium Individual,149,208276,No,No,46,1998
STR-801836,2024-05-13,Track_963,Artist_92,Devotional,India,Smartphone,Premium Individual,240,286155,No,No,47,2023
STR-802962,2024-05-13,Track_500,Artist_29,Hip-Hop,United Kingdom,Smart Speaker,Premium Family,221,352141,No,Yes,27,2005
STR-802782,2024-05-14,Track_2419,Artist_50,Pop,Australia,Smart Speaker,Premium Family,154,345100,Yes,Yes,70,2009
STR-801519,2024-05-14,Track_1798,Artist_146,Electronic,Germany,Smartphone,Free,156,67654,No,No,44,1993
STR-802639,2024-05-14,Track_905,Artist_137,Bollywood,United Kingdom,Smart TV,Free,305,324971,No,Yes,14,2016
STR-802762,2024-05-14,Track_1401,Artist_95,Pop,United States,Smart TV,Premium Family,253,79999,No,No,5,2012
STR-801372,2024-05-14,Track_1117,Artist_142,Rock,Germany,Desktop,Premium Family,335,298402,No,No,84,2020
STR-803791,2024-05-14,Track_611,Artist_58,Hip-Hop,India,Desktop,Premium Individual,314,193909,Yes,Yes,50,2024
STR-802885,2024-05-15,Track_1669,Artist_92,Pop,Australia,Smart TV,Free,274,53797,No,Yes,78,1994
STR-802297,2024-05-15,Track_799,Artist_26,Jazz,Australia,Smart TV,Premium Individual,261,43514,No,No,91,2004
STR-802328,2024-05-15,Track_1373,Artist_130,Indie,United States,Smartphone,Free,273,178548,Yes,Yes,9,1992
STR-802320,2024-05-15,Track_1296,Artist_94,Pop,United States,Smartphone,Premium Individual,298,159400,Yes,No,67,2003
STR-800253,2024-05-15,Track_1150,Artist_41,Devotional,Germany,Smartphone,Free,351,123656,No,No,40,2007
STR-801086,2024-05-16,Track_830,Artist_97,R&B,Canada,Smart Speaker,Premium Family,279,49656,No,No,90,2005
STR-800710,2024-05-16,Track_2108,Artist_36,Rock,Australia,Tablet,Premium Individual,271,76980,No,Yes,64,2010
STR-800549,2024-05-16,Track_1726,Artist_60,Electronic,India,Smart TV,Free,219,331056,Yes,No,42,1991
STR-803129,2024-05-16,Track_1124,Artist_91,Rock,Canada,Desktop,Premium Individual,337,349002,No,Yes,63,2022
STR-803498,2024-05-16,Track_471,Artist_61,Classical,India,Smart Speaker,Premium Individual,266,216080,No,No,39,2019
STR-800246,2024-05-16,Track_1225,Artist_13,R&B,Australia,Tablet,Premium Individual,329,129365,Yes,No,4,2015
STR-801237,2024-05-16,Track_1396,Artist_75,Pop,Australia,Tablet,Free,172,208865,Yes,No,92,2022
STR-803393,2024-05-17,Track_1845,Artist_5,Bollywood,Brazil,Smartphone,Premium Individual,321,72606,Yes,Yes,33,2002
STR-802573,2024-05-17,Track_2031,Artist_29,Rock,Canada,Smartphone,Premium Individual,160,327328,No,Yes,72,2004
STR-801509,2024-05-17,Track_13,Artist_22,Hip-Hop,Japan,Smart Speaker,Premium Individual,261,28128,No,Yes,70,2009
STR-802332,2024-05-17,Track_2191,Artist_39,Classical,Brazil,Smartphone,Premium Individual,297,342235,No,No,8,1995
STR-800221,2024-05-17,Track_1198,Artist_62,Hip-Hop,United States,Smart Speaker,Premium Individual,326,89965,Yes,No,98,2021
STR-803197,2024-05-17,Track_580,Artist_20,Jazz,Germany,Smart TV,Premium Individual,155,82167,No,No,35,1996
STR-800394,2024-05-18,Track_177,Artist_95,Jazz,Canada,Desktop,Premium Family,259,138210,Yes,Yes,85,1992
STR-801095,2024-05-18,Track_217,Artist_43,Jazz,Germany,Smartphone,Premium Family,288,41324,No,Yes,69,1992
STR-802091,2024-05-18,Track_2319,Artist_134,Pop,Japan,Desktop,Free,260,347787,No,No,94,2012
STR-800169,2024-05-18,Track_2260,Artist_66,Electronic,Germany,Smart TV,Premium Individual,169,62096,Yes,Yes,34,2007
STR-803354,2024-05-18,Track_1677,Artist_11,R&B,United Kingdom,Desktop,Free,217,89727,No,Yes,42,1997
STR-802675,2024-05-18,Track_1730,Artist_3,Pop,Japan,Smart Speaker,Free,162,87632,No,Yes,47,2001
STR-800323,2024-05-19,Track_299,Artist_39,Indie,Germany,Smartphone,Premium Individual,154,30664,No,Yes,86,2023
STR-803365,2024-05-19,Track_1070,Artist_73,Devotional,Australia,Tablet,Premium Individual,195,281706,Yes,No,22,1995
STR-800110,2024-05-19,Track_1041,Artist_70,Electronic,Canada,Desktop,Free,203,329705,No,Yes,57,2011
STR-801194,2024-05-19,Track_1276,Artist_33,Bollywood,Germany,Desktop,Premium Individual,130,319248,No,Yes,31,2000
STR-802379,2024-05-19,Track_2317,Artist_24,Rock,Japan,Smart Speaker,Premium Individual,194,215258,No,No,32,2002
STR-804041,2024-05-19,Track_620,Artist_132,Devotional,India,Smart TV,Premium Individual,238,269393,No,No,99,2021
STR-803548,2024-05-19,Track_1494,Artist_139,Hip-Hop,Australia,Smart Speaker,Free,230,128831,Yes,Yes,40,2008
STR-801007,2024-05-19,Track_1339,Artist_54,Classical,India,Smartphone,Premium Family,265,35689,No,No,98,1992
STR-802870,2024-05-20,Track_1456,Artist_73,Electronic,India,Smart TV,Free,334,259288,No,Yes,24,2013
STR-801527,2024-05-20,Track_1565,Artist_92,Devotional,Japan,Smart Speaker,Free,133,139405,No,Yes,41,2009
STR-800346,2024-05-20,Track_1037,Artist_95,Hip-Hop,Australia,Smartphone,Premium Family,189,199256,Yes,No,4,2009
STR-801497,2024-05-20,Track_748,Artist_58,Bollywood,United Kingdom,Tablet,Free,359,41386,No,No,88,2023
STR-802790,2024-05-20,Track_2011,Artist_1,Jazz,United Kingdom,Tablet,Premium Individual,164,262088,No,No,81,2014
STR-801429,2024-05-20,Track_1147,Artist_46,Electronic,Japan,Smartphone,Free,264,60004,No,Yes,58,2019
STR-803760,2024-05-21,Track_1498,Artist_30,Indie,Canada,Tablet,Premium Individual,355,161759,No,No,99,2016
STR-802724,2024-05-21,Track_1893,Artist_135,Devotional,United States,Smartphone,Premium Individual,353,324619,No,Yes,44,2000
STR-802901,2024-05-21,Track_474,Artist_92,Devotional,India,Tablet,Free,295,288513,Yes,Yes,11,2023
STR-803107,2024-05-21,Track_983,Artist_53,Electronic,Japan,Tablet,Free,179,196862,No,Yes,24,1996
STR-801781,2024-05-21,Track_1970,Artist_50,Bollywood,Brazil,Desktop,Free,302,116222,Yes,No,55,1992
STR-803594,2024-05-21,Track_1615,Artist_11,Rock,United States,Desktop,Premium Individual,146,178198,No,No,89,2004
STR-800256,2024-05-21,Track_1240,Artist_8,Electronic,Brazil,Smartphone,Free,225,325576,No,Yes,70,2024
STR-803815,2024-05-22,Track_1233,Artist_125,Bollywood,Canada,Tablet,Premium Student,176,338834,No,No,87,2011
STR-801831,2024-05-22,Track_2051,Artist_149,Pop,Australia,Smartphone,Premium Individual,173,305751,Yes,Yes,80,1998
STR-801986,2024-05-22,Track_2100,Artist_4,Bollywood,Australia,Smartphone,Free,140,224835,No,No,41,2004
STR-803501,2024-05-22,Track_1098,Artist_38,R&B,Japan,Tablet,Premium Family,170,105355,No,No,17,1990
STR-802129,2024-05-22,Track_1933,Artist_41,Rock,Brazil,Smart Speaker,Premium Family,268,7345,No,No,83,2013
STR-801711,2024-05-22,Track_842,Artist_41,Bollywood,Australia,Desktop,Premium Individual,318,203443,No,Yes,49,1998
STR-801971,2024-05-23,Track_1533,Artist_77,Devotional,Australia,Smart TV,Premium Student,169,204165,No,Yes,96,2008
STR-803151,2024-05-23,Track_1969,Artist_90,Electronic,Japan,Smart Speaker,Free,120,140236,Yes,No,96,2019
STR-803859,2024-05-23,Track_107,Artist_23,Devotional,Australia,Tablet,Free,164,232500,No,No,71,2023
STR-803897,2024-05-23,Track_1403,Artist_119,Jazz,United States,Smart Speaker,Free,141,37473,No,No,31,1999
STR-803426,2024-05-23,Track_937,Artist_71,Pop,India,Smart Speaker,Premium Individual,134,51213,No,No,10,1994
STR-803999,2024-05-23,Track_1003,Artist_62,Electronic,Japan,Desktop,Premium Individual,171,169318,No,Yes,100,2019
STR-802653,2024-05-23,Track_1063,Artist_9,Indie,United States,Smartphone,Free,197,10117,No,No,65,2008
STR-800620,2024-05-23,Track_1799,Artist_80,Rock,United States,Smartphone,Premium Student,227,283023,No,Yes,14,2000
STR-801885,2024-05-24,Track_750,Artist_77,Hip-Hop,Canada,Tablet,Premium Individual,331,302594,No,Yes,50,1994
STR-803138,2024-05-24,Track_982,Artist_85,Devotional,United Kingdom,Desktop,Premium Student,212,36699,No,No,18,2015
STR-802013,2024-05-24,Track_1937,Artist_57,R&B,Germany,Smart TV,Free,286,227250,Yes,No,97,2009
STR-800031,2024-05-25,Track_134,Artist_141,Pop,Brazil,Smart Speaker,Premium Family,325,355289,No,Yes,58,2013
STR-801474,2024-05-25,Track_2018,Artist_5,Devotional,Canada,Smartphone,Premium Family,263,145125,Yes,No,3,2001
STR-803974,2024-05-25,Track_936,Artist_150,Jazz,United States,Smartphone,Free,174,241476,Yes,Yes,83,2024
STR-802387,2024-05-25,Track_2425,Artist_109,Classical,Brazil,Smart TV,Premium Family,251,100966,Yes,Yes,12,2018
STR-804013,2024-05-25,Track_1680,Artist_129,Classical,India,Tablet,Premium Student,246,179696,Yes,Yes,55,2000
STR-803019,2024-05-25,Track_350,Artist_27,Rock,United Kingdom,Smartphone,Premium Family,155,18982,No,Yes,89,2011
STR-803040,2024-05-26,Track_2392,Artist_115,Bollywood,United States,Tablet,Premium Family,182,106456,No,Yes,58,1990
STR-800864,2024-05-26,Track_2247,Artist_90,Bollywood,United Kingdom,Tablet,Free,217,332135,No,Yes,91,2007
STR-802939,2024-05-26,Track_1302,Artist_24,Jazz,Japan,Smart Speaker,Premium Family,153,199444,No,Yes,79,1998
STR-801389,2024-05-26,Track_1147,Artist_97,Classical,United States,Smart TV,Free,286,205574,No,Yes,94,2013
STR-801246,2024-05-26,Track_1582,Artist_50,Pop,Japan,Smart Speaker,Free,300,254553,No,No,97,2023
STR-800269,2024-05-26,Track_2117,Artist_93,Classical,Brazil,Smart Speaker,Premium Family,236,287356,No,Yes,29,2018
STR-803864,2024-05-26,Track_1560,Artist_100,Devotional,Australia,Smart TV,Premium Student,128,159182,No,Yes,18,2011
STR-804163,2024-05-26,Track_1013,Artist_31,R&B,Japan,Tablet,Free,350,113458,No,Yes,9,1993
STR-801112,2024-05-26,Track_1986,Artist_118,Indie,United States,Desktop,Premium Student,197,141202,No,No,3,2003
STR-802758,2024-05-26,Track_1844,Artist_137,Electronic,Australia,Smartphone,Premium Individual,148,301204,No,No,29,2005
STR-800244,2024-05-26,Track_1726,Artist_89,Classical,Canada,Desktop,Premium Family,224,146831,No,No,58,2009
STR-800224,2024-05-26,Track_558,Artist_118,Bollywood,India,Desktop,Premium Family,200,121724,No,No,53,2020
STR-800163,2024-05-27,Track_1263,Artist_75,Electronic,India,Desktop,Free,178,163299,No,No,9,2000
STR-800651,2024-05-27,Track_942,Artist_137,Jazz,Germany,Desktop,Free,123,114822,No,No,96,1994
STR-800016,2024-05-27,Track_1271,Artist_10,Pop,Canada,Desktop,Free,152,171790,No,Yes,20,1991
STR-800514,2024-05-27,Track_416,Artist_46,Pop,United States,Smart TV,Free,231,257266,Yes,Yes,33,2015
STR-801833,2024-05-27,Track_2345,Artist_53,R&B,Germany,Smartphone,Premium Individual,238,331477,No,Yes,46,2010
STR-804198,2024-05-27,Track_1401,Artist_124,Pop,Japan,Smart TV,Free,157,221154,Yes,Yes,68,1999
STR-804192,2024-05-27,Track_1049,Artist_122,Indie,Australia,Tablet,Premium Individual,267,110691,No,Yes,38,1998
STR-802026,2024-05-27,Track_1630,Artist_71,Bollywood,United Kingdom,Smartphone,Premium Individual,334,106774,Yes,No,64,2009
STR-803181,2024-05-27,Track_2082,Artist_43,Indie,United Kingdom,Smartphone,Free,323,13398,No,Yes,94,1993
STR-803210,2024-05-28,Track_2205,Artist_25,Hip-Hop,Australia,Smartphone,Premium Individual,170,62719,No,No,10,2010
STR-802238,2024-05-28,Track_2446,Artist_95,Classical,India,Smart Speaker,Premium Family,181,90892,No,Yes,81,2018
STR-803694,2024-05-28,Track_1514,Artist_61,Hip-Hop,Germany,Tablet,Premium Individual,281,250657,No,Yes,24,2018
STR-803690,2024-05-28,Track_354,Artist_24,Classical,United Kingdom,Tablet,Free,356,207535,No,No,16,1995
STR-802980,2024-05-28,Track_2190,Artist_68,Devotional,Canada,Smart Speaker,Free,310,149782,Yes,Yes,37,2023
STR-803419,2024-05-28,Track_1033,Artist_60,Pop,Australia,Desktop,Free,223,90090,Yes,No,48,2019
STR-801567,2024-05-28,Track_631,Artist_24,Indie,Canada,Smartphone,Free,257,102673,Yes,Yes,39,2023
STR-804166,2024-05-28,Track_916,Artist_133,Jazz,India,Desktop,Premium Family,132,80229,No,No,23,2023
STR-801950,2024-05-28,Track_872,Artist_130,Bollywood,United Kingdom,Smart Speaker,Premium Student,254,132462,No,Yes,87,2001
STR-802510,2024-05-29,Track_123,Artist_70,Bollywood,Japan,Smartphone,Free,202,294903,No,Yes,3,1996
STR-801614,2024-05-29,Track_1207,Artist_124,Electronic,United Kingdom,Desktop,Free,321,55810,No,Yes,23,2003
STR-804095,2024-05-29,Track_2424,Artist_32,Pop,Canada,Desktop,Premium Individual,295,342982,No,No,91,2023
STR-801674,2024-05-29,Track_1432,Artist_13,Electronic,Australia,Smart TV,Free,258,142583,No,No,3,2011
STR-801583,2024-05-29,Track_1298,Artist_29,Rock,United Kingdom,Tablet,Premium Individual,160,248828,No,No,11,2017
STR-803878,2024-05-30,Track_2352,Artist_5,Hip-Hop,India,Desktop,Premium Individual,224,147250,No,No,72,2024
STR-800633,2024-05-30,Track_968,Artist_126,Electronic,Germany,Desktop,Premium Individual,340,91797,No,Yes,5,2000
STR-803402,2024-05-30,Track_1093,Artist_110,Classical,Japan,Tablet,Premium Family,322,207611,No,No,75,2014
STR-803753,2024-05-30,Track_920,Artist_69,Pop,Brazil,Smartphone,Premium Family,326,90028,No,No,3,1992
STR-800757,2024-05-30,Track_1557,Artist_54,Jazz,Australia,Desktop,Free,223,263381,No,No,7,2012
STR-802722,2024-05-30,Track_1894,Artist_79,Indie,Brazil,Tablet,Free,167,18146,Yes,Yes,60,2019
STR-803004,2024-05-31,Track_115,Artist_11,Classical,Germany,Tablet,Free,226,11776,No,No,55,2008
STR-800630,2024-05-31,Track_1371,Artist_47,Pop,Germany,Desktop,Premium Family,288,164511,No,Yes,100,1992
STR-802730,2024-05-31,Track_430,Artist_72,Pop,Australia,Smartphone,Premium Family,311,18567,No,Yes,48,2015
STR-800649,2024-05-31,Track_1510,Artist_5,Electronic,United States,Tablet,Premium Individual,262,182982,No,Yes,39,2002
STR-800390,2024-05-31,Track_2170,Artist_35,Classical,United States,Smart TV,Premium Family,196,151218,No,No,25,2008
STR-800862,2024-05-31,Track_2039,Artist_53,Hip-Hop,Canada,Smartphone,Free,317,328242,No,No,72,2010
STR-802327,2024-05-31,Track_853,Artist_144,Classical,United States,Smart TV,Premium Student,330,128044,No,Yes,91,2003
STR-800105,2024-06-01,Track_1720,Artist_148,Pop,Australia,Smart TV,Free,122,355241,No,No,17,2006
STR-801839,2024-06-01,Track_1950,Artist_3,Devotional,India,Smartphone,Premium Individual,294,357576,No,No,68,1999
STR-802035,2024-06-01,Track_235,Artist_41,Electronic,Japan,Smart TV,Premium Family,208,155358,No,Yes,50,1994
STR-802924,2024-06-01,Track_1182,Artist_37,Devotional,Brazil,Smart Speaker,Premium Individual,264,47985,Yes,Yes,85,2000
STR-801341,2024-06-01,Track_1114,Artist_136,Classical,India,Smart TV,Premium Family,175,103904,No,No,2,1995
STR-803990,2024-06-01,Track_2470,Artist_147,Pop,Brazil,Desktop,Premium Student,172,64376,No,No,47,2022
STR-800371,2024-06-01,Track_581,Artist_103,Devotional,Canada,Smartphone,Free,352,123659,No,Yes,20,2021
STR-802794,2024-06-01,Track_1194,Artist_82,Hip-Hop,India,Tablet,Free,352,346900,No,Yes,9,2003
STR-802742,2024-06-01,Track_1215,Artist_26,Electronic,United States,Desktop,Premium Family,184,312921,No,No,24,1992
STR-803065,2024-06-02,Track_1985,Artist_116,Hip-Hop,Germany,Smartphone,Premium Individual,256,181784,No,Yes,85,2006
STR-804145,2024-06-02,Track_240,Artist_48,Electronic,India,Smart Speaker,Free,241,340002,Yes,Yes,34,2018
STR-802007,2024-06-02,Track_1996,Artist_55,Classical,United States,Smart Speaker,Premium Family,166,163582,Yes,No,5,1992
STR-801992,2024-06-02,Track_2348,Artist_2,Indie,United Kingdom,Tablet,Premium Individual,288,275858,Yes,No,5,2015
STR-803512,2024-06-02,Track_1225,Artist_119,Bollywood,Brazil,Smart Speaker,Premium Individual,181,290453,Yes,Yes,81,2013
STR-801286,2024-06-02,Track_1653,Artist_90,Jazz,Brazil,Smart TV,Free,240,70714,No,No,30,2000
STR-801487,2024-06-02,Track_68,Artist_56,Classical,United States,Smart Speaker,Free,141,203557,No,Yes,13,2009
STR-800005,2024-06-02,Track_502,Artist_116,Indie,Australia,Smart Speaker,Premium Family,336,311707,Yes,Yes,69,1991
STR-801102,2024-06-02,Track_455,Artist_77,Indie,India,Smart Speaker,Premium Family,247,302763,No,No,84,1999
STR-800933,2024-06-02,Track_1226,Artist_140,Indie,India,Smart TV,Premium Individual,231,148220,No,Yes,82,2020
STR-804112,2024-06-02,Track_475,Artist_130,R&B,Canada,Smart Speaker,Premium Individual,273,343931,No,Yes,62,1999
STR-802943,2024-06-02,Track_1326,Artist_94,R&B,Germany,Tablet,Free,183,308628,No,Yes,63,2013
STR-803446,2024-06-02,Track_2082,Artist_50,Indie,Germany,Smart Speaker,Premium Individual,212,151745,Yes,No,36,1999
STR-801577,2024-06-03,Track_340,Artist_76,Bollywood,Brazil,Smartphone,Free,290,16025,No,No,84,2009
STR-801060,2024-06-03,Track_959,Artist_57,Bollywood,India,Tablet,Premium Family,139,58725,No,Yes,27,1996
STR-802454,2024-06-03,Track_1988,Artist_44,R&B,United States,Smart TV,Premium Individual,357,37617,No,No,91,2001
STR-800881,2024-06-03,Track_1413,Artist_57,Jazz,United States,Tablet,Free,253,235804,No,No,55,1998
STR-801364,2024-06-03,Track_64,Artist_128,Indie,United Kingdom,Tablet,Free,252,128501,No,No,93,2020
STR-803322,2024-06-04,Track_2019,Artist_123,Electronic,Canada,Smartphone,Free,162,353035,No,Yes,100,2013
STR-801125,2024-06-04,Track_2423,Artist_55,Jazz,Brazil,Smartphone,Premium Individual,309,248403,No,No,17,2004
STR-803231,2024-06-04,Track_2108,Artist_15,Pop,United States,Tablet,Premium Individual,340,283751,No,Yes,92,2013
STR-801177,2024-06-04,Track_226,Artist_97,Rock,Australia,Smart Speaker,Free,162,336838,No,Yes,97,2009
STR-800087,2024-06-04,Track_2406,Artist_134,Pop,United States,Smart Speaker,Premium Individual,206,336397,Yes,No,29,2008
STR-803357,2024-06-04,Track_142,Artist_78,Pop,Canada,Smart Speaker,Premium Individual,310,153268,Yes,No,98,2003
STR-802358,2024-06-04,Track_162,Artist_92,Bollywood,Japan,Smartphone,Premium Family,270,345279,No,Yes,65,2018
STR-802228,2024-06-04,Track_967,Artist_28,Electronic,Germany,Desktop,Free,331,140843,No,No,67,2016
STR-802262,2024-06-04,Track_1692,Artist_149,Rock,Japan,Tablet,Free,134,77978,No,Yes,45,2014
STR-801184,2024-06-05,Track_61,Artist_46,Indie,United States,Desktop,Premium Student,281,119960,No,Yes,43,2005
STR-804108,2024-06-05,Track_428,Artist_84,Devotional,Brazil,Tablet,Free,293,338088,No,No,27,2010
STR-801526,2024-06-06,Track_328,Artist_103,Electronic,Australia,Smart Speaker,Free,186,299127,No,Yes,65,2013
STR-802540,2024-06-06,Track_906,Artist_78,Bollywood,Japan,Smart Speaker,Free,233,266456,No,No,84,2021
STR-804156,2024-06-07,Track_1475,Artist_70,R&B,Canada,Tablet,Premium Individual,158,328916,No,No,83,2018
STR-803776,2024-06-07,Track_714,Artist_143,R&B,Australia,Smart TV,Premium Family,136,128957,No,Yes,73,2009
STR-802961,2024-06-07,Track_1611,Artist_71,Bollywood,United Kingdom,Smartphone,Premium Individual,217,90323,No,Yes,45,1991
STR-803812,2024-06-07,Track_1945,Artist_65,Pop,Brazil,Desktop,Premium Student,186,88407,No,No,54,2015
STR-800194,2024-06-08,Track_845,Artist_112,R&B,Brazil,Tablet,Free,207,272118,No,No,94,1994
STR-803840,2024-06-08,Track_319,Artist_95,Electronic,Australia,Desktop,Premium Student,185,269128,No,Yes,6,1994
STR-800308,2024-06-08,Track_496,Artist_4,Electronic,Japan,Smart TV,Premium Individual,241,76219,No,Yes,25,2014
STR-800585,2024-06-09,Track_1210,Artist_59,Pop,Australia,Smartphone,Free,293,7115,Yes,Yes,72,2010
STR-801477,2024-06-09,Track_1844,Artist_75,Bollywood,Australia,Smart TV,Premium Family,178,141020,No,Yes,87,2000
STR-803901,2024-06-09,Track_1667,Artist_137,Devotional,India,Smart TV,Premium Individual,173,243946,Yes,Yes,37,1996
STR-800957,2024-06-09,Track_2183,Artist_117,R&B,Australia,Smart TV,Premium Family,196,151756,No,Yes,79,2016
STR-801554,2024-06-09,Track_1473,Artist_1,Indie,Canada,Smart TV,Free,196,148229,No,Yes,81,2008
STR-801182,2024-06-09,Track_972,Artist_71,Pop,Australia,Smart Speaker,Free,139,165773,No,Yes,17,2006
STR-802666,2024-06-09,Track_2176,Artist_58,Devotional,Brazil,Smartphone,Premium Student,233,191266,No,No,30,2018
STR-804131,2024-06-09,Track_1396,Artist_26,Indie,United States,Tablet,Premium Student,278,185291,No,Yes,93,2022
STR-803988,2024-06-09,Track_2167,Artist_144,Classical,United States,Smart TV,Free,293,79884,No,Yes,66,2002
STR-801743,2024-06-09,Track_85,Artist_46,Pop,Brazil,Smart TV,Free,342,311975,No,No,12,2022
STR-803404,2024-06-10,Track_2111,Artist_90,Electronic,Canada,Smart Speaker,Premium Individual,189,272304,No,Yes,21,1991
STR-800193,2024-06-10,Track_2445,Artist_141,Pop,Germany,Tablet,Free,140,39933,No,Yes,17,2011
STR-801349,2024-06-10,Track_1289,Artist_120,Rock,United States,Smart Speaker,Free,276,37756,No,No,42,2001
STR-800122,2024-06-10,Track_1303,Artist_127,Rock,Canada,Smart TV,Premium Student,262,235471,No,Yes,2,2014
STR-800848,2024-06-10,Track_344,Artist_38,Devotional,India,Desktop,Free,129,75989,Yes,No,46,1995
STR-801409,2024-06-10,Track_1613,Artist_51,Classical,Germany,Tablet,Premium Family,179,157770,No,No,88,2013
STR-801640,2024-06-10,Track_2299,Artist_43,Jazz,United States,Tablet,Premium Family,355,124217,Yes,Yes,31,2006
STR-800944,2024-06-11,Track_1077,Artist_89,Rock,United Kingdom,Smart TV,Premium Family,225,120995,No,Yes,97,1995
STR-801618,2024-06-11,Track_52,Artist_132,Pop,Germany,Desktop,Premium Individual,191,327307,No,Yes,23,2005
STR-802433,2024-06-11,Track_1618,Artist_20,Pop,Australia,Smart Speaker,Free,315,306155,Yes,Yes,60,2002
STR-803447,2024-06-11,Track_1271,Artist_55,Indie,United States,Tablet,Free,183,203541,No,No,40,1996
STR-801941,2024-06-11,Track_472,Artist_91,Bollywood,Canada,Desktop,Premium Student,358,49165,Yes,Yes,87,2024
STR-803595,2024-06-11,Track_355,Artist_11,Hip-Hop,Brazil,Smartphone,Free,207,216612,No,No,66,2007
STR-803935,2024-06-12,Track_1821,Artist_117,Classical,Canada,Smartphone,Free,229,105651,No,Yes,14,1990
STR-802374,2024-06-12,Track_1459,Artist_60,Jazz,Brazil,Desktop,Free,194,192727,Yes,Yes,58,2023
STR-801411,2024-06-12,Track_600,Artist_83,R&B,Brazil,Tablet,Premium Family,343,18620,No,Yes,77,2022
STR-801778,2024-06-12,Track_1029,Artist_125,Pop,United States,Desktop,Free,314,15578,No,No,27,2022
STR-801243,2024-06-12,Track_2017,Artist_142,R&B,Australia,Tablet,Premium Family,268,35322,No,No,11,2017
STR-801159,2024-06-12,Track_914,Artist_121,Rock,Canada,Desktop,Free,238,195596,No,Yes,87,2006
STR-802248,2024-06-12,Track_2404,Artist_102,R&B,Brazil,Smart TV,Premium Individual,299,233598,No,Yes,95,1999
STR-800930,2024-06-13,Track_572,Artist_119,Hip-Hop,India,Desktop,Free,204,115161,Yes,Yes,48,2017
STR-802018,2024-06-13,Track_137,Artist_64,Classical,Brazil,Desktop,Free,223,326093,No,Yes,77,2013
STR-800065,2024-06-13,Track_1864,Artist_72,Hip-Hop,Germany,Smartphone,Free,356,286360,Yes,Yes,13,2021
STR-800481,2024-06-13,Track_1156,Artist_58,Indie,Japan,Desktop,Premium Individual,205,295634,No,Yes,58,2021
STR-803126,2024-06-13,Track_1698,Artist_36,Jazz,Australia,Tablet,Premium Individual,326,337956,No,Yes,25,2007
STR-801381,2024-06-13,Track_1695,Artist_92,Hip-Hop,India,Desktop,Premium Family,350,5012,Yes,Yes,53,2008
STR-801677,2024-06-13,Track_181,Artist_75,Pop,Brazil,Desktop,Premium Student,325,6790,No,Yes,14,2013
STR-800522,2024-06-14,Track_587,Artist_31,R&B,United Kingdom,Smartphone,Free,330,329359,No,Yes,97,2004
STR-800952,2024-06-14,Track_959,Artist_61,Classical,Canada,Smart TV,Premium Individual,338,56252,Yes,No,93,1992
STR-801832,2024-06-14,Track_1160,Artist_42,Hip-Hop,Brazil,Tablet,Free,263,246195,Yes,Yes,26,1994
STR-801998,2024-06-14,Track_2243,Artist_109,Jazz,Australia,Desktop,Free,308,102922,No,Yes,7,2018
STR-803733,2024-06-15,Track_658,Artist_33,Jazz,Brazil,Smartphone,Premium Family,235,154244,No,Yes,76,2010
STR-801692,2024-06-16,Track_456,Artist_63,R&B,Australia,Smart TV,Premium Individual,246,277562,No,No,29,2016
STR-804102,2024-06-16,Track_796,Artist_26,R&B,Germany,Tablet,Premium Individual,206,66131,No,Yes,37,1998
STR-801892,2024-06-16,Track_1181,Artist_15,Bollywood,United States,Smart TV,Free,320,303647,No,No,35,2012
STR-800520,2024-06-16,Track_1123,Artist_90,Hip-Hop,Australia,Smart TV,Premium Family,203,88644,No,No,1,2015
STR-803929,2024-06-17,Track_210,Artist_49,R&B,Brazil,Smartphone,Free,322,181997,Yes,Yes,35,2008
STR-800531,2024-06-17,Track_573,Artist_65,Bollywood,Canada,Tablet,Premium Family,182,31369,No,Yes,25,1994
STR-800835,2024-06-17,Track_601,Artist_138,Indie,Japan,Smart Speaker,Premium Individual,279,95021,No,Yes,57,1999
STR-802865,2024-06-17,Track_340,Artist_148,Pop,Germany,Smart TV,Free,206,56780,Yes,No,59,2000
STR-802552,2024-06-17,Track_96,Artist_67,Hip-Hop,Brazil,Tablet,Premium Student,336,333441,No,No,81,2011
STR-801927,2024-06-18,Track_1960,Artist_92,Devotional,Canada,Tablet,Premium Individual,332,161732,No,Yes,91,1995
STR-802800,2024-06-18,Track_443,Artist_150,R&B,Brazil,Smartphone,Premium Student,304,182748,Yes,Yes,20,2015
STR-802922,2024-06-18,Track_2404,Artist_46,Bollywood,Germany,Tablet,Premium Student,283,42578,Yes,No,97,1990
STR-801138,2024-06-18,Track_633,Artist_78,Electronic,Australia,Tablet,Free,145,64963,No,Yes,4,2001
STR-804067,2024-06-18,Track_418,Artist_48,Hip-Hop,Germany,Tablet,Free,171,18049,No,No,17,2014
STR-800785,2024-06-18,Track_23,Artist_130,Rock,Japan,Tablet,Premium Individual,304,34337,No,Yes,94,1997
STR-800544,2024-06-18,Track_2313,Artist_122,Classical,Brazil,Smart Speaker,Premium Family,172,122666,No,Yes,55,2021
STR-803415,2024-06-19,Track_1657,Artist_81,Rock,Japan,Tablet,Premium Individual,165,195741,No,No,11,2009
STR-802697,2024-06-19,Track_2197,Artist_7,Pop,Germany,Smart TV,Premium Individual,270,131938,No,Yes,72,2021
STR-801092,2024-06-19,Track_1137,Artist_123,Indie,Australia,Smartphone,Premium Individual,307,69501,No,No,91,1999
STR-801717,2024-06-19,Track_1241,Artist_150,Devotional,India,Smart Speaker,Free,357,174522,Yes,Yes,91,2000
STR-800601,2024-06-19,Track_1188,Artist_20,Electronic,United States,Tablet,Free,232,249945,No,Yes,58,2021
STR-800865,2024-06-19,Track_2154,Artist_104,Pop,United States,Smart Speaker,Free,141,108793,No,Yes,67,2013
STR-802861,2024-06-19,Track_631,Artist_129,Rock,United Kingdom,Smartphone,Premium Family,173,325640,No,Yes,66,2022
STR-800954,2024-06-20,Track_1568,Artist_76,Jazz,Germany,Desktop,Premium Individual,188,323806,No,Yes,80,2003
STR-801279,2024-06-20,Track_481,Artist_101,Hip-Hop,Australia,Smartphone,Premium Individual,122,79786,No,No,13,2015
STR-800426,2024-06-20,Track_628,Artist_12,Electronic,Australia,Smart TV,Free,312,314238,Yes,No,94,1998
STR-803306,2024-06-20,Track_2364,Artist_37,R&B,Japan,Desktop,Premium Family,272,138885,Yes,Yes,36,2022
STR-801828,2024-06-20,Track_399,Artist_26,Devotional,United Kingdom,Smartphone,Premium Individual,179,328434,Yes,No,66,1993
STR-800198,2024-06-20,Track_791,Artist_105,Electronic,Australia,Tablet,Premium Individual,207,127407,No,No,96,1994
STR-802128,2024-06-20,Track_1696,Artist_137,Rock,Canada,Tablet,Free,124,32581,No,Yes,30,2024
STR-801667,2024-06-21,Track_2295,Artist_83,R&B,United Kingdom,Desktop,Premium Individual,232,324572,No,Yes,7,2022
STR-802439,2024-06-21,Track_1833,Artist_39,Rock,United Kingdom,Tablet,Premium Individual,272,147840,No,No,11,1991
STR-801879,2024-06-21,Track_1123,Artist_2,Electronic,Japan,Smartphone,Free,167,228479,No,No,16,1997
STR-802446,2024-06-21,Track_1742,Artist_76,Indie,United Kingdom,Smart TV,Free,182,62129,Yes,Yes,93,1998
STR-803384,2024-06-21,Track_1391,Artist_112,Devotional,Brazil,Tablet,Free,349,37828,No,Yes,22,2005
STR-803342,2024-06-21,Track_1483,Artist_46,Indie,Canada,Smart TV,Premium Individual,139,70452,No,No,31,2022
STR-801901,2024-06-21,Track_196,Artist_101,Rock,Brazil,Smartphone,Premium Family,298,17178,No,Yes,71,2015
STR-802355,2024-06-22,Track_2158,Artist_3,Bollywood,Canada,Smart TV,Free,356,5934,No,Yes,74,1996
STR-801898,2024-06-22,Track_1897,Artist_43,Bollywood,United States,Desktop,Premium Family,201,137558,No,Yes,36,2019
STR-802692,2024-06-22,Track_1229,Artist_102,Pop,United States,Smartphone,Free,204,35836,No,Yes,78,2009
STR-803957,2024-06-22,Track_1365,Artist_145,Bollywood,Canada,Smartphone,Free,190,55843,Yes,No,50,2007
STR-800838,2024-06-23,Track_874,Artist_68,R&B,United Kingdom,Tablet,Premium Family,169,267503,No,No,9,2016
STR-801328,2024-06-23,Track_1263,Artist_124,Bollywood,United States,Smart TV,Premium Individual,128,158143,No,No,82,1992
STR-803193,2024-06-23,Track_508,Artist_82,R&B,Canada,Tablet,Free,149,20360,Yes,Yes,54,2004
STR-801768,2024-06-23,Track_2291,Artist_93,Hip-Hop,United States,Smartphone,Free,221,306485,No,Yes,5,2022
STR-801285,2024-06-23,Track_864,Artist_4,Classical,Canada,Desktop,Free,146,257101,No,Yes,92,2007
STR-800698,2024-06-23,Track_180,Artist_106,Indie,Germany,Smart Speaker,Free,170,262529,No,Yes,85,2011
STR-802831,2024-06-23,Track_636,Artist_39,Jazz,India,Desktop,Free,288,292089,No,Yes,63,2019
STR-803977,2024-06-23,Track_367,Artist_115,Classical,India,Smartphone,Premium Family,137,314543,No,No,4,1996
STR-802095,2024-06-23,Track_354,Artist_14,Classical,Canada,Desktop,Premium Family,235,196706,No,No,46,2023
STR-804194,2024-06-24,Track_161,Artist_142,Electronic,Germany,Tablet,Premium Individual,312,183674,No,Yes,25,2005
STR-800128,2024-06-24,Track_1786,Artist_132,Indie,Japan,Smart Speaker,Premium Student,171,205270,Yes,No,37,2010
STR-802214,2024-06-24,Track_2382,Artist_41,Electronic,Australia,Tablet,Premium Individual,345,328808,Yes,No,68,2008
STR-804143,2024-06-24,Track_671,Artist_81,Indie,Australia,Smart TV,Free,290,346196,Yes,Yes,36,2003
STR-801661,2024-06-24,Track_1733,Artist_7,Classical,Japan,Smartphone,Premium Student,131,64286,No,Yes,19,1994
STR-800312,2024-06-24,Track_1416,Artist_13,Jazz,Germany,Smart Speaker,Premium Family,290,152200,Yes,No,64,1995
STR-801736,2024-06-24,Track_1855,Artist_125,R&B,United Kingdom,Desktop,Free,183,270109,Yes,Yes,94,2013
STR-800182,2024-06-25,Track_21,Artist_82,Hip-Hop,United Kingdom,Desktop,Premium Individual,313,354534,Yes,Yes,42,2016
STR-802468,2024-06-25,Track_32,Artist_150,Classical,United States,Tablet,Free,250,275675,No,No,88,2008
STR-803007,2024-06-25,Track_2426,Artist_39,Bollywood,United Kingdom,Smart TV,Premium Student,244,286405,No,Yes,37,1998
STR-800969,2024-06-25,Track_953,Artist_21,Classical,Brazil,Smartphone,Free,289,359904,No,Yes,10,1992
STR-800539,2024-06-25,Track_2263,Artist_141,Indie,Canada,Tablet,Free,267,92337,Yes,Yes,5,2012
STR-801324,2024-06-25,Track_2121,Artist_8,Electronic,Canada,Tablet,Premium Student,224,128414,No,Yes,47,2019
STR-802181,2024-06-26,Track_1609,Artist_125,Classical,Canada,Smart Speaker,Premium Student,291,13260,No,Yes,96,2007
STR-801284,2024-06-26,Track_2128,Artist_105,Bollywood,United States,Tablet,Premium Student,251,80340,No,No,33,1999
STR-800257,2024-06-27,Track_2434,Artist_10,Pop,Brazil,Smart Speaker,Free,185,121692,Yes,Yes,39,1990
STR-804085,2024-06-27,Track_825,Artist_68,Devotional,Germany,Desktop,Premium Individual,142,331544,No,Yes,60,2008
STR-803147,2024-06-27,Track_1582,Artist_87,Jazz,India,Tablet,Premium Student,253,102836,Yes,Yes,1,1994
STR-803241,2024-06-27,Track_896,Artist_145,Bollywood,Japan,Smartphone,Free,238,238528,Yes,Yes,34,1994
STR-800566,2024-06-27,Track_859,Artist_149,Indie,Brazil,Desktop,Premium Individual,171,354566,No,Yes,67,2008
STR-801111,2024-06-28,Track_2353,Artist_3,Classical,Brazil,Smart Speaker,Free,199,187839,No,Yes,90,2017
STR-801100,2024-06-28,Track_1411,Artist_120,Hip-Hop,Germany,Desktop,Premium Individual,128,187422,No,Yes,38,2000
STR-800439,2024-06-29,Track_1194,Artist_5,Hip-Hop,Japan,Tablet,Free,177,272897,No,Yes,81,2007
STR-801904,2024-06-29,Track_98,Artist_105,Indie,Australia,Smart Speaker,Premium Individual,314,251508,Yes,No,88,2005
STR-801697,2024-06-29,Track_1667,Artist_127,Devotional,Germany,Smart Speaker,Free,352,140239,No,Yes,84,1990
STR-800693,2024-06-29,Track_66,Artist_48,Rock,United Kingdom,Tablet,Premium Student,127,209948,No,Yes,21,1993
STR-802270,2024-06-30,Track_1285,Artist_9,Bollywood,Australia,Smart TV,Premium Individual,154,263179,No,No,92,2002
STR-800209,2024-06-30,Track_635,Artist_88,Hip-Hop,Australia,Smartphone,Premium Individual,209,200748,No,No,70,1992
STR-803162,2024-06-30,Track_1779,Artist_73,Rock,India,Smart TV,Free,211,258368,Yes,No,95,2020
STR-801420,2024-06-30,Track_336,Artist_74,Indie,Germany,Smart Speaker,Premium Individual,299,33504,No,Yes,30,1993
STR-803613,2024-06-30,Track_1267,Artist_94,Hip-Hop,Australia,Tablet,Free,186,133588,No,Yes,86,2010
STR-801270,2024-06-30,Track_1595,Artist_22,Devotional,United Kingdom,Desktop,Premium Individual,168,115761,No,No,82,1999
STR-800467,2024-06-30,Track_1736,Artist_38,R&B,Japan,Smart Speaker,Free,255,82958,Yes,Yes,16,2018
STR-800302,2024-07-01,Track_779,Artist_103,Pop,United States,Tablet,Premium Student,154,326874,Yes,Yes,50,2000
STR-801242,2024-07-01,Track_1221,Artist_103,Electronic,India,Smart Speaker,Premium Family,244,223414,Yes,Yes,13,2002
STR-800656,2024-07-01,Track_1511,Artist_137,Indie,United States,Desktop,Premium Individual,150,23241,No,Yes,33,2013
STR-802427,2024-07-02,Track_215,Artist_130,Rock,Germany,Smart TV,Premium Individual,244,312098,No,Yes,88,2019
STR-802337,2024-07-02,Track_2328,Artist_93,Rock,Germany,Desktop,Free,250,49535,No,Yes,38,2017
STR-800882,2024-07-02,Track_1689,Artist_145,Electronic,United Kingdom,Tablet,Free,183,65572,No,Yes,41,2008
STR-801479,2024-07-02,Track_1507,Artist_20,Classical,Canada,Smart Speaker,Premium Family,297,357187,No,No,91,2001
STR-801969,2024-07-02,Track_679,Artist_128,Bollywood,Germany,Smartphone,Free,297,31346,No,No,3,2013
STR-801186,2024-07-03,Track_480,Artist_110,Hip-Hop,United States,Smartphone,Premium Individual,121,225176,Yes,Yes,76,2014
STR-803642,2024-07-03,Track_1841,Artist_6,Jazz,Canada,Desktop,Premium Individual,176,60015,No,No,87,1995
STR-804087,2024-07-03,Track_2149,Artist_101,Jazz,United Kingdom,Desktop,Premium Individual,175,5255,No,Yes,25,2023
STR-802155,2024-07-03,Track_745,Artist_127,Pop,Germany,Desktop,Premium Individual,169,305755,Yes,Yes,3,2006
STR-800137,2024-07-03,Track_1931,Artist_112,Indie,United States,Desktop,Free,164,98889,Yes,No,49,2008
STR-802657,2024-07-03,Track_889,Artist_55,Hip-Hop,India,Tablet,Premium Individual,121,297837,No,No,63,2023
STR-802124,2024-07-03,Track_867,Artist_17,Rock,Japan,Desktop,Free,139,220839,Yes,Yes,1,2017
STR-802968,2024-07-04,Track_2285,Artist_117,Bollywood,Australia,Smart Speaker,Premium Individual,174,158831,No,No,16,2024
STR-801849,2024-07-04,Track_2066,Artist_25,Electronic,Brazil,Smartphone,Free,350,96133,No,Yes,98,2012
STR-801273,2024-07-04,Track_1332,Artist_55,Bollywood,Brazil,Smart TV,Free,188,293374,No,No,51,2000
STR-802168,2024-07-04,Track_1273,Artist_10,Devotional,Australia,Desktop,Premium Family,347,181174,No,No,11,1993
STR-803412,2024-07-05,Track_1191,Artist_109,Rock,Canada,Smartphone,Premium Family,222,100428,No,Yes,23,2023
STR-803332,2024-07-05,Track_350,Artist_149,Jazz,Australia,Smartphone,Premium Individual,321,85524,Yes,Yes,68,2016
STR-802428,2024-07-05,Track_1524,Artist_140,Pop,Brazil,Desktop,Premium Individual,326,280438,No,No,70,1990
STR-800974,2024-07-05,Track_475,Artist_146,Rock,Germany,Smart Speaker,Free,310,150047,No,No,68,1990
STR-802060,2024-07-05,Track_1829,Artist_81,Devotional,Germany,Tablet,Free,353,310295,No,Yes,97,1999
STR-803558,2024-07-05,Track_121,Artist_18,Rock,Japan,Tablet,Premium Student,283,206176,Yes,No,74,2011
STR-803968,2024-07-05,Track_915,Artist_85,Jazz,Brazil,Smart Speaker,Free,143,67461,No,No,78,1993
STR-801714,2024-07-06,Track_716,Artist_135,Rock,Germany,Smartphone,Premium Family,321,97265,Yes,No,65,1990
STR-802882,2024-07-06,Track_2095,Artist_2,Pop,United States,Smart TV,Premium Individual,138,38385,No,Yes,52,2004
STR-800423,2024-07-06,Track_562,Artist_40,Bollywood,Australia,Smart TV,Premium Individual,209,353009,Yes,No,51,2001
STR-803775,2024-07-06,Track_1468,Artist_129,Pop,Brazil,Desktop,Premium Individual,313,11798,Yes,Yes,87,2001
STR-801883,2024-07-06,Track_2215,Artist_29,Devotional,Japan,Desktop,Free,281,264256,No,No,78,2019
STR-800555,2024-07-06,Track_2335,Artist_87,Hip-Hop,United States,Desktop,Free,150,5113,No,Yes,20,2014
STR-802929,2024-07-06,Track_1703,Artist_82,Devotional,Brazil,Desktop,Premium Family,294,247264,Yes,Yes,39,1994
STR-802712,2024-07-06,Track_1741,Artist_74,Rock,United States,Smartphone,Premium Individual,159,121594,No,Yes,36,2018
STR-803696,2024-07-07,Track_800,Artist_26,Pop,Canada,Desktop,Free,319,299713,No,Yes,33,2011
STR-802592,2024-07-07,Track_292,Artist_50,Hip-Hop,Canada,Tablet,Premium Student,241,325915,Yes,Yes,89,2024
STR-800022,2024-07-07,Track_2414,Artist_113,R&B,Japan,Smartphone,Free,306,184032,Yes,Yes,63,1994
STR-802436,2024-07-07,Track_1640,Artist_87,Rock,United States,Smartphone,Premium Individual,218,334622,No,Yes,80,2015
STR-802176,2024-07-08,Track_914,Artist_138,Indie,Japan,Smart TV,Premium Individual,258,217463,No,Yes,61,2016
STR-801240,2024-07-08,Track_1979,Artist_27,Devotional,United Kingdom,Smartphone,Premium Individual,160,56226,No,Yes,70,2011
STR-803081,2024-07-08,Track_648,Artist_81,Classical,Germany,Smart TV,Premium Family,149,20757,No,Yes,76,1998
STR-800853,2024-07-09,Track_698,Artist_18,Classical,United States,Tablet,Premium Individual,178,180197,No,No,53,2005
STR-801001,2024-07-09,Track_674,Artist_29,Bollywood,Australia,Smart TV,Premium Individual,178,176876,No,No,3,1990
STR-800149,2024-07-09,Track_2181,Artist_136,R&B,United Kingdom,Smartphone,Premium Individual,224,35629,No,Yes,43,2020
STR-801855,2024-07-09,Track_1313,Artist_98,Rock,Japan,Smart Speaker,Premium Family,160,288772,No,No,100,2011
STR-801485,2024-07-10,Track_999,Artist_13,Jazz,Brazil,Smart Speaker,Free,272,259271,No,Yes,82,2010
STR-800053,2024-07-10,Track_934,Artist_93,Pop,India,Smartphone,Free,287,113753,No,Yes,88,1991
STR-802319,2024-07-10,Track_692,Artist_75,Electronic,United States,Smart Speaker,Premium Individual,269,203280,Yes,Yes,23,2002
STR-800205,2024-07-10,Track_1256,Artist_126,Hip-Hop,Canada,Desktop,Premium Individual,317,20315,No,Yes,53,2010
STR-801363,2024-07-10,Track_1070,Artist_141,Bollywood,United States,Smart TV,Premium Family,214,174046,No,Yes,39,2006
STR-801965,2024-07-11,Track_787,Artist_18,Indie,Germany,Smartphone,Free,128,247335,No,No,79,1995
STR-801258,2024-07-11,Track_103,Artist_116,Classical,Canada,Tablet,Free,290,194584,No,Yes,42,2008
STR-801586,2024-07-11,Track_1369,Artist_124,Pop,India,Smart Speaker,Free,164,186114,No,No,68,2018
STR-801657,2024-07-11,Track_188,Artist_89,Jazz,United States,Smartphone,Premium Individual,352,242262,No,Yes,94,1999
STR-801537,2024-07-11,Track_2119,Artist_145,Devotional,United Kingdom,Smartphone,Premium Individual,353,161924,Yes,No,38,1995
STR-800262,2024-07-11,Track_2284,Artist_96,Bollywood,Canada,Smart Speaker,Free,307,140007,No,No,1,1995
STR-803987,2024-07-12,Track_1117,Artist_77,Indie,Japan,Smart TV,Free,283,310402,No,No,91,1990
STR-800044,2024-07-12,Track_1775,Artist_111,Pop,Brazil,Desktop,Premium Family,259,181260,No,Yes,66,1998
STR-800239,2024-07-12,Track_1881,Artist_125,Bollywood,Australia,Tablet,Premium Family,257,354021,No,Yes,58,2007
STR-804066,2024-07-12,Track_89,Artist_9,Bollywood,Germany,Smart TV,Free,348,312545,Yes,Yes,94,1991
STR-800998,2024-07-12,Track_1151,Artist_94,Bollywood,India,Smart Speaker,Free,121,270303,No,No,61,2020
STR-802920,2024-07-13,Track_312,Artist_131,Electronic,Canada,Smartphone,Premium Individual,180,233813,No,Yes,45,2020
STR-802158,2024-07-13,Track_169,Artist_143,Jazz,India,Desktop,Free,317,29492,No,Yes,35,2017
STR-803096,2024-07-13,Track_1313,Artist_85,Devotional,United States,Desktop,Free,284,98667,No,No,87,2012
STR-802745,2024-07-13,Track_2307,Artist_146,Pop,India,Desktop,Premium Family,120,230283,Yes,Yes,81,2012
STR-801702,2024-07-13,Track_235,Artist_70,R&B,Australia,Desktop,Free,243,60852,No,Yes,88,2006
STR-803589,2024-07-13,Track_1402,Artist_96,Jazz,Brazil,Smart TV,Premium Individual,232,18740,No,No,82,1998
STR-802951,2024-07-13,Track_24,Artist_37,R&B,United States,Smartphone,Premium Individual,203,238412,No,No,92,2001
STR-802946,2024-07-13,Track_381,Artist_21,Classical,India,Smartphone,Premium Family,332,32409,No,No,68,2003
STR-802183,2024-07-13,Track_433,Artist_111,Bollywood,United States,Smart Speaker,Free,315,10323,No,No,41,2019
STR-803200,2024-07-14,Track_2254,Artist_50,Rock,Brazil,Smart TV,Premium Family,152,96768,No,Yes,34,2007
STR-802115,2024-07-14,Track_2090,Artist_4,Indie,Australia,Tablet,Free,324,177311,No,No,36,2022
STR-802448,2024-07-14,Track_567,Artist_131,Bollywood,Canada,Smartphone,Premium Family,227,335449,No,Yes,3,2005
STR-801815,2024-07-14,Track_1828,Artist_87,Bollywood,Canada,Smart Speaker,Free,206,114412,No,Yes,18,2018
STR-802774,2024-07-14,Track_1516,Artist_92,Electronic,Germany,Tablet,Premium Family,213,353492,No,No,38,1991
STR-802113,2024-07-14,Track_1717,Artist_63,Jazz,Japan,Smart Speaker,Free,210,265302,No,No,23,2007
STR-800229,2024-07-15,Track_1698,Artist_127,Bollywood,United Kingdom,Tablet,Free,138,241268,No,No,69,2004
STR-803282,2024-07-15,Track_2279,Artist_107,Bollywood,United Kingdom,Desktop,Premium Student,125,153809,No,No,15,2019
STR-801259,2024-07-15,Track_1697,Artist_74,Hip-Hop,Canada,Smartphone,Free,176,160634,No,Yes,19,2005
STR-801565,2024-07-16,Track_1177,Artist_68,Hip-Hop,India,Desktop,Premium Student,268,269638,No,Yes,62,2003
STR-803560,2024-07-16,Track_839,Artist_22,Electronic,Japan,Smartphone,Free,339,242759,Yes,Yes,30,2003
STR-802288,2024-07-16,Track_2257,Artist_56,Jazz,Brazil,Smartphone,Premium Individual,207,164384,Yes,No,47,2003
STR-801137,2024-07-16,Track_2170,Artist_56,Rock,Germany,Desktop,Premium Individual,353,5285,Yes,Yes,66,1991
STR-803123,2024-07-16,Track_190,Artist_145,Classical,Japan,Smartphone,Premium Individual,355,240920,Yes,Yes,23,1999
STR-802833,2024-07-16,Track_1823,Artist_126,Bollywood,India,Smart Speaker,Premium Family,314,352988,No,No,85,2005
STR-802157,2024-07-16,Track_824,Artist_140,Bollywood,Germany,Smartphone,Premium Family,231,307546,No,Yes,36,2023
STR-802891,2024-07-17,Track_1264,Artist_55,Rock,Canada,Desktop,Premium Individual,329,269720,No,Yes,17,2002
STR-802622,2024-07-17,Track_1298,Artist_54,Rock,United States,Smart TV,Free,253,165616,Yes,No,82,2002
STR-803467,2024-07-17,Track_1411,Artist_84,Classical,United Kingdom,Smartphone,Premium Student,193,307049,No,Yes,9,2011
STR-801816,2024-07-17,Track_242,Artist_48,Pop,Germany,Smart Speaker,Free,316,264086,No,No,33,2001
STR-801983,2024-07-17,Track_205,Artist_133,Hip-Hop,United States,Smartphone,Premium Individual,146,352641,No,Yes,66,1997
STR-801446,2024-07-17,Track_1309,Artist_109,Hip-Hop,Australia,Desktop,Free,168,328013,No,Yes,29,1991
STR-800191,2024-07-18,Track_2422,Artist_50,Bollywood,United States,Smart TV,Premium Individual,274,205176,No,Yes,23,2019
STR-802791,2024-07-18,Track_2263,Artist_19,Classical,Brazil,Smart Speaker,Free,203,38578,No,No,44,2016
STR-801669,2024-07-18,Track_17,Artist_109,Rock,Japan,Smartphone,Premium Individual,356,190967,No,Yes,4,2009
STR-803367,2024-07-18,Track_2230,Artist_36,Electronic,Canada,Desktop,Free,272,226339,No,No,51,2002
STR-801575,2024-07-18,Track_2480,Artist_132,Electronic,Brazil,Desktop,Free,235,197315,Yes,No,27,1997
STR-802196,2024-07-18,Track_1448,Artist_50,Bollywood,Germany,Tablet,Free,276,210159,No,No,99,2017
STR-800621,2024-07-18,Track_197,Artist_147,Bollywood,United States,Smart TV,Free,301,131780,No,No,67,2009
STR-802812,2024-07-19,Track_1558,Artist_109,Pop,United Kingdom,Smart Speaker,Premium Individual,348,231975,No,Yes,96,2003
STR-803787,2024-07-19,Track_1203,Artist_17,Classical,Brazil,Tablet,Premium Student,224,228589,No,Yes,18,2015
STR-801437,2024-07-19,Track_157,Artist_91,Bollywood,Canada,Desktop,Premium Individual,134,249414,No,No,73,1998
STR-801938,2024-07-19,Track_2311,Artist_105,Jazz,Australia,Tablet,Free,329,187555,No,Yes,36,2002
STR-800711,2024-07-19,Track_790,Artist_109,Devotional,Brazil,Tablet,Free,244,169722,Yes,No,8,2002
STR-802955,2024-07-19,Track_1206,Artist_51,Devotional,United States,Smart TV,Free,149,28456,No,Yes,44,1999
STR-804033,2024-07-20,Track_930,Artist_99,Bollywood,Australia,Smart Speaker,Premium Individual,326,151804,No,Yes,90,2009
STR-803533,2024-07-20,Track_1934,Artist_103,Classical,Japan,Tablet,Free,341,192159,No,Yes,35,2010
STR-801318,2024-07-20,Track_1540,Artist_2,Electronic,India,Smart TV,Free,352,40524,No,No,30,2015
STR-804076,2024-07-20,Track_230,Artist_35,Rock,Canada,Desktop,Premium Individual,308,188193,Yes,No,7,2017
STR-800622,2024-07-20,Track_816,Artist_145,Jazz,Japan,Smart TV,Free,134,112540,No,Yes,87,2020
STR-802252,2024-07-21,Track_2159,Artist_56,Indie,United States,Smart TV,Premium Individual,255,74308,No,Yes,24,1995
STR-800388,2024-07-21,Track_408,Artist_88,R&B,Germany,Smart Speaker,Premium Family,328,47110,Yes,Yes,81,2012
STR-802935,2024-07-21,Track_782,Artist_54,R&B,India,Desktop,Premium Student,153,256812,No,No,30,1996
STR-803689,2024-07-21,Track_2042,Artist_100,Classical,United Kingdom,Desktop,Premium Family,314,45722,No,Yes,34,1995
STR-800661,2024-07-21,Track_2355,Artist_106,Electronic,India,Smartphone,Free,218,162576,No,No,34,2014
STR-804127,2024-07-21,Track_1957,Artist_133,R&B,United States,Smart TV,Free,150,208719,No,Yes,5,2011
STR-802643,2024-07-21,Track_1722,Artist_63,Bollywood,United Kingdom,Smartphone,Free,184,244069,No,No,29,2012
STR-800844,2024-07-21,Track_1060,Artist_131,R&B,Germany,Smartphone,Premium Individual,249,244308,No,Yes,24,2007
STR-801396,2024-07-21,Track_190,Artist_106,Bollywood,United States,Smartphone,Free,296,283288,No,No,17,2007
STR-801008,2024-07-21,Track_2203,Artist_60,Indie,Germany,Desktop,Free,288,259583,No,No,11,1991
STR-802863,2024-07-21,Track_2082,Artist_135,Hip-Hop,India,Smartphone,Free,263,38588,No,No,55,2018
STR-803587,2024-07-21,Track_2051,Artist_60,Bollywood,United States,Smartphone,Premium Individual,262,338118,No,No,85,1996
STR-802466,2024-07-21,Track_1763,Artist_41,Rock,Brazil,Smart TV,Premium Individual,157,138631,No,No,63,2001
STR-804128,2024-07-22,Track_1618,Artist_9,Bollywood,Japan,Smartphone,Free,256,215783,No,Yes,82,2019
STR-803896,2024-07-22,Track_1378,Artist_114,Indie,India,Tablet,Free,293,146859,No,No,34,2009
STR-803956,2024-07-22,Track_815,Artist_84,Jazz,India,Smartphone,Free,328,310308,Yes,No,21,1999
STR-803945,2024-07-22,Track_98,Artist_21,Pop,India,Tablet,Premium Individual,148,271985,No,No,74,1997
STR-800728,2024-07-22,Track_1770,Artist_52,Indie,Canada,Desktop,Free,138,188932,No,No,100,2021
STR-801090,2024-07-22,Track_2137,Artist_62,Devotional,Japan,Tablet,Free,284,276369,No,Yes,14,1991
STR-803887,2024-07-22,Track_1467,Artist_121,Rock,United States,Tablet,Premium Individual,357,181748,No,Yes,74,2000
STR-803665,2024-07-22,Track_587,Artist_10,Pop,United States,Smartphone,Premium Student,158,341478,No,No,6,2019
STR-801327,2024-07-23,Track_2436,Artist_14,Indie,United Kingdom,Desktop,Premium Student,268,114605,No,Yes,2,2000
STR-803355,2024-07-23,Track_1647,Artist_29,Classical,United Kingdom,Smartphone,Premium Individual,221,86233,Yes,Yes,38,2007
STR-801360,2024-07-23,Track_1549,Artist_6,Devotional,Brazil,Tablet,Free,300,198515,No,Yes,2,2002
STR-800287,2024-07-23,Track_1615,Artist_108,R&B,United States,Desktop,Premium Individual,292,110241,No,Yes,11,2009
STR-800001,2024-07-24,Track_1075,Artist_33,Electronic,Canada,Smart TV,Premium Individual,263,8595,No,No,93,1997
STR-802693,2024-07-24,Track_2059,Artist_125,Hip-Hop,Japan,Smart Speaker,Free,291,47399,No,No,72,2006
STR-800353,2024-07-24,Track_445,Artist_129,R&B,Australia,Tablet,Premium Family,352,254336,No,Yes,30,2014
STR-804046,2024-07-24,Track_2134,Artist_144,Electronic,Japan,Desktop,Free,305,103577,No,Yes,40,1991
STR-802613,2024-07-24,Track_62,Artist_114,Electronic,Canada,Smartphone,Free,335,339141,No,No,93,1992
STR-801307,2024-07-24,Track_1226,Artist_121,Hip-Hop,United Kingdom,Tablet,Premium Student,228,319897,No,No,79,2022
STR-803106,2024-07-25,Track_1440,Artist_29,Electronic,India,Tablet,Premium Student,259,158051,No,Yes,63,2021
STR-802353,2024-07-25,Track_2297,Artist_45,R&B,Brazil,Desktop,Premium Family,299,216210,No,Yes,47,2023
STR-801900,2024-07-25,Track_1996,Artist_121,Jazz,Brazil,Tablet,Premium Family,286,69367,Yes,Yes,56,2012
STR-800907,2024-07-25,Track_675,Artist_101,Rock,India,Smartphone,Free,292,15855,Yes,Yes,88,2024
STR-800032,2024-07-25,Track_2006,Artist_126,Devotional,Australia,Desktop,Premium Individual,204,178042,No,Yes,75,1999
STR-802460,2024-07-25,Track_353,Artist_143,R&B,United Kingdom,Desktop,Free,139,331877,No,Yes,44,2008
STR-801253,2024-07-26,Track_4,Artist_63,Hip-Hop,United States,Tablet,Premium Individual,330,171035,Yes,No,58,2004
STR-802841,2024-07-26,Track_1399,Artist_118,Rock,Brazil,Tablet,Free,151,358568,No,Yes,84,2016
STR-801445,2024-07-26,Track_612,Artist_132,Jazz,Germany,Smartphone,Premium Family,207,356727,No,No,85,2021
STR-800604,2024-07-26,Track_826,Artist_53,Classical,Brazil,Desktop,Premium Individual,147,165895,No,Yes,74,2004
STR-801203,2024-07-26,Track_818,Artist_82,Jazz,Canada,Smartphone,Premium Individual,351,317926,No,No,59,1994
STR-803457,2024-07-27,Track_1271,Artist_127,Rock,United Kingdom,Smart Speaker,Premium Student,316,223085,No,Yes,37,2007
STR-800348,2024-07-27,Track_804,Artist_8,Bollywood,Canada,Tablet,Free,151,304754,No,No,51,2010
STR-800282,2024-07-27,Track_1810,Artist_146,Pop,United Kingdom,Smart Speaker,Premium Individual,142,121961,No,No,48,2020
STR-801058,2024-07-27,Track_1357,Artist_131,Hip-Hop,United Kingdom,Smart Speaker,Free,321,54665,No,Yes,5,2022
STR-803296,2024-07-27,Track_546,Artist_120,Indie,United States,Desktop,Premium Family,347,333183,No,Yes,3,2016
STR-803884,2024-07-27,Track_56,Artist_142,Bollywood,United Kingdom,Smart TV,Premium Student,169,108522,Yes,No,96,1997
STR-802877,2024-07-27,Track_45,Artist_146,Pop,Brazil,Tablet,Premium Individual,272,176349,No,No,26,1992
STR-800733,2024-07-27,Track_2073,Artist_56,Hip-Hop,United Kingdom,Tablet,Premium Individual,306,126715,Yes,No,89,2018
STR-802932,2024-07-27,Track_969,Artist_117,Electronic,Germany,Tablet,Premium Individual,132,299951,No,Yes,49,2022
STR-800061,2024-07-27,Track_1929,Artist_79,Hip-Hop,United Kingdom,Smart Speaker,Free,329,212661,No,No,65,1997
STR-800608,2024-07-28,Track_1522,Artist_101,Pop,Japan,Smart TV,Free,241,117633,No,No,34,2000
STR-804025,2024-07-28,Track_1097,Artist_143,Classical,Germany,Desktop,Premium Individual,219,209104,Yes,Yes,95,1993
STR-800587,2024-07-28,Track_1362,Artist_48,Devotional,Canada,Desktop,Free,141,135227,No,No,41,2009
STR-802162,2024-07-28,Track_1508,Artist_41,R&B,Australia,Smart TV,Premium Individual,336,227489,No,Yes,1,2007
STR-800988,2024-07-28,Track_449,Artist_71,Jazz,Brazil,Tablet,Premium Family,207,217004,No,No,52,2021
STR-803981,2024-07-28,Track_1773,Artist_114,Jazz,India,Smartphone,Free,311,320987,No,No,95,1997
STR-803454,2024-07-28,Track_2008,Artist_142,R&B,Germany,Smartphone,Free,173,301304,Yes,No,23,2016
STR-800157,2024-07-29,Track_858,Artist_70,Jazz,United States,Tablet,Premium Individual,240,316109,No,No,98,2008
STR-802641,2024-07-29,Track_16,Artist_42,Hip-Hop,United Kingdom,Smart Speaker,Free,346,232588,No,Yes,60,2009
STR-802635,2024-07-29,Track_1439,Artist_83,Electronic,United Kingdom,Smart TV,Premium Family,139,348260,No,Yes,82,1990
STR-800662,2024-07-29,Track_677,Artist_88,Pop,India,Tablet,Premium Individual,320,246780,No,Yes,100,1991
STR-800554,2024-07-29,Track_829,Artist_80,Rock,Japan,Desktop,Premium Individual,178,29735,Yes,Yes,43,2001
STR-800399,2024-07-29,Track_1294,Artist_36,R&B,Germany,Tablet,Premium Individual,183,70920,No,No,30,2022
STR-801303,2024-07-29,Track_1474,Artist_70,Devotional,Canada,Smart TV,Premium Individual,121,16053,No,Yes,73,2012
STR-801482,2024-07-29,Track_1566,Artist_33,Rock,Japan,Desktop,Free,146,170235,No,No,3,1990
STR-800577,2024-07-30,Track_2119,Artist_97,Classical,Canada,Tablet,Premium Individual,171,23387,No,No,23,1997
STR-803069,2024-07-30,Track_108,Artist_144,Bollywood,United States,Smart Speaker,Free,139,166924,No,Yes,18,1991
STR-802960,2024-07-30,Track_696,Artist_111,Rock,Japan,Smartphone,Premium Individual,208,335531,No,Yes,41,2012
STR-803328,2024-07-30,Track_77,Artist_44,Devotional,Brazil,Smart Speaker,Free,171,39121,No,No,74,2014
STR-802360,2024-07-30,Track_1428,Artist_43,Pop,Canada,Smart Speaker,Free,300,132826,No,Yes,28,2011
STR-801332,2024-07-30,Track_1957,Artist_95,Pop,Germany,Tablet,Premium Individual,305,13768,No,No,61,2003
STR-801862,2024-07-31,Track_1121,Artist_3,Bollywood,Germany,Smartphone,Premium Individual,235,275781,No,Yes,10,1991
STR-802400,2024-07-31,Track_340,Artist_11,Pop,United States,Smart Speaker,Free,260,130276,No,No,43,1994
STR-801966,2024-07-31,Track_14,Artist_139,Hip-Hop,Japan,Desktop,Premium Individual,191,109806,No,Yes,75,2015
STR-803628,2024-08-01,Track_373,Artist_135,Bollywood,Australia,Smart TV,Premium Individual,260,344264,No,No,10,1997
STR-801980,2024-08-01,Track_2009,Artist_9,R&B,Brazil,Desktop,Premium Individual,140,16364,No,No,24,2021
STR-800880,2024-08-01,Track_874,Artist_116,Classical,Australia,Tablet,Premium Individual,270,47833,No,No,17,2011
STR-803774,2024-08-01,Track_2132,Artist_52,Jazz,Germany,Desktop,Premium Individual,213,275047,No,No,3,2009
STR-800459,2024-08-01,Track_1782,Artist_44,Classical,United States,Smart TV,Premium Individual,326,207055,No,No,42,2007
STR-800973,2024-08-01,Track_1957,Artist_127,Devotional,Australia,Smartphone,Free,322,44600,No,Yes,62,2020
STR-801557,2024-08-01,Track_1737,Artist_104,Indie,India,Tablet,Free,207,293628,No,Yes,33,2023
STR-803035,2024-08-01,Track_1747,Artist_57,Rock,United Kingdom,Tablet,Premium Individual,290,234451,No,No,58,2023
STR-802463,2024-08-02,Track_1945,Artist_60,Electronic,Japan,Desktop,Premium Individual,332,157003,Yes,No,13,1997
STR-800395,2024-08-02,Track_1346,Artist_50,Classical,Brazil,Smart Speaker,Premium Student,359,215680,No,No,80,2021
STR-802251,2024-08-02,Track_1439,Artist_113,Devotional,Germany,Smart TV,Free,125,163256,No,Yes,36,2021
STR-800669,2024-08-02,Track_1572,Artist_149,Hip-Hop,Germany,Smartphone,Premium Individual,248,292714,No,No,14,1994
STR-803819,2024-08-02,Track_1922,Artist_64,Bollywood,Brazil,Smartphone,Premium Student,235,128463,No,No,82,1996
STR-801340,2024-08-02,Track_2160,Artist_108,Bollywood,Australia,Smartphone,Free,147,287413,No,No,98,2022
STR-801760,2024-08-02,Track_2108,Artist_22,Bollywood,Canada,Smart Speaker,Premium Individual,319,43688,Yes,Yes,14,2003
STR-802663,2024-08-02,Track_479,Artist_103,Pop,Australia,Tablet,Premium Individual,323,141630,No,No,6,2014
STR-801067,2024-08-02,Track_1252,Artist_11,Indie,Germany,Desktop,Premium Student,219,358123,No,Yes,62,1998
STR-801605,2024-08-03,Track_2368,Artist_28,R&B,Brazil,Smartphone,Premium Individual,282,47581,Yes,Yes,61,1999
STR-804193,2024-08-03,Track_2243,Artist_48,Jazz,Canada,Smart TV,Premium Family,261,191350,No,Yes,89,2017
STR-801449,2024-08-03,Track_1808,Artist_7,Indie,United States,Smart Speaker,Premium Individual,265,33238,Yes,Yes,50,2014
STR-802127,2024-08-03,Track_1537,Artist_92,Devotional,Canada,Smart Speaker,Free,191,59777,Yes,Yes,75,2001
STR-803633,2024-08-03,Track_1578,Artist_82,R&B,Germany,Smartphone,Premium Family,132,172757,No,No,66,2012
STR-800074,2024-08-03,Track_219,Artist_8,Pop,Germany,Smart Speaker,Free,136,270363,Yes,No,17,1993
STR-802367,2024-08-04,Track_2096,Artist_36,Hip-Hop,India,Desktop,Premium Student,273,119567,No,Yes,91,1999
STR-803963,2024-08-04,Track_1448,Artist_150,Classical,India,Desktop,Free,199,223742,No,Yes,96,1994
STR-800134,2024-08-04,Track_443,Artist_50,Rock,India,Smart Speaker,Premium Individual,307,77504,Yes,Yes,74,1991
STR-802537,2024-08-04,Track_706,Artist_96,Rock,United Kingdom,Smart TV,Premium Individual,282,209238,No,Yes,39,2014
STR-803908,2024-08-04,Track_1764,Artist_6,Bollywood,Canada,Tablet,Free,121,161301,Yes,No,27,1995
STR-800595,2024-08-05,Track_1701,Artist_6,Pop,Germany,Smart Speaker,Premium Family,246,247500,No,No,80,1999
STR-802081,2024-08-05,Track_2488,Artist_139,Bollywood,Brazil,Smartphone,Free,128,354569,Yes,Yes,89,2009
STR-802380,2024-08-05,Track_777,Artist_80,R&B,United Kingdom,Smart Speaker,Free,195,31872,No,Yes,100,2009
STR-802438,2024-08-05,Track_740,Artist_50,Rock,Canada,Tablet,Free,302,117722,Yes,Yes,75,2016
STR-802330,2024-08-05,Track_1276,Artist_100,Pop,Brazil,Tablet,Free,316,222805,No,Yes,32,2007
STR-803947,2024-08-05,Track_494,Artist_103,Jazz,Germany,Desktop,Premium Individual,269,272826,No,No,62,2002
STR-803287,2024-08-05,Track_2420,Artist_60,Pop,United Kingdom,Smart TV,Premium Student,315,309500,No,Yes,6,2007
STR-800568,2024-08-05,Track_2348,Artist_78,Electronic,United States,Smart Speaker,Premium Individual,276,243883,No,Yes,74,2010
STR-801250,2024-08-06,Track_1545,Artist_139,Rock,Brazil,Smartphone,Free,131,205611,Yes,No,100,2002
STR-801860,2024-08-06,Track_2218,Artist_108,Devotional,United Kingdom,Smart Speaker,Free,126,66779,No,Yes,44,2012
STR-801806,2024-08-06,Track_961,Artist_12,Indie,Brazil,Tablet,Free,198,44509,No,No,98,2002
STR-803579,2024-08-06,Track_512,Artist_23,Hip-Hop,Australia,Smart TV,Premium Student,306,324255,No,No,41,2019
STR-803377,2024-08-07,Track_1632,Artist_3,Hip-Hop,Japan,Smart TV,Free,336,103016,No,Yes,23,2017
STR-800050,2024-08-07,Track_248,Artist_31,Rock,Canada,Desktop,Premium Individual,195,334254,No,No,87,1990
STR-804057,2024-08-07,Track_1301,Artist_75,Indie,Canada,Smart Speaker,Premium Individual,183,74331,No,No,99,2002
STR-800154,2024-08-07,Track_2047,Artist_147,R&B,India,Smart Speaker,Premium Individual,268,227942,No,Yes,97,1994
STR-800232,2024-08-07,Track_89,Artist_26,Hip-Hop,Australia,Smartphone,Premium Individual,266,78330,No,Yes,56,2022
STR-802776,2024-08-08,Track_1781,Artist_110,Hip-Hop,Australia,Desktop,Free,289,325341,No,Yes,44,2012
STR-801962,2024-08-08,Track_1463,Artist_103,Jazz,Germany,Smartphone,Free,270,308669,No,No,6,2023
STR-804174,2024-08-08,Track_395,Artist_84,Hip-Hop,United States,Tablet,Premium Individual,171,222170,Yes,Yes,9,2008
STR-800550,2024-08-08,Track_1941,Artist_55,Devotional,India,Smart Speaker,Premium Individual,213,88675,Yes,No,75,2003
STR-800582,2024-08-08,Track_1182,Artist_91,Classical,United Kingdom,Desktop,Free,326,176031,No,No,86,2012
STR-803898,2024-08-08,Track_649,Artist_96,Devotional,India,Smart Speaker,Premium Individual,229,86028,No,Yes,35,1996
STR-803319,2024-08-08,Track_538,Artist_87,Electronic,Canada,Smart TV,Premium Student,204,27921,No,Yes,4,2004
STR-802108,2024-08-09,Track_1392,Artist_148,Electronic,Japan,Smart Speaker,Free,321,181410,No,No,72,2020
STR-803352,2024-08-09,Track_673,Artist_2,Classical,United States,Desktop,Free,155,336317,Yes,No,53,2023
STR-802938,2024-08-09,Track_255,Artist_113,Pop,India,Smart Speaker,Premium Individual,120,249893,No,Yes,95,2000
STR-800842,2024-08-09,Track_1171,Artist_102,Devotional,Germany,Tablet,Free,221,231929,Yes,Yes,68,2006
STR-803847,2024-08-09,Track_749,Artist_139,Pop,United States,Smart Speaker,Premium Family,121,304906,No,Yes,42,1996
STR-803145,2024-08-09,Track_2445,Artist_30,R&B,Brazil,Smart Speaker,Free,336,284282,Yes,No,56,2019
STR-801431,2024-08-10,Track_1702,Artist_82,Devotional,Canada,Tablet,Premium Family,223,5559,Yes,No,94,2013
STR-801377,2024-08-10,Track_2199,Artist_38,Jazz,Australia,Smart Speaker,Free,268,137426,No,No,21,1993
STR-800240,2024-08-10,Track_561,Artist_12,Devotional,Japan,Desktop,Free,336,106771,No,Yes,37,2003
STR-800153,2024-08-10,Track_756,Artist_31,Indie,Brazil,Smart Speaker,Premium Individual,218,141651,No,No,86,2020
STR-802279,2024-08-10,Track_1945,Artist_97,Rock,United States,Tablet,Free,265,307965,No,Yes,8,2009
STR-800894,2024-08-10,Track_2476,Artist_84,Pop,Germany,Desktop,Premium Individual,135,75404,No,Yes,22,2004
STR-800334,2024-08-11,Track_1682,Artist_71,Indie,United Kingdom,Smartphone,Premium Family,349,252908,No,Yes,6,2022
STR-801886,2024-08-11,Track_1575,Artist_114,R&B,India,Tablet,Free,136,284309,No,Yes,46,2011
STR-800281,2024-08-11,Track_763,Artist_67,Classical,Brazil,Desktop,Free,166,104010,No,No,6,1997
STR-804153,2024-08-11,Track_716,Artist_145,Pop,United States,Desktop,Free,283,195031,No,No,71,2021
STR-801715,2024-08-11,Track_534,Artist_75,R&B,Japan,Tablet,Premium Individual,299,127607,No,No,90,2014
STR-801256,2024-08-12,Track_1338,Artist_5,Jazz,Japan,Desktop,Free,166,20733,No,No,52,2010
STR-802085,2024-08-12,Track_1888,Artist_40,Hip-Hop,Germany,Smartphone,Free,353,279201,Yes,No,18,2018
STR-800315,2024-08-12,Track_433,Artist_60,Hip-Hop,Germany,Desktop,Premium Student,315,247595,No,No,51,2023
STR-803683,2024-08-12,Track_1848,Artist_86,R&B,Australia,Tablet,Premium Individual,327,313196,No,Yes,82,2013
STR-802736,2024-08-12,Track_444,Artist_53,Classical,Germany,Tablet,Premium Individual,281,314749,No,Yes,87,1996
STR-801641,2024-08-12,Track_754,Artist_49,Rock,Brazil,Smart Speaker,Premium Individual,331,177863,No,Yes,67,2023
STR-803125,2024-08-12,Track_1532,Artist_141,Bollywood,Germany,Tablet,Premium Family,286,297774,No,No,59,2020
STR-803817,2024-08-12,Track_1524,Artist_62,Devotional,Japan,Smart Speaker,Free,342,344142,No,No,48,2024
STR-801946,2024-08-12,Track_703,Artist_138,Rock,Germany,Smartphone,Free,253,119753,Yes,No,12,2022
STR-800703,2024-08-13,Track_234,Artist_1,Bollywood,Japan,Smartphone,Premium Family,341,5425,No,No,38,2007
STR-800357,2024-08-13,Track_320,Artist_12,Hip-Hop,Japan,Smart Speaker,Free,135,356438,No,No,37,1991
STR-803350,2024-08-13,Track_1457,Artist_67,Hip-Hop,India,Smart Speaker,Premium Individual,256,181582,No,No,38,2014
STR-803064,2024-08-13,Track_1911,Artist_109,Pop,United States,Smartphone,Premium Family,143,184036,No,No,79,2022
STR-803277,2024-08-14,Track_1041,Artist_96,Devotional,United States,Smart TV,Premium Individual,332,62048,No,Yes,4,1998
STR-802053,2024-08-14,Track_1962,Artist_101,Jazz,Canada,Desktop,Premium Family,132,55720,No,No,13,1990
STR-801517,2024-08-14,Track_1108,Artist_123,Indie,United Kingdom,Smart TV,Premium Student,315,50238,No,No,62,2010
STR-804136,2024-08-14,Track_2282,Artist_127,Pop,Australia,Desktop,Premium Family,354,158556,Yes,Yes,72,2010
STR-801072,2024-08-14,Track_850,Artist_26,Classical,India,Smart TV,Premium Individual,167,107089,Yes,Yes,79,1994
STR-803681,2024-08-14,Track_198,Artist_58,Classical,India,Smart TV,Premium Family,204,96835,No,Yes,83,2010
STR-802055,2024-08-15,Track_440,Artist_49,Pop,United States,Desktop,Premium Individual,359,282557,No,Yes,62,2022
STR-801266,2024-08-15,Track_581,Artist_139,Pop,United Kingdom,Tablet,Premium Individual,195,318121,Yes,No,39,2002
STR-802757,2024-08-15,Track_1764,Artist_26,Classical,India,Smart TV,Premium Family,315,90016,No,Yes,35,2018
STR-803585,2024-08-15,Track_892,Artist_144,Bollywood,Japan,Smart Speaker,Free,296,224750,Yes,Yes,2,2009
STR-803431,2024-08-15,Track_1069,Artist_44,Classical,United Kingdom,Desktop,Free,171,348850,No,Yes,30,1990
STR-801073,2024-08-15,Track_1056,Artist_115,Electronic,Japan,Tablet,Free,356,295869,No,Yes,17,2012
STR-802912,2024-08-16,Track_197,Artist_99,Pop,Canada,Smartphone,Free,296,79601,Yes,No,99,2006
STR-800199,2024-08-16,Track_631,Artist_54,Pop,United Kingdom,Desktop,Premium Family,148,148099,No,No,50,2009
STR-801942,2024-08-16,Track_1538,Artist_66,Pop,United Kingdom,Smart TV,Premium Family,197,136809,No,Yes,31,1998
STR-801552,2024-08-16,Track_1057,Artist_144,Jazz,United States,Smart TV,Free,297,281629,No,No,50,2001
STR-800290,2024-08-16,Track_1570,Artist_29,Devotional,Japan,Desktop,Premium Student,348,292670,No,No,45,2009
STR-803937,2024-08-17,Track_84,Artist_46,Jazz,United Kingdom,Smart Speaker,Premium Individual,251,220419,Yes,Yes,1,2022
STR-801769,2024-08-17,Track_222,Artist_123,Hip-Hop,United States,Smart TV,Free,241,207908,No,Yes,41,2023
STR-803950,2024-08-17,Track_727,Artist_85,Indie,United States,Smartphone,Premium Individual,280,285915,No,Yes,78,2021
STR-803717,2024-08-17,Track_1749,Artist_49,R&B,Germany,Smartphone,Premium Student,321,44214,No,No,92,2023
STR-802363,2024-08-17,Track_929,Artist_70,Hip-Hop,Germany,Desktop,Premium Family,246,145387,No,Yes,75,1996
STR-800156,2024-08-17,Track_786,Artist_94,Jazz,Brazil,Smart TV,Free,289,317208,No,No,37,2010
STR-801560,2024-08-17,Track_1878,Artist_73,Classical,Germany,Smart TV,Premium Family,150,249229,No,Yes,59,1991
STR-800743,2024-08-17,Track_1004,Artist_10,Electronic,Germany,Tablet,Premium Family,295,158974,Yes,Yes,46,1997
STR-801221,2024-08-18,Track_1178,Artist_30,Jazz,Japan,Smart TV,Free,346,252392,No,Yes,44,2019
STR-803734,2024-08-18,Track_996,Artist_136,Pop,United States,Tablet,Premium Individual,171,29610,No,No,79,2009
STR-802661,2024-08-18,Track_1012,Artist_100,Jazz,United States,Smart TV,Free,140,56629,Yes,Yes,33,2006
STR-801649,2024-08-19,Track_157,Artist_15,Rock,Canada,Tablet,Premium Individual,331,11238,No,Yes,23,2008
STR-802608,2024-08-19,Track_1078,Artist_142,Hip-Hop,Germany,Smartphone,Premium Individual,302,253429,No,Yes,37,2015
STR-802333,2024-08-19,Track_296,Artist_106,Devotional,United States,Smart Speaker,Free,303,54172,Yes,No,14,2020
STR-800823,2024-08-19,Track_369,Artist_16,R&B,Japan,Tablet,Free,310,185669,No,Yes,41,1994
STR-801765,2024-08-19,Track_2412,Artist_107,Jazz,United Kingdom,Smart Speaker,Premium Student,231,289482,No,No,37,2002
STR-801929,2024-08-19,Track_1044,Artist_127,Jazz,United Kingdom,Smartphone,Premium Individual,210,288351,No,No,63,1998
STR-800093,2024-08-20,Track_136,Artist_111,Pop,United States,Smart TV,Premium Student,191,166994,Yes,No,15,1997
STR-801209,2024-08-20,Track_2149,Artist_28,Devotional,Germany,Smartphone,Free,185,39071,No,Yes,34,2012
STR-803271,2024-08-20,Track_1596,Artist_106,Jazz,India,Smart Speaker,Premium Individual,284,31934,No,Yes,84,1995
STR-801501,2024-08-20,Track_2272,Artist_96,Rock,Japan,Tablet,Premium Student,198,186616,No,No,27,1997
STR-803174,2024-08-20,Track_575,Artist_144,Indie,Australia,Tablet,Premium Student,217,273279,No,Yes,95,1991
STR-802349,2024-08-20,Track_222,Artist_35,Classical,Japan,Desktop,Premium Student,185,49212,No,No,4,2015
STR-801930,2024-08-20,Track_1821,Artist_2,Rock,India,Tablet,Premium Individual,253,242623,No,Yes,36,1991
STR-800523,2024-08-21,Track_1831,Artist_67,Bollywood,Japan,Smart TV,Free,134,154398,No,No,60,1999
STR-802562,2024-08-21,Track_532,Artist_54,Bollywood,Japan,Smart Speaker,Free,155,332630,No,Yes,2,2024
STR-801542,2024-08-21,Track_97,Artist_29,R&B,Brazil,Smart Speaker,Premium Individual,141,181926,Yes,No,68,2004
STR-800760,2024-08-21,Track_2403,Artist_51,Rock,United States,Desktop,Premium Family,349,332800,Yes,Yes,4,1991
STR-804191,2024-08-21,Track_1653,Artist_43,R&B,Germany,Tablet,Free,202,171382,No,No,43,2006
STR-804159,2024-08-21,Track_987,Artist_85,R&B,Brazil,Tablet,Free,334,60582,Yes,No,81,2024
STR-801538,2024-08-21,Track_2142,Artist_82,R&B,India,Desktop,Premium Student,243,121539,No,No,100,1990
STR-801252,2024-08-22,Track_2193,Artist_78,Hip-Hop,United States,Smartphone,Free,286,97219,Yes,Yes,15,1998
STR-801798,2024-08-22,Track_2352,Artist_114,Jazz,Brazil,Smart Speaker,Free,145,236757,No,Yes,41,2009
STR-800530,2024-08-22,Track_945,Artist_6,Rock,Australia,Tablet,Free,308,351701,No,Yes,97,2011
STR-801503,2024-08-22,Track_43,Artist_127,Rock,United States,Smartphone,Free,192,319738,Yes,No,31,2000
STR-801803,2024-08-22,Track_1729,Artist_13,Jazz,United States,Desktop,Premium Individual,203,202904,No,No,77,2011
STR-801442,2024-08-22,Track_1746,Artist_69,Bollywood,Brazil,Smart Speaker,Premium Student,137,261406,No,No,85,2018
STR-802041,2024-08-22,Track_1748,Artist_105,Classical,India,Desktop,Free,193,218988,No,No,52,2016
STR-800843,2024-08-23,Track_2434,Artist_60,Rock,United Kingdom,Desktop,Premium Family,264,260116,No,No,67,2003
STR-802032,2024-08-23,Track_363,Artist_19,Classical,United States,Desktop,Free,180,247321,No,Yes,71,1991
STR-801130,2024-08-23,Track_1088,Artist_10,Electronic,United States,Smartphone,Premium Family,129,55460,No,No,76,2000
STR-801356,2024-08-23,Track_1829,Artist_124,Electronic,Germany,Desktop,Free,250,165689,No,Yes,58,1999
STR-801254,2024-08-23,Track_340,Artist_118,Classical,Canada,Desktop,Premium Individual,186,223987,No,Yes,93,2010
STR-802142,2024-08-23,Track_2424,Artist_42,Devotional,Canada,Desktop,Free,156,259622,No,Yes,47,2023
STR-800737,2024-08-24,Track_2012,Artist_134,Electronic,Canada,Smart TV,Free,249,241861,No,No,89,2022
STR-803757,2024-08-24,Track_1718,Artist_130,Indie,Japan,Desktop,Premium Individual,281,331927,No,Yes,57,2022
STR-800718,2024-08-24,Track_2129,Artist_64,Indie,Australia,Smartphone,Premium Family,355,248740,No,Yes,99,1998
STR-801114,2024-08-24,Track_2387,Artist_26,Indie,Australia,Smart Speaker,Premium Family,325,321225,No,No,4,2018
STR-803709,2024-08-24,Track_339,Artist_17,Indie,India,Smart TV,Premium Individual,282,313136,No,Yes,36,2008
STR-802760,2024-08-24,Track_1594,Artist_48,R&B,United States,Desktop,Free,136,144853,No,No,55,1993
STR-802229,2024-08-24,Track_2438,Artist_19,Rock,Japan,Tablet,Premium Individual,344,342935,No,Yes,26,1993
STR-801309,2024-08-24,Track_1931,Artist_29,Devotional,United Kingdom,Smartphone,Free,327,76215,No,Yes,95,1996
STR-803870,2024-08-24,Track_1680,Artist_10,Indie,Germany,Desktop,Premium Individual,332,85881,No,Yes,46,2000
STR-802193,2024-08-24,Track_2431,Artist_46,Bollywood,Japan,Smart TV,Premium Individual,338,214290,No,No,51,1995
STR-800592,2024-08-25,Track_626,Artist_112,R&B,Japan,Smart Speaker,Free,216,225943,No,Yes,41,2014
STR-802886,2024-08-25,Track_196,Artist_107,Electronic,Japan,Tablet,Free,259,301136,No,No,53,2021
STR-802658,2024-08-25,Track_2258,Artist_105,Hip-Hop,Brazil,Tablet,Premium Individual,238,212794,No,Yes,10,1997
STR-800546,2024-08-25,Track_2266,Artist_125,Jazz,Australia,Desktop,Free,356,286135,Yes,Yes,39,1996
STR-801559,2024-08-25,Track_325,Artist_118,Pop,Brazil,Desktop,Premium Individual,152,28020,Yes,Yes,11,1993
STR-802246,2024-08-26,Track_509,Artist_147,Classical,Japan,Smart TV,Premium Individual,241,81944,No,Yes,88,2001
STR-801747,2024-08-26,Track_2061,Artist_118,Pop,United States,Smartphone,Premium Individual,229,108370,No,Yes,49,1992
STR-802645,2024-08-26,Track_1111,Artist_74,Bollywood,Canada,Smart Speaker,Free,121,348158,No,Yes,63,2000
STR-803187,2024-08-26,Track_2242,Artist_31,Hip-Hop,Australia,Tablet,Premium Individual,155,158470,No,Yes,22,1992
STR-802832,2024-08-26,Track_1739,Artist_147,R&B,Japan,Tablet,Premium Family,171,286464,No,Yes,48,2016
STR-800167,2024-08-27,Track_372,Artist_113,Pop,Canada,Smartphone,Premium Student,165,73811,No,Yes,23,2013
STR-801963,2024-08-27,Track_912,Artist_113,Indie,United Kingdom,Smart TV,Free,323,113190,No,Yes,36,2000
STR-803669,2024-08-27,Track_2302,Artist_148,Indie,Germany,Tablet,Premium Student,311,170941,No,No,41,1993
STR-804189,2024-08-27,Track_588,Artist_38,Hip-Hop,United States,Smart TV,Free,312,213734,No,Yes,8,2012
STR-802491,2024-08-28,Track_644,Artist_12,R&B,Japan,Smart Speaker,Premium Individual,236,135276,No,No,65,1995
STR-804118,2024-08-28,Track_2071,Artist_9,Jazz,Canada,Smart TV,Premium Family,169,151552,No,Yes,73,1999
STR-802171,2024-08-28,Track_1670,Artist_144,Bollywood,United Kingdom,Smartphone,Free,161,290074,No,Yes,15,1997
STR-803366,2024-08-28,Track_1286,Artist_42,Electronic,India,Desktop,Premium Individual,300,222250,No,No,16,2000
STR-803452,2024-08-29,Track_289,Artist_135,Devotional,United Kingdom,Desktop,Free,144,203219,No,Yes,90,2005
STR-802459,2024-08-29,Track_1723,Artist_95,Bollywood,United States,Desktop,Premium Family,241,133548,No,Yes,57,1992
STR-801920,2024-08-29,Track_2159,Artist_16,Electronic,Canada,Smartphone,Premium Family,254,116972,No,No,73,2022
STR-802806,2024-08-29,Track_2215,Artist_24,Rock,India,Tablet,Free,120,359793,Yes,No,97,2009
STR-802751,2024-08-29,Track_1674,Artist_127,Hip-Hop,Germany,Tablet,Premium Individual,315,239238,No,No,64,2009
STR-802991,2024-08-30,Track_800,Artist_55,Bollywood,Japan,Smart TV,Free,145,92373,No,No,96,2004
STR-803458,2024-08-30,Track_2343,Artist_99,Bollywood,Canada,Smartphone,Premium Individual,254,52657,No,Yes,82,2006
STR-801197,2024-08-31,Track_281,Artist_134,Rock,United Kingdom,Smart Speaker,Premium Individual,234,67712,No,Yes,66,2014
STR-802554,2024-08-31,Track_65,Artist_89,Pop,United States,Smartphone,Free,161,180706,No,Yes,37,1992
STR-800748,2024-08-31,Track_1327,Artist_2,Hip-Hop,Australia,Smart TV,Premium Individual,250,236053,No,No,12,2001
STR-800950,2024-08-31,Track_700,Artist_26,Bollywood,Japan,Smart TV,Free,265,108122,Yes,Yes,69,2009
STR-803261,2024-08-31,Track_1562,Artist_55,Electronic,Japan,Smartphone,Premium Individual,254,198944,No,Yes,33,1990
STR-800177,2024-08-31,Track_1439,Artist_25,Bollywood,Brazil,Tablet,Premium Individual,157,212559,No,Yes,78,2021
STR-800889,2024-09-01,Track_2228,Artist_146,Rock,United States,Smartphone,Premium Individual,333,125968,No,Yes,2,1991
STR-800840,2024-09-01,Track_1799,Artist_33,Pop,Japan,Desktop,Premium Family,213,114821,Yes,No,53,1996
STR-802311,2024-09-01,Track_8,Artist_61,Rock,United States,Smartphone,Premium Family,152,46738,No,Yes,41,2002
STR-800730,2024-09-01,Track_1742,Artist_135,Pop,United States,Tablet,Premium Individual,222,131752,Yes,Yes,63,2016
STR-801144,2024-09-01,Track_1966,Artist_59,Jazz,United Kingdom,Smartphone,Free,336,340845,No,No,83,1995
STR-803130,2024-09-01,Track_1618,Artist_36,R&B,India,Smart TV,Free,224,178385,No,No,63,2010
STR-804160,2024-09-02,Track_1522,Artist_43,Jazz,Canada,Smartphone,Premium Individual,353,69965,No,Yes,96,1995
STR-803072,2024-09-02,Track_350,Artist_50,Hip-Hop,United States,Tablet,Free,123,224903,No,Yes,71,2019
STR-801864,2024-09-02,Track_110,Artist_93,Jazz,Brazil,Tablet,Premium Family,280,321969,No,No,58,1991
STR-800692,2024-09-02,Track_369,Artist_24,Pop,Germany,Smartphone,Free,332,114145,No,No,19,2019
STR-804068,2024-09-02,Track_2163,Artist_13,Devotional,Brazil,Smartphone,Free,212,300550,No,No,60,2001
STR-801366,2024-09-02,Track_929,Artist_150,Electronic,Australia,Desktop,Free,259,93560,Yes,Yes,59,2024
STR-803248,2024-09-03,Track_1364,Artist_17,Rock,Japan,Smart TV,Premium Individual,280,310991,Yes,Yes,72,2004
STR-802426,2024-09-03,Track_707,Artist_49,Indie,United Kingdom,Tablet,Premium Individual,264,247560,No,Yes,62,2008
STR-800719,2024-09-03,Track_2422,Artist_150,Jazz,Australia,Desktop,Premium Individual,339,113639,No,Yes,91,2020
STR-803924,2024-09-04,Track_1541,Artist_88,Hip-Hop,India,Smart TV,Premium Family,344,65506,No,Yes,26,2017
STR-803980,2024-09-04,Track_1504,Artist_84,Jazz,United Kingdom,Tablet,Free,308,50086,Yes,Yes,11,2015
STR-800379,2024-09-04,Track_1777,Artist_34,Pop,Canada,Tablet,Free,212,141175,No,No,91,2013
STR-802402,2024-09-05,Track_2212,Artist_145,Classical,United Kingdom,Smartphone,Premium Individual,323,273062,No,No,80,2006
STR-803871,2024-09-05,Track_907,Artist_140,Classical,Canada,Desktop,Free,138,32029,No,No,91,2010
STR-803230,2024-09-05,Track_1461,Artist_109,Hip-Hop,United States,Desktop,Premium Family,340,278879,No,No,89,2020
STR-801708,2024-09-05,Track_453,Artist_83,Rock,Germany,Tablet,Free,295,160914,No,Yes,42,2002
STR-803872,2024-09-05,Track_1850,Artist_127,Electronic,Canada,Tablet,Premium Individual,205,198616,No,Yes,1,1996
STR-800435,2024-09-05,Track_373,Artist_90,Classical,Brazil,Tablet,Premium Individual,199,54361,Yes,No,85,2023
STR-802591,2024-09-05,Track_1161,Artist_18,Pop,Japan,Smart TV,Premium Family,180,303559,No,Yes,66,2018
STR-800616,2024-09-05,Track_1105,Artist_44,Devotional,Canada,Tablet,Premium Individual,321,157438,Yes,Yes,54,2023
STR-800457,2024-09-05,Track_324,Artist_15,Indie,Japan,Smartphone,Premium Student,255,205430,No,No,55,2012
STR-801682,2024-09-06,Track_1805,Artist_36,Bollywood,Germany,Desktop,Free,277,331180,No,Yes,71,2015
STR-801264,2024-09-06,Track_336,Artist_80,Pop,Germany,Smartphone,Premium Individual,330,19829,Yes,Yes,25,2009
STR-803247,2024-09-06,Track_2125,Artist_101,R&B,Australia,Smart TV,Free,139,135281,No,Yes,62,1995
STR-800230,2024-09-06,Track_1632,Artist_51,Jazz,Australia,Desktop,Free,336,200698,No,No,76,2019
STR-801218,2024-09-06,Track_2396,Artist_43,Devotional,India,Smart Speaker,Free,244,57541,No,Yes,92,2006
STR-803883,2024-09-07,Track_85,Artist_109,Bollywood,Japan,Smart Speaker,Premium Individual,262,337049,Yes,Yes,28,2010
STR-801922,2024-09-07,Track_1283,Artist_89,Classical,United States,Smartphone,Free,125,179003,Yes,Yes,36,2020
STR-802062,2024-09-07,Track_328,Artist_50,Jazz,Germany,Tablet,Free,297,53011,Yes,Yes,1,2008
STR-801863,2024-09-07,Track_269,Artist_128,Electronic,Brazil,Smart TV,Free,317,51960,No,No,90,1992
STR-804042,2024-09-07,Track_2256,Artist_18,Electronic,Germany,Smart Speaker,Premium Individual,233,24501,Yes,No,36,2001
STR-802996,2024-09-08,Track_730,Artist_85,R&B,Brazil,Tablet,Premium Individual,163,30465,No,Yes,41,1994
STR-803845,2024-09-08,Track_128,Artist_6,Bollywood,United Kingdom,Smartphone,Free,326,230776,No,No,73,2008
STR-803569,2024-09-08,Track_1572,Artist_117,Indie,Australia,Smart Speaker,Free,126,86520,No,No,97,2011
STR-800914,2024-09-08,Track_1169,Artist_128,Electronic,Germany,Desktop,Premium Individual,204,292306,Yes,No,8,2014
STR-802719,2024-09-08,Track_2456,Artist_8,R&B,Canada,Smart TV,Premium Individual,280,210457,Yes,No,35,2007
STR-801202,2024-09-08,Track_1696,Artist_67,Bollywood,India,Smart TV,Premium Individual,225,231202,No,No,39,1993
STR-803429,2024-09-09,Track_1778,Artist_121,Indie,Germany,Smartphone,Premium Family,156,358346,No,No,90,2018
STR-801789,2024-09-09,Track_1926,Artist_4,Bollywood,United States,Smartphone,Free,193,100729,Yes,No,43,2016
STR-802227,2024-09-09,Track_2435,Artist_116,Jazz,Australia,Smartphone,Free,232,329389,Yes,Yes,86,2003
STR-803605,2024-09-09,Track_335,Artist_65,Jazz,United States,Smart Speaker,Premium Family,307,175406,No,Yes,5,2012
STR-802125,2024-09-09,Track_2203,Artist_64,Hip-Hop,India,Desktop,Free,325,53754,No,No,91,2003
STR-802848,2024-09-09,Track_1881,Artist_138,Rock,Brazil,Tablet,Premium Family,312,186990,No,Yes,12,1990
STR-800026,2024-09-09,Track_1897,Artist_75,Hip-Hop,Canada,Smartphone,Premium Family,162,115573,No,No,85,2019
STR-803112,2024-09-09,Track_460,Artist_1,Jazz,Canada,Smart Speaker,Premium Student,128,281250,No,No,55,2018
STR-802584,2024-09-10,Track_936,Artist_130,R&B,Australia,Smartphone,Free,321,123135,No,No,82,2019
STR-802748,2024-09-10,Track_594,Artist_12,R&B,United States,Tablet,Free,325,234248,No,Yes,22,2018
STR-803058,2024-09-11,Track_1811,Artist_137,Bollywood,Brazil,Desktop,Premium Individual,288,330610,No,Yes,41,2003
STR-803348,2024-09-11,Track_12,Artist_47,Devotional,India,Tablet,Premium Family,354,36484,No,No,5,2015
STR-801336,2024-09-11,Track_855,Artist_54,Electronic,Japan,Smart TV,Premium Individual,293,133319,No,Yes,40,2022
STR-801635,2024-09-11,Track_533,Artist_66,Devotional,Germany,Desktop,Free,307,239846,No,No,75,2010
STR-801767,2024-09-11,Track_392,Artist_100,Bollywood,Australia,Desktop,Premium Family,198,225279,Yes,Yes,44,1997
STR-801794,2024-09-11,Track_532,Artist_73,Pop,Brazil,Desktop,Free,192,92223,No,Yes,46,2022
STR-803598,2024-09-11,Track_137,Artist_131,Hip-Hop,Australia,Smartphone,Premium Family,359,36603,No,No,47,2016
STR-803800,2024-09-12,Track_1938,Artist_95,Classical,India,Smart Speaker,Premium Individual,332,92640,No,No,47,1990
STR-802004,2024-09-12,Track_631,Artist_101,Jazz,India,Smart Speaker,Premium Family,336,111808,No,Yes,10,2023
STR-803073,2024-09-12,Track_601,Artist_56,Hip-Hop,Brazil,Smart TV,Premium Individual,206,285999,No,No,44,2004
STR-800905,2024-09-12,Track_1510,Artist_51,Rock,India,Smart TV,Free,275,193165,No,Yes,90,1996
STR-802352,2024-09-12,Track_459,Artist_80,Classical,Brazil,Smart TV,Free,135,285463,No,No,32,1995
STR-802131,2024-09-12,Track_2012,Artist_4,Electronic,United States,Smartphone,Premium Individual,226,177173,No,Yes,11,2014
STR-803042,2024-09-13,Track_1560,Artist_133,Bollywood,United Kingdom,Tablet,Premium Student,248,78878,Yes,No,43,2012
STR-803268,2024-09-13,Track_1125,Artist_101,Classical,India,Desktop,Premium Individual,165,207497,No,No,77,2011
STR-801819,2024-09-13,Track_1623,Artist_128,R&B,Brazil,Smart Speaker,Free,199,320640,No,Yes,75,1999
STR-801416,2024-09-13,Track_1119,Artist_110,Indie,Australia,Tablet,Premium Individual,131,183027,No,Yes,89,2017
STR-803969,2024-09-13,Track_189,Artist_57,Classical,Germany,Desktop,Free,179,208601,No,Yes,35,1991
STR-801171,2024-09-13,Track_1570,Artist_27,Devotional,Germany,Smart Speaker,Free,252,253146,No,No,89,2014
STR-801721,2024-09-14,Track_435,Artist_70,Rock,Australia,Tablet,Premium Individual,181,233160,No,No,3,2019
STR-801772,2024-09-15,Track_1259,Artist_14,Devotional,Japan,Smart TV,Free,187,128430,No,Yes,23,2024
STR-802765,2024-09-15,Track_934,Artist_53,Jazz,Brazil,Smartphone,Premium Family,323,292929,No,Yes,79,2002
STR-801574,2024-09-15,Track_1071,Artist_111,Electronic,India,Desktop,Premium Individual,182,288738,No,No,65,1998
STR-801167,2024-09-15,Track_993,Artist_90,Hip-Hop,United Kingdom,Desktop,Free,124,219432,No,Yes,82,2009
STR-800160,2024-09-16,Track_877,Artist_136,Hip-Hop,Australia,Desktop,Premium Individual,345,302134,Yes,No,91,2020
STR-803016,2024-09-16,Track_467,Artist_45,Classical,United Kingdom,Smart TV,Premium Individual,247,103873,No,Yes,41,2004
STR-803836,2024-09-16,Track_1093,Artist_135,Indie,United States,Desktop,Free,318,242030,No,Yes,63,2003
STR-800029,2024-09-16,Track_1377,Artist_107,Classical,United Kingdom,Desktop,Premium Individual,349,257322,No,Yes,4,1995
STR-803345,2024-09-16,Track_1245,Artist_120,Jazz,Germany,Smartphone,Premium Family,291,275618,Yes,No,53,1991
STR-802437,2024-09-17,Track_2336,Artist_42,R&B,Brazil,Tablet,Premium Individual,351,170494,No,Yes,72,2001
STR-801540,2024-09-17,Track_226,Artist_9,R&B,Canada,Smart TV,Premium Individual,123,343497,Yes,Yes,51,2020
STR-800500,2024-09-17,Track_512,Artist_8,Hip-Hop,United States,Tablet,Free,132,7263,No,Yes,42,2013
STR-803785,2024-09-17,Track_2434,Artist_17,Electronic,India,Smart TV,Free,352,313655,No,No,56,2002
STR-802201,2024-09-17,Track_382,Artist_46,Jazz,Japan,Smart Speaker,Premium Individual,359,104297,No,No,97,1991
STR-802474,2024-09-18,Track_558,Artist_62,Classical,United Kingdom,Smartphone,Premium Family,149,28868,No,No,95,1992
STR-801712,2024-09-18,Track_1230,Artist_147,Pop,United States,Desktop,Premium Individual,206,87705,No,No,74,2024
STR-802533,2024-09-18,Track_1904,Artist_92,Devotional,Canada,Tablet,Premium Individual,178,203939,No,No,54,2000
STR-803379,2024-09-18,Track_2333,Artist_73,Electronic,Australia,Smart Speaker,Free,252,271450,No,Yes,18,2024
STR-801310,2024-09-18,Track_128,Artist_56,Jazz,United States,Desktop,Premium Student,330,277448,Yes,Yes,10,2018
STR-800602,2024-09-19,Track_2111,Artist_26,Pop,India,Smart Speaker,Premium Individual,216,119959,No,No,93,2005
STR-802548,2024-09-19,Track_1327,Artist_66,R&B,India,Desktop,Premium Individual,136,351673,Yes,Yes,22,2018
STR-802462,2024-09-19,Track_1643,Artist_39,Indie,Brazil,Smart TV,Premium Individual,301,86030,No,No,46,2013
STR-803962,2024-09-20,Track_864,Artist_72,Classical,United Kingdom,Tablet,Premium Student,138,353666,Yes,No,82,1997
STR-801158,2024-09-20,Track_1757,Artist_113,Devotional,United Kingdom,Smart TV,Free,154,61116,Yes,No,74,2001
STR-803931,2024-09-20,Track_1854,Artist_79,Classical,United States,Smart TV,Premium Student,189,294589,Yes,Yes,13,1996
STR-801991,2024-09-21,Track_1524,Artist_103,R&B,Canada,Smartphone,Premium Individual,317,306087,No,No,93,2000
STR-801168,2024-09-21,Track_1412,Artist_1,Jazz,Germany,Desktop,Premium Family,269,153170,Yes,No,57,1994
STR-801121,2024-09-21,Track_1944,Artist_88,Jazz,United Kingdom,Smart Speaker,Free,281,316797,Yes,No,46,1991
STR-802418,2024-09-21,Track_2389,Artist_56,Indie,United Kingdom,Tablet,Premium Individual,197,31438,No,Yes,19,1995
STR-803221,2024-09-22,Track_1133,Artist_28,R&B,Germany,Smart Speaker,Premium Individual,328,285161,Yes,No,66,2005
STR-801872,2024-09-22,Track_1181,Artist_116,Bollywood,Australia,Tablet,Premium Individual,239,35659,No,Yes,58,2022
STR-803722,2024-09-22,Track_2136,Artist_147,Classical,Germany,Tablet,Premium Family,251,192104,Yes,Yes,86,2017
STR-801617,2024-09-23,Track_146,Artist_70,Classical,United Kingdom,Smart TV,Premium Individual,240,217291,No,Yes,67,1998
STR-801165,2024-09-23,Track_2056,Artist_55,Classical,India,Smart Speaker,Free,358,28082,Yes,Yes,2,2022
STR-800571,2024-09-23,Track_497,Artist_78,Indie,United Kingdom,Smartphone,Free,163,175847,Yes,Yes,92,2022
STR-801792,2024-09-23,Track_654,Artist_54,Pop,Canada,Tablet,Premium Family,235,229382,No,Yes,45,2024
STR-800940,2024-09-24,Track_1588,Artist_115,Indie,Brazil,Smart Speaker,Free,218,81494,No,Yes,52,2004
STR-801275,2024-09-24,Track_385,Artist_114,Indie,Australia,Smart Speaker,Premium Individual,204,300627,No,Yes,52,2001
STR-801386,2024-09-24,Track_2242,Artist_126,Hip-Hop,United States,Smart TV,Premium Individual,175,251137,No,No,14,2007
STR-803631,2024-09-24,Track_1582,Artist_84,Devotional,Canada,Smart TV,Free,193,190127,No,No,55,2015
STR-800249,2024-09-24,Track_661,Artist_113,Indie,India,Smart TV,Premium Family,164,171145,No,Yes,56,1996
STR-800635,2024-09-24,Track_1389,Artist_66,Hip-Hop,India,Smart Speaker,Free,179,308103,No,Yes,72,1997
STR-802100,2024-09-24,Track_2010,Artist_120,Rock,Australia,Smart TV,Free,171,276210,No,No,18,1990
STR-802502,2024-09-24,Track_2495,Artist_126,Bollywood,United States,Smart TV,Premium Family,139,105758,No,Yes,52,1993
STR-800048,2024-09-25,Track_983,Artist_40,Indie,Germany,Desktop,Premium Individual,250,354254,No,Yes,39,2021
STR-803435,2024-09-25,Track_2479,Artist_93,Bollywood,India,Smartphone,Premium Individual,194,245482,No,No,55,1992
STR-800476,2024-09-25,Track_2050,Artist_97,Classical,Australia,Tablet,Free,249,66858,No,Yes,93,2003
STR-802442,2024-09-25,Track_1700,Artist_126,Electronic,Canada,Desktop,Premium Individual,179,26468,No,Yes,61,1990
STR-803510,2024-09-25,Track_129,Artist_63,Hip-Hop,United Kingdom,Desktop,Free,256,277770,No,Yes,14,1992
STR-802503,2024-09-25,Track_1978,Artist_104,Rock,India,Smart Speaker,Premium Family,228,20236,Yes,Yes,60,2017
STR-802394,2024-09-25,Track_698,Artist_33,Hip-Hop,Australia,Smart Speaker,Free,239,84150,No,No,92,2017
STR-801688,2024-09-25,Track_1486,Artist_62,Classical,Australia,Desktop,Premium Family,132,209877,No,Yes,7,2021
STR-801648,2024-09-26,Track_888,Artist_58,R&B,United States,Smartphone,Free,347,92134,No,Yes,48,2015
STR-802472,2024-09-26,Track_178,Artist_92,Rock,Australia,Desktop,Premium Student,358,34878,No,No,50,1990
STR-802988,2024-09-26,Track_2024,Artist_93,Hip-Hop,Australia,Tablet,Premium Individual,314,112178,Yes,Yes,3,2018
STR-804147,2024-09-26,Track_162,Artist_11,Hip-Hop,Brazil,Smartphone,Free,200,183323,No,Yes,7,1990
STR-803739,2024-09-27,Track_56,Artist_63,Pop,United States,Smart TV,Premium Family,258,21908,No,Yes,12,2008
STR-802764,2024-09-27,Track_254,Artist_10,Indie,India,Desktop,Free,305,184492,No,No,37,2008
STR-800668,2024-09-27,Track_113,Artist_8,Hip-Hop,Germany,Smart Speaker,Free,292,210042,Yes,Yes,99,1991
STR-802754,2024-09-27,Track_1851,Artist_79,Classical,Japan,Smartphone,Free,285,192061,Yes,Yes,38,2006
STR-800187,2024-09-27,Track_2181,Artist_32,R&B,Canada,Smartphone,Premium Student,166,262312,Yes,Yes,37,2014
STR-801515,2024-09-27,Track_77,Artist_67,Indie,United Kingdom,Smart TV,Premium Family,216,6956,No,No,27,2019
STR-800583,2024-09-28,Track_2332,Artist_149,Hip-Hop,Australia,Desktop,Premium Individual,125,312150,No,Yes,9,2009
STR-801513,2024-09-29,Track_42,Artist_95,Indie,Germany,Tablet,Free,166,39702,Yes,Yes,47,2001
STR-803438,2024-09-29,Track_1228,Artist_106,Classical,United Kingdom,Smart TV,Premium Family,316,100420,No,Yes,18,1999
STR-800892,2024-09-29,Track_533,Artist_62,Devotional,Australia,Tablet,Free,343,170828,Yes,Yes,93,2007
STR-803767,2024-09-29,Track_2051,Artist_85,Hip-Hop,Australia,Smart TV,Premium Individual,211,312236,No,Yes,8,2012
STR-802992,2024-09-29,Track_1327,Artist_126,Bollywood,United Kingdom,Smart TV,Premium Individual,195,284032,Yes,Yes,27,2021
STR-804197,2024-09-29,Track_1030,Artist_145,Electronic,Brazil,Smartphone,Premium Individual,197,319079,No,No,41,2013
STR-802090,2024-09-29,Track_165,Artist_109,R&B,United Kingdom,Smartphone,Free,214,221193,No,Yes,22,1990
STR-801321,2024-09-29,Track_711,Artist_107,Pop,United Kingdom,Smartphone,Free,161,243415,Yes,Yes,45,2023
STR-803899,2024-09-30,Track_2266,Artist_45,Pop,India,Desktop,Free,130,247198,No,Yes,50,2022
STR-802179,2024-09-30,Track_749,Artist_147,R&B,Canada,Smart TV,Premium Student,234,44395,No,No,3,2024
STR-802109,2024-09-30,Track_1420,Artist_56,Devotional,United States,Smart TV,Free,124,26507,Yes,No,5,2009
STR-802260,2024-10-01,Track_362,Artist_130,Devotional,India,Tablet,Premium Individual,334,271179,No,No,98,1999
STR-802526,2024-10-01,Track_93,Artist_102,Pop,Japan,Desktop,Premium Individual,195,79840,No,No,4,2019
STR-802965,2024-10-01,Track_424,Artist_141,Pop,Japan,Smart TV,Premium Family,281,81890,Yes,Yes,81,2018
STR-804132,2024-10-01,Track_834,Artist_25,Pop,Brazil,Smart Speaker,Free,164,141196,No,Yes,51,2003
STR-802845,2024-10-01,Track_2200,Artist_147,Bollywood,United States,Smart Speaker,Free,171,25198,No,Yes,99,2002
STR-801354,2024-10-01,Track_227,Artist_73,Hip-Hop,Canada,Desktop,Premium Individual,138,27274,No,Yes,45,2001
STR-802087,2024-10-01,Track_327,Artist_114,Classical,Australia,Smart TV,Free,315,198536,No,No,12,1993
STR-803087,2024-10-01,Track_2411,Artist_15,Jazz,India,Smart TV,Free,144,128536,No,No,14,2012
STR-800451,2024-10-01,Track_941,Artist_88,Pop,United States,Smart Speaker,Premium Student,264,238841,No,No,19,2020
STR-800632,2024-10-02,Track_853,Artist_140,R&B,India,Smartphone,Premium Student,249,277812,No,Yes,82,2023
STR-800809,2024-10-02,Track_1171,Artist_81,Classical,Brazil,Smart TV,Free,237,35993,Yes,Yes,83,2007
STR-800557,2024-10-02,Track_1439,Artist_118,Jazz,Japan,Smart Speaker,Premium Family,133,93784,No,No,21,1992
STR-802981,2024-10-02,Track_2491,Artist_72,Pop,Germany,Smart TV,Free,301,234470,No,Yes,72,2024
STR-803593,2024-10-02,Track_1327,Artist_100,Hip-Hop,Germany,Smart TV,Free,253,124122,No,Yes,30,2008
STR-801730,2024-10-02,Track_650,Artist_36,Indie,Canada,Smart TV,Premium Family,266,312365,Yes,No,70,1998
STR-801997,2024-10-02,Track_2308,Artist_76,Jazz,United Kingdom,Desktop,Free,226,27738,Yes,No,56,2013
STR-803445,2024-10-02,Track_1854,Artist_25,Indie,Australia,Smart Speaker,Premium Student,122,306555,Yes,No,30,1992
STR-802572,2024-10-03,Track_1957,Artist_81,Bollywood,India,Desktop,Premium Individual,269,268133,Yes,Yes,26,1990
STR-801821,2024-10-03,Track_1535,Artist_137,Classical,India,Smartphone,Premium Family,126,320104,Yes,Yes,28,1998
STR-801079,2024-10-03,Track_586,Artist_98,Jazz,Brazil,Smart Speaker,Premium Individual,252,9389,Yes,Yes,55,2009
STR-802688,2024-10-03,Track_247,Artist_9,Indie,Australia,Smartphone,Premium Individual,147,49626,No,Yes,62,1996
STR-801628,2024-10-03,Track_861,Artist_58,Bollywood,Canada,Smartphone,Premium Individual,199,342955,Yes,Yes,22,1993
STR-803253,2024-10-03,Track_1519,Artist_28,Devotional,Canada,Tablet,Premium Student,228,122709,No,Yes,99,2013
STR-800617,2024-10-03,Track_925,Artist_38,Pop,India,Tablet,Premium Family,254,93798,No,No,5,1991
STR-801610,2024-10-04,Track_1534,Artist_68,Jazz,India,Desktop,Premium Student,200,165103,No,No,32,2015
STR-803601,2024-10-04,Track_1580,Artist_12,Jazz,Australia,Desktop,Premium Individual,274,149987,No,Yes,54,2006
STR-802451,2024-10-04,Track_2414,Artist_135,Classical,United States,Smart TV,Free,143,25334,No,No,65,2015
STR-803459,2024-10-04,Track_2492,Artist_53,Pop,Brazil,Smartphone,Premium Individual,263,271900,No,No,36,2000
STR-802515,2024-10-04,Track_1555,Artist_113,Electronic,United States,Smartphone,Premium Individual,198,50062,No,Yes,15,1992
STR-803390,2024-10-04,Track_1007,Artist_58,Bollywood,Germany,Smart Speaker,Free,303,157229,No,Yes,54,1995
STR-801679,2024-10-04,Track_887,Artist_86,R&B,Brazil,Desktop,Premium Family,308,177554,No,No,65,2013
STR-801294,2024-10-04,Track_295,Artist_147,Rock,United Kingdom,Desktop,Free,156,58684,Yes,No,41,2000
STR-802612,2024-10-05,Track_1081,Artist_73,Devotional,Australia,Desktop,Premium Individual,314,67643,No,No,63,2022
STR-800341,2024-10-05,Track_1068,Artist_25,Pop,United States,Smartphone,Premium Individual,259,18243,No,No,65,1991
STR-802512,2024-10-05,Track_340,Artist_93,Classical,United States,Smart TV,Premium Family,310,354586,No,Yes,19,2004
STR-800832,2024-10-05,Track_700,Artist_71,R&B,United Kingdom,Tablet,Premium Student,131,261727,No,Yes,37,1992
STR-804125,2024-10-05,Track_593,Artist_77,Indie,Brazil,Tablet,Free,121,179402,No,Yes,60,2022
STR-804097,2024-10-05,Track_1277,Artist_60,Pop,United Kingdom,Desktop,Free,345,75034,No,No,83,2011
STR-802655,2024-10-05,Track_110,Artist_90,Jazz,India,Smartphone,Free,356,145505,No,Yes,71,2015
STR-802154,2024-10-05,Track_1279,Artist_63,Devotional,Brazil,Tablet,Premium Individual,191,193257,No,Yes,17,2000
STR-801478,2024-10-06,Track_382,Artist_30,Devotional,United States,Tablet,Premium Family,256,175079,No,Yes,10,2020
STR-802614,2024-10-06,Track_200,Artist_23,Electronic,United States,Desktop,Premium Family,180,7355,Yes,Yes,45,1993
STR-802908,2024-10-06,Track_287,Artist_130,Bollywood,Australia,Smart Speaker,Premium Individual,300,290206,No,Yes,5,2017
STR-803047,2024-10-07,Track_344,Artist_114,Devotional,United States,Smart TV,Free,284,233498,No,No,64,2023
STR-803671,2024-10-07,Track_813,Artist_63,Rock,Brazil,Smart TV,Free,238,150505,No,Yes,83,1995
STR-800772,2024-10-07,Track_375,Artist_106,Devotional,Japan,Desktop,Premium Individual,231,246743,No,Yes,52,2024
STR-803718,2024-10-07,Track_1008,Artist_24,Indie,United Kingdom,Smart Speaker,Free,265,127801,No,Yes,80,2014
STR-800412,2024-10-07,Track_1249,Artist_63,Devotional,India,Smart TV,Free,187,214236,No,Yes,19,2022
STR-801738,2024-10-07,Track_67,Artist_71,Rock,Japan,Desktop,Free,340,246596,Yes,Yes,48,2011
STR-803074,2024-10-07,Track_2236,Artist_90,Indie,India,Smart Speaker,Free,124,306127,No,Yes,96,1990
STR-800123,2024-10-07,Track_2407,Artist_150,Devotional,Germany,Smart Speaker,Free,282,57256,No,No,1,1998
STR-801808,2024-10-07,Track_1530,Artist_25,Classical,United States,Smart Speaker,Premium Individual,154,188969,No,Yes,100,2024
STR-804124,2024-10-08,Track_1070,Artist_45,Electronic,United States,Smartphone,Premium Individual,327,344622,No,No,72,2009
STR-801355,2024-10-08,Track_789,Artist_63,Devotional,United Kingdom,Smart Speaker,Free,242,256896,No,No,57,2019
STR-800673,2024-10-08,Track_1383,Artist_1,Bollywood,India,Desktop,Free,190,111831,No,Yes,11,1994
STR-802903,2024-10-08,Track_689,Artist_82,Hip-Hop,Canada,Smart Speaker,Premium Individual,273,161970,Yes,No,42,2013
STR-803135,2024-10-08,Track_1904,Artist_138,Electronic,Australia,Tablet,Premium Individual,172,101118,Yes,Yes,35,2010
STR-803119,2024-10-08,Track_1915,Artist_30,Electronic,Canada,Tablet,Premium Individual,287,223573,No,No,41,2021
STR-802473,2024-10-08,Track_1511,Artist_33,Rock,United Kingdom,Desktop,Premium Family,205,72750,No,No,52,2003
STR-801103,2024-10-09,Track_216,Artist_76,Devotional,United Kingdom,Smart TV,Premium Individual,157,25186,No,No,44,2017
STR-801612,2024-10-09,Track_2495,Artist_27,R&B,United Kingdom,Desktop,Free,193,186204,No,No,75,1998
STR-800658,2024-10-09,Track_1767,Artist_39,Pop,Germany,Smartphone,Free,267,154422,No,No,71,2008
STR-801546,2024-10-09,Track_1646,Artist_23,Pop,United States,Tablet,Free,269,13927,Yes,No,88,2019
STR-802804,2024-10-09,Track_1560,Artist_16,Jazz,India,Smart Speaker,Free,202,130861,No,Yes,62,2008
STR-800979,2024-10-09,Track_1630,Artist_57,Rock,Brazil,Smartphone,Premium Individual,297,21248,Yes,Yes,41,2017
STR-801042,2024-10-10,Track_1731,Artist_126,Devotional,Australia,Smart TV,Premium Individual,309,188369,No,No,8,2014
STR-802307,2024-10-10,Track_2297,Artist_116,Rock,Canada,Desktop,Premium Individual,160,19059,No,No,24,1999
STR-802293,2024-10-10,Track_791,Artist_76,Hip-Hop,United Kingdom,Smart Speaker,Free,352,256221,Yes,Yes,18,2013
STR-802339,2024-10-10,Track_36,Artist_77,Indie,Germany,Smartphone,Premium Individual,351,109130,Yes,No,40,2001
STR-801919,2024-10-10,Track_288,Artist_75,Pop,Australia,Tablet,Premium Individual,152,221750,No,Yes,32,1999
STR-803360,2024-10-11,Track_521,Artist_117,Jazz,Brazil,Smart Speaker,Free,125,311161,No,No,96,2001
STR-803063,2024-10-11,Track_186,Artist_129,Pop,Canada,Desktop,Premium Individual,221,357306,No,No,42,2023
STR-803861,2024-10-11,Track_22,Artist_44,Indie,United Kingdom,Smart Speaker,Free,243,343259,No,No,80,1992
STR-800599,2024-10-12,Track_1605,Artist_97,Devotional,Brazil,Smart TV,Premium Individual,263,335696,No,No,17,2004
STR-802825,2024-10-12,Track_253,Artist_12,Hip-Hop,Brazil,Tablet,Premium Individual,238,284182,No,Yes,74,2019
STR-802001,2024-10-12,Track_681,Artist_54,Classical,Germany,Smartphone,Free,189,101495,No,Yes,82,2014
STR-800094,2024-10-12,Track_930,Artist_123,Classical,India,Smart TV,Free,349,33390,No,Yes,78,1992
STR-800532,2024-10-12,Track_435,Artist_56,Electronic,India,Smart TV,Free,122,230939,No,No,9,2011
STR-801725,2024-10-12,Track_2085,Artist_36,Hip-Hop,Brazil,Desktop,Premium Individual,225,85708,No,No,30,2008
STR-803115,2024-10-12,Track_2236,Artist_15,Jazz,India,Smart Speaker,Premium Individual,323,236741,No,Yes,19,2021
STR-803850,2024-10-12,Track_2441,Artist_135,Jazz,India,Smartphone,Free,153,36774,No,No,95,2022
STR-803848,2024-10-12,Track_2296,Artist_71,Classical,Brazil,Desktop,Premium Family,157,312584,No,Yes,42,1995
STR-803302,2024-10-13,Track_13,Artist_16,Rock,Canada,Desktop,Premium Individual,308,68987,Yes,No,100,1999
STR-803314,2024-10-13,Track_765,Artist_129,Pop,Canada,Tablet,Premium Family,348,88286,Yes,Yes,50,2021
STR-801075,2024-10-13,Track_1237,Artist_60,Indie,India,Smart TV,Premium Individual,348,160386,No,No,45,2011
STR-800151,2024-10-14,Track_1038,Artist_72,Jazz,Japan,Smart TV,Premium Individual,339,238661,No,Yes,72,2024
STR-803838,2024-10-14,Track_1060,Artist_146,Jazz,Brazil,Tablet,Free,227,283215,No,Yes,1,1991
STR-800020,2024-10-14,Track_570,Artist_64,Bollywood,Japan,Smartphone,Premium Individual,252,340157,No,Yes,44,2010
STR-800136,2024-10-14,Track_646,Artist_137,Pop,United Kingdom,Smart Speaker,Premium Individual,295,185654,No,Yes,20,1997
STR-802516,2024-10-14,Track_2342,Artist_79,Devotional,India,Smartphone,Premium Family,302,207540,Yes,No,38,2006
STR-803654,2024-10-14,Track_1556,Artist_25,Electronic,Brazil,Smart TV,Free,156,144604,Yes,No,98,2001
STR-803265,2024-10-14,Track_1513,Artist_48,Electronic,United Kingdom,Smart Speaker,Premium Family,342,73877,No,Yes,96,2004
STR-801755,2024-10-14,Track_885,Artist_78,Hip-Hop,Brazil,Smart TV,Premium Individual,286,146961,No,Yes,38,1998
STR-802071,2024-10-14,Track_2005,Artist_26,Hip-Hop,India,Smart Speaker,Premium Student,200,220470,Yes,No,1,1993
STR-802274,2024-10-14,Track_285,Artist_82,Classical,United Kingdom,Tablet,Premium Student,242,54962,No,Yes,57,2004
STR-803358,2024-10-14,Track_637,Artist_135,Rock,Germany,Smart Speaker,Premium Student,311,22891,No,Yes,23,1993
STR-801050,2024-10-15,Track_437,Artist_113,Rock,Australia,Desktop,Premium Individual,282,312960,No,Yes,58,2003
STR-802167,2024-10-15,Track_819,Artist_10,Devotional,Japan,Desktop,Premium Individual,242,267506,Yes,No,1,2023
STR-804005,2024-10-15,Track_1439,Artist_91,Jazz,Brazil,Smart Speaker,Premium Individual,204,238748,No,No,52,2004
STR-800266,2024-10-15,Track_896,Artist_46,Devotional,India,Smart TV,Premium Student,189,134697,No,No,91,2000
STR-803121,2024-10-15,Track_1958,Artist_127,Devotional,Australia,Smart TV,Premium Individual,237,74092,No,Yes,54,1992
STR-800919,2024-10-16,Track_659,Artist_75,Rock,Brazil,Desktop,Premium Family,191,216014,No,Yes,30,2018
STR-803139,2024-10-16,Track_2333,Artist_20,Pop,United States,Smartphone,Premium Individual,290,258833,No,Yes,32,1991
STR-801790,2024-10-16,Track_801,Artist_36,Devotional,India,Smartphone,Premium Individual,202,356030,Yes,Yes,78,2004
STR-800782,2024-10-16,Track_1252,Artist_59,Electronic,Japan,Tablet,Premium Individual,358,315714,No,Yes,49,2012
STR-801713,2024-10-16,Track_626,Artist_70,Pop,Japan,Desktop,Free,244,259644,No,Yes,21,2001
STR-802434,2024-10-17,Track_2482,Artist_12,Bollywood,Japan,Tablet,Premium Individual,239,226602,No,Yes,12,2017
STR-801850,2024-10-17,Track_101,Artist_147,Devotional,United Kingdom,Smartphone,Premium Individual,264,273334,No,No,21,1999
STR-801553,2024-10-17,Track_2493,Artist_113,Indie,Brazil,Smartphone,Premium Individual,187,67556,No,No,75,1996
STR-804086,2024-10-17,Track_1572,Artist_13,Devotional,Canada,Smart TV,Premium Family,333,340811,No,Yes,82,1990
STR-801909,2024-10-17,Track_1778,Artist_84,Pop,Australia,Smartphone,Premium Individual,357,264984,No,Yes,22,2022
STR-801413,2024-10-17,Track_2377,Artist_68,Hip-Hop,Germany,Smart Speaker,Premium Family,358,193417,No,Yes,78,2010
STR-802401,2024-10-17,Track_1902,Artist_27,Electronic,Brazil,Smart TV,Premium Individual,184,136586,No,No,35,1993
STR-802651,2024-10-18,Track_565,Artist_15,Rock,Canada,Tablet,Premium Family,281,188537,Yes,No,14,1995
STR-802304,2024-10-18,Track_2187,Artist_42,Indie,United States,Desktop,Free,353,179298,Yes,Yes,32,1993
STR-800054,2024-10-18,Track_1330,Artist_54,Electronic,Germany,Desktop,Free,330,235289,No,No,72,2012
STR-800162,2024-10-19,Track_190,Artist_136,Electronic,Brazil,Tablet,Free,223,181253,No,No,18,1991
STR-803182,2024-10-19,Track_822,Artist_6,Devotional,Canada,Smart TV,Free,153,28938,No,Yes,78,2014
STR-802851,2024-10-19,Track_922,Artist_96,R&B,India,Smart TV,Premium Individual,125,233610,No,Yes,36,2024
STR-800352,2024-10-19,Track_1966,Artist_71,Indie,Australia,Tablet,Free,226,170697,No,Yes,66,1995
STR-801260,2024-10-19,Track_773,Artist_65,R&B,Australia,Desktop,Premium Family,171,68197,No,Yes,99,2011
STR-804023,2024-10-20,Track_927,Artist_112,Classical,India,Desktop,Premium Student,134,148216,No,No,65,2001
STR-803986,2024-10-20,Track_593,Artist_2,R&B,United States,Smartphone,Premium Individual,214,186031,No,No,11,2006
STR-802160,2024-10-20,Track_181,Artist_106,Devotional,Germany,Tablet,Premium Family,288,130090,No,No,15,1995
STR-803679,2024-10-20,Track_988,Artist_24,Jazz,Canada,Desktop,Premium Student,312,183686,Yes,No,34,2001
STR-802568,2024-10-21,Track_1781,Artist_44,Hip-Hop,Canada,Smartphone,Free,210,260570,Yes,No,94,2024
STR-800705,2024-10-21,Track_2029,Artist_14,Bollywood,United Kingdom,Smart TV,Free,197,270699,No,No,95,2019
STR-800469,2024-10-22,Track_262,Artist_140,R&B,Brazil,Smart TV,Premium Individual,243,342125,Yes,No,2,2018
STR-801722,2024-10-22,Track_752,Artist_142,R&B,India,Smartphone,Premium Individual,184,200048,No,Yes,1,2006
STR-800691,2024-10-22,Track_579,Artist_28,Classical,Brazil,Desktop,Premium Individual,302,181680,No,Yes,93,1995
STR-800915,2024-10-22,Track_485,Artist_18,Jazz,India,Smartphone,Free,138,222465,Yes,No,33,2010
STR-803513,2024-10-22,Track_1214,Artist_98,R&B,Japan,Tablet,Premium Student,182,195668,No,Yes,86,2023
STR-803693,2024-10-22,Track_2071,Artist_89,Indie,Canada,Tablet,Premium Individual,153,185595,No,Yes,21,2018
STR-800749,2024-10-22,Track_873,Artist_64,Jazz,India,Tablet,Premium Individual,291,323105,No,No,44,2018
STR-800422,2024-10-22,Track_898,Artist_19,Rock,India,Desktop,Free,123,16508,Yes,Yes,94,1996
STR-803205,2024-10-22,Track_346,Artist_146,Bollywood,United States,Tablet,Premium Individual,351,60844,No,Yes,23,2023
STR-802223,2024-10-22,Track_944,Artist_137,Pop,Brazil,Desktop,Free,207,19853,Yes,No,5,2001
STR-803841,2024-10-23,Track_121,Artist_131,Pop,Japan,Tablet,Premium Family,321,144384,No,No,55,2018
STR-802469,2024-10-23,Track_69,Artist_137,Classical,Australia,Tablet,Premium Family,270,280566,No,No,42,2012
STR-803292,2024-10-23,Track_644,Artist_137,Devotional,Japan,Smartphone,Premium Family,166,186816,No,No,59,2017
STR-803288,2024-10-23,Track_366,Artist_106,Bollywood,Canada,Smart TV,Premium Individual,187,153561,No,Yes,14,2013
STR-800437,2024-10-23,Track_2035,Artist_22,Indie,Australia,Tablet,Free,224,13375,Yes,No,87,2007
STR-804038,2024-10-23,Track_2263,Artist_17,Jazz,India,Smart TV,Premium Family,296,291783,No,No,14,1999
STR-801018,2024-10-23,Track_1540,Artist_38,Electronic,Canada,Smart Speaker,Premium Individual,304,332234,No,Yes,79,2011
STR-803857,2024-10-23,Track_1393,Artist_1,Indie,Germany,Smart TV,Free,301,70500,No,Yes,39,1990
STR-802802,2024-10-23,Track_1788,Artist_53,Electronic,Canada,Desktop,Premium Individual,192,49557,No,Yes,43,1996
STR-802553,2024-10-23,Track_359,Artist_4,Pop,Japan,Smartphone,Premium Family,222,316284,No,Yes,45,2024
STR-804024,2024-10-24,Track_595,Artist_57,Pop,Australia,Tablet,Free,246,230798,No,Yes,55,2003
STR-802283,2024-10-24,Track_2431,Artist_74,Pop,India,Smart TV,Premium Family,257,26395,No,Yes,64,2010
STR-800936,2024-10-24,Track_126,Artist_114,Bollywood,Japan,Smart Speaker,Premium Individual,156,74206,No,Yes,12,1998
STR-803325,2024-10-24,Track_1748,Artist_13,Jazz,Japan,Tablet,Premium Individual,274,148747,No,Yes,94,2020
STR-801796,2024-10-24,Track_2314,Artist_114,R&B,Brazil,Smart TV,Free,214,127931,No,No,29,1998
STR-802048,2024-10-25,Track_17,Artist_51,Jazz,Brazil,Tablet,Free,208,226602,No,Yes,54,2022
STR-803022,2024-10-25,Track_1887,Artist_117,Classical,Brazil,Desktop,Free,221,124493,No,Yes,89,2020
STR-800497,2024-10-25,Track_1936,Artist_8,Rock,Brazil,Smart TV,Premium Individual,251,312425,No,Yes,12,2010
STR-802931,2024-10-25,Track_753,Artist_64,Devotional,United States,Smartphone,Premium Family,198,133286,No,Yes,74,2000
STR-802212,2024-10-25,Track_2357,Artist_124,Rock,Australia,Smartphone,Free,194,301358,No,Yes,99,2024
STR-802211,2024-10-26,Track_2281,Artist_12,Jazz,Brazil,Smart Speaker,Free,285,85766,Yes,No,42,1999
STR-803258,2024-10-26,Track_1474,Artist_140,Jazz,Japan,Smartphone,Free,240,107986,No,Yes,4,2011
STR-801368,2024-10-26,Track_149,Artist_103,Pop,United States,Smartphone,Premium Student,354,14242,No,No,25,2021
STR-801830,2024-10-27,Track_291,Artist_39,Bollywood,United States,Smart TV,Premium Individual,186,114603,No,Yes,87,1996
STR-800686,2024-10-27,Track_1792,Artist_78,Electronic,Australia,Smart TV,Free,217,235357,No,No,85,1996
STR-803650,2024-10-27,Track_608,Artist_84,Indie,Canada,Smart Speaker,Premium Student,253,133904,Yes,No,87,1995
STR-802226,2024-10-27,Track_729,Artist_147,Classical,Japan,Tablet,Free,233,159736,No,No,93,1995
STR-801189,2024-10-27,Track_1723,Artist_146,Classical,United States,Desktop,Premium Individual,178,171013,No,Yes,87,2020
STR-800816,2024-10-27,Track_2431,Artist_6,Devotional,United States,Tablet,Premium Individual,272,41597,Yes,No,89,1991
STR-800430,2024-10-27,Track_2467,Artist_83,Classical,India,Tablet,Premium Family,134,141325,No,Yes,83,2001
STR-801148,2024-10-28,Track_742,Artist_124,Rock,United Kingdom,Smartphone,Free,322,63506,Yes,No,55,2008
STR-804084,2024-10-28,Track_2385,Artist_107,Hip-Hop,Brazil,Smartphone,Free,164,313879,No,Yes,93,2008
STR-800755,2024-10-28,Track_130,Artist_91,Indie,Japan,Smart TV,Premium Family,230,340786,No,No,20,2013
STR-803779,2024-10-28,Track_1566,Artist_104,Bollywood,Germany,Desktop,Premium Individual,276,22843,Yes,Yes,54,2010
STR-800296,2024-10-28,Track_665,Artist_134,Indie,India,Tablet,Free,314,341616,Yes,Yes,93,2008
STR-803382,2024-10-28,Track_765,Artist_26,Electronic,India,Smartphone,Free,248,53075,No,No,2,2007
STR-802068,2024-10-28,Track_2306,Artist_63,Bollywood,Brazil,Smart Speaker,Premium Individual,245,5145,Yes,Yes,91,2012
STR-803078,2024-10-28,Track_604,Artist_69,Classical,Australia,Smart Speaker,Free,220,306870,No,Yes,3,2023
STR-802668,2024-10-29,Track_731,Artist_131,Pop,Canada,Smart Speaker,Premium Student,159,323336,No,Yes,48,1992
STR-800356,2024-10-29,Track_520,Artist_6,Rock,Germany,Tablet,Premium Family,165,176814,No,Yes,27,1994
STR-800175,2024-10-29,Track_147,Artist_4,Devotional,United Kingdom,Tablet,Premium Individual,351,98308,Yes,Yes,99,2009
STR-801484,2024-10-29,Track_1126,Artist_143,Hip-Hop,Australia,Desktop,Free,189,122978,Yes,Yes,11,2014
STR-800468,2024-10-29,Track_2376,Artist_121,Pop,Canada,Smart Speaker,Premium Family,309,231031,Yes,Yes,15,1993
STR-801447,2024-10-29,Track_1690,Artist_105,Classical,India,Smartphone,Premium Individual,181,179845,No,Yes,70,2001
STR-800958,2024-10-29,Track_584,Artist_48,Bollywood,Japan,Tablet,Premium Individual,346,168161,No,Yes,55,1995
STR-801152,2024-10-30,Track_2273,Artist_133,Pop,Canada,Smart TV,Free,357,242225,No,No,27,2007
STR-800858,2024-10-30,Track_109,Artist_127,Jazz,Australia,Smartphone,Free,294,359606,No,No,76,2011
STR-800610,2024-10-30,Track_425,Artist_63,R&B,Japan,Smartphone,Premium Family,143,259931,No,Yes,69,2011
STR-803428,2024-10-30,Track_2052,Artist_68,Bollywood,India,Tablet,Premium Individual,339,46139,No,No,87,1991
STR-800600,2024-10-30,Track_1691,Artist_27,Rock,United States,Tablet,Premium Individual,230,147044,No,Yes,80,2023
STR-802731,2024-10-30,Track_2210,Artist_136,Pop,Germany,Desktop,Premium Individual,238,209704,No,No,51,2024
STR-802611,2024-10-30,Track_2123,Artist_80,Rock,Japan,Smart TV,Free,311,326177,No,Yes,33,2019
STR-803911,2024-10-30,Track_246,Artist_68,Indie,United States,Desktop,Premium Individual,129,336190,No,No,70,2003
STR-800271,2024-10-30,Track_2414,Artist_26,Devotional,Brazil,Smart Speaker,Premium Family,334,350409,No,No,26,2006
STR-803667,2024-10-30,Track_418,Artist_122,Jazz,United States,Smartphone,Free,233,162715,No,Yes,6,2020
STR-803543,2024-10-31,Track_1377,Artist_149,Hip-Hop,Australia,Smart TV,Free,202,133640,No,Yes,24,2011
STR-802351,2024-10-31,Track_1077,Artist_142,Classical,Germany,Smart TV,Premium Family,149,354973,No,Yes,20,2009
STR-803586,2024-10-31,Track_506,Artist_5,Indie,Canada,Smart TV,Premium Student,348,202065,No,Yes,69,2000
STR-800345,2024-10-31,Track_757,Artist_84,Pop,Canada,Tablet,Premium Student,257,93753,Yes,Yes,93,2004
STR-801098,2024-10-31,Track_937,Artist_83,Hip-Hop,Japan,Desktop,Free,221,107230,No,Yes,21,2006
STR-802682,2024-10-31,Track_1283,Artist_79,Devotional,Australia,Smart Speaker,Free,170,216902,Yes,Yes,57,2018
STR-802309,2024-11-01,Track_1138,Artist_69,Jazz,United States,Smartphone,Free,349,72561,Yes,Yes,29,1996
STR-803966,2024-11-01,Track_1220,Artist_126,Indie,Brazil,Tablet,Premium Student,315,330754,No,Yes,70,2018
STR-800759,2024-11-01,Track_2170,Artist_139,R&B,Australia,Tablet,Free,247,137862,No,No,22,2021
STR-801899,2024-11-01,Track_1825,Artist_53,Bollywood,India,Smart Speaker,Free,173,40603,No,No,16,2005
STR-800018,2024-11-01,Track_1196,Artist_5,Devotional,Canada,Smart Speaker,Free,255,245907,No,Yes,28,2004
STR-802550,2024-11-02,Track_750,Artist_33,Bollywood,Japan,Smartphone,Free,140,132010,Yes,No,36,2024
STR-803843,2024-11-02,Track_672,Artist_96,Rock,Brazil,Desktop,Free,258,272650,Yes,Yes,16,1994
STR-800189,2024-11-02,Track_1363,Artist_85,Jazz,Brazil,Smart TV,Free,303,329144,No,No,24,1996
STR-801865,2024-11-03,Track_1524,Artist_44,Indie,Canada,Tablet,Premium Student,120,291168,No,Yes,100,2002
STR-800113,2024-11-03,Track_1911,Artist_144,Devotional,Brazil,Smart TV,Premium Individual,175,311998,Yes,Yes,51,1992
STR-801653,2024-11-03,Track_877,Artist_65,Indie,Australia,Smart Speaker,Free,169,192962,No,No,16,2023
STR-801483,2024-11-03,Track_1939,Artist_100,Pop,United Kingdom,Smartphone,Free,305,125690,No,Yes,91,2006
STR-801664,2024-11-03,Track_1021,Artist_147,Bollywood,United Kingdom,Smart Speaker,Premium Family,319,43065,No,Yes,47,1999
STR-800887,2024-11-03,Track_1527,Artist_108,Bollywood,United States,Smart Speaker,Premium Individual,185,261265,Yes,No,25,2012
STR-800206,2024-11-04,Track_1694,Artist_37,Devotional,Canada,Tablet,Premium Family,180,338525,No,No,62,2011
STR-801548,2024-11-04,Track_657,Artist_39,Pop,Australia,Smartphone,Premium Individual,306,230014,No,No,28,2007
STR-802435,2024-11-04,Track_1245,Artist_134,Hip-Hop,Brazil,Smart TV,Premium Individual,358,245433,No,Yes,86,2005
STR-800085,2024-11-04,Track_1023,Artist_34,Electronic,Brazil,Desktop,Premium Family,262,66195,Yes,No,22,1991
STR-801311,2024-11-04,Track_322,Artist_131,Bollywood,Germany,Smart Speaker,Premium Individual,259,237395,No,No,86,2014
STR-803967,2024-11-05,Track_886,Artist_80,R&B,Australia,Tablet,Premium Student,234,329236,No,Yes,37,1999
STR-803053,2024-11-05,Track_1366,Artist_117,Classical,Australia,Smart TV,Premium Individual,300,88581,No,Yes,49,2002
STR-802616,2024-11-05,Track_1374,Artist_3,Jazz,Australia,Smart TV,Free,126,175048,No,Yes,89,2014
STR-802121,2024-11-05,Track_73,Artist_4,Bollywood,Canada,Desktop,Premium Student,305,267082,No,Yes,13,2011
STR-800040,2024-11-05,Track_489,Artist_145,Jazz,India,Desktop,Premium Individual,218,196466,Yes,Yes,8,1995
STR-801010,2024-11-05,Track_178,Artist_103,Electronic,India,Smart Speaker,Free,135,235271,No,No,7,2003
STR-803153,2024-11-05,Track_875,Artist_133,Jazz,Canada,Smart TV,Premium Student,263,84607,No,Yes,40,2015
STR-800447,2024-11-05,Track_1850,Artist_81,Jazz,Australia,Tablet,Free,222,90313,Yes,No,99,1991
STR-801231,2024-11-06,Track_2440,Artist_129,Jazz,India,Tablet,Premium Student,200,278289,No,No,19,2013
STR-803082,2024-11-06,Track_283,Artist_41,R&B,Brazil,Smartphone,Premium Individual,310,354585,No,Yes,65,1995
STR-802088,2024-11-06,Track_1559,Artist_84,Devotional,Australia,Smartphone,Premium Individual,203,114441,Yes,No,86,1995
STR-803577,2024-11-06,Track_1869,Artist_93,Jazz,Japan,Smart Speaker,Premium Individual,128,89552,No,No,86,1993
STR-803005,2024-11-06,Track_1558,Artist_17,Pop,Australia,Desktop,Premium Family,298,202124,No,No,25,2017
STR-804107,2024-11-06,Track_2184,Artist_127,Jazz,United States,Desktop,Premium Individual,196,122487,No,No,64,2013
STR-803583,2024-11-06,Track_1828,Artist_88,Devotional,Canada,Desktop,Premium Individual,161,91462,No,No,46,2002
STR-801176,2024-11-06,Track_1895,Artist_25,Bollywood,Brazil,Desktop,Premium Individual,155,315347,No,No,78,1993
STR-803851,2024-11-06,Track_1645,Artist_118,R&B,Brazil,Desktop,Premium Student,287,250025,No,Yes,7,1991
STR-801643,2024-11-06,Track_859,Artist_43,Hip-Hop,Brazil,Smartphone,Free,254,62499,Yes,No,12,2018
STR-802979,2024-11-07,Track_86,Artist_71,R&B,Canada,Desktop,Free,241,216225,No,Yes,34,2023
STR-800874,2024-11-07,Track_1825,Artist_4,Classical,Canada,Desktop,Free,179,286587,No,Yes,2,2019
STR-800729,2024-11-07,Track_1560,Artist_72,Classical,Brazil,Smart TV,Premium Student,166,187134,No,No,68,1995
STR-801910,2024-11-07,Track_810,Artist_56,Bollywood,Germany,Desktop,Free,251,358860,No,Yes,14,2016
STR-802714,2024-11-08,Track_1498,Artist_46,Devotional,Canada,Smartphone,Premium Individual,213,163976,No,No,42,1993
STR-803519,2024-11-08,Track_98,Artist_73,Rock,Germany,Smart Speaker,Premium Individual,125,285490,No,Yes,42,2003
STR-803873,2024-11-08,Track_583,Artist_18,Rock,Germany,Smartphone,Premium Family,193,121870,No,Yes,38,1991
STR-800992,2024-11-09,Track_1235,Artist_122,Indie,Germany,Smart TV,Premium Family,318,78694,No,Yes,98,2006
STR-803090,2024-11-09,Track_2162,Artist_60,Electronic,Brazil,Desktop,Free,125,195399,No,Yes,37,2012
STR-803239,2024-11-09,Track_785,Artist_30,Bollywood,Germany,Smartphone,Premium Family,176,343144,Yes,Yes,31,2007
STR-802652,2024-11-09,Track_2086,Artist_34,Electronic,Australia,Tablet,Premium Individual,195,216115,Yes,Yes,86,2018
STR-802107,2024-11-09,Track_1140,Artist_38,Bollywood,Australia,Smart Speaker,Free,314,323304,No,Yes,94,2004
STR-802273,2024-11-09,Track_1999,Artist_9,Bollywood,Brazil,Smart TV,Premium Family,328,251634,Yes,No,50,1992
STR-802846,2024-11-09,Track_2323,Artist_90,Bollywood,Japan,Smart Speaker,Premium Individual,147,71688,No,Yes,96,1992
STR-802587,2024-11-09,Track_81,Artist_78,R&B,Brazil,Smart TV,Free,135,229195,No,No,1,2014
STR-800603,2024-11-10,Track_64,Artist_127,Devotional,Brazil,Smart TV,Free,134,296117,Yes,Yes,98,2022
STR-800265,2024-11-10,Track_409,Artist_146,Rock,Japan,Smart Speaker,Free,266,247451,No,No,20,2003
STR-803267,2024-11-10,Track_937,Artist_38,Jazz,Australia,Smart TV,Free,301,149795,Yes,Yes,74,2008
STR-802047,2024-11-10,Track_2311,Artist_91,Jazz,United Kingdom,Desktop,Premium Individual,320,28209,No,Yes,48,2016
STR-801773,2024-11-10,Track_1610,Artist_115,Hip-Hop,Brazil,Smart Speaker,Premium Individual,324,302121,No,No,78,2007
STR-802335,2024-11-10,Track_2186,Artist_66,Indie,Germany,Smart Speaker,Premium Individual,234,183831,Yes,Yes,34,2002
STR-802976,2024-11-10,Track_786,Artist_70,Electronic,Australia,Tablet,Premium Family,317,289972,No,Yes,60,2000
STR-801972,2024-11-10,Track_1862,Artist_99,Classical,Australia,Smart TV,Premium Individual,148,74984,No,Yes,89,1998
STR-800736,2024-11-10,Track_879,Artist_136,Rock,United States,Smart TV,Free,182,258984,Yes,Yes,2,2022
STR-801333,2024-11-10,Track_1075,Artist_46,Electronic,Canada,Smart Speaker,Free,356,333427,No,Yes,80,2007
STR-802495,2024-11-10,Track_1362,Artist_60,Pop,India,Smart TV,Free,156,25464,No,Yes,83,2007
STR-803926,2024-11-11,Track_1552,Artist_136,R&B,Canada,Tablet,Premium Individual,221,191394,No,No,30,1991
STR-800488,2024-11-11,Track_2410,Artist_62,R&B,United Kingdom,Tablet,Free,142,140287,Yes,No,57,1995
STR-803056,2024-11-11,Track_42,Artist_126,Hip-Hop,Canada,Smartphone,Premium Family,257,215340,No,No,86,2020
STR-802291,2024-11-11,Track_400,Artist_136,Rock,Australia,Desktop,Free,266,139136,No,Yes,100,2022
STR-804123,2024-11-11,Track_1304,Artist_67,Classical,Australia,Smart Speaker,Premium Student,259,291510,Yes,Yes,11,1992
STR-800387,2024-11-12,Track_1675,Artist_37,Classical,Canada,Desktop,Free,322,340156,Yes,Yes,64,1992
STR-801424,2024-11-12,Track_446,Artist_145,Jazz,United States,Desktop,Free,157,215265,No,Yes,35,2022
STR-803217,2024-11-12,Track_1223,Artist_96,Bollywood,Australia,Smartphone,Premium Individual,206,132918,No,Yes,14,2004
STR-802431,2024-11-12,Track_2383,Artist_136,Devotional,Germany,Smart TV,Premium Individual,219,335081,No,No,46,2023
STR-801248,2024-11-13,Track_516,Artist_31,Classical,India,Smart Speaker,Premium Individual,179,169229,No,No,33,2013
STR-800872,2024-11-13,Track_1112,Artist_131,Pop,United Kingdom,Smartphone,Premium Student,187,207649,Yes,Yes,25,2016
STR-802057,2024-11-13,Track_839,Artist_111,Classical,United Kingdom,Desktop,Premium Individual,208,15051,No,Yes,71,2014
STR-802957,2024-11-13,Track_111,Artist_98,R&B,Japan,Smart TV,Free,174,37839,Yes,Yes,60,2019
STR-804008,2024-11-13,Track_1686,Artist_117,Devotional,United Kingdom,Smart Speaker,Premium Student,349,74385,No,Yes,73,2022
STR-800553,2024-11-14,Track_1346,Artist_76,Classical,United Kingdom,Desktop,Free,284,261130,No,Yes,2,1990
STR-801043,2024-11-14,Track_53,Artist_18,Electronic,Germany,Desktop,Premium Student,132,350868,No,Yes,68,1995
STR-800647,2024-11-14,Track_247,Artist_16,Pop,Brazil,Tablet,Free,161,220297,No,No,93,2013
STR-800985,2024-11-14,Track_1463,Artist_22,Classical,India,Smart Speaker,Free,153,211724,No,Yes,59,2019
STR-800499,2024-11-14,Track_613,Artist_141,Bollywood,Germany,Tablet,Premium Individual,284,187688,No,Yes,2,2013
STR-804045,2024-11-14,Track_652,Artist_132,Pop,Australia,Smart Speaker,Premium Individual,287,331760,No,Yes,70,2006
STR-801639,2024-11-14,Track_229,Artist_123,Classical,United Kingdom,Smart TV,Premium Family,299,253366,No,Yes,3,2014
STR-801393,2024-11-15,Track_2390,Artist_97,Hip-Hop,United States,Tablet,Free,355,274355,No,Yes,100,1999
STR-801059,2024-11-15,Track_278,Artist_23,Electronic,Japan,Smart TV,Free,319,249903,No,No,40,2018
STR-803821,2024-11-15,Track_2493,Artist_55,Devotional,United States,Desktop,Free,170,239168,Yes,Yes,28,1990
STR-804182,2024-11-15,Track_509,Artist_125,Bollywood,United States,Tablet,Free,344,20519,No,No,28,2014
STR-800210,2024-11-15,Track_1990,Artist_141,Indie,Canada,Desktop,Premium Individual,332,66594,No,No,74,2024
STR-801784,2024-11-16,Track_2243,Artist_44,Bollywood,United Kingdom,Tablet,Free,276,180913,Yes,Yes,20,1995
STR-801490,2024-11-16,Track_1333,Artist_83,Indie,India,Smart Speaker,Free,295,289803,No,No,34,2005
STR-802072,2024-11-16,Track_598,Artist_41,Electronic,Canada,Tablet,Premium Individual,222,282686,Yes,No,21,1992
STR-803913,2024-11-16,Track_878,Artist_150,Bollywood,Brazil,Desktop,Premium Individual,267,5818,No,No,7,2005
STR-800305,2024-11-17,Track_2493,Artist_124,R&B,Germany,Smart TV,Premium Individual,201,303299,Yes,No,15,1994
STR-800625,2024-11-17,Track_2255,Artist_94,Electronic,Germany,Tablet,Free,277,353631,No,No,22,2017
STR-802287,2024-11-17,Track_1689,Artist_88,R&B,Brazil,Smartphone,Free,133,92955,Yes,Yes,54,2018
STR-803500,2024-11-17,Track_2023,Artist_106,Indie,Canada,Smart TV,Premium Individual,206,357050,Yes,Yes,55,2010
STR-801435,2024-11-17,Track_512,Artist_64,Indie,India,Desktop,Free,193,208752,No,No,51,1997
STR-803532,2024-11-17,Track_1784,Artist_122,Electronic,Germany,Smart TV,Premium Family,191,183753,No,No,90,2018
STR-800374,2024-11-18,Track_2353,Artist_102,Jazz,Australia,Smartphone,Free,218,31716,No,Yes,20,2019
STR-800564,2024-11-18,Track_2042,Artist_33,Devotional,India,Smartphone,Free,132,129004,No,Yes,67,2019
STR-800696,2024-11-18,Track_1209,Artist_149,R&B,India,Tablet,Free,157,135438,No,No,28,1998
STR-802036,2024-11-18,Track_2424,Artist_115,R&B,United States,Smartphone,Premium Individual,161,170654,No,Yes,54,2005
STR-803002,2024-11-18,Track_2010,Artist_143,R&B,Canada,Desktop,Premium Individual,140,116204,No,Yes,67,2010
STR-803406,2024-11-18,Track_2473,Artist_121,Bollywood,Japan,Smart Speaker,Free,239,123284,Yes,Yes,43,2010
STR-801280,2024-11-18,Track_890,Artist_77,Electronic,Australia,Smart Speaker,Premium Individual,183,32840,No,No,13,2010
STR-804151,2024-11-19,Track_1986,Artist_140,Hip-Hop,Canada,Smart TV,Free,345,157870,No,Yes,13,2022
STR-801897,2024-11-19,Track_304,Artist_42,Devotional,Canada,Tablet,Free,261,314013,Yes,Yes,8,1998
STR-801453,2024-11-19,Track_2496,Artist_140,R&B,United Kingdom,Smart Speaker,Premium Individual,216,51618,No,No,32,2005
STR-802209,2024-11-19,Track_1016,Artist_128,Electronic,Germany,Smart Speaker,Premium Family,335,29264,No,No,8,2003
STR-803666,2024-11-19,Track_2258,Artist_117,Electronic,Brazil,Desktop,Free,264,73393,No,Yes,88,2000
STR-801228,2024-11-19,Track_815,Artist_86,Hip-Hop,Germany,Smart Speaker,Premium Individual,273,64747,No,No,12,2007
STR-800072,2024-11-19,Track_287,Artist_148,Devotional,United Kingdom,Tablet,Premium Family,135,157655,No,No,14,2004
STR-804116,2024-11-19,Track_587,Artist_107,Classical,Germany,Smartphone,Premium Family,165,20618,Yes,No,16,2014
STR-802395,2024-11-19,Track_1508,Artist_110,Devotional,Canada,Smart Speaker,Premium Family,222,150320,No,No,70,2021
STR-803464,2024-11-19,Track_1,Artist_100,Pop,Australia,Tablet,Premium Individual,293,121725,No,Yes,77,2017
STR-803712,2024-11-20,Track_537,Artist_132,Indie,United States,Desktop,Premium Individual,228,288070,No,No,58,2002
STR-801827,2024-11-20,Track_44,Artist_113,Bollywood,United States,Desktop,Free,120,343901,Yes,Yes,57,1999
STR-801627,2024-11-20,Track_1747,Artist_14,Indie,Australia,Desktop,Free,121,190725,No,No,93,2019
STR-802670,2024-11-20,Track_1063,Artist_107,Pop,Brazil,Desktop,Premium Student,266,75869,No,Yes,85,1995
STR-800767,2024-11-20,Track_558,Artist_17,Classical,United States,Smartphone,Free,126,340990,No,No,60,1994
STR-803591,2024-11-20,Track_473,Artist_65,R&B,Japan,Desktop,Premium Family,343,14421,Yes,No,65,2003
STR-802933,2024-11-20,Track_125,Artist_35,Jazz,Germany,Tablet,Free,333,307536,No,No,24,2020
STR-801665,2024-11-21,Track_1814,Artist_21,Classical,Germany,Desktop,Free,157,154718,No,Yes,14,2003
STR-801783,2024-11-21,Track_1916,Artist_2,Classical,Germany,Smart TV,Premium Family,288,323662,No,No,48,2013
STR-800251,2024-11-21,Track_410,Artist_103,Devotional,Germany,Tablet,Premium Family,332,133231,No,Yes,69,2005
STR-803508,2024-11-21,Track_904,Artist_77,Classical,Canada,Smartphone,Premium Individual,340,164222,No,Yes,22,1993
STR-803744,2024-11-21,Track_486,Artist_138,Devotional,United Kingdom,Smart TV,Premium Individual,168,95371,No,Yes,91,2002
STR-802501,2024-11-21,Track_1056,Artist_64,Bollywood,India,Smart TV,Free,187,103894,No,Yes,83,2016
STR-803316,2024-11-22,Track_1154,Artist_32,R&B,United Kingdom,Smart Speaker,Free,283,135089,No,No,34,2016
STR-802093,2024-11-22,Track_1605,Artist_122,Pop,Germany,Smart Speaker,Free,197,330156,No,Yes,78,2013
STR-800046,2024-11-22,Track_2403,Artist_95,R&B,Brazil,Smartphone,Premium Individual,309,343345,No,Yes,79,2013
STR-800014,2024-11-22,Track_122,Artist_54,Hip-Hop,Australia,Tablet,Free,294,270431,No,Yes,38,2002
STR-802076,2024-11-22,Track_2268,Artist_74,Indie,Brazil,Smart TV,Free,338,327053,No,No,5,1994
STR-801843,2024-11-22,Track_1531,Artist_130,Classical,United States,Smartphone,Premium Family,232,152670,No,Yes,47,2011
STR-803830,2024-11-22,Track_897,Artist_14,Devotional,Canada,Smartphone,Premium Student,333,290373,Yes,Yes,4,2002
STR-802788,2024-11-23,Track_323,Artist_42,Hip-Hop,Germany,Smart TV,Free,165,233660,No,Yes,70,2004
STR-800416,2024-11-23,Track_2042,Artist_89,R&B,Brazil,Desktop,Free,313,201620,No,No,50,2003
STR-801062,2024-11-23,Track_655,Artist_145,Indie,Australia,Smart Speaker,Premium Individual,221,90315,No,Yes,55,1996
STR-801923,2024-11-23,Track_2079,Artist_45,Devotional,Australia,Tablet,Free,350,125007,Yes,No,15,2024
STR-802524,2024-11-24,Track_2037,Artist_12,Classical,Brazil,Desktop,Premium Individual,334,57364,No,Yes,73,2004
STR-804047,2024-11-24,Track_22,Artist_131,Devotional,Brazil,Smart TV,Free,241,185669,Yes,Yes,30,1990
STR-800789,2024-11-24,Track_1855,Artist_13,Devotional,Japan,Tablet,Premium Family,169,87695,No,Yes,1,2007
STR-802031,2024-11-24,Track_1253,Artist_81,Pop,United Kingdom,Smart TV,Premium Individual,287,294916,No,Yes,58,2024
STR-804069,2024-11-24,Track_1240,Artist_53,Hip-Hop,Japan,Tablet,Premium Individual,258,341901,No,No,25,2019
STR-802256,2024-11-24,Track_1907,Artist_84,Devotional,Canada,Smartphone,Free,260,330752,No,Yes,19,2022
STR-801841,2024-11-25,Track_1673,Artist_58,Hip-Hop,Canada,Desktop,Premium Individual,152,26388,Yes,Yes,41,2003
STR-800515,2024-11-25,Track_33,Artist_12,Electronic,Canada,Desktop,Premium Individual,245,294693,No,Yes,27,2015
STR-800597,2024-11-25,Track_1354,Artist_75,Electronic,Japan,Smart Speaker,Free,346,272284,No,No,42,2020
STR-802458,2024-11-25,Track_1042,Artist_91,Indie,India,Smart TV,Premium Individual,168,9207,No,No,62,1991
STR-800243,2024-11-25,Track_429,Artist_139,Indie,Brazil,Smartphone,Premium Family,142,298066,No,Yes,89,1998
STR-803134,2024-11-25,Track_1191,Artist_33,Hip-Hop,Australia,Tablet,Premium Individual,190,70455,No,No,82,1998
STR-803173,2024-11-25,Track_549,Artist_11,Jazz,India,Smart TV,Premium Individual,142,53722,Yes,No,51,2020
STR-802888,2024-11-25,Track_1075,Artist_7,Devotional,India,Tablet,Free,245,105803,No,Yes,57,2021
STR-803033,2024-11-25,Track_1623,Artist_29,Rock,United Kingdom,Desktop,Free,121,219386,No,Yes,6,2006
STR-801902,2024-11-26,Track_1510,Artist_122,Pop,United Kingdom,Tablet,Free,353,301755,Yes,No,66,2007
STR-802696,2024-11-26,Track_759,Artist_110,Classical,Germany,Tablet,Premium Family,334,51470,Yes,Yes,67,1990
STR-801780,2024-11-26,Track_2,Artist_119,Electronic,Germany,Smartphone,Premium Family,304,270518,No,No,86,2017
STR-800490,2024-11-26,Track_1171,Artist_46,Pop,Australia,Smartphone,Free,212,225460,No,Yes,44,2011
STR-803339,2024-11-26,Track_891,Artist_120,Devotional,Japan,Smart TV,Premium Individual,329,182027,No,Yes,46,1994
STR-802302,2024-11-26,Track_1065,Artist_146,Jazz,Australia,Smart Speaker,Free,238,77957,Yes,Yes,24,2001
STR-803600,2024-11-26,Track_1569,Artist_53,Indie,Japan,Desktop,Premium Family,201,114637,No,Yes,25,2013
STR-803972,2024-11-26,Track_481,Artist_47,Electronic,Brazil,Smart Speaker,Free,272,24415,No,Yes,97,2001
STR-800752,2024-11-26,Track_1674,Artist_58,Jazz,Brazil,Smartphone,Premium Individual,240,222095,No,Yes,34,2018
STR-803649,2024-11-27,Track_2342,Artist_35,Jazz,Japan,Smart TV,Free,124,283359,No,No,68,1995
STR-803877,2024-11-27,Track_1518,Artist_3,Devotional,United States,Smart Speaker,Premium Individual,188,157664,Yes,No,37,2024
STR-803524,2024-11-27,Track_2061,Artist_81,Jazz,United States,Smart Speaker,Premium Family,231,142824,No,No,97,2022
STR-801223,2024-11-28,Track_1207,Artist_117,Electronic,United States,Smart TV,Free,160,200829,No,No,87,2010
STR-800037,2024-11-28,Track_370,Artist_109,Indie,United States,Tablet,Free,347,297480,No,Yes,40,1995
STR-802415,2024-11-28,Track_1859,Artist_143,Bollywood,Canada,Desktop,Free,143,264149,No,Yes,24,2006
STR-800180,2024-11-28,Track_1892,Artist_8,Indie,United Kingdom,Smartphone,Premium Individual,176,57678,No,No,69,1994
STR-803504,2024-11-28,Track_857,Artist_113,Jazz,Canada,Smartphone,Premium Student,341,183764,No,Yes,5,2011
STR-801954,2024-11-28,Track_1667,Artist_9,Electronic,Australia,Tablet,Premium Family,345,276413,Yes,No,43,2017
STR-801314,2024-11-28,Track_1490,Artist_59,Pop,United Kingdom,Tablet,Premium Individual,249,125018,No,Yes,77,2020
STR-803088,2024-11-28,Track_1407,Artist_107,Hip-Hop,Canada,Desktop,Premium Individual,249,43839,Yes,No,39,2005
STR-803291,2024-11-29,Track_1734,Artist_150,R&B,India,Smart TV,Premium Individual,165,209832,Yes,No,27,1998
STR-803891,2024-11-29,Track_471,Artist_48,R&B,Canada,Smartphone,Premium Student,256,274217,Yes,Yes,21,2021
STR-800400,2024-11-30,Track_2002,Artist_8,Devotional,United Kingdom,Smart TV,Free,210,75295,No,Yes,10,2011
STR-802413,2024-11-30,Track_1846,Artist_4,Rock,United Kingdom,Smart Speaker,Free,129,60855,No,Yes,44,1992
STR-800509,2024-11-30,Track_1181,Artist_28,Indie,Australia,Smart Speaker,Free,348,62980,Yes,Yes,4,2013
STR-802499,2024-11-30,Track_2159,Artist_26,Indie,India,Smart TV,Premium Student,280,72039,No,Yes,75,1997
STR-803737,2024-11-30,Track_230,Artist_24,Indie,Australia,Smartphone,Free,237,69947,Yes,Yes,82,2015
STR-803256,2024-11-30,Track_1906,Artist_16,Classical,India,Tablet,Free,172,335291,Yes,No,23,2011
STR-800901,2024-11-30,Track_2343,Artist_58,Bollywood,United States,Smartphone,Premium Student,218,324877,No,Yes,56,2012
STR-801005,2024-11-30,Track_2057,Artist_66,Electronic,United States,Smart TV,Premium Individual,158,135421,No,No,76,2020
STR-803021,2024-11-30,Track_2072,Artist_4,Bollywood,Japan,Tablet,Premium Family,280,304470,No,Yes,57,1993
STR-800017,2024-12-01,Track_284,Artist_48,Classical,Australia,Smart Speaker,Free,305,302714,No,No,35,2016
STR-803000,2024-12-01,Track_1593,Artist_133,Indie,Brazil,Smartphone,Premium Student,357,80899,Yes,Yes,30,1990
STR-800827,2024-12-01,Track_74,Artist_40,Classical,Japan,Smartphone,Premium Student,284,117017,No,No,6,2017
STR-803895,2024-12-01,Track_2011,Artist_91,Bollywood,Japan,Smart Speaker,Premium Individual,355,140609,Yes,Yes,82,1991
STR-800777,2024-12-01,Track_1463,Artist_52,Electronic,United States,Desktop,Free,243,127020,No,Yes,20,2018
STR-801630,2024-12-01,Track_2167,Artist_1,Hip-Hop,Brazil,Smartphone,Free,350,325274,No,Yes,72,2004
STR-803034,2024-12-01,Track_2219,Artist_77,Electronic,United States,Smart Speaker,Premium Individual,309,254590,Yes,Yes,2,2018
STR-801615,2024-12-02,Track_662,Artist_109,Pop,Japan,Smart Speaker,Premium Student,274,56670,Yes,Yes,65,1994
STR-802918,2024-12-02,Track_1785,Artist_27,Hip-Hop,Canada,Smart Speaker,Premium Individual,334,16145,No,Yes,54,2002
STR-803656,2024-12-02,Track_793,Artist_19,R&B,Germany,Smartphone,Premium Individual,170,260546,No,No,42,2007
STR-802948,2024-12-02,Track_1204,Artist_71,Bollywood,United States,Smart Speaker,Free,283,138124,No,No,62,2018
STR-802958,2024-12-02,Track_315,Artist_54,Bollywood,Brazil,Smartphone,Free,250,166901,No,No,65,1995
STR-801055,2024-12-02,Track_1474,Artist_123,Electronic,United States,Tablet,Premium Family,311,235925,No,Yes,3,2010
STR-802030,2024-12-03,Track_902,Artist_48,Bollywood,United Kingdom,Smartphone,Free,268,349088,No,Yes,50,2018
STR-800976,2024-12-03,Track_1641,Artist_31,Hip-Hop,Brazil,Desktop,Premium Individual,164,101607,Yes,Yes,4,2000
STR-801041,2024-12-03,Track_565,Artist_62,Rock,Brazil,Smart TV,Premium Student,124,106199,Yes,Yes,34,2001
STR-801609,2024-12-03,Track_2445,Artist_95,Jazz,Japan,Smart TV,Premium Student,353,102655,No,No,12,2004
STR-802042,2024-12-03,Track_2267,Artist_43,Classical,United Kingdom,Smartphone,Premium Individual,265,278177,No,No,27,1996
STR-803013,2024-12-03,Track_1452,Artist_132,Hip-Hop,Canada,Tablet,Free,164,247721,No,No,68,1991
STR-800196,2024-12-03,Track_839,Artist_110,R&B,Brazil,Smartphone,Free,225,138189,No,No,63,1990
STR-801330,2024-12-03,Track_662,Artist_30,Devotional,Germany,Tablet,Free,146,284338,No,No,38,2011
STR-800929,2024-12-04,Track_2193,Artist_60,Classical,Brazil,Smart Speaker,Premium Student,128,57564,No,Yes,98,1993
STR-802490,2024-12-04,Track_1342,Artist_21,Electronic,Canada,Smart TV,Premium Individual,259,236296,No,No,63,2001
STR-800090,2024-12-04,Track_2173,Artist_52,Hip-Hop,United States,Desktop,Premium Student,285,66223,Yes,Yes,52,2007
STR-801985,2024-12-04,Track_2158,Artist_19,Pop,Brazil,Smart Speaker,Premium Individual,305,28014,No,No,75,1999
STR-801656,2024-12-04,Track_1657,Artist_55,Devotional,Brazil,Smartphone,Free,244,97694,No,Yes,87,2006
STR-802111,2024-12-04,Track_1054,Artist_76,Bollywood,India,Smartphone,Premium Individual,188,347485,No,Yes,1,2008
STR-801856,2024-12-05,Track_2130,Artist_65,Classical,India,Smartphone,Free,255,329640,Yes,No,59,2003
STR-804100,2024-12-05,Track_164,Artist_53,Bollywood,Brazil,Smartphone,Premium Family,327,294434,Yes,No,62,2000
STR-803903,2024-12-05,Track_2031,Artist_110,Hip-Hop,India,Smart TV,Premium Individual,276,92473,No,No,62,2023
STR-802684,2024-12-05,Track_250,Artist_13,Hip-Hop,United Kingdom,Desktop,Premium Family,206,60909,No,Yes,32,2011
STR-802637,2024-12-05,Track_990,Artist_9,Bollywood,Canada,Desktop,Free,272,110378,No,No,16,2006
STR-803676,2024-12-05,Track_912,Artist_99,Classical,Canada,Smart Speaker,Free,218,321794,Yes,Yes,31,2017
STR-802868,2024-12-05,Track_977,Artist_113,R&B,Canada,Smartphone,Free,131,319064,No,Yes,49,2012
STR-802063,2024-12-06,Track_765,Artist_19,R&B,United States,Desktop,Premium Individual,288,194603,No,No,26,2008
STR-801728,2024-12-06,Track_614,Artist_19,Jazz,Japan,Desktop,Premium Individual,272,207446,No,No,21,1993
STR-801547,2024-12-06,Track_521,Artist_10,Jazz,India,Smartphone,Free,340,347909,Yes,Yes,55,2015
STR-801838,2024-12-06,Track_591,Artist_44,Pop,Japan,Desktop,Premium Family,187,357504,Yes,Yes,65,1991
STR-803682,2024-12-06,Track_2114,Artist_149,Rock,India,Smart TV,Premium Individual,235,108606,Yes,No,76,2023
STR-803149,2024-12-06,Track_544,Artist_60,Indie,United Kingdom,Smart Speaker,Premium Family,207,30922,No,No,46,2003
STR-804027,2024-12-06,Track_2296,Artist_69,Hip-Hop,United States,Smart TV,Premium Individual,191,82905,Yes,Yes,20,2002
STR-804009,2024-12-06,Track_93,Artist_79,Electronic,Brazil,Smart TV,Free,288,138816,Yes,Yes,90,2000
STR-803433,2024-12-06,Track_574,Artist_62,Bollywood,Brazil,Smart Speaker,Free,315,41374,Yes,Yes,43,2004
STR-803198,2024-12-07,Track_101,Artist_59,Hip-Hop,Australia,Smart TV,Premium Family,160,202090,No,Yes,65,1992
STR-803337,2024-12-07,Track_1358,Artist_30,Devotional,United Kingdom,Desktop,Premium Family,316,208738,No,Yes,96,2008
STR-803923,2024-12-07,Track_1752,Artist_86,Pop,Canada,Smart TV,Premium Individual,311,104576,Yes,No,15,2017
STR-800694,2024-12-07,Track_145,Artist_77,Jazz,United Kingdom,Smart TV,Premium Family,305,40904,No,Yes,15,2012
STR-800805,2024-12-07,Track_1001,Artist_72,Devotional,Canada,Smartphone,Premium Individual,345,83966,Yes,Yes,5,2023
STR-800934,2024-12-08,Track_1569,Artist_44,Jazz,India,Desktop,Premium Student,327,183625,Yes,Yes,8,2014
STR-802163,2024-12-08,Track_2195,Artist_100,Hip-Hop,United States,Smart TV,Free,318,31884,No,Yes,71,2004
STR-803772,2024-12-08,Track_1434,Artist_38,Rock,Japan,Smart TV,Premium Individual,346,175102,No,No,66,1997
STR-801357,2024-12-08,Track_786,Artist_132,Bollywood,India,Smart TV,Premium Individual,192,109837,Yes,Yes,88,2015
STR-801205,2024-12-08,Track_1831,Artist_18,Indie,Canada,Smartphone,Premium Family,165,149460,No,No,45,2020
STR-802789,2024-12-09,Track_680,Artist_141,R&B,Germany,Tablet,Premium Individual,222,188736,No,No,52,2007
STR-800927,2024-12-09,Track_2308,Artist_53,Rock,India,Smart TV,Premium Individual,305,346912,No,Yes,65,2004
STR-803220,2024-12-09,Track_2401,Artist_82,Electronic,Australia,Desktop,Free,252,286542,No,No,4,2021
STR-803061,2024-12-09,Track_980,Artist_65,Devotional,India,Smart TV,Premium Student,134,343605,No,Yes,12,2016
STR-802842,2024-12-10,Track_2375,Artist_54,Electronic,India,Smart TV,Free,286,126488,No,No,81,2005
STR-801262,2024-12-10,Track_153,Artist_137,Bollywood,India,Tablet,Free,320,314441,Yes,No,19,1998
STR-803639,2024-12-10,Track_2349,Artist_4,Indie,United Kingdom,Desktop,Free,142,209286,No,Yes,55,1991
STR-803799,2024-12-10,Track_173,Artist_143,Rock,Brazil,Smartphone,Free,190,185523,No,Yes,99,2000
STR-800319,2024-12-10,Track_1142,Artist_66,Bollywood,Australia,Smart Speaker,Premium Student,253,139011,Yes,No,69,2019
STR-802577,2024-12-10,Track_1350,Artist_59,Pop,United Kingdom,Tablet,Free,210,182413,No,Yes,86,2018
STR-804052,2024-12-11,Track_462,Artist_59,Devotional,Australia,Smartphone,Premium Individual,331,351754,No,No,10,2017
STR-801014,2024-12-11,Track_2337,Artist_60,Indie,United Kingdom,Smartphone,Premium Individual,299,231736,No,No,13,2004
STR-800313,2024-12-11,Track_836,Artist_15,Indie,United Kingdom,Smart Speaker,Free,176,300921,Yes,No,69,2021
STR-804170,2024-12-11,Track_2335,Artist_11,Devotional,Canada,Smartphone,Free,155,156312,No,Yes,8,1993
STR-800404,2024-12-11,Track_1879,Artist_82,Jazz,Australia,Tablet,Free,290,179136,Yes,Yes,91,1991
STR-803396,2024-12-11,Track_527,Artist_44,Devotional,Brazil,Tablet,Premium Individual,135,135202,No,No,66,1998
STR-803503,2024-12-11,Track_291,Artist_27,R&B,Germany,Smart Speaker,Premium Family,153,77686,No,Yes,2,2023
STR-800103,2024-12-11,Track_1882,Artist_94,Rock,United States,Tablet,Premium Family,175,115200,No,Yes,2,1992
STR-803684,2024-12-11,Track_933,Artist_21,Rock,Germany,Tablet,Free,277,95280,No,No,80,2011
STR-802265,2024-12-12,Track_444,Artist_102,Electronic,Germany,Tablet,Free,215,155239,No,No,41,2021
STR-801504,2024-12-12,Track_21,Artist_98,Hip-Hop,Germany,Smartphone,Free,153,280304,No,Yes,5,2021
STR-802235,2024-12-12,Track_2221,Artist_5,Rock,Germany,Smart TV,Premium Family,251,18680,No,No,98,2009
STR-801782,2024-12-12,Track_571,Artist_49,Classical,Australia,Desktop,Premium Family,201,196266,No,No,5,2006
STR-802720,2024-12-13,Track_86,Artist_8,Pop,Brazil,Smart Speaker,Free,237,227654,No,Yes,85,2022
STR-802441,2024-12-13,Track_21,Artist_49,Bollywood,India,Smart TV,Premium Student,338,205598,No,Yes,5,1991
STR-802292,2024-12-13,Track_79,Artist_147,R&B,Germany,Smart TV,Premium Student,166,129338,No,No,69,2001
STR-803545,2024-12-13,Track_1985,Artist_145,Bollywood,United States,Desktop,Free,297,48320,No,No,88,2017
STR-801514,2024-12-13,Track_1279,Artist_30,Bollywood,Japan,Smartphone,Premium Family,285,228353,No,No,76,2006
STR-802345,2024-12-13,Track_857,Artist_133,Pop,United Kingdom,Tablet,Premium Individual,316,253797,No,Yes,34,2020
STR-803240,2024-12-14,Track_830,Artist_134,Devotional,Brazil,Smartphone,Premium Student,205,195984,No,Yes,1,2011
STR-802994,2024-12-15,Track_16,Artist_101,Hip-Hop,United States,Tablet,Premium Individual,207,109338,No,Yes,86,2021
STR-803792,2024-12-15,Track_580,Artist_55,R&B,Brazil,Smartphone,Premium Individual,349,271619,No,No,52,2012
STR-800857,2024-12-15,Track_1113,Artist_73,Classical,United Kingdom,Smart Speaker,Premium Family,222,6433,No,No,44,2016
STR-803275,2024-12-15,Track_1704,Artist_150,Pop,Germany,Smart Speaker,Premium Student,189,143142,No,Yes,63,2004
STR-802525,2024-12-16,Track_2285,Artist_33,Jazz,India,Tablet,Free,306,164514,No,No,86,2013
STR-800220,2024-12-16,Track_2340,Artist_111,Bollywood,Canada,Tablet,Free,268,162277,No,Yes,50,1996
STR-801232,2024-12-16,Track_1010,Artist_140,Indie,Canada,Desktop,Premium Family,249,136880,Yes,No,85,2006
STR-803590,2024-12-16,Track_2481,Artist_22,Devotional,United Kingdom,Tablet,Free,286,212952,Yes,No,2,1995
STR-802567,2024-12-16,Track_1738,Artist_75,Bollywood,United States,Tablet,Premium Student,216,101019,Yes,No,47,2003
STR-801373,2024-12-16,Track_520,Artist_23,Classical,Japan,Desktop,Premium Individual,356,251255,Yes,No,19,1998
STR-801475,2024-12-16,Track_2202,Artist_73,R&B,Canada,Smart Speaker,Free,189,351818,No,No,84,2024
STR-801101,2024-12-16,Track_2469,Artist_139,Classical,Canada,Smart Speaker,Premium Family,332,199281,No,No,26,2005
STR-804165,2024-12-17,Track_504,Artist_121,Bollywood,Australia,Tablet,Premium Individual,262,299518,No,Yes,15,2023
STR-800579,2024-12-17,Track_364,Artist_13,Rock,Australia,Tablet,Premium Family,344,308604,No,No,89,2009
STR-800028,2024-12-17,Track_2148,Artist_20,Classical,Germany,Smart Speaker,Premium Individual,339,194891,No,Yes,49,2010
STR-800011,2024-12-17,Track_493,Artist_14,Rock,United States,Tablet,Premium Student,229,329805,No,Yes,99,2006
STR-803166,2024-12-17,Track_1286,Artist_129,Classical,Brazil,Smart TV,Free,121,259547,No,Yes,17,2018
STR-802285,2024-12-17,Track_1899,Artist_149,Classical,Australia,Tablet,Premium Family,179,324195,No,No,7,2015
STR-802365,2024-12-18,Track_2458,Artist_30,Jazz,Australia,Smartphone,Premium Individual,329,171240,No,Yes,11,2013
STR-801751,2024-12-18,Track_955,Artist_5,Jazz,United Kingdom,Tablet,Premium Individual,301,203774,Yes,Yes,2,2017
STR-803409,2024-12-18,Track_1791,Artist_107,Pop,Germany,Smart TV,Free,265,91602,No,No,93,1996
STR-803705,2024-12-19,Track_166,Artist_148,Classical,Brazil,Smart TV,Premium Individual,307,237890,Yes,Yes,39,1997
STR-802759,2024-12-19,Track_680,Artist_28,Jazz,United States,Desktop,Premium Family,334,106853,No,No,23,2018
STR-802152,2024-12-19,Track_382,Artist_79,Rock,Brazil,Smart Speaker,Free,199,61437,No,Yes,98,2003
STR-802282,2024-12-19,Track_722,Artist_68,Pop,United States,Tablet,Free,216,36119,No,Yes,30,1997
STR-800278,2024-12-19,Track_1915,Artist_5,Rock,Australia,Smart TV,Premium Individual,217,29786,No,No,5,2018
STR-801407,2024-12-20,Track_199,Artist_77,R&B,Canada,Tablet,Premium Individual,253,234793,No,Yes,71,1996
STR-802940,2024-12-20,Track_838,Artist_1,Pop,India,Smart TV,Premium Student,214,303342,No,No,58,1990
STR-801835,2024-12-20,Track_970,Artist_108,Hip-Hop,Japan,Smart Speaker,Free,334,96360,Yes,Yes,99,2010
STR-803997,2024-12-20,Track_1552,Artist_82,Electronic,Japan,Tablet,Premium Student,173,83617,No,Yes,81,2010
STR-802914,2024-12-20,Track_505,Artist_36,Indie,India,Smartphone,Free,266,163641,Yes,Yes,82,1997
STR-800746,2024-12-20,Track_2178,Artist_53,Hip-Hop,Brazil,Smart Speaker,Free,212,283890,Yes,No,40,2001
STR-800181,2024-12-20,Track_1139,Artist_32,Indie,United States,Tablet,Free,147,67402,No,No,11,2021
STR-801981,2024-12-21,Track_182,Artist_60,Classical,Australia,Smartphone,Free,280,34852,No,Yes,52,2005
STR-802704,2024-12-21,Track_210,Artist_75,Electronic,United Kingdom,Smart Speaker,Free,127,227160,Yes,Yes,7,2000
STR-803715,2024-12-21,Track_2377,Artist_64,Indie,United States,Desktop,Free,285,331068,No,Yes,22,2013
STR-802082,2024-12-21,Track_1288,Artist_46,R&B,Australia,Desktop,Premium Family,299,72378,No,Yes,88,2021
STR-802286,2024-12-22,Track_2202,Artist_138,Rock,Canada,Smart Speaker,Premium Individual,234,230138,No,No,39,2019
STR-800594,2024-12-23,Track_645,Artist_73,Pop,Germany,Smartphone,Free,236,101618,No,Yes,87,1990
STR-801292,2024-12-23,Track_2146,Artist_28,Indie,India,Smart Speaker,Free,149,74960,No,Yes,90,2002
STR-802566,2024-12-24,Track_1125,Artist_101,Devotional,Germany,Tablet,Premium Individual,317,341308,Yes,No,98,2024
STR-801229,2024-12-24,Track_2292,Artist_52,Jazz,Germany,Smart Speaker,Premium Individual,258,34626,Yes,No,46,1993
STR-803266,2024-12-24,Track_1858,Artist_59,Electronic,India,Desktop,Free,127,278560,Yes,No,84,2022
STR-803242,2024-12-24,Track_1015,Artist_56,Hip-Hop,Japan,Smart Speaker,Free,128,11077,No,Yes,46,2006
STR-800250,2024-12-25,Track_1751,Artist_113,Pop,Canada,Smart TV,Premium Individual,319,94134,Yes,No,20,2018
STR-802342,2024-12-25,Track_276,Artist_89,Hip-Hop,Canada,Smartphone,Free,147,169580,No,Yes,74,1993
STR-802761,2024-12-25,Track_2093,Artist_26,Bollywood,Canada,Tablet,Free,242,240395,No,Yes,87,2014
STR-800429,2024-12-25,Track_219,Artist_58,Bollywood,India,Smart Speaker,Free,278,202782,No,Yes,24,2001
STR-802671,2024-12-25,Track_1465,Artist_129,Jazz,Japan,Smart TV,Free,147,96529,No,No,31,1991
STR-801308,2024-12-25,Track_1520,Artist_136,Rock,Japan,Desktop,Free,163,13236,No,No,64,2013
STR-802153,2024-12-25,Track_1869,Artist_137,Hip-Hop,India,Smartphone,Premium Individual,349,73563,Yes,Yes,54,2014
STR-800977,2024-12-25,Track_1428,Artist_57,Classical,Australia,Tablet,Free,268,53144,Yes,Yes,64,1995
STR-801362,2024-12-25,Track_829,Artist_11,Bollywood,Japan,Desktop,Premium Individual,203,46765,Yes,No,10,2002
STR-801395,2024-12-26,Track_1921,Artist_94,Devotional,India,Tablet,Premium Individual,265,121096,No,No,77,2016
STR-801124,2024-12-26,Track_1653,Artist_102,Rock,Australia,Smartphone,Premium Individual,262,221372,No,No,29,1990
STR-802314,2024-12-26,Track_636,Artist_7,Bollywood,United States,Tablet,Premium Individual,332,22882,No,No,34,2007
STR-800025,2024-12-26,Track_779,Artist_122,Hip-Hop,India,Tablet,Premium Individual,237,81060,No,Yes,25,1997
STR-803996,2024-12-26,Track_432,Artist_92,Bollywood,United States,Desktop,Premium Family,204,298586,No,No,62,1994
STR-800618,2024-12-26,Track_1120,Artist_148,Hip-Hop,Germany,Smartphone,Free,203,274743,No,No,29,2014
STR-804040,2024-12-26,Track_20,Artist_12,Bollywood,United States,Desktop,Free,170,268050,No,No,4,2017
STR-803225,2024-12-26,Track_286,Artist_94,Electronic,India,Smartphone,Premium Student,353,98925,No,Yes,32,1995
STR-803159,2024-12-26,Track_4,Artist_86,Pop,United Kingdom,Tablet,Premium Individual,308,206199,No,Yes,26,2007
STR-804113,2024-12-27,Track_163,Artist_113,Classical,United Kingdom,Tablet,Free,326,196860,No,Yes,50,1995
STR-801673,2024-12-27,Track_1201,Artist_16,Indie,Japan,Tablet,Premium Individual,356,210244,Yes,Yes,79,2004
STR-801852,2024-12-27,Track_2253,Artist_110,Pop,Canada,Smart Speaker,Free,248,295567,No,No,73,2023
STR-802140,2024-12-28,Track_284,Artist_134,Devotional,Australia,Tablet,Premium Student,268,60671,No,Yes,22,2024
STR-803312,2024-12-28,Track_1727,Artist_48,Bollywood,Germany,Smartphone,Premium Individual,282,286340,Yes,No,96,2021
STR-802890,2024-12-28,Track_401,Artist_96,R&B,Brazil,Smart Speaker,Premium Individual,354,91409,No,Yes,23,2002
STR-801091,2024-12-28,Track_1348,Artist_91,Pop,Australia,Smart Speaker,Premium Individual,308,321662,No,No,62,2006
STR-800596,2024-12-29,Track_110,Artist_72,R&B,Japan,Smartphone,Free,296,210819,No,No,25,2019
STR-803300,2024-12-29,Track_1796,Artist_34,Devotional,Australia,Smart Speaker,Premium Individual,252,36075,No,No,79,1998
STR-802303,2024-12-29,Track_479,Artist_128,Devotional,Australia,Smart TV,Premium Individual,302,304325,No,No,25,1997
STR-801353,2024-12-29,Track_2277,Artist_59,Bollywood,Canada,Tablet,Premium Student,187,137971,No,Yes,32,2009
STR-804144,2024-12-29,Track_384,Artist_51,Indie,India,Smart Speaker,Premium Individual,358,223247,No,Yes,28,2008
STR-801440,2024-12-30,Track_1367,Artist_71,Bollywood,Canada,Smart Speaker,Premium Student,200,351702,No,Yes,57,2010
STR-800201,2024-12-30,Track_326,Artist_103,Rock,Japan,Tablet,Premium Student,227,191219,No,No,49,1994
STR-800986,2024-12-30,Track_1918,Artist_104,R&B,Australia,Desktop,Premium Family,280,145632,Yes,Yes,41,2022
STR-803860,2024-12-30,Track_2098,Artist_77,Pop,Japan,Smartphone,Premium Family,281,66620,Yes,Yes,90,2009
STR-804070,2024-12-30,Track_2356,Artist_52,Bollywood,India,Smart TV,Premium Individual,357,154505,Yes,Yes,39,2015
STR-803246,2024-12-30,Track_1233,Artist_149,Rock,India,Smart Speaker,Premium Family,266,37029,Yes,Yes,90,2007
STR-801382,2024-12-31,Track_196,Artist_69,Devotional,India,Tablet,Premium Family,349,337436,No,No,32,2024
STR-801917,2024-12-31,Track_717,Artist_124,Electronic,India,Smart TV,Free,333,289684,No,Yes,71,1996
STR-800373,2024-12-31,Track_70,Artist_112,Classical,Australia,Smart TV,Premium Individual,175,326429,No,Yes,15,2007
STR-803520,2024-12-31,Track_747,Artist_51,Electronic,Australia,Smart TV,Premium Individual,337,306367,No,Yes,4,1998
STR-803295,2024-12-31,Track_1981,Artist_49,Jazz,United Kingdom,Desktop,Premium Individual,230,155355,No,Yes,99,2006
