Flight_ID,Flight_Date,Airline,Origin_City,Destination_City,Travel_Class,Scheduled_Duration_Min,Delay_Minutes,Distance_KM,Ticket_Price_INR,Seats_Booked,Total_Seats,Passenger_Rating,Flight_Status
FLT-9313,2024-01-01,Falcon Airways,Jaipur,Kolkata,Economy,188,30,1812,12196.69,128,205,4,On Time
FLT-11160,2024-01-01,Air Bharat,Goa,Kochi,Economy,96,66,2257,10807.94,191,225,4,On Time
FLT-10032,2024-01-01,Coastal Air,Jaipur,Bengaluru,Premium Economy,136,79,1848,14468.78,96,194,4,Delayed
FLT-10190,2024-01-01,IndiGo Air,Lucknow,Chennai,Economy,67,114,2139,16391.74,75,181,4,On Time
FLT-9474,2024-01-01,Air Bharat,Goa,Chennai,Premium Economy,110,80,549,25549.52,74,151,4,Cancelled
FLT-9584,2024-01-01,BlueWing,Lucknow,Goa,Premium Economy,119,24,229,38421.7,52,152,3,On Time
FLT-10228,2024-01-01,Falcon Airways,Chennai,Delhi,Economy,108,159,2204,30527.48,122,173,1,Delayed
FLT-11961,2024-01-01,Air Bharat,Bengaluru,Delhi,Economy,190,16,1988,10937.98,109,209,5,Delayed
FLT-9226,2024-01-01,BlueWing,Bengaluru,Chennai,Economy,153,110,2121,38738.44,90,159,4,On Time
FLT-12727,2024-01-01,Falcon Airways,Lucknow,Kochi,Business,185,164,169,25565.72,203,214,1,On Time
FLT-11864,2024-01-01,Coastal Air,Delhi,Kolkata,Economy,115,168,269,30809.7,96,245,1,On Time
FLT-9212,2024-01-02,BlueWing,Kolkata,Kochi,Business,69,6,827,5601.27,104,223,1,On Time
FLT-12140,2024-01-02,Coastal Air,Bengaluru,Mumbai,Premium Economy,152,105,2007,26298.18,197,246,3,Delayed
FLT-11489,2024-01-02,Coastal Air,Lucknow,Hyderabad,Business,116,178,528,26961.47,148,153,4,On Time
FLT-12102,2024-01-02,SkyJet,Delhi,Jaipur,Premium Economy,52,131,562,19282.1,86,241,3,Delayed
FLT-9312,2024-01-02,Falcon Airways,Kolkata,Goa,Economy,138,151,2356,5175.39,120,237,3,On Time
FLT-11293,2024-01-02,SkyJet,Kolkata,Goa,Economy,144,92,813,2190.9,106,178,3,On Time
FLT-9759,2024-01-02,IndiGo Air,Bengaluru,Chennai,Economy,137,155,1569,29086.38,219,184,1,On Time
FLT-10435,2024-01-02,Coastal Air,Kochi,Goa,Economy,146,64,1339,18546.82,68,201,2,Delayed
FLT-10996,2024-01-02,BlueWing,Lucknow,Delhi,Premium Economy,192,133,244,41176.04,190,169,5,On Time
FLT-11346,2024-01-02,SkyJet,Chennai,Kolkata,Economy,130,31,1180,38902.9,121,232,4,On Time
FLT-12786,2024-01-02,Coastal Air,Kolkata,Delhi,Economy,59,3,1054,22796.57,175,186,5,On Time
FLT-12281,2024-01-03,Air Bharat,Jaipur,Hyderabad,Economy,82,68,1553,43163.65,124,175,3,On Time
FLT-10893,2024-01-03,Air Bharat,Hyderabad,Mumbai,Economy,237,156,2020,34102.65,97,199,3,On Time
FLT-12709,2024-01-03,Coastal Air,Kochi,Jaipur,Economy,115,171,1548,43486.59,79,215,2,Delayed
FLT-9475,2024-01-03,SkyJet,Hyderabad,Bengaluru,Economy,204,152,1708,17907.33,58,159,5,On Time
FLT-9938,2024-01-03,Air Bharat,Hyderabad,Chennai,Economy,141,66,1784,33754.83,114,176,1,On Time
FLT-10503,2024-01-03,Coastal Air,Kochi,Mumbai,Premium Economy,203,70,257,7420.93,191,248,4,On Time
FLT-12155,2024-01-03,Air Bharat,Hyderabad,Kolkata,Economy,175,102,518,40803.58,211,234,1,On Time
FLT-9456,2024-01-03,Air Bharat,Kochi,Jaipur,Economy,117,84,2340,17587.92,167,217,2,On Time
FLT-12075,2024-01-03,Coastal Air,Kolkata,Mumbai,Economy,74,159,1456,23332.58,142,215,3,On Time
FLT-9374,2024-01-03,Air Bharat,Goa,Delhi,Economy,204,64,767,29926.51,192,194,2,Delayed
FLT-12037,2024-01-03,Falcon Airways,Kochi,Delhi,Economy,184,39,1294,12142.19,146,248,4,On Time
FLT-12962,2024-01-03,Air Bharat,Kolkata,Jaipur,Economy,197,7,1301,30003.72,192,189,1,Delayed
FLT-10191,2024-01-03,IndiGo Air,Bengaluru,Mumbai,Economy,155,174,2404,29940.02,149,195,2,On Time
FLT-10127,2024-01-04,Coastal Air,Kolkata,Hyderabad,Economy,205,78,1754,36507.01,156,197,1,Delayed
FLT-9638,2024-01-04,BlueWing,Chennai,Delhi,Economy,156,144,497,32709.89,172,169,3,Delayed
FLT-10176,2024-01-04,BlueWing,Hyderabad,Lucknow,Business,49,103,2008,32586.92,52,193,1,On Time
FLT-9447,2024-01-04,Falcon Airways,Goa,Lucknow,Premium Economy,197,54,329,20321.09,54,209,3,Delayed
FLT-12795,2024-01-04,Air Bharat,Goa,Jaipur,Business,110,58,2476,30329.96,208,246,2,Cancelled
FLT-9697,2024-01-04,Falcon Airways,Chennai,Jaipur,Economy,221,123,2360,9617.91,114,179,2,On Time
FLT-12412,2024-01-04,BlueWing,Kolkata,Bengaluru,Economy,147,80,1109,29240.95,79,189,1,On Time
FLT-12578,2024-01-04,IndiGo Air,Lucknow,Kolkata,Economy,92,147,1675,8277.37,109,231,5,On Time
FLT-12293,2024-01-04,Air Bharat,Goa,Bengaluru,Economy,214,86,2108,15937.74,171,225,4,On Time
FLT-10205,2024-01-04,BlueWing,Delhi,Kolkata,Economy,133,56,1445,8456.57,162,181,1,On Time
FLT-12275,2024-01-04,Air Bharat,Lucknow,Kolkata,Economy,93,52,2054,21963.9,198,209,3,On Time
FLT-12191,2024-01-04,BlueWing,Kochi,Lucknow,Economy,96,87,1426,39515.32,70,221,4,On Time
FLT-12898,2024-01-04,Coastal Air,Lucknow,Mumbai,Economy,110,33,815,5672.44,210,221,5,On Time
FLT-9013,2024-01-04,Air Bharat,Kochi,Delhi,Economy,65,27,821,22300.49,196,208,1,Cancelled
FLT-11890,2024-01-04,Coastal Air,Hyderabad,Lucknow,Premium Economy,95,69,2436,17197.97,127,188,2,On Time
FLT-12348,2024-01-05,Air Bharat,Chennai,Kolkata,Economy,157,136,565,15887.7,177,219,4,Delayed
FLT-10459,2024-01-05,Coastal Air,Delhi,Mumbai,Economy,187,33,784,33045.26,90,164,4,On Time
FLT-9481,2024-01-05,Falcon Airways,Kochi,Hyderabad,Business,50,127,1392,27159.0,68,234,4,On Time
FLT-11919,2024-01-05,IndiGo Air,Lucknow,Mumbai,Business,144,119,320,4998.06,187,174,2,On Time
FLT-10756,2024-01-05,IndiGo Air,Kochi,Lucknow,Economy,119,168,2188,7986.51,184,176,2,Delayed
FLT-11470,2024-01-05,BlueWing,Goa,Kolkata,Business,80,100,1921,3718.66,122,156,1,On Time
FLT-11615,2024-01-05,Air Bharat,Kochi,Kolkata,Economy,107,43,928,4106.81,59,197,1,Delayed
FLT-11621,2024-01-05,BlueWing,Chennai,Kolkata,Economy,63,56,2197,30592.44,69,169,4,On Time
FLT-10579,2024-01-05,Coastal Air,Bengaluru,Hyderabad,Economy,189,175,2165,27790.63,219,226,2,On Time
FLT-11941,2024-01-05,Falcon Airways,Delhi,Hyderabad,Economy,140,128,2473,42390.85,193,150,5,Delayed
FLT-11304,2024-01-05,Falcon Airways,Chennai,Lucknow,Premium Economy,232,127,239,5309.86,201,163,5,On Time
FLT-12944,2024-01-05,BlueWing,Hyderabad,Jaipur,Economy,124,55,1462,3023.0,162,170,1,On Time
FLT-12749,2024-01-05,Coastal Air,Chennai,Kolkata,Economy,104,149,1996,35634.15,73,196,2,Delayed
FLT-12834,2024-01-06,IndiGo Air,Chennai,Goa,Economy,210,117,1793,19692.47,176,190,1,On Time
FLT-11245,2024-01-06,Air Bharat,Jaipur,Chennai,Economy,88,91,1725,44883.25,83,207,1,On Time
FLT-12015,2024-01-06,Coastal Air,Kochi,Goa,Economy,46,68,1111,20203.42,137,238,5,On Time
FLT-12454,2024-01-06,Falcon Airways,Chennai,Delhi,Premium Economy,163,95,1470,32604.24,111,174,3,On Time
FLT-9122,2024-01-06,Air Bharat,Bengaluru,Mumbai,Premium Economy,183,155,2355,16260.43,171,165,5,Delayed
FLT-10334,2024-01-06,BlueWing,Jaipur,Mumbai,Economy,149,24,1515,22057.97,122,243,2,On Time
FLT-10496,2024-01-06,Air Bharat,Lucknow,Mumbai,Economy,160,51,2015,34277.72,110,164,1,On Time
FLT-12588,2024-01-06,Coastal Air,Goa,Mumbai,Economy,51,18,1769,3594.86,101,159,3,On Time
FLT-12891,2024-01-06,SkyJet,Mumbai,Kochi,Economy,116,102,2395,39728.79,183,175,4,On Time
FLT-11026,2024-01-06,Falcon Airways,Chennai,Lucknow,Premium Economy,231,101,2176,41540.65,144,150,4,On Time
FLT-12877,2024-01-06,SkyJet,Bengaluru,Hyderabad,Economy,142,67,1099,21022.06,76,189,1,Delayed
FLT-11427,2024-01-06,Falcon Airways,Lucknow,Delhi,Business,170,91,1402,15779.71,126,219,4,On Time
FLT-12761,2024-01-07,SkyJet,Chennai,Kochi,Economy,169,3,1375,10087.39,84,196,5,On Time
FLT-9318,2024-01-07,Air Bharat,Bengaluru,Goa,Economy,233,143,2452,33891.49,107,165,3,Delayed
FLT-9592,2024-01-07,SkyJet,Hyderabad,Goa,Premium Economy,110,43,1907,6118.02,211,171,2,Delayed
FLT-11379,2024-01-07,Falcon Airways,Kolkata,Chennai,Business,116,174,848,17674.66,167,176,1,On Time
FLT-12831,2024-01-07,BlueWing,Bengaluru,Kochi,Economy,200,153,2150,4431.32,115,223,2,Delayed
FLT-12728,2024-01-07,BlueWing,Mumbai,Kolkata,Economy,140,103,200,7860.71,114,175,5,Delayed
FLT-11451,2024-01-07,Coastal Air,Kolkata,Bengaluru,Economy,144,98,875,5666.4,183,160,4,On Time
FLT-10667,2024-01-07,SkyJet,Bengaluru,Mumbai,Economy,193,136,1132,30191.35,182,180,5,On Time
FLT-9199,2024-01-07,Falcon Airways,Kochi,Jaipur,Economy,144,33,1264,4931.46,201,233,5,On Time
FLT-11706,2024-01-07,Falcon Airways,Bengaluru,Jaipur,Premium Economy,103,91,901,35340.15,185,223,1,On Time
FLT-11424,2024-01-08,BlueWing,Kolkata,Mumbai,Economy,153,92,2498,24154.02,187,211,3,On Time
FLT-9805,2024-01-08,Air Bharat,Chennai,Goa,Premium Economy,220,163,1210,35983.8,66,179,3,Delayed
FLT-10381,2024-01-08,BlueWing,Hyderabad,Jaipur,Economy,70,4,1641,24909.54,136,160,2,On Time
FLT-11063,2024-01-08,SkyJet,Mumbai,Chennai,Economy,211,46,709,7620.15,149,235,3,On Time
FLT-12071,2024-01-08,IndiGo Air,Bengaluru,Hyderabad,Business,144,68,954,7720.07,142,156,4,Delayed
FLT-12092,2024-01-08,Coastal Air,Kolkata,Bengaluru,Economy,179,89,481,21273.17,110,244,3,On Time
FLT-12118,2024-01-08,IndiGo Air,Kochi,Mumbai,Economy,125,55,704,24264.28,156,182,3,On Time
FLT-11077,2024-01-08,SkyJet,Bengaluru,Kolkata,Economy,141,119,2219,10857.62,202,170,2,Delayed
FLT-10548,2024-01-08,IndiGo Air,Goa,Hyderabad,Economy,201,112,1636,4423.63,129,202,4,On Time
FLT-11386,2024-01-08,Air Bharat,Kolkata,Delhi,Premium Economy,211,11,785,31402.84,118,210,4,On Time
FLT-10588,2024-01-08,Air Bharat,Goa,Jaipur,Economy,108,119,2188,6587.63,185,224,3,On Time
FLT-12634,2024-01-09,BlueWing,Bengaluru,Kochi,Economy,191,91,1263,30191.26,86,215,4,On Time
FLT-11637,2024-01-09,IndiGo Air,Hyderabad,Kochi,Economy,111,64,850,44568.4,51,246,4,On Time
FLT-11962,2024-01-09,BlueWing,Kochi,Bengaluru,Premium Economy,227,116,622,15712.0,53,204,3,On Time
FLT-12053,2024-01-09,IndiGo Air,Kochi,Lucknow,Economy,119,155,2093,3425.91,111,193,5,On Time
FLT-10670,2024-01-09,SkyJet,Kochi,Goa,Economy,86,47,2204,10004.08,146,155,3,On Time
FLT-9442,2024-01-09,Falcon Airways,Chennai,Kolkata,Economy,113,36,2164,18136.68,78,202,1,Delayed
FLT-11300,2024-01-09,IndiGo Air,Kochi,Kolkata,Economy,86,121,405,38425.02,63,236,3,Delayed
FLT-11456,2024-01-09,Coastal Air,Bengaluru,Jaipur,Economy,60,32,2390,36894.55,108,164,5,Delayed
FLT-10346,2024-01-09,Air Bharat,Kolkata,Goa,Business,220,155,705,20919.91,117,183,5,On Time
FLT-10371,2024-01-09,Air Bharat,Bengaluru,Hyderabad,Economy,137,58,1602,11565.72,169,198,1,On Time
FLT-11915,2024-01-10,Coastal Air,Lucknow,Hyderabad,Economy,83,163,364,7431.19,149,208,4,On Time
FLT-12978,2024-01-10,SkyJet,Mumbai,Lucknow,Economy,69,102,1270,10286.06,162,204,1,On Time
FLT-11943,2024-01-10,Coastal Air,Delhi,Hyderabad,Premium Economy,111,123,1138,19349.14,172,182,2,On Time
FLT-10282,2024-01-10,Falcon Airways,Chennai,Lucknow,Business,162,18,2088,14180.65,91,169,2,On Time
FLT-12969,2024-01-10,SkyJet,Delhi,Jaipur,Economy,177,134,2421,40879.38,121,207,2,On Time
FLT-9604,2024-01-10,Falcon Airways,Chennai,Bengaluru,Premium Economy,98,103,247,40472.76,106,220,2,Delayed
FLT-12567,2024-01-10,Coastal Air,Jaipur,Kolkata,Economy,126,171,608,9319.57,94,237,4,Delayed
FLT-9136,2024-01-10,BlueWing,Goa,Bengaluru,Economy,210,109,1648,38940.0,58,168,1,On Time
FLT-12512,2024-01-10,Air Bharat,Chennai,Kolkata,Economy,212,88,1470,7321.92,90,169,5,Delayed
FLT-12010,2024-01-10,SkyJet,Kochi,Goa,Economy,78,157,2396,41080.43,105,231,3,On Time
FLT-11308,2024-01-11,SkyJet,Jaipur,Kochi,Economy,154,53,166,7538.31,169,198,3,Delayed
FLT-11697,2024-01-11,Coastal Air,Jaipur,Goa,Economy,160,32,2250,30994.57,149,163,5,On Time
FLT-9461,2024-01-11,Falcon Airways,Bengaluru,Chennai,Economy,49,123,150,11726.5,130,178,4,On Time
FLT-10495,2024-01-11,Falcon Airways,Jaipur,Mumbai,Economy,45,171,1319,32025.93,86,180,2,On Time
FLT-12695,2024-01-11,Air Bharat,Delhi,Jaipur,Economy,218,28,2022,14318.62,210,152,1,On Time
FLT-12707,2024-01-11,BlueWing,Bengaluru,Jaipur,Premium Economy,221,74,2352,36644.1,206,217,1,On Time
FLT-10735,2024-01-11,Falcon Airways,Kochi,Delhi,Premium Economy,55,125,1756,34137.15,188,204,5,Delayed
FLT-10721,2024-01-11,IndiGo Air,Lucknow,Goa,Economy,213,153,1322,44001.58,159,211,1,On Time
FLT-9141,2024-01-12,Coastal Air,Bengaluru,Chennai,Premium Economy,142,93,1252,37382.81,207,225,5,On Time
FLT-9240,2024-01-12,BlueWing,Chennai,Hyderabad,Economy,174,151,202,11315.53,155,186,3,On Time
FLT-9670,2024-01-12,Falcon Airways,Jaipur,Kochi,Business,72,104,164,18534.4,54,216,5,On Time
FLT-9792,2024-01-12,SkyJet,Hyderabad,Kolkata,Economy,173,148,1449,29662.81,85,197,2,On Time
FLT-10943,2024-01-12,Air Bharat,Bengaluru,Lucknow,Economy,71,106,1580,27562.56,196,185,1,On Time
FLT-10043,2024-01-12,Coastal Air,Lucknow,Mumbai,Economy,171,93,173,15308.9,178,178,3,On Time
FLT-9373,2024-01-12,BlueWing,Goa,Lucknow,Economy,229,125,1313,14643.18,110,153,4,On Time
FLT-9196,2024-01-12,BlueWing,Hyderabad,Bengaluru,Economy,83,98,2224,40750.95,218,155,4,On Time
FLT-12620,2024-01-12,BlueWing,Jaipur,Lucknow,Economy,161,136,1398,28607.1,90,246,5,Delayed
FLT-10593,2024-01-12,Coastal Air,Chennai,Kolkata,Economy,172,125,1661,3936.69,166,164,5,On Time
FLT-12045,2024-01-12,Falcon Airways,Hyderabad,Mumbai,Economy,156,95,2183,7129.7,86,236,1,On Time
FLT-11285,2024-01-13,Air Bharat,Chennai,Goa,Economy,234,161,1642,20453.77,105,246,2,On Time
FLT-12317,2024-01-13,IndiGo Air,Jaipur,Lucknow,Economy,187,175,216,25648.45,150,247,5,On Time
FLT-10685,2024-01-13,Falcon Airways,Kolkata,Delhi,Economy,106,169,1605,14129.64,183,230,2,On Time
FLT-11718,2024-01-13,Air Bharat,Bengaluru,Goa,Business,63,121,1246,40978.14,126,198,2,On Time
FLT-10883,2024-01-13,Coastal Air,Goa,Delhi,Premium Economy,104,87,1093,21490.2,218,217,1,Delayed
FLT-12504,2024-01-13,IndiGo Air,Hyderabad,Kochi,Economy,87,159,2390,11758.09,51,180,5,On Time
FLT-9458,2024-01-13,Falcon Airways,Lucknow,Kolkata,Economy,59,71,2165,9195.46,75,228,2,On Time
FLT-11663,2024-01-13,Air Bharat,Hyderabad,Kolkata,Premium Economy,189,25,1657,21600.14,180,196,4,On Time
FLT-12464,2024-01-13,BlueWing,Hyderabad,Jaipur,Premium Economy,128,110,220,14928.69,158,236,4,Delayed
FLT-11019,2024-01-13,IndiGo Air,Bengaluru,Kolkata,Economy,229,140,1721,30741.82,82,165,3,On Time
FLT-11853,2024-01-13,Air Bharat,Mumbai,Goa,Economy,239,29,1522,32254.87,172,191,3,On Time
FLT-10519,2024-01-14,Falcon Airways,Kochi,Goa,Economy,201,139,1016,14665.26,50,245,4,On Time
FLT-9154,2024-01-14,SkyJet,Hyderabad,Kochi,Economy,89,101,227,27088.68,150,179,2,On Time
FLT-12017,2024-01-14,IndiGo Air,Delhi,Hyderabad,Economy,85,143,658,27462.51,54,247,2,On Time
FLT-10529,2024-01-14,SkyJet,Bengaluru,Delhi,Economy,160,87,1619,27149.72,215,184,1,Delayed
FLT-10330,2024-01-14,BlueWing,Kochi,Goa,Economy,215,141,429,39490.38,180,190,1,Delayed
FLT-12170,2024-01-14,SkyJet,Lucknow,Kolkata,Economy,147,26,2224,10858.52,89,166,5,On Time
FLT-11971,2024-01-14,Air Bharat,Lucknow,Goa,Economy,126,19,1507,6159.65,72,204,5,On Time
FLT-11564,2024-01-14,BlueWing,Kolkata,Hyderabad,Premium Economy,65,46,2107,35449.4,95,227,4,On Time
FLT-11802,2024-01-14,IndiGo Air,Hyderabad,Kolkata,Premium Economy,118,46,1586,32997.42,65,229,4,On Time
FLT-9070,2024-01-14,IndiGo Air,Kochi,Chennai,Economy,196,147,882,12184.01,200,230,3,On Time
FLT-12803,2024-01-14,BlueWing,Delhi,Goa,Premium Economy,81,53,702,33134.58,53,207,2,On Time
FLT-10192,2024-01-14,Coastal Air,Bengaluru,Delhi,Economy,207,121,1547,27606.86,175,172,1,On Time
FLT-12813,2024-01-14,SkyJet,Chennai,Mumbai,Economy,100,47,608,29373.48,73,186,4,On Time
FLT-12349,2024-01-14,BlueWing,Kolkata,Goa,Premium Economy,158,18,897,41089.45,142,197,2,On Time
FLT-9776,2024-01-15,Coastal Air,Jaipur,Chennai,Premium Economy,136,177,1524,3022.97,156,152,3,On Time
FLT-12479,2024-01-15,BlueWing,Delhi,Kochi,Business,104,135,1964,32088.57,66,197,3,On Time
FLT-9505,2024-01-15,Coastal Air,Hyderabad,Lucknow,Business,93,144,1930,41551.79,184,196,4,On Time
FLT-11991,2024-01-15,SkyJet,Kochi,Lucknow,Economy,162,43,2182,18054.68,212,208,1,On Time
FLT-12609,2024-01-15,Falcon Airways,Hyderabad,Kochi,Premium Economy,51,9,361,34380.96,122,187,1,On Time
FLT-12388,2024-01-15,IndiGo Air,Delhi,Kochi,Economy,55,91,887,44438.64,91,169,1,On Time
FLT-9795,2024-01-15,Coastal Air,Chennai,Mumbai,Economy,60,153,879,33039.77,57,232,2,On Time
FLT-10091,2024-01-15,IndiGo Air,Chennai,Lucknow,Economy,211,153,1209,44190.65,135,243,5,On Time
FLT-9583,2024-01-15,BlueWing,Kochi,Bengaluru,Economy,224,75,768,30492.99,171,150,2,On Time
FLT-9880,2024-01-15,BlueWing,Bengaluru,Kolkata,Economy,75,111,694,39942.95,87,190,4,On Time
FLT-12201,2024-01-15,BlueWing,Hyderabad,Kochi,Premium Economy,230,101,497,35695.66,95,205,1,On Time
FLT-10709,2024-01-15,IndiGo Air,Goa,Chennai,Business,207,147,830,2033.58,183,158,1,On Time
FLT-10628,2024-01-16,Falcon Airways,Hyderabad,Bengaluru,Economy,133,149,807,3961.97,127,219,2,On Time
FLT-12413,2024-01-16,BlueWing,Goa,Mumbai,Premium Economy,79,48,1176,39536.24,59,247,2,On Time
FLT-9503,2024-01-16,IndiGo Air,Goa,Jaipur,Premium Economy,182,54,1808,38068.48,65,151,4,On Time
FLT-9955,2024-01-16,SkyJet,Jaipur,Kochi,Economy,206,79,1713,36714.69,53,170,1,On Time
FLT-9006,2024-01-16,SkyJet,Bengaluru,Jaipur,Economy,150,81,1219,17905.3,216,223,3,On Time
FLT-9627,2024-01-16,Coastal Air,Bengaluru,Hyderabad,Business,210,132,775,44873.58,166,221,3,On Time
FLT-10742,2024-01-16,Coastal Air,Lucknow,Kochi,Economy,162,5,767,34681.46,193,197,1,On Time
FLT-11270,2024-01-16,Air Bharat,Bengaluru,Jaipur,Economy,87,69,2062,11148.63,178,161,3,On Time
FLT-11632,2024-01-16,Falcon Airways,Kochi,Goa,Premium Economy,56,93,1653,37379.17,65,193,4,On Time
FLT-9041,2024-01-16,BlueWing,Hyderabad,Mumbai,Economy,120,60,1022,36920.99,84,192,2,On Time
FLT-11150,2024-01-16,Falcon Airways,Mumbai,Kolkata,Economy,172,17,2174,28722.65,161,247,1,Delayed
FLT-9148,2024-01-16,Coastal Air,Jaipur,Delhi,Economy,106,24,407,35090.93,156,202,1,On Time
FLT-10549,2024-01-16,Coastal Air,Goa,Jaipur,Premium Economy,150,29,2497,23789.89,116,230,1,On Time
FLT-9889,2024-01-16,BlueWing,Kolkata,Bengaluru,Economy,93,159,1182,6035.77,116,200,3,On Time
FLT-12538,2024-01-16,Air Bharat,Hyderabad,Delhi,Economy,75,107,1108,28765.63,131,236,1,On Time
FLT-9025,2024-01-16,Air Bharat,Lucknow,Goa,Premium Economy,168,83,246,39568.6,197,204,1,On Time
FLT-12375,2024-01-16,Coastal Air,Mumbai,Kochi,Economy,177,131,2000,10326.78,120,197,4,Delayed
FLT-10440,2024-01-16,Falcon Airways,Lucknow,Goa,Economy,65,60,2339,43322.16,209,222,2,Cancelled
FLT-10845,2024-01-16,IndiGo Air,Kochi,Lucknow,Economy,201,169,1092,44546.67,138,153,4,On Time
FLT-10134,2024-01-17,Coastal Air,Kochi,Jaipur,Economy,78,125,1853,16635.5,152,247,1,On Time
FLT-12374,2024-01-17,Air Bharat,Mumbai,Kochi,Economy,208,164,1431,38521.27,82,242,1,Delayed
FLT-10876,2024-01-17,IndiGo Air,Lucknow,Bengaluru,Economy,86,89,2383,43226.62,201,157,1,On Time
FLT-9292,2024-01-17,Coastal Air,Bengaluru,Jaipur,Economy,142,145,1061,36136.59,110,167,2,On Time
FLT-12742,2024-01-17,IndiGo Air,Delhi,Kolkata,Business,162,127,1479,35487.25,156,232,1,On Time
FLT-9528,2024-01-17,IndiGo Air,Goa,Lucknow,Business,161,48,288,18876.5,137,234,2,On Time
FLT-10777,2024-01-17,BlueWing,Bengaluru,Lucknow,Premium Economy,120,17,1916,10055.01,54,223,2,Delayed
FLT-10822,2024-01-17,Falcon Airways,Hyderabad,Goa,Economy,145,71,1889,23844.24,120,152,3,On Time
FLT-9711,2024-01-18,Falcon Airways,Delhi,Bengaluru,Economy,128,61,282,28495.57,147,165,2,On Time
FLT-9617,2024-01-18,Air Bharat,Kolkata,Lucknow,Economy,57,155,262,25895.75,190,200,4,On Time
FLT-10929,2024-01-18,Air Bharat,Mumbai,Lucknow,Economy,155,163,1817,40817.9,119,226,4,Delayed
FLT-12724,2024-01-18,SkyJet,Kochi,Goa,Economy,217,101,1440,12835.58,195,194,2,Delayed
FLT-10507,2024-01-18,Air Bharat,Jaipur,Kochi,Economy,229,146,833,13408.87,202,193,5,On Time
FLT-9242,2024-01-18,BlueWing,Kochi,Jaipur,Economy,196,34,257,16963.47,115,162,5,On Time
FLT-12528,2024-01-18,Air Bharat,Goa,Chennai,Economy,212,164,1657,31746.86,199,244,2,On Time
FLT-11394,2024-01-18,IndiGo Air,Delhi,Jaipur,Economy,213,29,1087,33008.38,64,179,1,Delayed
FLT-10097,2024-01-18,Air Bharat,Lucknow,Kolkata,Premium Economy,51,85,1194,44895.72,126,246,5,On Time
FLT-11536,2024-01-18,Air Bharat,Kolkata,Kochi,Economy,217,179,1152,41719.04,85,242,5,On Time
FLT-11671,2024-01-18,Air Bharat,Kolkata,Jaipur,Premium Economy,182,139,1917,15597.9,150,150,4,On Time
FLT-9192,2024-01-18,SkyJet,Kolkata,Kochi,Economy,118,52,1560,39415.95,202,240,3,On Time
FLT-12409,2024-01-18,Coastal Air,Bengaluru,Jaipur,Economy,173,0,708,16812.89,204,203,5,On Time
FLT-10129,2024-01-18,Falcon Airways,Jaipur,Delhi,Economy,78,35,659,28578.09,98,222,5,Delayed
FLT-11495,2024-01-18,SkyJet,Kolkata,Kochi,Economy,183,173,2077,18011.87,164,228,3,On Time
FLT-12330,2024-01-18,IndiGo Air,Bengaluru,Goa,Economy,171,40,861,4682.03,190,190,2,On Time
FLT-9754,2024-01-18,SkyJet,Lucknow,Bengaluru,Economy,138,122,1301,4983.52,166,218,4,Delayed
FLT-10198,2024-01-19,IndiGo Air,Delhi,Chennai,Economy,127,10,1163,6420.11,184,197,5,On Time
FLT-9667,2024-01-19,IndiGo Air,Lucknow,Mumbai,Economy,130,14,2031,40120.41,76,160,2,On Time
FLT-11101,2024-01-19,SkyJet,Hyderabad,Lucknow,Economy,182,170,273,4478.82,189,155,4,Delayed
FLT-11143,2024-01-19,Coastal Air,Mumbai,Delhi,Economy,184,85,354,4030.7,177,227,1,On Time
FLT-9706,2024-01-19,BlueWing,Kochi,Kolkata,Economy,89,142,1580,2762.74,130,180,4,On Time
FLT-11195,2024-01-19,Falcon Airways,Bengaluru,Kochi,Premium Economy,154,109,334,32791.98,178,195,3,Delayed
FLT-11439,2024-01-19,SkyJet,Lucknow,Mumbai,Business,193,12,1073,38858.86,191,214,1,Delayed
FLT-12329,2024-01-19,Coastal Air,Kochi,Chennai,Economy,87,41,1184,27955.89,114,218,2,Delayed
FLT-9046,2024-01-19,Falcon Airways,Delhi,Kolkata,Economy,174,56,2078,29156.03,55,237,2,On Time
FLT-11533,2024-01-19,SkyJet,Delhi,Kochi,Economy,234,139,2229,30567.86,81,193,5,On Time
FLT-9836,2024-01-19,Coastal Air,Delhi,Goa,Premium Economy,223,8,1526,3501.07,189,233,3,On Time
FLT-12548,2024-01-19,IndiGo Air,Lucknow,Delhi,Economy,66,43,943,24915.13,131,227,4,Delayed
FLT-10146,2024-01-19,BlueWing,Mumbai,Kolkata,Economy,219,113,1507,3396.74,50,150,2,On Time
FLT-11072,2024-01-20,Air Bharat,Delhi,Bengaluru,Economy,57,153,1678,32488.27,60,163,5,On Time
FLT-9823,2024-01-20,Coastal Air,Kolkata,Delhi,Premium Economy,190,88,1706,5599.59,121,230,3,On Time
FLT-11271,2024-01-20,IndiGo Air,Kolkata,Lucknow,Economy,190,151,969,15536.33,111,193,2,On Time
FLT-9704,2024-01-20,BlueWing,Chennai,Lucknow,Economy,171,149,2018,13183.04,152,157,3,On Time
FLT-10106,2024-01-20,Air Bharat,Mumbai,Chennai,Economy,86,150,1445,36143.21,205,175,1,On Time
FLT-11065,2024-01-20,BlueWing,Bengaluru,Chennai,Economy,220,73,1792,2439.1,127,151,4,On Time
FLT-11990,2024-01-20,Coastal Air,Mumbai,Chennai,Premium Economy,79,10,400,12902.18,105,179,5,On Time
FLT-9068,2024-01-20,SkyJet,Mumbai,Jaipur,Premium Economy,75,132,221,32738.24,189,225,4,On Time
FLT-10558,2024-01-20,Falcon Airways,Chennai,Goa,Economy,142,32,1681,37651.0,107,151,4,On Time
FLT-11965,2024-01-20,SkyJet,Goa,Kolkata,Economy,200,15,1123,28325.98,88,231,1,On Time
FLT-11702,2024-01-20,BlueWing,Lucknow,Chennai,Economy,136,174,2115,33953.41,99,155,5,Cancelled
FLT-11786,2024-01-20,Falcon Airways,Chennai,Goa,Economy,234,149,2032,13648.69,198,176,3,On Time
FLT-10578,2024-01-21,Falcon Airways,Jaipur,Kolkata,Premium Economy,56,48,1948,21398.37,87,206,3,On Time
FLT-11989,2024-01-21,SkyJet,Mumbai,Delhi,Economy,90,44,1766,44329.21,198,204,4,On Time
FLT-9640,2024-01-21,BlueWing,Chennai,Mumbai,Premium Economy,183,156,1696,27764.1,129,234,2,On Time
FLT-9963,2024-01-21,SkyJet,Chennai,Jaipur,Economy,62,125,853,17378.56,97,229,2,On Time
FLT-11693,2024-01-21,Air Bharat,Lucknow,Chennai,Economy,63,31,617,32399.11,99,216,5,On Time
FLT-12011,2024-01-21,Coastal Air,Kochi,Kolkata,Premium Economy,205,59,1942,39578.35,198,202,1,On Time
FLT-9612,2024-01-21,BlueWing,Goa,Kolkata,Economy,80,115,1542,37607.27,137,161,4,On Time
FLT-12972,2024-01-21,Falcon Airways,Kochi,Chennai,Economy,229,50,2173,33123.5,191,192,3,Delayed
FLT-11086,2024-01-22,Coastal Air,Delhi,Kolkata,Economy,172,174,1655,23292.18,106,192,3,On Time
FLT-11527,2024-01-22,Coastal Air,Goa,Lucknow,Business,84,90,170,40206.77,175,221,5,Delayed
FLT-11109,2024-01-22,IndiGo Air,Hyderabad,Kochi,Economy,180,27,1962,6418.5,113,186,5,On Time
FLT-11254,2024-01-22,Falcon Airways,Kochi,Jaipur,Economy,109,87,915,21920.32,177,164,4,On Time
FLT-9676,2024-01-22,Falcon Airways,Delhi,Jaipur,Economy,190,161,1499,32871.21,214,161,2,On Time
FLT-12572,2024-01-22,Air Bharat,Kochi,Hyderabad,Economy,195,16,625,9150.88,177,235,1,On Time
FLT-9003,2024-01-22,Air Bharat,Goa,Delhi,Business,134,114,1108,40512.87,179,209,5,On Time
FLT-10170,2024-01-22,Falcon Airways,Hyderabad,Goa,Economy,165,147,307,12894.71,161,173,5,On Time
FLT-10271,2024-01-22,Air Bharat,Goa,Bengaluru,Economy,102,111,301,40149.83,83,220,1,Delayed
FLT-10052,2024-01-22,Falcon Airways,Delhi,Bengaluru,Premium Economy,116,172,1075,9255.4,199,152,4,Delayed
FLT-9852,2024-01-22,BlueWing,Chennai,Kochi,Economy,84,105,340,9393.14,206,245,5,Delayed
FLT-12061,2024-01-22,Coastal Air,Kolkata,Jaipur,Economy,76,172,1387,5420.7,124,164,5,On Time
FLT-12060,2024-01-22,BlueWing,Kochi,Mumbai,Business,45,155,2271,27712.31,107,230,4,On Time
FLT-10402,2024-01-22,IndiGo Air,Lucknow,Goa,Economy,203,167,186,43151.73,117,249,3,On Time
FLT-9615,2024-01-23,Coastal Air,Goa,Hyderabad,Economy,172,100,1775,37994.58,198,213,2,On Time
FLT-9143,2024-01-23,SkyJet,Jaipur,Kolkata,Business,56,28,944,43077.21,133,194,3,On Time
FLT-9945,2024-01-23,BlueWing,Kolkata,Lucknow,Premium Economy,52,112,1459,36898.44,85,247,2,Delayed
FLT-11073,2024-01-23,Air Bharat,Delhi,Kochi,Economy,169,33,1783,30082.55,212,241,4,On Time
FLT-11549,2024-01-23,BlueWing,Goa,Lucknow,Economy,85,38,1796,33603.01,172,228,3,On Time
FLT-10867,2024-01-23,Coastal Air,Hyderabad,Jaipur,Economy,91,14,190,33998.83,69,153,1,On Time
FLT-11798,2024-01-23,Coastal Air,Kochi,Lucknow,Economy,77,5,1091,41118.48,134,173,5,On Time
FLT-10923,2024-01-23,Falcon Airways,Jaipur,Lucknow,Premium Economy,214,113,574,44545.52,171,181,4,Delayed
FLT-10944,2024-01-23,Coastal Air,Mumbai,Lucknow,Business,158,68,820,36752.11,146,155,5,On Time
FLT-11783,2024-01-23,SkyJet,Bengaluru,Jaipur,Economy,132,70,242,33408.49,175,207,5,Delayed
FLT-9054,2024-01-24,BlueWing,Chennai,Kochi,Economy,134,147,1595,27768.16,216,233,4,On Time
FLT-10950,2024-01-24,IndiGo Air,Mumbai,Hyderabad,Economy,65,82,1772,15151.87,209,235,1,Delayed
FLT-10684,2024-01-24,Coastal Air,Jaipur,Mumbai,Business,103,51,1470,41608.13,203,151,2,Delayed
FLT-12226,2024-01-24,BlueWing,Lucknow,Kolkata,Economy,87,114,1981,39787.53,75,247,3,Delayed
FLT-11060,2024-01-24,Air Bharat,Hyderabad,Kolkata,Economy,232,10,2447,8469.47,133,248,2,On Time
FLT-10990,2024-01-24,SkyJet,Bengaluru,Jaipur,Economy,220,128,1196,13141.28,157,223,1,On Time
FLT-11347,2024-01-24,BlueWing,Mumbai,Lucknow,Economy,88,132,313,42064.62,140,236,1,On Time
FLT-12652,2024-01-24,Coastal Air,Mumbai,Delhi,Economy,116,130,1264,18693.28,81,221,2,On Time
FLT-9150,2024-01-24,BlueWing,Bengaluru,Kolkata,Economy,133,31,966,32203.71,102,206,5,On Time
FLT-9360,2024-01-24,Coastal Air,Hyderabad,Kochi,Economy,236,149,1646,34247.72,183,161,1,On Time
FLT-12585,2024-01-24,Coastal Air,Hyderabad,Delhi,Economy,86,5,1086,35418.07,215,236,3,On Time
FLT-11239,2024-01-24,Falcon Airways,Lucknow,Kochi,Economy,124,56,991,34644.77,160,227,2,On Time
FLT-10786,2024-01-24,IndiGo Air,Hyderabad,Bengaluru,Economy,71,66,1164,39922.71,210,245,2,On Time
FLT-9920,2024-01-25,IndiGo Air,Hyderabad,Lucknow,Economy,146,173,1146,20624.58,148,178,4,Delayed
FLT-10255,2024-01-25,Coastal Air,Jaipur,Hyderabad,Economy,120,90,608,2487.07,67,220,4,On Time
FLT-10801,2024-01-25,Air Bharat,Kochi,Hyderabad,Economy,178,33,633,30236.87,58,234,1,On Time
FLT-12070,2024-01-25,Falcon Airways,Bengaluru,Mumbai,Premium Economy,98,13,1754,17923.2,177,179,1,On Time
FLT-12077,2024-01-25,IndiGo Air,Kochi,Kolkata,Premium Economy,170,44,1652,22115.36,146,193,1,On Time
FLT-11435,2024-01-25,IndiGo Air,Goa,Kolkata,Business,142,151,764,12832.91,98,191,2,Delayed
FLT-10173,2024-01-26,SkyJet,Delhi,Goa,Economy,78,98,1303,17741.54,183,196,3,Cancelled
FLT-12179,2024-01-26,Air Bharat,Delhi,Chennai,Premium Economy,232,110,735,23627.79,72,187,1,On Time
FLT-12125,2024-01-26,SkyJet,Delhi,Chennai,Economy,138,164,2335,36300.59,219,244,1,On Time
FLT-9088,2024-01-26,IndiGo Air,Bengaluru,Lucknow,Business,82,49,679,28203.66,217,165,4,Delayed
FLT-11103,2024-01-26,Falcon Airways,Lucknow,Kolkata,Economy,124,8,1099,31364.67,204,179,2,Delayed
FLT-12753,2024-01-26,Air Bharat,Chennai,Lucknow,Economy,52,165,571,44799.64,111,223,1,Delayed
FLT-11256,2024-01-26,Coastal Air,Lucknow,Chennai,Economy,224,36,2100,12440.88,72,248,1,On Time
FLT-10860,2024-01-26,Air Bharat,Bengaluru,Kochi,Economy,101,19,2198,15708.11,67,173,2,Delayed
FLT-10710,2024-01-26,BlueWing,Delhi,Bengaluru,Economy,109,31,424,24263.32,58,227,5,On Time
FLT-11325,2024-01-26,Air Bharat,Delhi,Kochi,Business,120,58,2357,19899.39,58,186,4,On Time
FLT-12760,2024-01-26,SkyJet,Delhi,Kochi,Economy,64,113,1383,39568.59,76,245,1,On Time
FLT-11402,2024-01-27,BlueWing,Bengaluru,Hyderabad,Economy,90,54,2044,2537.45,187,227,2,Delayed
FLT-11277,2024-01-27,BlueWing,Kolkata,Delhi,Economy,234,115,1680,38832.57,117,227,2,On Time
FLT-10723,2024-01-27,Air Bharat,Goa,Lucknow,Economy,66,119,1811,16813.6,219,170,2,On Time
FLT-10993,2024-01-27,Falcon Airways,Delhi,Kochi,Business,145,132,1532,8092.98,137,227,5,On Time
FLT-11618,2024-01-27,Falcon Airways,Kochi,Bengaluru,Economy,197,39,184,43439.75,141,180,2,Delayed
FLT-9727,2024-01-27,Coastal Air,Jaipur,Goa,Economy,139,47,262,37513.3,201,176,1,On Time
FLT-9037,2024-01-27,BlueWing,Hyderabad,Kochi,Economy,61,100,1982,40401.0,189,204,2,On Time
FLT-10502,2024-01-27,Coastal Air,Bengaluru,Hyderabad,Business,120,138,204,8214.94,172,216,4,On Time
FLT-11504,2024-01-27,IndiGo Air,Jaipur,Lucknow,Premium Economy,89,18,348,33048.74,93,190,1,Delayed
FLT-9380,2024-01-28,SkyJet,Hyderabad,Kochi,Economy,204,28,364,33890.99,149,236,4,On Time
FLT-10436,2024-01-28,SkyJet,Delhi,Bengaluru,Economy,161,1,1347,43954.11,119,213,3,On Time
FLT-11033,2024-01-28,IndiGo Air,Kochi,Kolkata,Economy,139,170,2024,8787.79,129,151,4,On Time
FLT-10442,2024-01-28,BlueWing,Delhi,Kolkata,Premium Economy,96,46,1680,22030.09,101,150,5,On Time
FLT-10704,2024-01-28,BlueWing,Kolkata,Kochi,Economy,132,9,2300,34402.16,163,229,3,On Time
FLT-12939,2024-01-28,IndiGo Air,Goa,Jaipur,Economy,121,114,666,35389.34,183,155,3,On Time
FLT-9325,2024-01-28,IndiGo Air,Mumbai,Jaipur,Economy,98,17,1854,18026.76,114,227,3,On Time
FLT-10036,2024-01-28,Falcon Airways,Kolkata,Kochi,Premium Economy,210,94,1931,43603.47,152,195,1,On Time
FLT-11258,2024-01-28,IndiGo Air,Kochi,Jaipur,Economy,179,44,743,34500.49,141,190,4,On Time
FLT-11776,2024-01-28,SkyJet,Lucknow,Hyderabad,Premium Economy,224,136,2205,44396.99,141,160,3,On Time
FLT-10979,2024-01-28,SkyJet,Kochi,Delhi,Economy,187,106,2462,26055.99,205,235,4,On Time
FLT-11939,2024-01-28,IndiGo Air,Mumbai,Delhi,Economy,158,111,2376,24310.25,69,247,1,On Time
FLT-11247,2024-01-28,Air Bharat,Jaipur,Lucknow,Economy,154,164,430,26258.75,93,155,1,On Time
FLT-11287,2024-01-28,Air Bharat,Bengaluru,Chennai,Economy,175,46,1044,16918.58,173,152,2,On Time
FLT-10419,2024-01-29,Coastal Air,Chennai,Kolkata,Premium Economy,77,27,915,22610.02,178,177,4,On Time
FLT-11037,2024-01-29,SkyJet,Bengaluru,Jaipur,Premium Economy,54,176,1825,7097.06,199,244,2,On Time
FLT-11771,2024-01-29,BlueWing,Delhi,Chennai,Business,78,6,2407,2658.55,168,237,3,On Time
FLT-9244,2024-01-29,Coastal Air,Delhi,Bengaluru,Economy,96,81,1073,39377.82,189,244,1,Delayed
FLT-10659,2024-01-29,SkyJet,Mumbai,Kochi,Economy,147,3,895,9191.87,84,181,5,Cancelled
FLT-11474,2024-01-29,SkyJet,Mumbai,Chennai,Economy,192,15,1267,13205.02,133,234,1,On Time
FLT-12285,2024-01-29,SkyJet,Kolkata,Delhi,Economy,196,117,1660,32526.77,83,215,2,On Time
FLT-10619,2024-01-30,Falcon Airways,Kolkata,Chennai,Economy,96,8,756,36407.95,120,158,5,Delayed
FLT-9282,2024-01-30,BlueWing,Bengaluru,Jaipur,Economy,177,90,2072,40432.25,65,171,3,Delayed
FLT-9257,2024-01-30,Air Bharat,Bengaluru,Lucknow,Economy,214,36,1881,11512.11,126,199,5,On Time
FLT-11209,2024-01-30,Air Bharat,Goa,Hyderabad,Economy,224,68,484,15481.62,112,210,3,On Time
FLT-12131,2024-01-30,Coastal Air,Delhi,Chennai,Economy,146,13,2014,6064.28,120,228,4,On Time
FLT-9014,2024-01-30,Air Bharat,Hyderabad,Bengaluru,Premium Economy,147,105,219,28713.08,176,218,3,On Time
FLT-12452,2024-01-30,IndiGo Air,Kochi,Goa,Economy,111,52,2499,18214.35,145,199,2,On Time
FLT-11732,2024-01-30,IndiGo Air,Goa,Jaipur,Economy,63,53,1847,11287.01,142,226,4,Delayed
FLT-9537,2024-01-30,Air Bharat,Jaipur,Kolkata,Business,185,92,592,18085.32,168,175,3,On Time
FLT-10302,2024-01-30,Falcon Airways,Mumbai,Kolkata,Economy,185,145,2427,20812.0,209,195,1,On Time
FLT-11173,2024-01-30,Falcon Airways,Delhi,Jaipur,Premium Economy,190,75,814,22635.22,154,190,3,On Time
FLT-12889,2024-01-30,SkyJet,Kolkata,Goa,Economy,150,12,2329,29662.87,167,212,4,On Time
FLT-12466,2024-01-31,BlueWing,Lucknow,Jaipur,Economy,104,28,1971,43948.38,118,166,1,Delayed
FLT-12544,2024-01-31,BlueWing,Delhi,Kolkata,Economy,210,27,1155,6825.38,65,222,3,On Time
FLT-10747,2024-01-31,BlueWing,Hyderabad,Chennai,Economy,63,121,1184,24605.4,126,171,1,On Time
FLT-9415,2024-01-31,Coastal Air,Kolkata,Jaipur,Economy,104,163,1063,39385.41,66,159,1,Delayed
FLT-9487,2024-01-31,Falcon Airways,Hyderabad,Goa,Business,94,127,2186,36992.8,90,216,4,On Time
FLT-11829,2024-01-31,Falcon Airways,Goa,Chennai,Economy,182,142,1018,39207.75,96,240,1,On Time
FLT-11318,2024-01-31,SkyJet,Hyderabad,Chennai,Economy,176,128,359,33503.14,123,211,2,Cancelled
FLT-9239,2024-01-31,SkyJet,Jaipur,Chennai,Economy,213,112,2023,33905.49,135,194,1,On Time
FLT-11364,2024-01-31,Falcon Airways,Hyderabad,Kolkata,Economy,227,87,449,17541.64,123,233,2,On Time
FLT-11145,2024-01-31,SkyJet,Delhi,Chennai,Economy,140,111,1748,38002.48,102,198,5,On Time
FLT-12087,2024-01-31,IndiGo Air,Kochi,Bengaluru,Premium Economy,171,36,1805,6751.73,59,188,3,Delayed
FLT-9446,2024-01-31,Falcon Airways,Bengaluru,Kolkata,Economy,104,25,2072,27059.48,169,235,5,On Time
FLT-9392,2024-01-31,Coastal Air,Jaipur,Kochi,Economy,189,50,1983,36389.07,64,220,4,On Time
FLT-9547,2024-01-31,SkyJet,Mumbai,Goa,Economy,128,35,1960,26246.95,176,204,1,Delayed
FLT-10029,2024-02-01,Air Bharat,Bengaluru,Kochi,Economy,130,69,1592,31002.02,106,185,1,Delayed
FLT-12683,2024-02-01,Air Bharat,Jaipur,Kolkata,Economy,56,46,1682,16358.78,65,237,3,On Time
FLT-11041,2024-02-01,Air Bharat,Delhi,Kolkata,Economy,236,67,1283,10191.81,143,173,4,On Time
FLT-11176,2024-02-01,Falcon Airways,Delhi,Kochi,Economy,192,130,418,42612.1,208,206,5,On Time
FLT-10930,2024-02-01,Air Bharat,Hyderabad,Kolkata,Economy,159,62,500,10242.49,53,193,5,On Time
FLT-10367,2024-02-01,Air Bharat,Kolkata,Jaipur,Economy,152,8,2212,33805.29,108,246,2,Delayed
FLT-12044,2024-02-01,IndiGo Air,Bengaluru,Goa,Economy,83,58,1096,29955.45,66,200,3,On Time
FLT-12356,2024-02-01,Air Bharat,Kolkata,Lucknow,Economy,86,11,640,42122.81,75,226,5,On Time
FLT-12305,2024-02-01,Falcon Airways,Bengaluru,Jaipur,Economy,133,85,2205,11941.72,68,190,5,On Time
FLT-10289,2024-02-01,Falcon Airways,Chennai,Jaipur,Premium Economy,97,126,2262,30049.62,162,247,3,On Time
FLT-9311,2024-02-01,IndiGo Air,Mumbai,Chennai,Premium Economy,145,22,900,31833.39,50,208,5,On Time
FLT-12489,2024-02-02,Coastal Air,Kochi,Delhi,Economy,175,173,1153,4333.12,51,160,5,Delayed
FLT-12481,2024-02-02,Air Bharat,Kolkata,Hyderabad,Economy,62,102,2451,19088.57,120,185,3,On Time
FLT-12056,2024-02-02,Falcon Airways,Bengaluru,Delhi,Premium Economy,220,17,1409,31105.22,179,169,4,On Time
FLT-10592,2024-02-02,Falcon Airways,Goa,Kolkata,Economy,94,64,2139,10728.69,93,155,4,On Time
FLT-9400,2024-02-02,Coastal Air,Bengaluru,Kolkata,Business,100,69,2125,27716.87,143,154,5,On Time
FLT-12757,2024-02-02,Air Bharat,Mumbai,Kolkata,Economy,144,100,1506,18011.08,136,235,5,On Time
FLT-10687,2024-02-02,Falcon Airways,Bengaluru,Kolkata,Premium Economy,97,119,2212,5985.08,138,167,5,On Time
FLT-9585,2024-02-02,BlueWing,Kolkata,Hyderabad,Economy,237,82,2226,25859.8,95,169,3,On Time
FLT-10556,2024-02-02,SkyJet,Jaipur,Chennai,Economy,125,103,1176,27819.66,154,202,4,On Time
FLT-9473,2024-02-03,SkyJet,Goa,Mumbai,Economy,222,115,568,38038.58,193,214,1,On Time
FLT-11944,2024-02-03,Falcon Airways,Goa,Chennai,Economy,170,42,973,39502.86,180,233,5,Delayed
FLT-10491,2024-02-03,SkyJet,Kolkata,Delhi,Economy,175,25,1370,18651.82,212,216,1,Delayed
FLT-9029,2024-02-03,Coastal Air,Hyderabad,Mumbai,Economy,46,119,497,33418.47,87,158,3,On Time
FLT-10239,2024-02-03,SkyJet,Delhi,Kochi,Economy,66,175,2493,27946.72,200,230,1,On Time
FLT-10408,2024-02-03,Coastal Air,Bengaluru,Chennai,Economy,105,177,2144,32931.01,197,158,3,On Time
FLT-9064,2024-02-03,SkyJet,Hyderabad,Mumbai,Economy,178,118,1163,18373.92,217,245,2,On Time
FLT-12301,2024-02-03,BlueWing,Goa,Mumbai,Economy,80,166,2470,11280.88,114,178,5,Delayed
FLT-10399,2024-02-04,SkyJet,Hyderabad,Kochi,Economy,53,73,491,33181.04,195,161,5,Delayed
FLT-11669,2024-02-04,BlueWing,Bengaluru,Lucknow,Economy,233,175,2422,22296.41,145,181,5,On Time
FLT-10361,2024-02-04,Coastal Air,Hyderabad,Jaipur,Economy,62,176,2229,19357.06,198,184,4,Delayed
FLT-11866,2024-02-04,BlueWing,Bengaluru,Delhi,Premium Economy,58,62,2164,5454.89,201,215,5,On Time
FLT-9077,2024-02-04,Air Bharat,Goa,Jaipur,Economy,218,148,404,29777.19,50,188,3,Cancelled
FLT-9881,2024-02-04,Falcon Airways,Delhi,Mumbai,Economy,131,31,1653,34165.11,80,197,5,On Time
FLT-10448,2024-02-04,Air Bharat,Delhi,Lucknow,Premium Economy,50,40,737,3751.85,167,186,1,Delayed
FLT-11882,2024-02-04,BlueWing,Delhi,Jaipur,Economy,129,160,2490,32278.77,80,152,1,On Time
FLT-10809,2024-02-04,SkyJet,Hyderabad,Kochi,Economy,80,169,1262,6833.86,218,217,2,On Time
FLT-12520,2024-02-04,IndiGo Air,Lucknow,Kochi,Economy,151,118,1222,37483.19,217,180,1,On Time
FLT-10210,2024-02-04,SkyJet,Mumbai,Bengaluru,Economy,86,166,2350,10080.51,166,244,1,On Time
FLT-9316,2024-02-04,Coastal Air,Goa,Delhi,Economy,55,164,1073,21257.54,162,247,2,Delayed
FLT-10244,2024-02-04,SkyJet,Lucknow,Delhi,Economy,90,119,201,33671.26,93,184,5,On Time
FLT-11071,2024-02-05,Coastal Air,Goa,Kolkata,Premium Economy,102,168,658,7163.57,84,220,5,Delayed
FLT-12701,2024-02-05,Falcon Airways,Chennai,Jaipur,Premium Economy,89,175,1843,17580.53,65,151,1,On Time
FLT-10535,2024-02-05,SkyJet,Kochi,Delhi,Economy,201,150,623,33028.95,182,159,2,Cancelled
FLT-9126,2024-02-05,BlueWing,Delhi,Goa,Economy,138,94,419,24004.9,94,246,1,Cancelled
FLT-10217,2024-02-05,Coastal Air,Kolkata,Mumbai,Economy,163,14,1118,16008.28,198,200,2,On Time
FLT-10195,2024-02-05,Air Bharat,Hyderabad,Mumbai,Economy,232,73,2184,27042.71,127,228,1,On Time
FLT-9127,2024-02-05,Falcon Airways,Delhi,Jaipur,Economy,62,32,1181,15099.1,79,177,5,On Time
FLT-10524,2024-02-06,IndiGo Air,Chennai,Kochi,Economy,193,152,1490,19799.99,84,214,4,Delayed
FLT-12982,2024-02-06,Air Bharat,Jaipur,Hyderabad,Economy,130,172,1822,36448.16,102,222,5,On Time
FLT-11834,2024-02-06,Coastal Air,Kochi,Mumbai,Economy,109,50,1202,35952.53,188,159,1,Delayed
FLT-10083,2024-02-06,Air Bharat,Delhi,Kochi,Economy,223,169,1748,35989.63,172,151,2,Delayed
FLT-10640,2024-02-06,SkyJet,Jaipur,Mumbai,Economy,212,165,1489,12247.88,199,191,3,Delayed
FLT-12090,2024-02-06,Falcon Airways,Bengaluru,Kolkata,Premium Economy,118,80,1986,37198.56,197,215,1,On Time
FLT-9491,2024-02-06,Coastal Air,Bengaluru,Kochi,Economy,55,84,2016,11729.12,183,156,5,On Time
FLT-10290,2024-02-06,Coastal Air,Bengaluru,Jaipur,Economy,73,67,1645,33367.75,109,191,5,On Time
FLT-12756,2024-02-06,Coastal Air,Kochi,Goa,Economy,120,174,1512,18558.52,96,203,4,On Time
FLT-11137,2024-02-06,BlueWing,Hyderabad,Bengaluru,Economy,155,169,933,20749.72,165,244,5,On Time
FLT-10784,2024-02-06,Air Bharat,Jaipur,Hyderabad,Economy,114,81,1851,41900.18,81,247,5,Delayed
FLT-9468,2024-02-06,IndiGo Air,Chennai,Kochi,Premium Economy,212,111,1049,42795.6,87,217,1,Delayed
FLT-9367,2024-02-06,Falcon Airways,Chennai,Delhi,Economy,152,4,2278,31184.46,161,187,1,On Time
FLT-11605,2024-02-06,BlueWing,Kochi,Chennai,Economy,177,70,2490,24862.45,146,170,3,On Time
FLT-9636,2024-02-06,BlueWing,Kochi,Hyderabad,Economy,47,0,889,42022.16,62,226,3,On Time
FLT-10892,2024-02-07,BlueWing,Mumbai,Bengaluru,Business,214,154,765,3570.49,203,198,3,Cancelled
FLT-10852,2024-02-07,Air Bharat,Lucknow,Mumbai,Economy,144,118,820,2569.37,117,182,4,On Time
FLT-10270,2024-02-07,Coastal Air,Delhi,Kolkata,Premium Economy,88,80,2405,29299.19,126,233,3,On Time
FLT-10691,2024-02-07,Coastal Air,Hyderabad,Lucknow,Premium Economy,208,94,2195,30230.89,117,196,3,On Time
FLT-11314,2024-02-07,IndiGo Air,Lucknow,Delhi,Economy,60,104,1969,10922.49,212,219,4,Delayed
FLT-12289,2024-02-07,IndiGo Air,Delhi,Hyderabad,Premium Economy,198,158,2431,35976.48,165,234,1,On Time
FLT-12629,2024-02-07,BlueWing,Kochi,Mumbai,Premium Economy,140,146,715,34227.11,110,168,5,On Time
FLT-11951,2024-02-07,SkyJet,Hyderabad,Jaipur,Business,59,87,1447,14108.28,53,249,5,On Time
FLT-11414,2024-02-07,BlueWing,Kochi,Bengaluru,Economy,186,10,586,16946.27,204,189,2,On Time
FLT-9357,2024-02-07,Falcon Airways,Mumbai,Goa,Business,129,23,2257,15824.82,56,221,5,Delayed
FLT-12485,2024-02-08,BlueWing,Kolkata,Delhi,Economy,97,90,426,20827.57,159,162,2,On Time
FLT-11620,2024-02-08,Falcon Airways,Bengaluru,Lucknow,Economy,80,93,2111,9986.6,167,229,3,On Time
FLT-9531,2024-02-08,Falcon Airways,Goa,Jaipur,Economy,207,65,255,18439.2,62,173,3,On Time
FLT-11127,2024-02-08,Coastal Air,Delhi,Kolkata,Economy,233,80,2146,41915.79,82,220,4,On Time
FLT-10912,2024-02-09,Falcon Airways,Kochi,Hyderabad,Economy,210,25,1409,43731.15,130,189,2,On Time
FLT-11773,2024-02-09,SkyJet,Goa,Kolkata,Premium Economy,196,77,2012,35647.47,218,228,3,On Time
FLT-12389,2024-02-09,IndiGo Air,Chennai,Mumbai,Economy,193,177,1648,24724.76,195,234,3,On Time
FLT-11181,2024-02-09,Falcon Airways,Hyderabad,Kolkata,Economy,205,47,2400,28004.36,120,246,1,On Time
FLT-12129,2024-02-09,Air Bharat,Kochi,Hyderabad,Economy,104,156,703,7475.01,85,199,5,On Time
FLT-9114,2024-02-09,SkyJet,Bengaluru,Chennai,Economy,76,56,1425,42334.5,112,177,2,On Time
FLT-10624,2024-02-09,SkyJet,Lucknow,Kolkata,Economy,235,54,187,21285.75,58,248,2,On Time
FLT-11070,2024-02-09,Falcon Airways,Delhi,Chennai,Economy,150,31,1416,20740.14,178,218,1,On Time
FLT-9084,2024-02-10,BlueWing,Lucknow,Delhi,Economy,213,62,1024,8580.86,151,159,3,On Time
FLT-11412,2024-02-10,BlueWing,Bengaluru,Jaipur,Economy,120,152,2041,27091.0,139,219,5,On Time
FLT-11289,2024-02-10,SkyJet,Goa,Kochi,Economy,137,53,1393,36081.71,106,221,1,On Time
FLT-11477,2024-02-10,Coastal Air,Mumbai,Kolkata,Premium Economy,190,175,684,35370.22,51,155,1,Delayed
FLT-9884,2024-02-10,IndiGo Air,Chennai,Hyderabad,Economy,115,49,591,6294.58,162,223,4,Delayed
FLT-11912,2024-02-10,SkyJet,Hyderabad,Delhi,Economy,95,20,1845,40834.97,173,218,5,On Time
FLT-11873,2024-02-10,Coastal Air,Bengaluru,Kochi,Economy,105,112,2206,8918.5,118,171,1,On Time
FLT-12931,2024-02-10,Air Bharat,Kolkata,Kochi,Economy,172,176,262,27372.01,158,169,1,Delayed
FLT-10639,2024-02-10,IndiGo Air,Goa,Lucknow,Economy,158,39,2135,36933.96,77,197,5,Delayed
FLT-12783,2024-02-10,BlueWing,Kochi,Mumbai,Economy,50,27,2351,27210.06,51,160,5,On Time
FLT-11947,2024-02-11,Coastal Air,Kolkata,Goa,Economy,142,132,2258,37608.69,178,150,1,Delayed
FLT-10647,2024-02-11,IndiGo Air,Goa,Bengaluru,Economy,93,136,1680,22498.22,81,225,2,On Time
FLT-12393,2024-02-11,SkyJet,Lucknow,Goa,Economy,179,170,296,24037.57,70,241,4,On Time
FLT-11784,2024-02-11,Coastal Air,Kochi,Chennai,Economy,205,84,552,29538.94,147,191,2,On Time
FLT-10187,2024-02-11,SkyJet,Bengaluru,Mumbai,Economy,161,148,1030,27148.34,152,160,4,On Time
FLT-11653,2024-02-11,IndiGo Air,Mumbai,Kolkata,Economy,180,115,1963,44628.93,213,247,4,On Time
FLT-11246,2024-02-11,Coastal Air,Chennai,Hyderabad,Economy,218,14,285,37540.12,133,240,3,On Time
FLT-12999,2024-02-11,SkyJet,Chennai,Hyderabad,Economy,148,145,487,42730.04,82,212,4,Delayed
FLT-11237,2024-02-11,IndiGo Air,Delhi,Kolkata,Economy,154,9,179,9036.89,202,239,2,Delayed
FLT-9001,2024-02-11,Air Bharat,Chennai,Mumbai,Economy,85,167,1703,7809.14,83,167,1,On Time
FLT-9656,2024-02-11,Coastal Air,Jaipur,Delhi,Economy,134,114,1174,13708.8,212,223,2,Cancelled
FLT-11207,2024-02-11,IndiGo Air,Delhi,Mumbai,Economy,208,152,1481,15624.45,197,202,5,On Time
FLT-9624,2024-02-11,Coastal Air,Bengaluru,Goa,Economy,107,55,2441,30619.64,119,226,5,On Time
FLT-9117,2024-02-12,BlueWing,Bengaluru,Kochi,Premium Economy,59,72,408,13680.45,151,150,5,On Time
FLT-10977,2024-02-12,Coastal Air,Kochi,Kolkata,Economy,172,30,2404,40562.61,163,166,4,Delayed
FLT-11583,2024-02-12,Air Bharat,Lucknow,Hyderabad,Economy,200,102,602,41282.59,211,195,4,On Time
FLT-11775,2024-02-12,IndiGo Air,Kolkata,Lucknow,Economy,160,70,1946,20376.51,96,248,5,On Time
FLT-11844,2024-02-12,BlueWing,Mumbai,Chennai,Economy,216,1,1749,3762.85,71,240,3,On Time
FLT-9650,2024-02-12,SkyJet,Delhi,Mumbai,Economy,58,45,2223,17482.21,82,245,2,On Time
FLT-9975,2024-02-12,Falcon Airways,Kochi,Mumbai,Economy,89,41,1427,25795.52,209,210,2,On Time
FLT-10453,2024-02-12,SkyJet,Kolkata,Delhi,Economy,134,23,1867,13851.99,148,162,3,On Time
FLT-11686,2024-02-13,Falcon Airways,Kolkata,Goa,Economy,188,148,1696,34259.37,102,166,1,On Time
FLT-9125,2024-02-13,Coastal Air,Bengaluru,Mumbai,Economy,178,37,1587,21347.97,219,167,5,On Time
FLT-11044,2024-02-13,Coastal Air,Jaipur,Hyderabad,Premium Economy,68,111,1074,19351.45,53,208,2,On Time
FLT-9393,2024-02-13,Air Bharat,Hyderabad,Chennai,Economy,66,142,386,18972.43,126,211,1,On Time
FLT-11707,2024-02-13,Air Bharat,Kolkata,Bengaluru,Economy,229,128,2374,41714.76,155,198,2,On Time
FLT-12429,2024-02-13,Falcon Airways,Delhi,Goa,Economy,124,173,395,3654.28,132,211,2,On Time
FLT-9083,2024-02-13,BlueWing,Delhi,Lucknow,Economy,234,155,1054,33547.87,79,172,3,On Time
FLT-12954,2024-02-13,Air Bharat,Delhi,Mumbai,Economy,186,174,2373,36051.76,104,177,3,Delayed
FLT-9324,2024-02-14,Coastal Air,Bengaluru,Chennai,Economy,89,45,1434,21635.8,83,163,5,On Time
FLT-9213,2024-02-14,SkyJet,Jaipur,Lucknow,Premium Economy,209,117,1892,24964.1,194,168,3,Delayed
FLT-9131,2024-02-14,Coastal Air,Delhi,Bengaluru,Economy,225,44,1070,26671.43,127,208,4,On Time
FLT-11726,2024-02-14,IndiGo Air,Kochi,Mumbai,Economy,211,27,768,25529.35,205,248,3,Delayed
FLT-12066,2024-02-14,SkyJet,Kochi,Lucknow,Economy,112,27,1911,33291.53,110,204,2,On Time
FLT-10938,2024-02-14,Air Bharat,Delhi,Lucknow,Economy,108,43,1226,10651.19,192,229,1,Delayed
FLT-12091,2024-02-14,Coastal Air,Chennai,Delhi,Economy,91,33,1078,2380.63,84,171,3,On Time
FLT-10597,2024-02-14,BlueWing,Goa,Chennai,Economy,109,9,1356,5613.81,60,169,3,Delayed
FLT-12810,2024-02-14,Coastal Air,Bengaluru,Mumbai,Premium Economy,148,31,741,14094.75,89,187,3,On Time
FLT-10641,2024-02-14,SkyJet,Jaipur,Mumbai,Economy,220,97,1189,19511.37,123,164,4,On Time
FLT-9469,2024-02-14,Air Bharat,Hyderabad,Jaipur,Economy,123,98,531,18245.19,134,159,3,Delayed
FLT-9722,2024-02-15,BlueWing,Lucknow,Kochi,Economy,54,88,1039,13287.8,174,223,2,On Time
FLT-9498,2024-02-15,IndiGo Air,Kochi,Jaipur,Economy,88,160,477,39516.98,198,210,2,Delayed
FLT-12824,2024-02-15,SkyJet,Goa,Jaipur,Economy,88,39,1107,38414.12,84,175,2,Delayed
FLT-12601,2024-02-15,Coastal Air,Goa,Lucknow,Economy,50,92,793,3421.18,147,226,2,Delayed
FLT-9441,2024-02-15,Falcon Airways,Mumbai,Chennai,Economy,232,33,526,14861.43,130,238,5,On Time
FLT-10489,2024-02-15,BlueWing,Kochi,Lucknow,Economy,154,80,1462,32789.88,165,170,1,Delayed
FLT-10696,2024-02-15,BlueWing,Hyderabad,Chennai,Premium Economy,100,35,1207,16383.88,125,247,3,On Time
FLT-10702,2024-02-15,Falcon Airways,Chennai,Jaipur,Economy,71,119,1680,35284.9,109,222,2,On Time
FLT-12300,2024-02-15,Falcon Airways,Kochi,Delhi,Economy,150,151,577,9087.87,155,215,5,On Time
FLT-9495,2024-02-15,Coastal Air,Chennai,Kochi,Premium Economy,97,16,633,7505.4,93,224,5,Delayed
FLT-12391,2024-02-16,BlueWing,Hyderabad,Chennai,Economy,80,150,1426,10266.38,89,237,5,On Time
FLT-12983,2024-02-16,Coastal Air,Hyderabad,Chennai,Economy,87,41,1503,8200.68,183,194,5,Delayed
FLT-9925,2024-02-16,Falcon Airways,Kolkata,Goa,Economy,113,128,1249,22340.13,195,216,1,On Time
FLT-9119,2024-02-16,BlueWing,Kochi,Goa,Business,78,29,2018,19568.4,127,231,1,Delayed
FLT-12476,2024-02-16,Coastal Air,Mumbai,Lucknow,Economy,235,125,833,18080.73,181,170,5,On Time
FLT-12284,2024-02-16,BlueWing,Jaipur,Kolkata,Business,52,76,1403,23748.75,176,226,5,Delayed
FLT-10936,2024-02-16,Air Bharat,Chennai,Mumbai,Economy,140,172,1612,13608.37,51,230,3,Delayed
FLT-11547,2024-02-16,Falcon Airways,Lucknow,Kolkata,Economy,148,121,262,20586.65,218,206,2,On Time
FLT-11458,2024-02-16,Falcon Airways,Delhi,Mumbai,Economy,115,58,764,38185.84,164,242,1,On Time
FLT-9939,2024-02-17,SkyJet,Goa,Hyderabad,Economy,84,133,927,31587.06,126,209,3,Delayed
FLT-9062,2024-02-17,Coastal Air,Lucknow,Chennai,Premium Economy,143,132,1390,24029.88,83,165,2,On Time
FLT-10755,2024-02-17,BlueWing,Kolkata,Kochi,Economy,114,97,999,44421.62,68,208,4,On Time
FLT-10925,2024-02-17,IndiGo Air,Kochi,Bengaluru,Economy,64,11,2020,13252.01,213,155,5,On Time
FLT-11523,2024-02-17,BlueWing,Chennai,Delhi,Economy,77,51,184,9254.64,92,156,4,Delayed
FLT-9198,2024-02-18,BlueWing,Mumbai,Kochi,Business,196,62,456,12971.47,213,202,3,On Time
FLT-10699,2024-02-18,Coastal Air,Bengaluru,Hyderabad,Premium Economy,73,142,1317,18869.65,101,160,2,On Time
FLT-10000,2024-02-18,Air Bharat,Jaipur,Goa,Premium Economy,179,129,1396,42531.74,189,194,3,On Time
FLT-10016,2024-02-18,IndiGo Air,Kochi,Mumbai,Economy,152,63,1906,21405.21,192,163,4,Delayed
FLT-10322,2024-02-18,Air Bharat,Goa,Jaipur,Economy,86,134,2469,32541.47,132,232,1,On Time
FLT-10019,2024-02-18,Air Bharat,Chennai,Goa,Economy,130,133,433,43435.58,132,233,2,Delayed
FLT-10454,2024-02-18,BlueWing,Chennai,Goa,Economy,151,72,2060,9248.84,109,161,3,On Time
FLT-12970,2024-02-18,Falcon Airways,Delhi,Goa,Business,223,127,2003,44766.5,197,228,1,On Time
FLT-10776,2024-02-18,BlueWing,Jaipur,Mumbai,Economy,66,117,392,14989.96,92,163,4,On Time
FLT-10770,2024-02-18,Air Bharat,Kochi,Mumbai,Economy,212,46,1559,43028.54,51,186,2,On Time
FLT-11774,2024-02-18,SkyJet,Lucknow,Delhi,Business,127,11,1520,14483.37,82,243,3,On Time
FLT-11212,2024-02-18,BlueWing,Bengaluru,Chennai,Economy,150,70,405,33908.6,127,236,2,On Time
FLT-11770,2024-02-18,Falcon Airways,Lucknow,Jaipur,Economy,88,99,1728,44949.49,103,162,4,On Time
FLT-9355,2024-02-18,IndiGo Air,Chennai,Kochi,Economy,214,73,646,27386.05,123,193,4,On Time
FLT-10283,2024-02-18,Coastal Air,Bengaluru,Kolkata,Economy,132,90,1204,7214.43,84,229,1,On Time
FLT-11020,2024-02-18,SkyJet,Lucknow,Kochi,Economy,217,177,2405,12149.3,60,187,4,On Time
FLT-10720,2024-02-19,BlueWing,Delhi,Mumbai,Economy,166,111,326,22356.89,185,162,2,On Time
FLT-12666,2024-02-19,SkyJet,Mumbai,Jaipur,Economy,103,44,1828,14960.2,146,203,3,On Time
FLT-10900,2024-02-19,Air Bharat,Chennai,Kolkata,Economy,167,49,1877,33540.97,132,179,2,Delayed
FLT-12930,2024-02-19,SkyJet,Chennai,Mumbai,Economy,166,38,2198,33220.26,94,170,5,On Time
FLT-12470,2024-02-19,Coastal Air,Chennai,Goa,Economy,219,132,2350,7654.29,59,155,3,On Time
FLT-11654,2024-02-19,IndiGo Air,Kolkata,Lucknow,Economy,227,127,642,31513.7,100,168,5,On Time
FLT-9175,2024-02-20,BlueWing,Goa,Bengaluru,Economy,54,98,307,2055.86,219,206,1,On Time
FLT-11977,2024-02-20,BlueWing,Goa,Kochi,Economy,237,105,1127,29136.68,69,181,2,On Time
FLT-11298,2024-02-20,SkyJet,Bengaluru,Lucknow,Premium Economy,74,3,1191,38565.75,208,157,4,On Time
FLT-12949,2024-02-20,Air Bharat,Bengaluru,Chennai,Business,55,2,2239,31325.51,153,152,1,Delayed
FLT-9496,2024-02-20,IndiGo Air,Lucknow,Delhi,Economy,103,64,632,30860.04,162,248,3,On Time
FLT-9871,2024-02-20,Coastal Air,Mumbai,Chennai,Economy,124,33,1675,36642.19,186,152,4,Delayed
FLT-11442,2024-02-20,BlueWing,Kolkata,Kochi,Economy,136,35,1443,5843.87,137,155,4,Delayed
FLT-11197,2024-02-21,Air Bharat,Goa,Kolkata,Economy,206,85,2037,21585.33,219,164,5,On Time
FLT-9709,2024-02-21,SkyJet,Hyderabad,Kochi,Premium Economy,88,148,881,4710.02,124,249,2,Cancelled
FLT-10677,2024-02-21,IndiGo Air,Mumbai,Lucknow,Economy,216,28,1331,25124.54,155,197,5,Delayed
FLT-11500,2024-02-21,Coastal Air,Mumbai,Bengaluru,Premium Economy,204,111,2319,14242.49,73,176,3,Cancelled
FLT-11985,2024-02-21,IndiGo Air,Chennai,Lucknow,Premium Economy,119,40,210,23781.05,56,165,4,On Time
FLT-12997,2024-02-21,IndiGo Air,Jaipur,Delhi,Economy,91,119,520,20314.18,66,151,2,On Time
FLT-12779,2024-02-21,BlueWing,Kolkata,Goa,Business,154,158,1700,12639.04,209,235,1,Cancelled
FLT-11769,2024-02-21,BlueWing,Kolkata,Jaipur,Business,198,86,1038,2993.0,192,232,5,Delayed
FLT-10574,2024-02-21,BlueWing,Goa,Delhi,Economy,233,30,2198,8040.88,159,175,5,On Time
FLT-11255,2024-02-21,Air Bharat,Mumbai,Kochi,Economy,88,32,708,21206.25,168,222,5,On Time
FLT-9093,2024-02-21,Air Bharat,Bengaluru,Lucknow,Business,132,93,1509,42014.65,91,248,3,On Time
FLT-10044,2024-02-21,SkyJet,Goa,Kochi,Economy,128,49,2345,14337.58,161,204,3,On Time
FLT-9695,2024-02-22,Coastal Air,Kolkata,Lucknow,Economy,210,134,1824,29302.95,80,236,3,On Time
FLT-9166,2024-02-22,Falcon Airways,Goa,Lucknow,Economy,76,20,196,13671.21,164,249,2,Delayed
FLT-12138,2024-02-22,Air Bharat,Chennai,Bengaluru,Economy,52,165,320,33561.93,69,216,3,Cancelled
FLT-12658,2024-02-22,BlueWing,Kochi,Goa,Economy,96,84,796,11749.47,146,199,5,On Time
FLT-11082,2024-02-22,Falcon Airways,Goa,Lucknow,Economy,103,145,2408,4737.99,90,200,5,Delayed
FLT-10001,2024-02-22,IndiGo Air,Chennai,Kolkata,Economy,231,139,1423,31323.48,93,216,5,Delayed
FLT-10418,2024-02-22,IndiGo Air,Kolkata,Hyderabad,Economy,190,88,371,41809.95,198,193,2,Cancelled
FLT-9990,2024-02-22,Coastal Air,Lucknow,Mumbai,Economy,106,84,466,11056.49,82,216,1,On Time
FLT-9202,2024-02-22,BlueWing,Chennai,Hyderabad,Premium Economy,73,118,1433,5283.66,115,202,5,On Time
FLT-12729,2024-02-22,BlueWing,Bengaluru,Chennai,Economy,177,120,1729,3295.27,144,201,1,Delayed
FLT-11974,2024-02-23,SkyJet,Delhi,Lucknow,Business,198,113,2295,36988.38,183,225,4,On Time
FLT-12307,2024-02-23,Coastal Air,Kochi,Delhi,Economy,88,93,619,22406.59,182,228,5,Delayed
FLT-12048,2024-02-23,Falcon Airways,Mumbai,Hyderabad,Economy,68,64,323,16064.51,60,220,3,On Time
FLT-11722,2024-02-23,IndiGo Air,Lucknow,Kolkata,Economy,67,38,1793,34026.86,157,205,4,Delayed
FLT-12459,2024-02-23,Coastal Air,Goa,Kochi,Business,170,66,563,35173.05,114,217,2,Delayed
FLT-9820,2024-02-23,SkyJet,Hyderabad,Goa,Economy,190,62,2063,37601.43,73,164,4,Cancelled
FLT-9733,2024-02-23,SkyJet,Hyderabad,Goa,Economy,89,71,1257,22335.2,217,215,1,On Time
FLT-10932,2024-02-23,Falcon Airways,Goa,Kochi,Economy,97,15,2412,11989.82,66,178,2,On Time
FLT-9987,2024-02-23,BlueWing,Lucknow,Kochi,Economy,118,144,1171,17064.22,57,184,4,On Time
FLT-12688,2024-02-23,SkyJet,Jaipur,Kochi,Economy,189,120,2480,17827.9,108,180,1,Delayed
FLT-12083,2024-02-23,Air Bharat,Mumbai,Kolkata,Economy,183,37,1461,35272.73,125,161,2,On Time
FLT-10651,2024-02-23,BlueWing,Hyderabad,Mumbai,Economy,207,2,1638,28158.82,209,173,2,Delayed
FLT-12960,2024-02-23,Falcon Airways,Bengaluru,Kolkata,Economy,124,88,2246,40191.1,206,180,4,Delayed
FLT-9734,2024-02-23,Falcon Airways,Delhi,Mumbai,Premium Economy,176,26,1898,7998.27,94,174,3,On Time
FLT-11234,2024-02-24,Air Bharat,Bengaluru,Mumbai,Premium Economy,53,75,1041,15326.06,195,151,2,On Time
FLT-12917,2024-02-24,Air Bharat,Goa,Chennai,Economy,110,177,2444,19111.06,52,171,3,On Time
FLT-9872,2024-02-24,Air Bharat,Bengaluru,Goa,Premium Economy,164,174,1606,39069.91,94,231,5,On Time
FLT-10068,2024-02-24,Coastal Air,Hyderabad,Chennai,Economy,110,71,1586,29676.41,53,209,4,On Time
FLT-10594,2024-02-24,BlueWing,Delhi,Kolkata,Economy,77,99,2031,19982.4,67,167,5,On Time
FLT-11922,2024-02-24,IndiGo Air,Chennai,Delhi,Economy,218,164,828,36357.23,93,249,2,Delayed
FLT-12124,2024-02-24,IndiGo Air,Goa,Jaipur,Economy,182,142,976,37258.68,72,223,1,On Time
FLT-12287,2024-02-24,SkyJet,Lucknow,Bengaluru,Premium Economy,105,142,1777,44371.79,156,158,4,On Time
FLT-10313,2024-02-24,BlueWing,Hyderabad,Chennai,Economy,221,5,794,8555.2,119,163,2,Delayed
FLT-11876,2024-02-24,Air Bharat,Goa,Chennai,Premium Economy,136,40,2307,39421.25,191,205,4,On Time
FLT-10508,2024-02-24,BlueWing,Lucknow,Jaipur,Economy,109,152,827,37137.72,68,242,2,On Time
FLT-11858,2024-02-24,Falcon Airways,Jaipur,Chennai,Economy,47,38,676,40722.09,207,151,2,Cancelled
FLT-11522,2024-02-25,SkyJet,Kolkata,Goa,Premium Economy,206,11,1759,9311.55,88,236,4,Delayed
FLT-9878,2024-02-25,IndiGo Air,Chennai,Mumbai,Business,156,134,252,28667.54,108,158,4,Delayed
FLT-9661,2024-02-25,IndiGo Air,Mumbai,Bengaluru,Economy,187,45,1176,24654.76,62,160,3,Delayed
FLT-12192,2024-02-25,SkyJet,Chennai,Lucknow,Economy,154,107,2023,26248.43,156,230,4,On Time
FLT-9951,2024-02-25,Air Bharat,Kochi,Delhi,Economy,128,129,1260,44472.97,194,242,2,Cancelled
FLT-9379,2024-02-25,Coastal Air,Goa,Delhi,Economy,47,0,1799,39866.07,97,155,5,On Time
FLT-9411,2024-02-25,Falcon Airways,Mumbai,Bengaluru,Business,75,115,2195,34079.15,111,191,3,On Time
FLT-12342,2024-02-25,Falcon Airways,Chennai,Delhi,Economy,80,103,1611,19679.45,116,234,4,On Time
FLT-9349,2024-02-25,IndiGo Air,Mumbai,Kochi,Economy,54,143,695,38600.38,98,153,1,On Time
FLT-11432,2024-02-25,IndiGo Air,Kochi,Delhi,Economy,225,71,1748,33231.04,214,178,2,Delayed
FLT-11336,2024-02-25,SkyJet,Kochi,Goa,Economy,136,156,1413,30306.43,110,171,5,Cancelled
FLT-12928,2024-02-25,Air Bharat,Mumbai,Jaipur,Economy,75,93,348,41542.13,101,152,4,Delayed
FLT-12207,2024-02-26,SkyJet,Goa,Lucknow,Economy,203,176,957,36716.23,185,162,2,On Time
FLT-12820,2024-02-26,Air Bharat,Kolkata,Delhi,Premium Economy,233,15,1790,37115.25,206,240,4,Delayed
FLT-10362,2024-02-26,IndiGo Air,Mumbai,Chennai,Economy,216,99,1197,6734.42,59,152,5,Delayed
FLT-9621,2024-02-26,Coastal Air,Mumbai,Kolkata,Economy,132,107,817,2721.64,110,202,2,Cancelled
FLT-9101,2024-02-26,SkyJet,Lucknow,Kolkata,Premium Economy,232,62,1570,7463.34,145,163,5,Delayed
FLT-9610,2024-02-26,Falcon Airways,Kochi,Jaipur,Economy,106,40,972,40159.98,161,225,3,On Time
FLT-9187,2024-02-26,Air Bharat,Lucknow,Chennai,Economy,210,69,814,43623.51,159,171,2,On Time
FLT-11007,2024-02-26,Falcon Airways,Mumbai,Chennai,Business,228,26,967,6376.59,130,161,5,On Time
FLT-9111,2024-02-26,Air Bharat,Jaipur,Hyderabad,Business,127,163,310,3460.92,123,155,1,On Time
FLT-9112,2024-02-26,Falcon Airways,Jaipur,Mumbai,Economy,137,84,1379,18526.28,83,189,5,On Time
FLT-9359,2024-02-26,Falcon Airways,Kolkata,Mumbai,Economy,151,103,2443,12488.16,216,185,5,On Time
FLT-9066,2024-02-26,SkyJet,Delhi,Bengaluru,Economy,179,174,1158,24692.89,135,161,3,Delayed
FLT-10202,2024-02-26,BlueWing,Kolkata,Mumbai,Economy,196,152,1540,25043.9,171,249,4,Delayed
FLT-10843,2024-02-26,IndiGo Air,Lucknow,Chennai,Economy,212,45,1125,41111.7,165,163,2,On Time
FLT-11134,2024-02-26,SkyJet,Bengaluru,Kolkata,Business,99,103,2371,44487.64,99,150,1,On Time
FLT-11115,2024-02-27,IndiGo Air,Kolkata,Chennai,Economy,174,3,1317,27427.14,52,245,4,On Time
FLT-9893,2024-02-27,Air Bharat,Kochi,Hyderabad,Economy,225,54,1414,12652.29,51,172,2,On Time
FLT-9043,2024-02-27,SkyJet,Hyderabad,Chennai,Economy,51,176,520,3890.99,62,158,2,On Time
FLT-12247,2024-02-27,BlueWing,Bengaluru,Delhi,Economy,84,137,193,7393.39,134,171,2,On Time
FLT-12245,2024-02-27,Air Bharat,Lucknow,Goa,Business,68,90,1356,32155.09,218,201,1,On Time
FLT-10222,2024-02-27,IndiGo Air,Chennai,Delhi,Business,213,177,1055,39914.67,78,164,4,On Time
FLT-10148,2024-02-27,SkyJet,Jaipur,Goa,Economy,87,42,702,3798.31,53,169,5,Delayed
FLT-9678,2024-02-27,SkyJet,Lucknow,Delhi,Economy,220,136,2243,12491.76,103,244,3,Delayed
FLT-12347,2024-02-27,Coastal Air,Mumbai,Kolkata,Premium Economy,87,37,400,9883.41,195,162,3,Delayed
FLT-12837,2024-02-27,Air Bharat,Goa,Bengaluru,Premium Economy,136,151,480,39845.54,73,214,1,On Time
FLT-9201,2024-02-27,Falcon Airways,Mumbai,Kolkata,Economy,223,69,989,34821.25,78,204,2,On Time
FLT-9238,2024-02-28,SkyJet,Chennai,Kolkata,Business,137,18,837,35354.01,187,213,4,On Time
FLT-10521,2024-02-28,BlueWing,Delhi,Goa,Business,130,170,776,15506.84,192,168,4,On Time
FLT-10636,2024-02-28,Air Bharat,Delhi,Jaipur,Economy,172,43,1098,11277.6,150,155,1,Delayed
FLT-10738,2024-02-28,Air Bharat,Kolkata,Jaipur,Economy,207,47,2165,29941.63,64,152,2,On Time
FLT-10215,2024-02-28,Falcon Airways,Chennai,Goa,Economy,193,139,1230,30827.53,106,240,2,On Time
FLT-12062,2024-02-28,Falcon Airways,Goa,Kochi,Economy,102,98,658,43444.02,120,200,2,On Time
FLT-9563,2024-02-28,Falcon Airways,Jaipur,Chennai,Economy,93,76,2377,34587.38,105,180,3,On Time
FLT-11310,2024-02-28,Coastal Air,Mumbai,Chennai,Premium Economy,143,176,629,13818.08,217,213,3,On Time
FLT-9177,2024-02-28,Air Bharat,Bengaluru,Kochi,Economy,157,103,400,43189.91,123,216,3,On Time
FLT-10213,2024-02-28,BlueWing,Chennai,Goa,Economy,127,39,1433,38793.29,54,152,2,On Time
FLT-12414,2024-02-28,Coastal Air,Chennai,Kochi,Economy,106,85,1320,10004.7,177,227,1,Delayed
FLT-10227,2024-02-28,Air Bharat,Lucknow,Bengaluru,Economy,202,73,635,8837.9,70,200,3,On Time
FLT-10718,2024-02-29,Falcon Airways,Kolkata,Hyderabad,Economy,78,106,350,30549.19,69,245,5,Delayed
FLT-12575,2024-02-29,Coastal Air,Lucknow,Kochi,Business,62,165,2067,36260.35,156,221,1,Cancelled
FLT-11959,2024-02-29,Air Bharat,Bengaluru,Kolkata,Economy,194,104,2037,24682.57,114,164,1,On Time
FLT-11963,2024-02-29,IndiGo Air,Hyderabad,Jaipur,Economy,117,39,306,32649.06,101,154,2,Delayed
FLT-12976,2024-02-29,SkyJet,Lucknow,Goa,Economy,199,104,2363,15113.48,98,156,2,Cancelled
FLT-11540,2024-02-29,IndiGo Air,Chennai,Delhi,Economy,203,117,345,19407.54,76,214,5,On Time
FLT-10377,2024-02-29,SkyJet,Bengaluru,Jaipur,Economy,159,159,1255,41898.61,71,231,4,On Time
FLT-9047,2024-02-29,BlueWing,Kolkata,Mumbai,Economy,102,142,1895,30477.18,162,239,3,On Time
FLT-10695,2024-02-29,Coastal Air,Mumbai,Lucknow,Economy,203,132,1448,2823.88,86,160,4,On Time
FLT-12947,2024-02-29,Falcon Airways,Kochi,Chennai,Premium Economy,190,135,2400,22788.6,52,176,1,On Time
FLT-9701,2024-03-01,IndiGo Air,Delhi,Chennai,Premium Economy,127,147,1934,17821.6,209,189,1,Delayed
FLT-10985,2024-03-01,BlueWing,Jaipur,Mumbai,Economy,182,32,2017,7362.02,151,181,2,On Time
FLT-11720,2024-03-01,Coastal Air,Mumbai,Hyderabad,Premium Economy,194,53,941,40811.47,195,233,1,Delayed
FLT-9527,2024-03-01,SkyJet,Lucknow,Delhi,Economy,180,90,1258,24648.99,189,200,2,Cancelled
FLT-10120,2024-03-01,Air Bharat,Kolkata,Delhi,Economy,226,76,2071,24807.06,112,210,5,Delayed
FLT-10878,2024-03-01,SkyJet,Goa,Kolkata,Economy,83,99,1388,28712.63,130,248,1,On Time
FLT-11008,2024-03-01,Air Bharat,Delhi,Kochi,Economy,193,162,1994,23429.51,77,179,5,On Time
FLT-10082,2024-03-01,Coastal Air,Jaipur,Lucknow,Economy,69,0,2272,20516.97,190,244,4,Cancelled
FLT-9333,2024-03-01,Falcon Airways,Hyderabad,Chennai,Business,105,51,812,36625.08,146,170,1,On Time
FLT-10364,2024-03-01,IndiGo Air,Goa,Kolkata,Premium Economy,120,13,1556,27906.01,64,168,2,On Time
FLT-12817,2024-03-01,SkyJet,Goa,Kochi,Economy,99,115,711,22434.84,127,171,5,Delayed
FLT-10865,2024-03-01,Air Bharat,Lucknow,Mumbai,Business,67,117,848,38894.45,74,237,2,Delayed
FLT-11036,2024-03-01,IndiGo Air,Delhi,Goa,Premium Economy,232,31,905,37777.47,215,222,4,On Time
FLT-12766,2024-03-02,SkyJet,Kolkata,Hyderabad,Premium Economy,90,177,2192,37314.13,153,239,2,On Time
FLT-12166,2024-03-02,BlueWing,Kolkata,Bengaluru,Economy,154,25,2279,2590.82,197,233,2,Delayed
FLT-11392,2024-03-02,BlueWing,Goa,Chennai,Economy,216,83,1809,4783.0,201,203,3,On Time
FLT-10753,2024-03-02,Falcon Airways,Delhi,Mumbai,Economy,104,166,1279,42074.42,131,150,2,Delayed
FLT-12806,2024-03-02,IndiGo Air,Hyderabad,Lucknow,Premium Economy,183,13,1213,36623.95,124,177,3,On Time
FLT-10564,2024-03-02,Coastal Air,Jaipur,Chennai,Business,217,149,1170,13971.72,114,216,4,On Time
FLT-12054,2024-03-02,IndiGo Air,Kochi,Goa,Economy,189,88,1780,41628.33,184,230,1,On Time
FLT-12500,2024-03-02,IndiGo Air,Kochi,Chennai,Premium Economy,48,120,2215,10820.73,50,227,5,On Time
FLT-10410,2024-03-02,BlueWing,Mumbai,Kochi,Economy,52,147,2244,42200.05,112,209,5,On Time
FLT-9000,2024-03-02,BlueWing,Jaipur,Bengaluru,Economy,221,104,1565,28785.33,96,174,2,Delayed
FLT-9452,2024-03-02,Falcon Airways,Bengaluru,Jaipur,Premium Economy,121,108,1025,12035.58,73,199,5,On Time
FLT-9513,2024-03-02,Air Bharat,Hyderabad,Lucknow,Economy,52,91,2096,21089.06,69,198,3,On Time
FLT-9541,2024-03-02,Air Bharat,Kochi,Goa,Business,94,169,196,37500.51,76,235,5,Delayed
FLT-9091,2024-03-02,Air Bharat,Kochi,Delhi,Economy,136,119,1365,36712.95,145,184,1,Cancelled
FLT-10627,2024-03-03,IndiGo Air,Bengaluru,Hyderabad,Premium Economy,180,94,1029,36911.0,173,248,2,Delayed
FLT-12373,2024-03-03,Coastal Air,Goa,Lucknow,Business,92,48,1712,5464.65,92,221,4,On Time
FLT-11593,2024-03-03,BlueWing,Jaipur,Chennai,Economy,106,91,876,17663.19,63,233,1,On Time
FLT-10760,2024-03-03,SkyJet,Kochi,Lucknow,Economy,126,24,794,28156.66,129,180,3,Delayed
FLT-11892,2024-03-03,Coastal Air,Bengaluru,Delhi,Business,195,0,2183,33666.4,140,209,1,On Time
FLT-11566,2024-03-03,Coastal Air,Lucknow,Mumbai,Premium Economy,84,150,782,19004.4,51,231,1,On Time
FLT-11455,2024-03-03,Air Bharat,Bengaluru,Chennai,Economy,135,178,1219,8523.97,53,176,2,On Time
FLT-12774,2024-03-03,BlueWing,Chennai,Mumbai,Premium Economy,58,55,910,11961.27,70,202,5,On Time
FLT-9021,2024-03-03,Coastal Air,Kolkata,Chennai,Economy,100,65,256,38334.29,205,215,4,On Time
FLT-12355,2024-03-03,Air Bharat,Goa,Hyderabad,Economy,123,142,1696,34338.48,119,194,4,On Time
FLT-9570,2024-03-04,IndiGo Air,Bengaluru,Chennai,Premium Economy,134,17,1686,9450.31,218,230,1,Delayed
FLT-9002,2024-03-04,IndiGo Air,Jaipur,Mumbai,Economy,225,8,982,13317.97,164,249,5,On Time
FLT-12846,2024-03-04,IndiGo Air,Delhi,Lucknow,Economy,189,166,2133,4917.74,126,176,4,On Time
FLT-11014,2024-03-04,Coastal Air,Jaipur,Hyderabad,Premium Economy,78,168,1512,8220.35,104,160,1,On Time
FLT-9356,2024-03-04,Air Bharat,Kolkata,Kochi,Economy,138,2,978,37119.03,214,224,2,On Time
FLT-11658,2024-03-04,Falcon Airways,Kochi,Bengaluru,Business,81,105,1985,34712.13,139,205,3,On Time
FLT-12580,2024-03-04,Falcon Airways,Lucknow,Chennai,Economy,95,22,1479,30055.92,121,191,3,Delayed
FLT-11554,2024-03-04,Coastal Air,Goa,Jaipur,Economy,75,59,179,20534.72,109,248,4,Delayed
FLT-12266,2024-03-05,SkyJet,Kochi,Delhi,Business,134,11,2493,44786.72,101,241,1,On Time
FLT-9549,2024-03-05,SkyJet,Kolkata,Chennai,Economy,155,121,970,23716.47,56,155,2,Delayed
FLT-12238,2024-03-05,Coastal Air,Delhi,Jaipur,Economy,87,86,2205,32396.95,57,238,5,Cancelled
FLT-12362,2024-03-05,SkyJet,Delhi,Chennai,Premium Economy,200,126,700,44888.89,65,218,3,Delayed
FLT-10003,2024-03-05,Falcon Airways,Delhi,Bengaluru,Business,216,153,1673,3290.41,113,239,5,On Time
FLT-10062,2024-03-05,BlueWing,Chennai,Delhi,Economy,64,173,1998,14163.55,80,227,2,On Time
FLT-9825,2024-03-05,Coastal Air,Bengaluru,Delhi,Business,62,94,2093,5625.78,61,190,2,On Time
FLT-11744,2024-03-05,Falcon Airways,Goa,Kochi,Economy,137,154,1353,28574.99,211,221,3,Delayed
FLT-12398,2024-03-05,SkyJet,Lucknow,Jaipur,Economy,78,101,1131,34943.5,50,245,2,On Time
FLT-11200,2024-03-05,Falcon Airways,Goa,Kochi,Economy,177,179,2344,21644.4,80,229,5,On Time
FLT-12177,2024-03-05,IndiGo Air,Mumbai,Chennai,Premium Economy,192,159,966,8830.42,215,194,1,On Time
FLT-10890,2024-03-05,Air Bharat,Kolkata,Delhi,Economy,103,39,472,30592.21,119,214,5,Delayed
FLT-9824,2024-03-06,SkyJet,Goa,Kochi,Business,236,92,1586,39424.56,102,207,2,On Time
FLT-12951,2024-03-06,Falcon Airways,Mumbai,Lucknow,Economy,51,143,2154,39263.01,100,202,4,On Time
FLT-11975,2024-03-06,BlueWing,Delhi,Goa,Economy,124,47,1209,32219.78,102,180,1,Delayed
FLT-12918,2024-03-06,IndiGo Air,Kolkata,Jaipur,Economy,223,74,1422,4847.69,156,225,4,On Time
FLT-10658,2024-03-06,Air Bharat,Hyderabad,Jaipur,Economy,154,3,949,12720.93,133,201,4,Delayed
FLT-11572,2024-03-06,Air Bharat,Lucknow,Chennai,Economy,57,53,2490,24065.06,180,161,3,On Time
FLT-12433,2024-03-06,SkyJet,Lucknow,Goa,Economy,58,131,1724,44061.05,165,178,5,On Time
FLT-9520,2024-03-06,Air Bharat,Hyderabad,Mumbai,Economy,76,130,1959,37073.51,213,150,1,On Time
FLT-10487,2024-03-06,Falcon Airways,Kochi,Mumbai,Economy,177,29,1936,21646.49,52,241,3,On Time
FLT-10158,2024-03-06,BlueWing,Kochi,Jaipur,Economy,91,166,1462,11623.94,94,202,2,On Time
FLT-9281,2024-03-06,Coastal Air,Delhi,Bengaluru,Economy,178,149,883,3260.38,206,236,2,On Time
FLT-11097,2024-03-06,Falcon Airways,Chennai,Hyderabad,Economy,112,65,1359,4530.63,78,215,1,On Time
FLT-10795,2024-03-06,BlueWing,Kolkata,Bengaluru,Economy,232,27,1105,5153.6,186,217,1,On Time
FLT-11643,2024-03-06,IndiGo Air,Kochi,Kolkata,Business,180,44,932,30278.57,114,201,5,On Time
FLT-12961,2024-03-06,IndiGo Air,Kolkata,Delhi,Economy,70,142,766,19663.57,205,236,2,On Time
FLT-11319,2024-03-07,BlueWing,Mumbai,Kolkata,Economy,64,113,182,25109.36,186,195,2,Cancelled
FLT-11216,2024-03-07,Air Bharat,Jaipur,Goa,Premium Economy,153,105,2032,23626.91,81,202,5,On Time
FLT-9879,2024-03-07,Falcon Airways,Lucknow,Mumbai,Economy,87,163,712,20999.99,213,170,1,On Time
FLT-12785,2024-03-07,Air Bharat,Bengaluru,Goa,Economy,165,22,2182,8430.02,182,168,4,On Time
FLT-9817,2024-03-07,Coastal Air,Goa,Jaipur,Economy,79,149,1740,30210.69,127,226,4,On Time
FLT-9272,2024-03-07,IndiGo Air,Lucknow,Bengaluru,Economy,118,30,642,28566.57,125,227,1,Delayed
FLT-9714,2024-03-07,Air Bharat,Kochi,Bengaluru,Economy,212,48,2398,2901.32,217,243,5,On Time
FLT-11167,2024-03-07,IndiGo Air,Kolkata,Goa,Economy,213,25,2179,16217.68,108,173,1,On Time
FLT-10617,2024-03-07,Air Bharat,Bengaluru,Chennai,Economy,208,75,424,12917.71,185,183,4,On Time
FLT-12506,2024-03-07,IndiGo Air,Goa,Chennai,Economy,133,40,579,25835.05,157,237,1,On Time
FLT-11599,2024-03-07,Air Bharat,Bengaluru,Jaipur,Economy,169,155,806,24847.26,208,190,2,On Time
FLT-11114,2024-03-07,BlueWing,Jaipur,Delhi,Economy,186,163,227,21145.9,137,239,2,On Time
FLT-11886,2024-03-07,SkyJet,Lucknow,Chennai,Premium Economy,202,151,350,17843.48,139,167,3,On Time
FLT-9860,2024-03-08,Coastal Air,Kolkata,Bengaluru,Economy,188,138,856,7067.45,61,156,2,On Time
FLT-11825,2024-03-08,IndiGo Air,Bengaluru,Delhi,Economy,202,58,1221,40094.37,92,195,2,On Time
FLT-12410,2024-03-08,Coastal Air,Kolkata,Lucknow,Premium Economy,76,17,1993,2303.8,100,219,4,On Time
FLT-9874,2024-03-08,Falcon Airways,Delhi,Mumbai,Economy,219,95,836,43902.89,179,204,4,On Time
FLT-11993,2024-03-08,SkyJet,Chennai,Lucknow,Economy,55,158,1134,44990.87,199,166,2,On Time
FLT-12851,2024-03-08,SkyJet,Bengaluru,Kolkata,Business,227,9,558,5766.41,129,204,1,On Time
FLT-12314,2024-03-08,BlueWing,Goa,Lucknow,Premium Economy,99,4,1108,8877.11,133,192,1,On Time
FLT-11480,2024-03-09,Falcon Airways,Jaipur,Mumbai,Premium Economy,67,91,1145,24096.48,53,221,2,On Time
FLT-11479,2024-03-09,IndiGo Air,Kolkata,Chennai,Economy,56,126,2326,34185.91,60,213,2,On Time
FLT-12812,2024-03-09,Coastal Air,Kochi,Hyderabad,Economy,150,153,666,29997.39,151,160,3,On Time
FLT-11727,2024-03-09,Air Bharat,Mumbai,Lucknow,Economy,152,98,1337,40787.8,71,190,2,Delayed
FLT-11984,2024-03-09,Falcon Airways,Hyderabad,Goa,Business,142,0,1562,21029.92,163,183,3,Delayed
FLT-9190,2024-03-09,IndiGo Air,Jaipur,Mumbai,Economy,73,15,2251,29673.26,140,176,3,On Time
FLT-10441,2024-03-09,Falcon Airways,Delhi,Lucknow,Economy,163,145,1224,18685.23,155,249,4,On Time
FLT-10166,2024-03-09,Coastal Air,Chennai,Hyderabad,Premium Economy,136,133,1661,29300.42,53,249,1,On Time
FLT-10305,2024-03-09,SkyJet,Hyderabad,Lucknow,Economy,179,159,656,22658.92,54,213,4,On Time
FLT-9867,2024-03-09,BlueWing,Bengaluru,Hyderabad,Business,82,115,1660,35745.48,96,228,5,On Time
FLT-11838,2024-03-09,SkyJet,Jaipur,Chennai,Economy,135,171,773,24503.39,199,197,3,On Time
FLT-9826,2024-03-09,Falcon Airways,Lucknow,Mumbai,Economy,169,3,2019,26544.46,73,235,3,Delayed
FLT-12923,2024-03-09,Air Bharat,Delhi,Kolkata,Economy,162,117,803,10860.46,180,151,3,On Time
FLT-12822,2024-03-10,BlueWing,Kolkata,Chennai,Economy,69,72,1705,34215.31,140,231,5,On Time
FLT-11377,2024-03-10,Coastal Air,Delhi,Jaipur,Business,223,146,2373,22639.39,141,199,5,On Time
FLT-11288,2024-03-10,IndiGo Air,Chennai,Jaipur,Premium Economy,143,86,2104,28272.23,108,232,5,On Time
FLT-9340,2024-03-10,BlueWing,Kochi,Jaipur,Economy,180,167,1497,29548.64,173,209,2,On Time
FLT-10657,2024-03-10,BlueWing,Chennai,Jaipur,Economy,120,112,1391,10651.26,148,195,5,On Time
FLT-10467,2024-03-10,Air Bharat,Mumbai,Kochi,Premium Economy,173,56,525,22668.23,199,209,4,Delayed
FLT-11174,2024-03-10,Coastal Air,Goa,Kolkata,Economy,191,21,505,13654.18,69,208,5,On Time
FLT-11066,2024-03-10,BlueWing,Bengaluru,Kolkata,Economy,159,153,1020,44784.97,208,210,4,On Time
FLT-12720,2024-03-10,Coastal Air,Mumbai,Lucknow,Economy,97,179,2285,9937.27,152,161,5,On Time
FLT-11887,2024-03-10,BlueWing,Chennai,Goa,Premium Economy,136,83,2050,2383.64,75,174,2,On Time
FLT-11626,2024-03-10,Coastal Air,Bengaluru,Jaipur,Economy,153,35,1324,35008.97,95,247,4,On Time
FLT-12074,2024-03-11,Air Bharat,Hyderabad,Chennai,Economy,219,128,1743,29218.51,69,184,4,Delayed
FLT-10796,2024-03-11,BlueWing,Bengaluru,Kochi,Economy,94,107,1899,31353.93,170,173,5,On Time
FLT-9626,2024-03-11,Air Bharat,Kolkata,Jaipur,Premium Economy,152,119,1850,44135.44,86,156,2,On Time
FLT-11754,2024-03-11,IndiGo Air,Lucknow,Jaipur,Premium Economy,213,18,1294,31399.87,139,151,5,On Time
FLT-9540,2024-03-11,Coastal Air,Delhi,Chennai,Economy,163,168,2156,14438.6,85,225,1,On Time
FLT-10100,2024-03-11,Air Bharat,Jaipur,Kochi,Premium Economy,50,117,1137,44171.66,193,228,5,On Time
FLT-12400,2024-03-11,Air Bharat,Chennai,Jaipur,Economy,100,50,1080,9955.5,133,161,4,Delayed
FLT-12350,2024-03-11,IndiGo Air,Chennai,Kochi,Economy,175,119,835,5817.43,68,207,5,On Time
FLT-11434,2024-03-11,SkyJet,Lucknow,Goa,Premium Economy,194,41,268,22522.94,131,237,1,Delayed
FLT-12018,2024-03-11,Coastal Air,Kolkata,Bengaluru,Economy,198,51,1843,44654.74,114,221,2,On Time
FLT-9462,2024-03-11,BlueWing,Hyderabad,Goa,Economy,177,148,1313,28793.3,144,211,3,On Time
FLT-11449,2024-03-11,IndiGo Air,Jaipur,Delhi,Economy,108,142,2317,3891.23,161,193,5,On Time
FLT-12243,2024-03-11,Air Bharat,Jaipur,Bengaluru,Premium Economy,158,177,1762,34367.86,201,165,4,Delayed
FLT-11511,2024-03-11,Falcon Airways,Kochi,Delhi,Economy,223,110,2180,18402.64,101,243,3,On Time
FLT-11461,2024-03-11,Air Bharat,Goa,Kochi,Economy,130,160,573,10479.94,51,190,2,On Time
FLT-9430,2024-03-12,IndiGo Air,Delhi,Lucknow,Premium Economy,193,67,1378,20309.25,211,224,3,On Time
FLT-11149,2024-03-12,Falcon Airways,Bengaluru,Kolkata,Economy,229,169,576,33060.52,143,223,1,On Time
FLT-11905,2024-03-12,Falcon Airways,Bengaluru,Delhi,Economy,58,82,2386,38306.95,112,227,3,Cancelled
FLT-12903,2024-03-12,IndiGo Air,Kolkata,Goa,Economy,150,110,1583,26425.53,140,185,3,On Time
FLT-9253,2024-03-12,Falcon Airways,Lucknow,Kochi,Economy,190,131,1406,12836.72,181,248,1,Delayed
FLT-12816,2024-03-13,BlueWing,Mumbai,Chennai,Economy,88,36,874,13778.91,200,245,5,Delayed
FLT-11987,2024-03-13,Falcon Airways,Delhi,Hyderabad,Economy,194,24,181,33995.19,91,168,1,Delayed
FLT-12692,2024-03-13,IndiGo Air,Hyderabad,Delhi,Economy,203,102,1811,27420.27,121,181,3,Delayed
FLT-9552,2024-03-13,BlueWing,Kochi,Goa,Economy,148,58,507,21524.84,86,150,2,On Time
FLT-12852,2024-03-13,SkyJet,Jaipur,Chennai,Economy,190,10,647,9848.09,188,246,5,On Time
FLT-11312,2024-03-13,BlueWing,Chennai,Jaipur,Economy,76,112,739,40154.79,78,221,4,On Time
FLT-10461,2024-03-13,SkyJet,Jaipur,Lucknow,Premium Economy,147,59,492,17557.04,182,158,5,On Time
FLT-11496,2024-03-13,Coastal Air,Delhi,Goa,Economy,126,166,469,12778.73,50,224,5,On Time
FLT-11390,2024-03-13,SkyJet,Hyderabad,Delhi,Economy,143,72,908,11694.2,191,185,3,On Time
FLT-9740,2024-03-13,BlueWing,Lucknow,Bengaluru,Business,140,27,2120,5662.78,93,244,2,On Time
FLT-10873,2024-03-13,Falcon Airways,Delhi,Jaipur,Premium Economy,139,3,1002,36263.58,61,195,5,On Time
FLT-11689,2024-03-14,IndiGo Air,Jaipur,Hyderabad,Business,123,49,159,15832.71,121,215,2,On Time
FLT-9861,2024-03-14,Falcon Airways,Lucknow,Goa,Economy,117,83,444,25029.42,213,203,1,On Time
FLT-12436,2024-03-14,Air Bharat,Hyderabad,Kochi,Premium Economy,89,2,2496,5472.94,212,206,3,On Time
FLT-12328,2024-03-14,Falcon Airways,Kolkata,Bengaluru,Economy,165,53,2105,21672.39,180,164,2,On Time
FLT-10980,2024-03-14,IndiGo Air,Kochi,Goa,Economy,104,14,2173,17255.17,135,195,4,On Time
FLT-12739,2024-03-14,Coastal Air,Kochi,Goa,Economy,225,69,1775,5507.69,88,216,1,On Time
FLT-10254,2024-03-14,IndiGo Air,Delhi,Hyderabad,Premium Economy,85,50,2025,24997.98,92,180,5,Delayed
FLT-11625,2024-03-14,Air Bharat,Delhi,Mumbai,Economy,73,76,1803,25207.44,206,163,1,Delayed
FLT-12156,2024-03-14,BlueWing,Chennai,Bengaluru,Premium Economy,167,160,819,28917.64,82,193,4,On Time
FLT-9032,2024-03-14,Falcon Airways,Mumbai,Kolkata,Economy,188,101,341,30613.55,65,241,5,On Time
FLT-9109,2024-03-14,Falcon Airways,Delhi,Jaipur,Economy,59,139,2325,5893.6,192,166,4,On Time
FLT-9488,2024-03-14,Air Bharat,Hyderabad,Mumbai,Economy,201,100,1256,35520.19,210,188,3,Delayed
FLT-10737,2024-03-14,Air Bharat,Hyderabad,Delhi,Economy,190,168,1952,30462.2,55,188,2,On Time
FLT-9181,2024-03-14,SkyJet,Hyderabad,Kolkata,Economy,64,153,1612,26592.57,119,157,3,On Time
FLT-9972,2024-03-14,Coastal Air,Lucknow,Mumbai,Premium Economy,90,163,2364,24512.26,136,202,2,On Time
FLT-12261,2024-03-14,IndiGo Air,Bengaluru,Kolkata,Economy,230,174,1342,3586.81,216,162,2,Delayed
FLT-9658,2024-03-14,SkyJet,Hyderabad,Bengaluru,Economy,175,111,986,40580.78,207,166,3,On Time
FLT-11110,2024-03-14,SkyJet,Jaipur,Lucknow,Economy,164,23,2379,10117.4,168,219,5,Delayed
FLT-10494,2024-03-14,BlueWing,Kochi,Kolkata,Business,143,127,793,13539.96,117,199,4,On Time
FLT-9397,2024-03-15,SkyJet,Kochi,Kolkata,Economy,153,145,471,12424.51,83,218,4,On Time
FLT-9072,2024-03-15,SkyJet,Mumbai,Delhi,Business,172,119,2112,19060.45,189,223,5,On Time
FLT-9358,2024-03-15,Coastal Air,Kochi,Chennai,Economy,130,124,1203,8067.62,58,230,3,On Time
FLT-9443,2024-03-15,SkyJet,Chennai,Hyderabad,Economy,118,103,1520,32852.75,65,194,5,On Time
FLT-10729,2024-03-15,Air Bharat,Hyderabad,Delhi,Premium Economy,48,88,798,35258.96,89,224,3,On Time
FLT-11084,2024-03-15,IndiGo Air,Chennai,Kochi,Business,176,56,853,2626.18,160,206,3,On Time
FLT-9329,2024-03-15,Coastal Air,Mumbai,Goa,Economy,107,87,2313,33710.53,101,208,3,On Time
FLT-11349,2024-03-15,IndiGo Air,Hyderabad,Jaipur,Premium Economy,143,54,407,14440.74,111,220,4,On Time
FLT-9806,2024-03-15,Air Bharat,Kochi,Goa,Economy,157,16,876,6038.23,94,197,3,Delayed
FLT-11337,2024-03-15,SkyJet,Delhi,Jaipur,Economy,197,141,669,12946.5,54,167,2,On Time
FLT-10939,2024-03-15,BlueWing,Bengaluru,Kochi,Economy,115,84,1521,22645.1,84,160,3,On Time
FLT-11696,2024-03-15,Air Bharat,Goa,Mumbai,Economy,68,149,1922,31417.18,219,242,4,On Time
FLT-11759,2024-03-15,BlueWing,Kochi,Chennai,Economy,236,106,967,16426.48,81,218,4,On Time
FLT-10240,2024-03-16,SkyJet,Lucknow,Bengaluru,Economy,179,75,1507,7710.16,193,196,4,On Time
FLT-10586,2024-03-16,SkyJet,Bengaluru,Delhi,Economy,78,67,1788,23044.3,96,185,3,On Time
FLT-11178,2024-03-16,SkyJet,Hyderabad,Chennai,Economy,163,105,2449,30025.84,174,183,4,On Time
FLT-10902,2024-03-16,Air Bharat,Kochi,Hyderabad,Economy,170,133,2236,28655.23,56,228,2,Delayed
FLT-11452,2024-03-16,Falcon Airways,Goa,Mumbai,Economy,56,33,1303,41993.38,130,193,5,On Time
FLT-12255,2024-03-16,Air Bharat,Chennai,Jaipur,Economy,52,130,2164,21120.32,183,228,2,On Time
FLT-9561,2024-03-16,Air Bharat,Kochi,Lucknow,Economy,224,65,2112,42103.03,78,218,1,Delayed
FLT-12897,2024-03-16,Falcon Airways,Mumbai,Goa,Economy,99,110,2005,42224.3,76,209,3,On Time
FLT-12681,2024-03-16,Air Bharat,Goa,Delhi,Premium Economy,179,32,1788,19934.25,217,214,4,On Time
FLT-12711,2024-03-17,Falcon Airways,Goa,Mumbai,Economy,115,128,1456,44137.3,151,237,3,Delayed
FLT-10976,2024-03-17,Falcon Airways,Kolkata,Lucknow,Business,110,38,256,11680.01,203,234,1,On Time
FLT-10090,2024-03-17,SkyJet,Chennai,Kolkata,Economy,82,109,1057,9949.62,61,229,1,On Time
FLT-10872,2024-03-17,IndiGo Air,Delhi,Mumbai,Business,70,146,1424,25795.13,195,219,2,Cancelled
FLT-11265,2024-03-17,BlueWing,Bengaluru,Kolkata,Economy,104,13,1111,27552.66,213,214,2,On Time
FLT-10416,2024-03-17,IndiGo Air,Chennai,Jaipur,Economy,193,80,556,9173.15,84,233,2,Delayed
FLT-10547,2024-03-17,IndiGo Air,Goa,Lucknow,Business,236,23,1574,11060.06,141,190,1,On Time
FLT-12597,2024-03-17,IndiGo Air,Jaipur,Kolkata,Economy,187,31,639,18271.35,198,244,2,On Time
FLT-9696,2024-03-17,SkyJet,Bengaluru,Jaipur,Premium Economy,190,91,1774,9797.37,205,230,4,Delayed
FLT-10513,2024-03-17,BlueWing,Lucknow,Mumbai,Premium Economy,151,119,1274,19423.3,61,245,1,On Time
FLT-12264,2024-03-17,Coastal Air,Jaipur,Delhi,Economy,95,124,2145,36965.54,71,182,1,On Time
FLT-9519,2024-03-17,IndiGo Air,Jaipur,Kolkata,Business,154,25,1386,14150.99,209,164,4,On Time
FLT-9045,2024-03-17,Air Bharat,Kolkata,Jaipur,Economy,227,150,2132,15820.68,123,194,1,Delayed
FLT-10088,2024-03-18,IndiGo Air,Jaipur,Lucknow,Economy,124,41,1193,3512.52,100,249,1,On Time
FLT-10789,2024-03-18,Coastal Air,Chennai,Jaipur,Premium Economy,90,37,1667,28016.93,190,199,2,On Time
FLT-12737,2024-03-18,Falcon Airways,Kolkata,Chennai,Premium Economy,166,88,730,18788.66,76,219,4,On Time
FLT-12912,2024-03-18,Falcon Airways,Jaipur,Bengaluru,Premium Economy,66,35,857,10417.81,139,155,3,On Time
FLT-11002,2024-03-18,BlueWing,Lucknow,Chennai,Business,103,153,1418,42950.49,206,190,1,On Time
FLT-11154,2024-03-18,Falcon Airways,Mumbai,Delhi,Premium Economy,122,136,279,8248.58,141,215,3,Delayed
FLT-10473,2024-03-18,Falcon Airways,Jaipur,Lucknow,Premium Economy,207,35,224,32840.01,197,241,1,On Time
FLT-11833,2024-03-18,BlueWing,Kochi,Jaipur,Economy,188,1,341,31027.46,190,195,2,Delayed
FLT-10630,2024-03-18,BlueWing,Mumbai,Hyderabad,Economy,239,12,1107,17132.5,54,217,1,On Time
FLT-10353,2024-03-18,Air Bharat,Jaipur,Goa,Economy,209,22,658,22000.15,89,214,3,Delayed
FLT-12492,2024-03-18,SkyJet,Goa,Chennai,Business,67,76,1243,41599.28,186,227,3,On Time
FLT-12925,2024-03-18,SkyJet,Kochi,Hyderabad,Economy,164,140,517,20282.37,165,234,4,On Time
FLT-10022,2024-03-19,Coastal Air,Chennai,Jaipur,Economy,169,99,691,27114.75,116,236,4,On Time
FLT-9228,2024-03-19,BlueWing,Kochi,Delhi,Economy,190,70,1250,30707.69,191,229,5,On Time
FLT-10897,2024-03-19,Falcon Airways,Goa,Chennai,Economy,219,172,602,34672.21,88,177,5,On Time
FLT-10591,2024-03-19,Air Bharat,Lucknow,Goa,Premium Economy,125,153,2440,18701.05,85,224,5,Delayed
FLT-11056,2024-03-19,Coastal Air,Delhi,Bengaluru,Premium Economy,142,42,2370,34103.16,62,201,2,On Time
FLT-11877,2024-03-19,Falcon Airways,Delhi,Hyderabad,Economy,114,120,1480,30932.42,205,151,1,Delayed
FLT-10265,2024-03-19,SkyJet,Jaipur,Chennai,Economy,223,65,1937,9855.41,75,188,5,Delayed
FLT-12031,2024-03-19,IndiGo Air,Chennai,Goa,Premium Economy,111,166,818,9755.22,134,176,1,On Time
FLT-11180,2024-03-20,IndiGo Air,Jaipur,Chennai,Economy,77,153,1771,33757.61,118,240,3,On Time
FLT-9055,2024-03-20,Falcon Airways,Chennai,Goa,Economy,238,66,1536,18979.03,173,210,1,On Time
FLT-10458,2024-03-20,Coastal Air,Hyderabad,Kolkata,Economy,64,89,1468,20276.51,96,194,3,On Time
FLT-10389,2024-03-20,IndiGo Air,Goa,Mumbai,Economy,107,110,1221,17111.79,159,204,3,On Time
FLT-11655,2024-03-20,Air Bharat,Kolkata,Bengaluru,Economy,150,113,564,35961.61,135,152,2,On Time
FLT-10855,2024-03-20,IndiGo Air,Hyderabad,Mumbai,Economy,65,58,1968,15262.3,51,194,5,On Time
FLT-10903,2024-03-20,IndiGo Air,Jaipur,Chennai,Premium Economy,203,139,1616,13855.59,80,217,4,On Time
FLT-9712,2024-03-20,BlueWing,Kolkata,Mumbai,Economy,92,156,1866,5183.34,209,200,3,On Time
FLT-10580,2024-03-20,IndiGo Air,Lucknow,Chennai,Economy,174,168,1871,40001.01,107,217,2,On Time
FLT-10793,2024-03-20,SkyJet,Delhi,Lucknow,Premium Economy,157,151,180,11651.53,156,200,4,Delayed
FLT-12491,2024-03-20,Falcon Airways,Hyderabad,Mumbai,Economy,119,12,2416,2016.01,70,169,2,Delayed
FLT-10394,2024-03-20,Coastal Air,Mumbai,Delhi,Economy,116,90,1733,42631.44,92,200,5,Delayed
FLT-11897,2024-03-20,Coastal Air,Jaipur,Goa,Premium Economy,62,14,1211,29211.68,132,152,4,On Time
FLT-11670,2024-03-20,Falcon Airways,Hyderabad,Kolkata,Economy,47,145,300,14239.86,52,233,4,On Time
FLT-9683,2024-03-21,Air Bharat,Jaipur,Delhi,Economy,100,113,1223,12116.17,63,157,5,On Time
FLT-10563,2024-03-21,Coastal Air,Bengaluru,Kochi,Premium Economy,185,12,237,9975.12,62,210,4,On Time
FLT-12964,2024-03-21,BlueWing,Hyderabad,Lucknow,Economy,118,139,1555,12930.63,196,244,2,Delayed
FLT-10612,2024-03-21,SkyJet,Goa,Lucknow,Economy,196,176,1201,16125.25,78,226,4,On Time
FLT-9532,2024-03-21,Coastal Air,Kochi,Kolkata,Economy,109,100,1620,19031.2,190,189,5,On Time
FLT-9591,2024-03-21,IndiGo Air,Hyderabad,Jaipur,Economy,59,73,1768,4079.43,68,197,2,On Time
FLT-10427,2024-03-21,IndiGo Air,Kochi,Kolkata,Premium Economy,87,163,828,23443.24,209,210,5,Delayed
FLT-10490,2024-03-21,SkyJet,Bengaluru,Kolkata,Economy,128,76,1289,5530.41,74,246,5,On Time
FLT-12690,2024-03-21,Coastal Air,Delhi,Kolkata,Premium Economy,64,155,2402,8287.97,189,181,3,On Time
FLT-12651,2024-03-21,IndiGo Air,Goa,Kochi,Economy,138,169,2219,32573.56,144,237,1,On Time
FLT-11302,2024-03-21,Coastal Air,Goa,Lucknow,Economy,216,76,313,20512.32,174,185,4,Cancelled
FLT-10033,2024-03-21,BlueWing,Goa,Bengaluru,Business,168,62,456,7609.39,63,206,3,On Time
FLT-12223,2024-03-21,SkyJet,Delhi,Bengaluru,Economy,66,56,2263,21763.47,213,179,2,Cancelled
FLT-12873,2024-03-22,Air Bharat,Bengaluru,Hyderabad,Premium Economy,203,55,696,38300.23,99,197,2,On Time
FLT-10571,2024-03-22,Coastal Air,Kochi,Kolkata,Premium Economy,77,109,2471,34577.42,203,225,1,On Time
FLT-9919,2024-03-22,Air Bharat,Kolkata,Jaipur,Economy,104,62,589,26593.6,140,192,5,On Time
FLT-10566,2024-03-22,Air Bharat,Kolkata,Lucknow,Economy,210,7,526,4666.95,180,154,4,Delayed
FLT-12182,2024-03-22,Coastal Air,Kolkata,Hyderabad,Economy,167,99,1034,9731.06,152,199,3,On Time
FLT-12176,2024-03-22,BlueWing,Goa,Chennai,Economy,198,125,1018,32047.17,118,154,5,Delayed
FLT-12197,2024-03-22,Falcon Airways,Lucknow,Hyderabad,Economy,103,122,2277,9955.83,77,216,1,Delayed
FLT-9666,2024-03-22,BlueWing,Goa,Kolkata,Economy,66,1,2123,26076.58,186,245,1,On Time
FLT-11425,2024-03-22,Falcon Airways,Hyderabad,Lucknow,Economy,125,12,1055,28087.85,77,243,5,Delayed
FLT-9980,2024-03-22,Falcon Airways,Kochi,Jaipur,Economy,140,87,1568,6918.34,200,248,4,On Time
FLT-10460,2024-03-22,SkyJet,Chennai,Hyderabad,Economy,158,40,737,20162.13,209,217,2,On Time
FLT-10842,2024-03-22,Falcon Airways,Delhi,Chennai,Economy,181,34,861,16326.26,192,193,2,On Time
FLT-11794,2024-03-22,IndiGo Air,Hyderabad,Delhi,Economy,214,16,2086,36217.63,84,185,2,Delayed
FLT-9660,2024-03-22,BlueWing,Goa,Mumbai,Economy,230,74,1869,32381.78,194,242,1,On Time
FLT-11253,2024-03-23,BlueWing,Kolkata,Hyderabad,Economy,84,80,1590,14557.92,96,156,2,On Time
FLT-10538,2024-03-23,IndiGo Air,Jaipur,Goa,Premium Economy,214,142,737,18650.05,61,201,2,On Time
FLT-9767,2024-03-23,IndiGo Air,Delhi,Bengaluru,Economy,229,138,1990,11820.65,205,173,3,On Time
FLT-11699,2024-03-23,Air Bharat,Mumbai,Goa,Economy,235,9,247,3019.3,191,249,1,On Time
FLT-12990,2024-03-23,BlueWing,Kochi,Hyderabad,Economy,214,171,1857,24111.08,181,222,4,On Time
FLT-9841,2024-03-23,SkyJet,Kolkata,Chennai,Economy,227,28,777,18230.91,155,202,3,On Time
FLT-9288,2024-03-23,SkyJet,Lucknow,Mumbai,Economy,225,3,2112,15438.9,188,152,4,On Time
FLT-12801,2024-03-23,SkyJet,Delhi,Hyderabad,Economy,160,178,419,9637.54,149,152,1,On Time
FLT-10648,2024-03-23,Coastal Air,Mumbai,Chennai,Economy,93,73,171,4241.49,197,165,2,On Time
FLT-9509,2024-03-23,SkyJet,Kochi,Delhi,Premium Economy,212,158,287,41832.42,70,235,3,Cancelled
FLT-11532,2024-03-23,IndiGo Air,Hyderabad,Delhi,Economy,184,72,1097,9932.75,215,206,4,On Time
FLT-10010,2024-03-24,Coastal Air,Lucknow,Mumbai,Economy,179,39,1981,29340.86,145,194,2,On Time
FLT-10457,2024-03-24,BlueWing,Jaipur,Lucknow,Premium Economy,144,15,1565,18070.53,141,203,5,On Time
FLT-9587,2024-03-24,IndiGo Air,Mumbai,Bengaluru,Premium Economy,212,42,1912,36417.17,173,211,1,On Time
FLT-10962,2024-03-24,SkyJet,Lucknow,Kochi,Economy,166,68,1019,21006.23,189,236,2,Cancelled
FLT-11013,2024-03-24,Coastal Air,Kochi,Delhi,Economy,190,156,2280,3236.71,155,191,3,Delayed
FLT-10825,2024-03-24,Coastal Air,Mumbai,Delhi,Economy,86,72,2263,11020.73,84,154,2,On Time
FLT-10956,2024-03-24,Air Bharat,Kochi,Bengaluru,Economy,129,74,1137,31646.71,212,213,4,On Time
FLT-9303,2024-03-24,BlueWing,Jaipur,Goa,Economy,227,11,2004,26649.88,117,194,5,Delayed
FLT-10581,2024-03-24,Coastal Air,Goa,Chennai,Economy,139,78,190,16239.81,194,189,4,On Time
FLT-9750,2024-03-24,SkyJet,Jaipur,Lucknow,Economy,168,134,1675,33747.95,61,181,3,On Time
FLT-9344,2024-03-24,Falcon Airways,Delhi,Lucknow,Economy,120,37,672,17812.98,176,151,4,Delayed
FLT-11023,2024-03-25,SkyJet,Bengaluru,Jaipur,Economy,224,105,1031,4184.05,53,173,1,On Time
FLT-12239,2024-03-25,Air Bharat,Jaipur,Kolkata,Economy,178,85,1254,34876.31,168,218,1,On Time
FLT-9120,2024-03-25,Air Bharat,Hyderabad,Chennai,Economy,93,94,1377,13226.53,129,215,2,Delayed
FLT-12680,2024-03-25,Coastal Air,Bengaluru,Jaipur,Business,160,23,2210,36137.08,56,158,5,On Time
FLT-11106,2024-03-25,Falcon Airways,Jaipur,Hyderabad,Economy,231,148,1423,9207.82,56,170,2,Cancelled
FLT-10157,2024-03-25,Air Bharat,Goa,Jaipur,Economy,193,170,1083,9335.29,118,171,4,Cancelled
FLT-10431,2024-03-25,Air Bharat,Kochi,Jaipur,Economy,146,102,1344,19014.91,116,242,3,Cancelled
FLT-11275,2024-03-25,Falcon Airways,Jaipur,Chennai,Economy,229,8,2332,12697.26,211,228,2,On Time
FLT-10810,2024-03-25,Falcon Airways,Kolkata,Mumbai,Economy,96,103,1342,9289.15,146,168,2,Delayed
FLT-9164,2024-03-25,SkyJet,Delhi,Bengaluru,Premium Economy,218,28,943,17130.13,87,154,2,On Time
FLT-9183,2024-03-25,SkyJet,Chennai,Bengaluru,Economy,131,62,188,5889.71,183,167,1,Delayed
FLT-12218,2024-03-25,Coastal Air,Delhi,Goa,Economy,159,20,1862,6796.07,133,214,3,On Time
FLT-11867,2024-03-25,BlueWing,Kolkata,Hyderabad,Economy,127,46,889,42291.57,86,205,1,On Time
FLT-9982,2024-03-25,IndiGo Air,Chennai,Hyderabad,Economy,120,82,1226,11795.7,87,156,2,On Time
FLT-12209,2024-03-25,IndiGo Air,Delhi,Kolkata,Premium Economy,128,83,2300,6910.99,158,157,2,Cancelled
FLT-9035,2024-03-25,IndiGo Air,Mumbai,Bengaluru,Economy,64,48,1443,27905.67,188,232,2,On Time
FLT-12274,2024-03-26,Coastal Air,Delhi,Hyderabad,Economy,173,159,1907,40708.02,177,167,4,On Time
FLT-10279,2024-03-26,BlueWing,Delhi,Bengaluru,Economy,139,89,1167,5866.93,83,248,1,On Time
FLT-12856,2024-03-26,Air Bharat,Lucknow,Goa,Economy,174,124,1161,39308.77,60,181,1,Cancelled
FLT-11111,2024-03-26,SkyJet,Jaipur,Mumbai,Business,208,104,695,32591.16,209,222,1,On Time
FLT-9345,2024-03-26,IndiGo Air,Lucknow,Bengaluru,Economy,214,106,520,2299.77,84,239,3,On Time
FLT-12640,2024-03-26,Air Bharat,Jaipur,Kolkata,Premium Economy,190,19,1842,20565.06,203,230,2,On Time
FLT-12026,2024-03-26,IndiGo Air,Chennai,Jaipur,Economy,78,15,761,32356.92,169,170,4,Delayed
FLT-11708,2024-03-26,SkyJet,Kolkata,Jaipur,Economy,209,103,1222,36352.5,117,226,4,On Time
FLT-11088,2024-03-26,Coastal Air,Bengaluru,Kolkata,Economy,180,167,1326,36509.87,74,166,5,On Time
FLT-11597,2024-03-26,Coastal Air,Lucknow,Kochi,Premium Economy,174,83,2132,29117.39,150,177,4,On Time
FLT-9304,2024-03-26,SkyJet,Delhi,Hyderabad,Economy,180,55,513,25675.18,211,157,5,On Time
FLT-12196,2024-03-26,SkyJet,Mumbai,Kochi,Economy,213,163,1286,27603.83,64,163,3,Delayed
FLT-10165,2024-03-26,Air Bharat,Chennai,Hyderabad,Economy,123,158,1010,43508.51,189,185,4,Delayed
FLT-9741,2024-03-26,Coastal Air,Chennai,Delhi,Economy,191,166,1416,4704.43,177,191,2,On Time
FLT-10596,2024-03-26,Falcon Airways,Kolkata,Kochi,Economy,185,120,1601,11149.53,189,152,3,On Time
FLT-11472,2024-03-26,Coastal Air,Kochi,Jaipur,Economy,94,86,2115,14817.97,205,174,2,On Time
FLT-12814,2024-03-27,BlueWing,Chennai,Bengaluru,Economy,65,109,1895,5353.59,57,165,3,On Time
FLT-10485,2024-03-27,SkyJet,Goa,Bengaluru,Economy,180,55,447,10121.61,212,221,2,On Time
FLT-12673,2024-03-27,Coastal Air,Mumbai,Goa,Premium Economy,60,75,1849,42638.91,78,182,1,On Time
FLT-12845,2024-03-27,Air Bharat,Mumbai,Goa,Economy,79,88,475,5384.29,213,160,4,On Time
FLT-9596,2024-03-27,Air Bharat,Jaipur,Kolkata,Economy,106,65,1089,17878.09,207,163,4,On Time
FLT-9095,2024-03-27,SkyJet,Hyderabad,Lucknow,Economy,79,36,1140,25523.81,112,171,4,On Time
FLT-10854,2024-03-27,Coastal Air,Kolkata,Chennai,Economy,161,69,722,37198.44,193,183,1,On Time
FLT-9589,2024-03-27,SkyJet,Goa,Kochi,Premium Economy,54,69,2096,29317.66,61,229,4,On Time
FLT-12298,2024-03-27,Falcon Airways,Bengaluru,Lucknow,Economy,75,139,175,37942.32,111,183,3,On Time
FLT-9184,2024-03-27,Coastal Air,Kolkata,Kochi,Premium Economy,168,98,1969,13594.33,211,191,4,On Time
FLT-12623,2024-03-28,SkyJet,Jaipur,Bengaluru,Economy,113,56,1279,43394.15,123,170,4,Cancelled
FLT-12748,2024-03-28,BlueWing,Mumbai,Chennai,Economy,126,93,1767,6458.1,98,213,4,On Time
FLT-9454,2024-03-28,Air Bharat,Goa,Kochi,Economy,158,143,367,9309.55,140,236,1,On Time
FLT-9730,2024-03-28,SkyJet,Mumbai,Chennai,Economy,70,30,2205,26999.96,207,239,4,Delayed
FLT-11692,2024-03-28,Falcon Airways,Delhi,Jaipur,Economy,122,104,703,8877.94,140,243,4,On Time
FLT-9726,2024-03-28,Coastal Air,Lucknow,Bengaluru,Economy,203,140,1661,28306.47,148,235,2,On Time
FLT-10196,2024-03-29,Coastal Air,Kolkata,Mumbai,Economy,233,19,2358,10056.78,201,160,4,On Time
FLT-12862,2024-03-29,IndiGo Air,Kolkata,Bengaluru,Economy,154,2,1453,9623.68,150,237,1,On Time
FLT-9896,2024-03-29,IndiGo Air,Lucknow,Kochi,Economy,156,23,2240,18607.7,218,160,4,On Time
FLT-11108,2024-03-29,SkyJet,Kochi,Jaipur,Economy,208,49,1748,22146.91,62,221,3,On Time
FLT-9277,2024-03-29,BlueWing,Jaipur,Kolkata,Economy,80,60,1059,39684.26,67,194,3,On Time
FLT-11930,2024-03-29,Air Bharat,Hyderabad,Lucknow,Premium Economy,92,137,599,41745.21,185,183,5,Delayed
FLT-11795,2024-03-29,Air Bharat,Kolkata,Mumbai,Economy,80,100,1283,25696.27,106,192,5,Delayed
FLT-11842,2024-03-29,Coastal Air,Lucknow,Kolkata,Economy,223,168,559,33189.84,180,156,4,On Time
FLT-12521,2024-03-29,Air Bharat,Lucknow,Chennai,Premium Economy,221,54,786,13373.91,132,172,3,On Time
FLT-9796,2024-03-29,Air Bharat,Lucknow,Goa,Economy,237,7,1531,36834.63,177,164,2,On Time
FLT-10156,2024-03-29,SkyJet,Goa,Kochi,Economy,178,59,980,34444.2,147,151,3,On Time
FLT-11869,2024-03-30,IndiGo Air,Kochi,Kolkata,Premium Economy,117,124,634,32502.31,186,196,1,On Time
FLT-10713,2024-03-30,IndiGo Air,Delhi,Chennai,Economy,109,80,2346,28494.86,137,170,3,On Time
FLT-12849,2024-03-30,Air Bharat,Hyderabad,Lucknow,Economy,159,136,2103,12380.11,55,190,3,On Time
FLT-12835,2024-03-30,Falcon Airways,Mumbai,Delhi,Economy,166,65,2178,3640.67,189,204,3,On Time
FLT-9482,2024-03-30,Falcon Airways,Bengaluru,Jaipur,Economy,238,105,2047,35724.93,106,247,5,On Time
FLT-10633,2024-03-30,IndiGo Air,Mumbai,Bengaluru,Economy,162,24,2327,2400.16,168,162,2,On Time
FLT-11021,2024-03-30,BlueWing,Hyderabad,Kolkata,Economy,64,105,1066,44624.98,56,191,4,On Time
FLT-11436,2024-03-30,Falcon Airways,Mumbai,Jaipur,Economy,113,150,2234,4769.49,204,196,1,On Time
FLT-9378,2024-03-30,Coastal Air,Mumbai,Goa,Economy,108,56,554,9764.11,199,201,5,Delayed
FLT-12093,2024-03-31,SkyJet,Lucknow,Jaipur,Economy,45,166,1731,7267.92,86,191,5,Delayed
FLT-12614,2024-03-31,IndiGo Air,Kochi,Jaipur,Business,130,63,1257,18210.08,119,174,4,Delayed
FLT-9546,2024-03-31,Air Bharat,Kolkata,Hyderabad,Business,62,122,2486,39517.92,123,202,5,On Time
FLT-9689,2024-03-31,Falcon Airways,Delhi,Hyderabad,Economy,213,72,1054,25146.09,136,162,4,On Time
FLT-12014,2024-03-31,Coastal Air,Mumbai,Delhi,Economy,101,28,2417,15700.67,131,197,5,On Time
FLT-12137,2024-03-31,Falcon Airways,Kolkata,Chennai,Economy,134,8,2171,39118.12,78,176,4,On Time
FLT-11104,2024-03-31,IndiGo Air,Delhi,Jaipur,Business,68,31,269,3073.98,78,217,4,Delayed
FLT-9717,2024-04-01,Falcon Airways,Goa,Lucknow,Premium Economy,62,148,1940,37391.78,160,221,5,On Time
FLT-12915,2024-04-01,IndiGo Air,Lucknow,Hyderabad,Economy,71,46,464,29510.34,64,157,5,Delayed
FLT-11294,2024-04-01,Air Bharat,Kochi,Bengaluru,Premium Economy,66,48,2355,11386.43,217,237,4,On Time
FLT-11846,2024-04-01,IndiGo Air,Kochi,Goa,Business,148,124,1440,37576.16,108,193,4,On Time
FLT-9947,2024-04-01,BlueWing,Mumbai,Bengaluru,Economy,199,107,1700,16689.08,218,240,1,On Time
FLT-9008,2024-04-01,Coastal Air,Kolkata,Hyderabad,Economy,239,35,1980,21401.12,103,217,3,On Time
FLT-10528,2024-04-01,Falcon Airways,Bengaluru,Kochi,Economy,231,174,1087,15185.39,176,182,4,On Time
FLT-11022,2024-04-01,SkyJet,Delhi,Kolkata,Economy,224,113,713,40698.04,182,185,3,Delayed
FLT-11633,2024-04-01,BlueWing,Kochi,Jaipur,Economy,194,145,618,11984.59,201,161,2,On Time
FLT-10871,2024-04-01,SkyJet,Kolkata,Jaipur,Business,225,167,695,34036.96,154,152,2,On Time
FLT-9429,2024-04-02,Coastal Air,Kochi,Kolkata,Economy,119,142,1804,40956.96,157,229,3,Cancelled
FLT-11193,2024-04-02,BlueWing,Delhi,Jaipur,Economy,123,13,2384,36681.64,80,164,2,On Time
FLT-11203,2024-04-02,SkyJet,Kolkata,Kochi,Economy,175,88,2110,2117.65,105,196,2,On Time
FLT-12840,2024-04-02,BlueWing,Goa,Mumbai,Premium Economy,73,72,353,24989.37,166,218,5,On Time
FLT-12012,2024-04-02,Coastal Air,Mumbai,Goa,Premium Economy,238,39,501,8072.66,144,193,3,On Time
FLT-10466,2024-04-02,Falcon Airways,Bengaluru,Kochi,Business,58,16,1564,12025.39,70,235,4,On Time
FLT-11909,2024-04-02,Air Bharat,Mumbai,Bengaluru,Economy,208,106,251,25586.19,53,219,3,On Time
FLT-10868,2024-04-02,Falcon Airways,Kochi,Jaipur,Premium Economy,181,93,2190,28668.95,170,231,1,On Time
FLT-10863,2024-04-02,SkyJet,Delhi,Goa,Economy,126,159,2120,43062.94,96,162,5,Delayed
FLT-10526,2024-04-02,BlueWing,Bengaluru,Jaipur,Economy,148,28,479,11216.24,167,209,1,On Time
FLT-9108,2024-04-02,Falcon Airways,Jaipur,Kochi,Premium Economy,45,109,1374,35741.7,97,191,1,On Time
FLT-10974,2024-04-02,Falcon Airways,Hyderabad,Delhi,Premium Economy,116,148,151,11316.95,55,172,4,On Time
FLT-11803,2024-04-03,Coastal Air,Jaipur,Goa,Business,111,38,563,19862.68,139,213,2,Delayed
FLT-9842,2024-04-03,Coastal Air,Jaipur,Hyderabad,Economy,204,41,1750,38662.35,200,169,5,On Time
FLT-9607,2024-04-03,Coastal Air,Kochi,Mumbai,Premium Economy,55,101,2395,17906.5,202,240,2,On Time
FLT-10355,2024-04-03,Coastal Air,Kochi,Kolkata,Economy,72,130,1714,2374.79,147,239,1,On Time
FLT-12678,2024-04-03,BlueWing,Mumbai,Chennai,Premium Economy,197,28,1955,39734.6,164,157,2,On Time
FLT-10937,2024-04-03,BlueWing,Delhi,Mumbai,Economy,87,67,2356,39761.2,117,217,3,On Time
FLT-12059,2024-04-03,Air Bharat,Kolkata,Lucknow,Economy,116,92,344,4673.2,109,240,1,Delayed
FLT-11331,2024-04-03,SkyJet,Mumbai,Hyderabad,Economy,214,162,1432,4327.76,171,187,3,On Time
FLT-10921,2024-04-03,BlueWing,Chennai,Goa,Economy,45,159,766,26549.19,178,158,4,On Time
FLT-12936,2024-04-03,Falcon Airways,Lucknow,Hyderabad,Premium Economy,184,99,2046,12597.49,191,245,1,On Time
FLT-10864,2024-04-03,Air Bharat,Jaipur,Mumbai,Economy,154,61,1103,13301.85,202,244,5,On Time
FLT-10021,2024-04-03,Air Bharat,Delhi,Lucknow,Economy,159,78,1921,27592.63,125,229,4,On Time
FLT-9876,2024-04-03,Coastal Air,Kolkata,Mumbai,Premium Economy,140,129,1437,25924.92,166,222,4,On Time
FLT-9737,2024-04-03,SkyJet,Mumbai,Lucknow,Economy,67,12,1469,3675.92,98,195,5,Delayed
FLT-11396,2024-04-04,BlueWing,Lucknow,Chennai,Economy,143,28,1452,32676.83,82,241,5,Delayed
FLT-12518,2024-04-04,SkyJet,Lucknow,Goa,Premium Economy,238,50,1337,36994.69,112,196,5,On Time
FLT-11281,2024-04-04,Coastal Air,Bengaluru,Kochi,Economy,160,26,1180,30525.63,102,217,1,Delayed
FLT-11506,2024-04-04,IndiGo Air,Lucknow,Chennai,Premium Economy,144,0,2473,12801.28,80,171,4,On Time
FLT-9163,2024-04-04,Coastal Air,Bengaluru,Goa,Premium Economy,80,133,798,8117.38,155,207,3,On Time
FLT-11049,2024-04-04,Air Bharat,Delhi,Hyderabad,Economy,117,110,1519,36074.93,184,172,5,Delayed
FLT-12805,2024-04-04,IndiGo Air,Bengaluru,Jaipur,Economy,110,175,1464,7386.21,165,222,5,On Time
FLT-9039,2024-04-04,BlueWing,Hyderabad,Lucknow,Economy,61,96,2226,22411.93,214,198,2,Delayed
FLT-10637,2024-04-04,Air Bharat,Bengaluru,Lucknow,Economy,53,139,338,28459.47,98,239,3,On Time
FLT-12144,2024-04-04,SkyJet,Lucknow,Kolkata,Economy,120,79,1120,18347.71,94,194,1,On Time
FLT-12637,2024-04-05,Coastal Air,Bengaluru,Delhi,Economy,128,161,1441,18700.71,168,178,5,On Time
FLT-11389,2024-04-05,IndiGo Air,Kochi,Chennai,Economy,212,167,549,9645.29,102,183,5,On Time
FLT-10785,2024-04-05,Air Bharat,Mumbai,Kochi,Economy,188,78,212,8192.31,187,189,2,Cancelled
FLT-9339,2024-04-05,IndiGo Air,Chennai,Kochi,Premium Economy,135,1,1834,5986.67,194,245,1,On Time
FLT-9352,2024-04-05,Coastal Air,Hyderabad,Kochi,Premium Economy,147,11,2175,38574.75,91,167,3,On Time
FLT-10332,2024-04-05,Coastal Air,Hyderabad,Bengaluru,Economy,62,145,960,8035.45,151,155,3,On Time
FLT-10407,2024-04-05,BlueWing,Kochi,Mumbai,Economy,150,44,2021,12874.95,133,249,5,Delayed
FLT-9146,2024-04-05,IndiGo Air,Goa,Delhi,Business,175,69,1298,4711.33,61,177,5,On Time
FLT-11184,2024-04-06,Coastal Air,Delhi,Chennai,Economy,58,131,2192,23595.96,71,249,2,Delayed
FLT-9061,2024-04-06,Air Bharat,Mumbai,Bengaluru,Premium Economy,129,156,289,14968.96,75,197,1,On Time
FLT-12893,2024-04-06,BlueWing,Mumbai,Chennai,Premium Economy,122,157,732,3808.17,153,210,5,On Time
FLT-11201,2024-04-06,IndiGo Air,Delhi,Mumbai,Economy,59,154,723,29288.94,136,207,3,On Time
FLT-12942,2024-04-06,BlueWing,Lucknow,Bengaluru,Economy,71,129,1772,28434.77,207,223,4,On Time
FLT-12065,2024-04-06,SkyJet,Hyderabad,Mumbai,Economy,229,65,2299,12321.93,176,208,1,On Time
FLT-12244,2024-04-06,SkyJet,Kolkata,Mumbai,Economy,157,147,1519,30668.34,164,167,2,Delayed
FLT-9748,2024-04-07,SkyJet,Kolkata,Goa,Economy,76,89,1237,24372.03,144,193,4,On Time
FLT-9332,2024-04-07,IndiGo Air,Kolkata,Mumbai,Economy,67,16,468,27038.87,105,198,2,On Time
FLT-11062,2024-04-07,Air Bharat,Kolkata,Mumbai,Economy,166,83,613,43036.06,119,177,3,On Time
FLT-12734,2024-04-07,SkyJet,Delhi,Mumbai,Economy,179,73,1673,19252.67,151,180,5,On Time
FLT-11513,2024-04-07,IndiGo Air,Kolkata,Delhi,Premium Economy,161,95,1343,30063.96,57,222,1,On Time
FLT-9736,2024-04-07,Coastal Air,Jaipur,Delhi,Premium Economy,187,160,987,3511.96,109,217,1,On Time
FLT-9691,2024-04-07,IndiGo Air,Delhi,Goa,Premium Economy,218,18,1087,10542.12,203,200,4,On Time
FLT-10328,2024-04-07,Falcon Airways,Lucknow,Hyderabad,Economy,188,48,638,28584.92,214,216,5,On Time
FLT-12663,2024-04-07,Coastal Air,Delhi,Jaipur,Premium Economy,113,179,699,40309.41,109,201,4,On Time
FLT-9210,2024-04-07,Air Bharat,Bengaluru,Hyderabad,Economy,235,34,772,44403.42,211,211,4,On Time
FLT-12371,2024-04-07,IndiGo Air,Lucknow,Kochi,Premium Economy,127,92,955,17909.0,50,207,2,On Time
FLT-10257,2024-04-08,SkyJet,Lucknow,Kolkata,Economy,83,58,2118,33654.68,79,219,5,On Time
FLT-10999,2024-04-08,IndiGo Air,Goa,Bengaluru,Economy,189,65,2213,6856.6,159,228,3,On Time
FLT-10552,2024-04-08,BlueWing,Delhi,Bengaluru,Economy,152,162,995,12029.62,140,212,4,On Time
FLT-12000,2024-04-08,IndiGo Air,Bengaluru,Jaipur,Business,107,63,945,38121.45,170,173,2,On Time
FLT-9086,2024-04-08,SkyJet,Kolkata,Chennai,Economy,123,113,2166,35715.42,111,188,2,On Time
FLT-10336,2024-04-08,Falcon Airways,Mumbai,Kolkata,Economy,176,172,1744,8940.9,57,166,5,On Time
FLT-9034,2024-04-09,IndiGo Air,Jaipur,Bengaluru,Premium Economy,232,101,969,38558.72,144,178,4,On Time
FLT-11426,2024-04-09,Falcon Airways,Kochi,Hyderabad,Business,131,86,390,27325.6,131,180,2,Delayed
FLT-12693,2024-04-09,IndiGo Air,Bengaluru,Mumbai,Economy,181,152,523,6905.99,192,168,4,On Time
FLT-9189,2024-04-09,SkyJet,Mumbai,Delhi,Economy,50,58,1175,16829.71,208,243,1,On Time
FLT-9757,2024-04-09,BlueWing,Jaipur,Goa,Economy,171,15,1284,12300.03,214,217,5,On Time
FLT-10204,2024-04-09,BlueWing,Kolkata,Jaipur,Economy,144,174,1296,9901.56,150,206,2,Cancelled
FLT-12527,2024-04-09,Falcon Airways,Kochi,Bengaluru,Economy,160,99,1947,24318.91,119,232,1,Delayed
FLT-12576,2024-04-09,Coastal Air,Kochi,Bengaluru,Economy,129,32,1468,41029.61,131,158,2,On Time
FLT-11269,2024-04-09,Falcon Airways,Mumbai,Jaipur,Economy,54,44,1155,5546.35,217,221,4,Delayed
FLT-9721,2024-04-09,Coastal Air,Mumbai,Bengaluru,Economy,188,93,169,15462.37,136,155,1,On Time
FLT-9668,2024-04-09,Air Bharat,Jaipur,Delhi,Economy,79,109,2479,31298.81,121,237,3,On Time
FLT-9611,2024-04-10,SkyJet,Goa,Delhi,Business,136,44,698,34783.0,56,248,1,On Time
FLT-9490,2024-04-10,Falcon Airways,Bengaluru,Goa,Economy,135,14,2215,2054.67,200,167,2,On Time
FLT-12461,2024-04-10,Coastal Air,Lucknow,Kochi,Economy,159,41,2284,10729.95,170,202,2,On Time
FLT-9869,2024-04-10,Coastal Air,Hyderabad,Kolkata,Economy,91,145,2031,38265.62,75,152,1,Delayed
FLT-12480,2024-04-10,Coastal Air,Lucknow,Mumbai,Economy,205,168,1476,3254.58,147,150,2,On Time
FLT-10259,2024-04-10,Air Bharat,Kolkata,Goa,Business,65,9,1375,22329.32,156,167,5,On Time
FLT-11210,2024-04-10,BlueWing,Kochi,Bengaluru,Business,79,150,1918,43341.51,175,170,5,On Time
FLT-10952,2024-04-11,SkyJet,Chennai,Delhi,Economy,124,54,1595,4066.13,134,217,4,On Time
FLT-12383,2024-04-11,Air Bharat,Hyderabad,Delhi,Economy,65,124,2386,9901.73,189,175,4,Delayed
FLT-10169,2024-04-11,Falcon Airways,Bengaluru,Hyderabad,Business,128,153,656,27783.21,138,184,5,Delayed
FLT-10072,2024-04-11,Coastal Air,Delhi,Jaipur,Premium Economy,139,155,1405,34127.69,64,249,4,On Time
FLT-11343,2024-04-11,Coastal Air,Jaipur,Hyderabad,Economy,133,4,1418,12850.06,162,224,4,On Time
FLT-9915,2024-04-11,BlueWing,Bengaluru,Goa,Premium Economy,232,24,1297,5023.8,199,165,1,Delayed
FLT-12364,2024-04-12,IndiGo Air,Bengaluru,Hyderabad,Premium Economy,194,66,653,35547.26,180,184,1,Delayed
FLT-9941,2024-04-12,Falcon Airways,Lucknow,Kochi,Economy,214,24,2375,35721.91,176,168,4,Cancelled
FLT-9040,2024-04-12,Air Bharat,Lucknow,Bengaluru,Economy,173,131,2192,13314.34,112,201,1,On Time
FLT-11095,2024-04-12,IndiGo Air,Lucknow,Kolkata,Economy,61,70,1118,12162.74,57,160,2,On Time
FLT-12112,2024-04-12,IndiGo Air,Chennai,Mumbai,Economy,118,30,831,24489.5,199,199,2,On Time
FLT-9262,2024-04-12,Coastal Air,Lucknow,Kolkata,Premium Economy,93,131,2296,28717.66,165,199,3,On Time
FLT-9724,2024-04-12,Coastal Air,Hyderabad,Jaipur,Premium Economy,224,136,1274,12642.74,61,205,2,On Time
FLT-9613,2024-04-12,SkyJet,Kochi,Delhi,Economy,173,144,736,39293.19,78,233,3,Cancelled
FLT-9284,2024-04-13,IndiGo Air,Jaipur,Delhi,Economy,50,80,1192,32991.04,206,151,3,On Time
FLT-9994,2024-04-13,BlueWing,Kolkata,Hyderabad,Premium Economy,84,144,988,33987.59,107,173,1,On Time
FLT-11835,2024-04-13,Coastal Air,Goa,Bengaluru,Economy,147,88,197,33774.28,86,235,3,On Time
FLT-11957,2024-04-13,IndiGo Air,Jaipur,Delhi,Business,70,23,1035,23596.92,86,199,1,Delayed
FLT-9193,2024-04-13,SkyJet,Kolkata,Mumbai,Economy,180,156,620,24593.61,170,242,4,Delayed
FLT-10023,2024-04-13,Falcon Airways,Goa,Chennai,Economy,108,34,1473,23282.0,193,207,2,On Time
FLT-9786,2024-04-13,SkyJet,Delhi,Bengaluru,Economy,170,72,1968,23559.07,152,214,1,On Time
FLT-12566,2024-04-13,SkyJet,Jaipur,Chennai,Economy,142,96,2378,16502.9,132,151,4,On Time
FLT-12554,2024-04-13,IndiGo Air,Kolkata,Goa,Economy,158,21,2191,42081.56,68,194,4,On Time
FLT-9219,2024-04-13,Air Bharat,Kochi,Bengaluru,Economy,156,73,595,6708.39,122,248,4,Delayed
FLT-9564,2024-04-13,BlueWing,Jaipur,Goa,Economy,70,131,857,6464.86,51,240,1,On Time
FLT-11994,2024-04-13,Falcon Airways,Bengaluru,Kochi,Economy,173,73,2336,7898.75,81,159,3,On Time
FLT-9979,2024-04-13,Air Bharat,Delhi,Chennai,Economy,72,94,510,26064.22,160,236,3,On Time
FLT-10104,2024-04-13,SkyJet,Kochi,Kolkata,Economy,166,75,1250,11381.47,121,234,1,On Time
FLT-12205,2024-04-13,IndiGo Air,Goa,Jaipur,Premium Economy,177,107,2235,14712.73,54,184,4,On Time
FLT-10284,2024-04-14,Coastal Air,Delhi,Jaipur,Business,175,120,2462,21393.93,57,244,1,On Time
FLT-12183,2024-04-14,IndiGo Air,Bengaluru,Delhi,Premium Economy,221,110,2377,18207.69,54,223,5,Delayed
FLT-11552,2024-04-14,Falcon Airways,Chennai,Goa,Economy,153,160,2050,41307.17,212,173,3,On Time
FLT-9484,2024-04-14,Coastal Air,Chennai,Kochi,Premium Economy,159,13,2149,19460.72,101,180,4,On Time
FLT-9276,2024-04-14,IndiGo Air,Jaipur,Kolkata,Economy,192,53,1463,39838.73,88,160,4,On Time
FLT-11497,2024-04-14,Coastal Air,Mumbai,Jaipur,Premium Economy,84,28,1165,38956.64,60,195,5,Cancelled
FLT-11291,2024-04-14,SkyJet,Chennai,Delhi,Premium Economy,128,156,337,3165.82,139,168,4,On Time
FLT-9423,2024-04-14,Air Bharat,Hyderabad,Delhi,Business,145,63,2129,7009.37,73,156,5,On Time
FLT-10575,2024-04-14,SkyJet,Kolkata,Mumbai,Economy,83,128,2488,13696.52,187,192,3,On Time
FLT-12217,2024-04-14,Coastal Air,Bengaluru,Hyderabad,Economy,77,24,941,43148.63,173,244,1,Delayed
FLT-12029,2024-04-14,SkyJet,Goa,Lucknow,Economy,174,30,2375,35808.59,54,237,2,On Time
FLT-9959,2024-04-14,SkyJet,Chennai,Delhi,Premium Economy,227,15,1655,23360.54,106,201,2,On Time
FLT-12892,2024-04-14,Falcon Airways,Delhi,Jaipur,Economy,95,99,2129,4217.89,172,181,4,On Time
FLT-9777,2024-04-14,Falcon Airways,Kolkata,Mumbai,Economy,45,14,183,11627.16,164,204,3,On Time
FLT-10047,2024-04-14,Falcon Airways,Mumbai,Kochi,Economy,158,113,2117,16217.78,161,231,1,On Time
FLT-12296,2024-04-15,BlueWing,Chennai,Hyderabad,Premium Economy,87,152,565,21496.27,91,229,4,On Time
FLT-11969,2024-04-15,SkyJet,Hyderabad,Mumbai,Premium Economy,238,104,1973,11705.02,134,151,4,On Time
FLT-11958,2024-04-15,Falcon Airways,Kolkata,Jaipur,Economy,170,63,1824,32399.42,112,218,4,On Time
FLT-9588,2024-04-15,Falcon Airways,Kochi,Chennai,Business,64,82,2444,32100.31,211,206,5,On Time
FLT-11029,2024-04-15,IndiGo Air,Mumbai,Lucknow,Economy,54,179,1359,33826.54,89,217,2,On Time
FLT-11785,2024-04-15,BlueWing,Delhi,Mumbai,Economy,203,104,1203,2756.54,109,175,2,On Time
FLT-12035,2024-04-15,Falcon Airways,Hyderabad,Jaipur,Premium Economy,74,26,244,3113.99,76,160,4,On Time
FLT-10219,2024-04-15,BlueWing,Kolkata,Chennai,Business,108,57,527,14769.27,124,169,2,On Time
FLT-12228,2024-04-16,Air Bharat,Chennai,Mumbai,Business,137,69,2238,16610.33,182,201,5,On Time
FLT-11871,2024-04-16,Air Bharat,Bengaluru,Jaipur,Economy,127,39,1887,22459.07,170,172,4,Delayed
FLT-12590,2024-04-16,Coastal Air,Jaipur,Hyderabad,Economy,165,91,707,2399.65,176,242,1,Delayed
FLT-10421,2024-04-16,Air Bharat,Lucknow,Chennai,Economy,200,146,1590,5767.26,102,155,2,Delayed
FLT-11841,2024-04-16,SkyJet,Chennai,Lucknow,Economy,103,141,1155,41292.86,111,217,4,On Time
FLT-9904,2024-04-16,BlueWing,Jaipur,Hyderabad,Economy,174,88,1265,43398.4,179,216,1,On Time
FLT-12396,2024-04-16,Air Bharat,Kochi,Chennai,Economy,145,34,2308,4354.05,126,244,2,Delayed
FLT-9012,2024-04-16,Coastal Air,Delhi,Kolkata,Economy,214,73,294,29424.39,80,216,4,On Time
FLT-12811,2024-04-16,Falcon Airways,Goa,Chennai,Premium Economy,153,143,1682,25177.6,217,189,5,On Time
FLT-11058,2024-04-16,Coastal Air,Chennai,Kolkata,Premium Economy,120,16,970,40990.18,58,244,2,On Time
FLT-9688,2024-04-16,Falcon Airways,Kolkata,Hyderabad,Economy,196,51,761,6540.86,143,194,2,On Time
FLT-11080,2024-04-16,SkyJet,Kochi,Jaipur,Premium Economy,176,37,2193,24211.69,69,191,3,Delayed
FLT-12022,2024-04-16,BlueWing,Bengaluru,Jaipur,Premium Economy,169,179,1596,37873.22,147,191,2,Delayed
FLT-9102,2024-04-17,SkyJet,Kolkata,Lucknow,Economy,98,120,2153,13886.7,71,247,1,On Time
FLT-9004,2024-04-17,BlueWing,Mumbai,Goa,Economy,178,98,353,28423.99,161,231,2,Delayed
FLT-9291,2024-04-17,BlueWing,Kolkata,Chennai,Economy,216,143,2209,13784.35,89,192,5,Delayed
FLT-10477,2024-04-17,Air Bharat,Delhi,Hyderabad,Economy,91,59,419,16570.27,78,209,2,On Time
FLT-11579,2024-04-17,Falcon Airways,Kolkata,Lucknow,Economy,114,72,1119,14327.22,114,193,1,On Time
FLT-10972,2024-04-17,Falcon Airways,Kochi,Bengaluru,Economy,142,29,474,7262.23,63,151,4,On Time
FLT-12145,2024-04-17,Coastal Air,Delhi,Lucknow,Economy,83,173,632,40569.25,205,247,1,On Time
FLT-9692,2024-04-17,SkyJet,Delhi,Kolkata,Economy,169,179,454,7785.8,130,236,2,On Time
FLT-12860,2024-04-18,Coastal Air,Kochi,Goa,Premium Economy,56,36,1402,30650.37,212,191,1,Delayed
FLT-9133,2024-04-18,Air Bharat,Bengaluru,Kolkata,Economy,163,127,200,22725.63,83,187,1,Delayed
FLT-11009,2024-04-18,Air Bharat,Lucknow,Chennai,Economy,200,166,2168,37981.54,188,170,3,On Time
FLT-9465,2024-04-18,BlueWing,Kolkata,Hyderabad,Business,134,121,1602,44031.99,149,218,3,On Time
FLT-11617,2024-04-18,IndiGo Air,Bengaluru,Goa,Economy,215,2,1770,17668.55,93,246,5,On Time
FLT-9033,2024-04-18,BlueWing,Kolkata,Kochi,Premium Economy,171,51,1174,7591.53,189,197,4,On Time
FLT-11789,2024-04-18,BlueWing,Mumbai,Hyderabad,Premium Economy,91,130,869,11767.01,92,209,3,On Time
FLT-9926,2024-04-18,BlueWing,Chennai,Delhi,Economy,115,59,1444,25539.34,139,153,1,On Time
FLT-10967,2024-04-18,Air Bharat,Hyderabad,Kochi,Economy,66,106,604,15824.18,177,208,2,Delayed
FLT-11078,2024-04-18,Falcon Airways,Goa,Lucknow,Economy,231,60,1449,42760.01,94,242,4,On Time
FLT-12152,2024-04-18,Coastal Air,Lucknow,Kochi,Economy,116,77,207,15553.16,73,185,3,On Time
FLT-12589,2024-04-18,Coastal Air,Hyderabad,Mumbai,Business,233,142,375,19778.01,200,236,3,Delayed
FLT-12736,2024-04-18,Falcon Airways,Kochi,Chennai,Premium Economy,127,45,331,29408.99,66,175,2,On Time
FLT-12309,2024-04-18,Air Bharat,Goa,Delhi,Economy,189,149,2205,23521.3,88,172,2,On Time
FLT-12606,2024-04-18,BlueWing,Chennai,Kochi,Economy,49,26,1919,28052.26,87,249,4,On Time
FLT-11730,2024-04-18,BlueWing,Jaipur,Mumbai,Economy,140,34,271,16046.71,182,182,2,On Time
FLT-12884,2024-04-18,Air Bharat,Lucknow,Chennai,Premium Economy,141,70,2172,36718.85,108,189,2,On Time
FLT-9255,2024-04-18,Falcon Airways,Kolkata,Lucknow,Economy,76,12,1617,6332.86,144,229,2,On Time
FLT-12098,2024-04-18,Falcon Airways,Chennai,Kolkata,Economy,172,17,2011,40415.38,161,202,5,On Time
FLT-12161,2024-04-19,IndiGo Air,Delhi,Bengaluru,Economy,231,53,1960,27685.05,135,241,2,On Time
FLT-12417,2024-04-19,IndiGo Air,Kochi,Kolkata,Business,177,174,1798,18034.33,141,220,4,On Time
FLT-12762,2024-04-19,BlueWing,Mumbai,Kochi,Economy,123,117,1111,40349.68,126,219,5,On Time
FLT-11569,2024-04-19,IndiGo Air,Mumbai,Kochi,Economy,237,54,2114,21715.61,68,151,5,On Time
FLT-9900,2024-04-19,BlueWing,Mumbai,Goa,Premium Economy,202,163,1800,3193.63,175,195,3,On Time
FLT-12781,2024-04-19,BlueWing,Kolkata,Chennai,Economy,146,95,2365,11141.58,50,240,4,On Time
FLT-11562,2024-04-19,Falcon Airways,Hyderabad,Kolkata,Economy,134,23,1126,21065.49,75,226,3,On Time
FLT-11283,2024-04-19,IndiGo Air,Bengaluru,Kolkata,Premium Economy,66,38,401,35620.81,68,152,3,On Time
FLT-10163,2024-04-19,BlueWing,Kolkata,Mumbai,Economy,138,6,766,36965.58,106,220,1,Cancelled
FLT-11355,2024-04-19,SkyJet,Jaipur,Lucknow,Economy,136,93,1521,16544.8,206,237,4,On Time
FLT-11138,2024-04-19,SkyJet,Kochi,Bengaluru,Economy,69,32,1050,32261.64,175,219,2,On Time
FLT-10954,2024-04-19,BlueWing,Mumbai,Delhi,Premium Economy,206,136,1462,4990.62,174,222,4,Delayed
FLT-9654,2024-04-19,SkyJet,Delhi,Lucknow,Economy,115,134,246,28140.14,213,179,3,On Time
FLT-11241,2024-04-19,Falcon Airways,Delhi,Chennai,Economy,199,166,2246,2751.16,86,167,1,On Time
FLT-12340,2024-04-20,Coastal Air,Hyderabad,Goa,Premium Economy,173,174,1216,39160.25,195,205,2,Delayed
FLT-11357,2024-04-20,Coastal Air,Chennai,Hyderabad,Economy,87,43,644,14884.14,211,194,2,On Time
FLT-11623,2024-04-20,BlueWing,Delhi,Kochi,Economy,190,82,952,15343.82,198,178,3,On Time
FLT-9870,2024-04-20,SkyJet,Bengaluru,Kochi,Economy,218,116,792,29052.71,90,200,2,On Time
FLT-10629,2024-04-20,Air Bharat,Mumbai,Lucknow,Economy,210,120,921,4171.57,151,233,4,Delayed
FLT-10610,2024-04-20,IndiGo Air,Hyderabad,Chennai,Economy,140,76,1168,32240.11,96,195,5,On Time
FLT-9574,2024-04-20,Air Bharat,Mumbai,Jaipur,Economy,208,85,2163,17016.16,193,191,5,On Time
FLT-9830,2024-04-20,Falcon Airways,Delhi,Mumbai,Premium Economy,120,21,1951,21996.08,103,203,2,On Time
FLT-10911,2024-04-20,Air Bharat,Jaipur,Bengaluru,Economy,85,174,2236,33103.26,76,185,3,On Time
FLT-10827,2024-04-20,Coastal Air,Kochi,Bengaluru,Economy,200,170,846,7393.35,55,232,1,On Time
FLT-11205,2024-04-20,SkyJet,Chennai,Jaipur,Premium Economy,222,158,2366,12114.83,135,215,4,Delayed
FLT-9294,2024-04-20,Falcon Airways,Jaipur,Mumbai,Business,186,24,2318,4683.24,102,157,2,Delayed
FLT-11018,2024-04-20,Air Bharat,Hyderabad,Kolkata,Premium Economy,86,97,1684,15932.98,76,179,3,On Time
FLT-12932,2024-04-20,IndiGo Air,Goa,Mumbai,Economy,209,89,909,39198.85,75,195,3,On Time
FLT-11399,2024-04-20,Falcon Airways,Jaipur,Lucknow,Economy,63,97,2018,11968.68,151,210,4,Delayed
FLT-11860,2024-04-21,Air Bharat,Bengaluru,Lucknow,Economy,97,69,642,30061.55,116,176,5,On Time
FLT-9907,2024-04-21,Air Bharat,Hyderabad,Delhi,Economy,71,111,995,40945.04,102,199,2,On Time
FLT-12322,2024-04-21,IndiGo Air,Mumbai,Delhi,Economy,235,58,1854,5233.45,139,236,2,On Time
FLT-9208,2024-04-21,IndiGo Air,Goa,Jaipur,Economy,213,36,1067,36684.95,164,195,3,On Time
FLT-10715,2024-04-21,Coastal Air,Bengaluru,Chennai,Economy,143,145,761,25297.78,95,215,4,On Time
FLT-9191,2024-04-21,Coastal Air,Goa,Kochi,Economy,111,153,2015,33689.27,118,215,2,Delayed
FLT-10632,2024-04-21,Air Bharat,Mumbai,Kochi,Premium Economy,219,25,1202,41615.33,158,175,4,On Time
FLT-12224,2024-04-21,BlueWing,Bengaluru,Kochi,Premium Economy,215,63,2037,28077.64,73,152,3,Delayed
FLT-9028,2024-04-22,IndiGo Air,Delhi,Kolkata,Economy,60,138,1133,27854.98,156,172,2,On Time
FLT-9997,2024-04-22,IndiGo Air,Goa,Lucknow,Economy,137,166,1479,20939.48,205,239,1,On Time
FLT-9749,2024-04-22,Air Bharat,Hyderabad,Goa,Premium Economy,122,165,1804,9147.36,160,172,4,On Time
FLT-10426,2024-04-22,BlueWing,Lucknow,Bengaluru,Business,165,144,1772,25748.16,177,200,1,On Time
FLT-10945,2024-04-22,Air Bharat,Mumbai,Hyderabad,Economy,120,137,329,28308.1,106,216,3,On Time
FLT-12957,2024-04-22,SkyJet,Delhi,Chennai,Economy,137,56,395,40302.45,154,196,2,On Time
FLT-11341,2024-04-22,Coastal Air,Kolkata,Lucknow,Economy,61,131,627,15928.47,129,180,1,On Time
FLT-9916,2024-04-22,BlueWing,Lucknow,Kolkata,Economy,84,107,395,12457.16,201,191,5,On Time
FLT-11592,2024-04-22,IndiGo Air,Bengaluru,Jaipur,Economy,234,146,1962,31270.6,164,161,4,On Time
FLT-9906,2024-04-22,Falcon Airways,Goa,Kolkata,Economy,120,152,1879,5550.65,159,209,1,On Time
FLT-11498,2024-04-23,Falcon Airways,Hyderabad,Delhi,Economy,92,94,1360,26864.84,70,229,3,On Time
FLT-12823,2024-04-23,BlueWing,Chennai,Bengaluru,Premium Economy,112,45,2198,14629.89,187,249,4,On Time
FLT-11043,2024-04-23,Coastal Air,Goa,Kochi,Economy,205,177,713,4120.28,61,210,3,Delayed
FLT-9664,2024-04-23,Coastal Air,Jaipur,Bengaluru,Business,192,36,471,26731.48,188,242,5,Delayed
FLT-10964,2024-04-23,Air Bharat,Hyderabad,Chennai,Economy,103,55,1727,38714.36,163,203,1,Delayed
FLT-12150,2024-04-23,Falcon Airways,Kochi,Delhi,Economy,49,147,868,36126.47,122,203,2,On Time
FLT-11911,2024-04-23,IndiGo Air,Bengaluru,Hyderabad,Economy,220,108,861,25411.76,206,233,3,On Time
FLT-10135,2024-04-23,Coastal Air,Mumbai,Chennai,Economy,172,169,904,30070.28,148,161,5,On Time
FLT-11809,2024-04-23,IndiGo Air,Kochi,Lucknow,Economy,201,100,2184,35563.05,147,184,1,On Time
FLT-12428,2024-04-23,IndiGo Air,Hyderabad,Delhi,Economy,203,84,994,18711.04,141,245,1,On Time
FLT-11252,2024-04-23,SkyJet,Mumbai,Goa,Premium Economy,111,93,792,26923.08,189,168,2,On Time
FLT-10208,2024-04-23,SkyJet,Goa,Mumbai,Economy,191,68,2092,17172.1,129,158,2,On Time
FLT-12122,2024-04-23,Air Bharat,Bengaluru,Chennai,Economy,176,75,405,40938.64,210,226,3,On Time
FLT-10089,2024-04-24,Falcon Airways,Goa,Mumbai,Premium Economy,53,170,2166,30285.42,218,224,4,Delayed
FLT-10344,2024-04-24,IndiGo Air,Jaipur,Hyderabad,Economy,112,122,244,28281.06,214,178,3,On Time
FLT-12250,2024-04-24,Falcon Airways,Jaipur,Lucknow,Economy,216,55,823,22207.03,108,246,4,Delayed
FLT-10468,2024-04-24,IndiGo Air,Chennai,Goa,Economy,157,85,189,27375.1,79,232,4,On Time
FLT-11296,2024-04-24,Falcon Airways,Lucknow,Goa,Business,148,93,2028,10316.52,53,187,2,On Time
FLT-11385,2024-04-24,Air Bharat,Kochi,Mumbai,Business,63,85,1033,41362.38,174,168,5,On Time
FLT-9494,2024-04-24,BlueWing,Mumbai,Jaipur,Economy,184,16,234,10108.55,84,174,4,On Time
FLT-11603,2024-04-24,Coastal Air,Jaipur,Chennai,Economy,97,124,161,28220.7,210,225,2,On Time
FLT-11594,2024-04-24,Coastal Air,Mumbai,Kochi,Premium Economy,196,50,1839,33710.65,134,170,5,On Time
FLT-11573,2024-04-24,Air Bharat,Kochi,Kolkata,Economy,177,148,450,17036.8,173,209,2,On Time
FLT-12259,2024-04-24,Coastal Air,Goa,Jaipur,Premium Economy,172,39,1384,4667.74,206,174,4,On Time
FLT-10698,2024-04-24,Falcon Airways,Chennai,Goa,Economy,83,88,2393,14407.87,87,181,5,On Time
FLT-11710,2024-04-24,BlueWing,Lucknow,Hyderabad,Economy,170,164,1091,29423.98,136,167,3,On Time
FLT-11408,2024-04-25,SkyJet,Goa,Bengaluru,Premium Economy,173,99,383,14271.65,99,183,3,On Time
FLT-10668,2024-04-25,BlueWing,Goa,Kochi,Premium Economy,86,8,1071,24289.06,196,194,1,On Time
FLT-11107,2024-04-25,BlueWing,Mumbai,Hyderabad,Economy,97,82,2077,3815.6,198,209,2,On Time
FLT-9512,2024-04-25,BlueWing,Delhi,Mumbai,Economy,147,139,455,35747.63,201,224,3,Delayed
FLT-12338,2024-04-25,IndiGo Air,Delhi,Hyderabad,Premium Economy,81,141,2343,18283.6,152,226,5,On Time
FLT-11604,2024-04-26,Falcon Airways,Lucknow,Jaipur,Economy,138,18,510,20872.65,75,168,2,On Time
FLT-10098,2024-04-26,Coastal Air,Lucknow,Mumbai,Economy,122,154,1269,17703.68,209,204,1,On Time
FLT-9703,2024-04-26,Air Bharat,Kochi,Chennai,Business,198,127,1283,15720.12,110,228,2,On Time
FLT-9308,2024-04-26,BlueWing,Bengaluru,Delhi,Economy,156,31,242,41100.84,167,157,1,On Time
FLT-9662,2024-04-26,Air Bharat,Kochi,Kolkata,Economy,155,27,1686,15828.52,202,227,1,Delayed
FLT-9895,2024-04-26,BlueWing,Jaipur,Hyderabad,Premium Economy,119,146,2102,24113.92,203,209,3,On Time
FLT-12825,2024-04-27,Coastal Air,Kochi,Lucknow,Business,86,44,1783,29079.48,208,222,1,On Time
FLT-11499,2024-04-27,SkyJet,Goa,Kochi,Economy,133,89,635,13778.03,115,215,5,Delayed
FLT-9227,2024-04-27,Coastal Air,Lucknow,Bengaluru,Economy,57,16,1425,3930.22,167,249,3,On Time
FLT-10031,2024-04-27,IndiGo Air,Mumbai,Kolkata,Economy,176,74,521,39978.58,72,200,4,On Time
FLT-9746,2024-04-27,Air Bharat,Jaipur,Chennai,Economy,150,57,1140,7294.86,118,184,2,On Time
FLT-9058,2024-04-27,Air Bharat,Kolkata,Goa,Economy,180,53,1963,5492.42,79,178,5,On Time
FLT-9439,2024-04-27,BlueWing,Chennai,Jaipur,Economy,71,126,1814,14810.59,101,214,4,Delayed
FLT-10214,2024-04-27,IndiGo Air,Jaipur,Bengaluru,Economy,118,156,2035,39939.05,101,159,2,Delayed
FLT-9873,2024-04-27,SkyJet,Chennai,Kolkata,Economy,68,29,964,38570.52,63,235,1,On Time
FLT-11381,2024-04-27,Falcon Airways,Kochi,Jaipur,Economy,100,12,1711,19866.55,213,150,4,On Time
FLT-10680,2024-04-27,SkyJet,Goa,Hyderabad,Economy,219,39,1642,40336.28,167,222,1,On Time
FLT-10692,2024-04-27,IndiGo Air,Jaipur,Mumbai,Economy,166,9,326,21618.48,125,240,3,On Time
FLT-11249,2024-04-27,BlueWing,Lucknow,Kolkata,Premium Economy,145,146,936,23749.92,204,189,3,On Time
FLT-9948,2024-04-27,Falcon Airways,Kolkata,Chennai,Business,186,81,616,44456.5,54,215,4,On Time
FLT-11831,2024-04-27,Air Bharat,Lucknow,Kochi,Business,165,99,912,39610.67,68,152,3,On Time
FLT-11040,2024-04-27,Coastal Air,Delhi,Bengaluru,Economy,80,108,2159,14406.27,97,209,2,On Time
FLT-12789,2024-04-28,SkyJet,Mumbai,Kolkata,Economy,58,118,1450,42755.92,50,217,2,On Time
FLT-9663,2024-04-28,Air Bharat,Delhi,Mumbai,Economy,182,145,261,7376.26,164,179,1,Cancelled
FLT-10791,2024-04-28,Air Bharat,Jaipur,Hyderabad,Economy,114,132,1150,25924.87,146,245,1,On Time
FLT-12708,2024-04-28,IndiGo Air,Kochi,Mumbai,Economy,177,48,1913,43830.31,159,215,1,Delayed
FLT-9648,2024-04-28,IndiGo Air,Delhi,Jaipur,Premium Economy,143,159,273,27131.34,117,199,3,On Time
FLT-11668,2024-04-28,Falcon Airways,Goa,Kochi,Premium Economy,126,21,428,29657.98,67,178,5,Cancelled
FLT-10101,2024-04-28,SkyJet,Goa,Bengaluru,Premium Economy,238,58,724,31849.98,131,184,4,On Time
FLT-11001,2024-04-28,Coastal Air,Goa,Mumbai,Economy,90,57,819,37170.35,126,155,3,On Time
FLT-11797,2024-04-29,Air Bharat,Lucknow,Bengaluru,Economy,111,91,2072,10117.34,140,207,4,On Time
FLT-11045,2024-04-29,Air Bharat,Kolkata,Mumbai,Economy,203,92,2204,3197.56,117,169,2,On Time
FLT-9732,2024-04-29,IndiGo Air,Jaipur,Hyderabad,Premium Economy,159,90,1997,9055.84,211,212,5,On Time
FLT-11140,2024-04-29,Falcon Airways,Delhi,Goa,Economy,178,152,579,42726.0,197,162,4,On Time
FLT-10859,2024-04-29,Coastal Air,Chennai,Kolkata,Economy,92,105,588,29142.17,65,230,4,On Time
FLT-9782,2024-04-29,SkyJet,Hyderabad,Kolkata,Economy,84,70,1210,18085.27,145,164,4,On Time
FLT-9372,2024-04-29,IndiGo Air,Mumbai,Hyderabad,Economy,201,24,2497,33296.71,154,249,2,Delayed
FLT-11468,2024-04-29,BlueWing,Jaipur,Kolkata,Economy,236,110,1407,19514.48,85,181,4,On Time
FLT-12385,2024-04-29,IndiGo Air,Chennai,Delhi,Economy,193,80,2077,32834.32,191,209,2,On Time
FLT-12842,2024-04-29,BlueWing,Jaipur,Bengaluru,Economy,177,46,792,2757.83,59,178,2,On Time
FLT-10116,2024-04-30,BlueWing,Delhi,Jaipur,Economy,206,55,901,26553.82,88,233,1,On Time
FLT-12510,2024-04-30,IndiGo Air,Lucknow,Hyderabad,Premium Economy,171,109,800,33949.68,201,181,2,On Time
FLT-10817,2024-04-30,Air Bharat,Kochi,Bengaluru,Economy,180,61,963,22846.24,201,166,2,On Time
FLT-11843,2024-04-30,Falcon Airways,Goa,Lucknow,Economy,99,80,296,6319.47,108,228,5,On Time
FLT-10026,2024-04-30,Air Bharat,Hyderabad,Mumbai,Economy,178,132,2071,28794.53,218,235,1,Delayed
FLT-10916,2024-04-30,Falcon Airways,Bengaluru,Delhi,Economy,219,12,2353,5241.06,207,161,5,On Time
FLT-10780,2024-04-30,Air Bharat,Kolkata,Goa,Economy,113,145,416,2919.59,111,154,1,On Time
FLT-9172,2024-04-30,Air Bharat,Goa,Bengaluru,Economy,185,84,479,9182.61,122,195,5,On Time
FLT-12593,2024-04-30,Air Bharat,Jaipur,Bengaluru,Economy,67,119,2099,22956.1,131,243,4,Delayed
FLT-11459,2024-05-01,Coastal Air,Delhi,Lucknow,Economy,118,32,870,27434.6,184,183,5,On Time
FLT-12408,2024-05-01,SkyJet,Kochi,Chennai,Economy,153,118,2409,39210.74,178,226,2,On Time
FLT-11899,2024-05-01,Coastal Air,Jaipur,Hyderabad,Economy,92,147,1489,34935.68,213,161,2,On Time
FLT-12773,2024-05-01,Air Bharat,Chennai,Kochi,Economy,130,32,627,17877.44,169,195,4,On Time
FLT-11735,2024-05-01,Air Bharat,Jaipur,Goa,Economy,85,78,1588,15396.37,204,217,4,Delayed
FLT-10940,2024-05-01,Coastal Air,Bengaluru,Jaipur,Economy,142,141,1207,25846.52,55,206,2,On Time
FLT-12115,2024-05-01,BlueWing,Chennai,Delhi,Economy,220,153,1135,21827.14,143,227,3,On Time
FLT-9110,2024-05-01,BlueWing,Goa,Jaipur,Economy,110,153,845,8986.47,191,195,3,On Time
FLT-10766,2024-05-02,Falcon Airways,Goa,Kolkata,Economy,95,39,2075,30673.8,85,190,1,Delayed
FLT-9071,2024-05-02,BlueWing,Hyderabad,Goa,Business,112,37,803,12925.66,141,243,4,On Time
FLT-9005,2024-05-02,Air Bharat,Chennai,Goa,Economy,172,125,1003,33930.64,179,196,4,Delayed
FLT-12968,2024-05-02,BlueWing,Hyderabad,Kochi,Economy,73,177,1125,25303.32,186,199,5,Cancelled
FLT-9969,2024-05-02,Air Bharat,Kolkata,Kochi,Business,211,126,1196,22154.55,150,231,2,On Time
FLT-9283,2024-05-02,Coastal Air,Goa,Lucknow,Economy,104,90,2046,21157.65,118,215,3,On Time
FLT-10401,2024-05-02,Coastal Air,Chennai,Bengaluru,Economy,186,148,1716,13507.07,64,217,4,On Time
FLT-12770,2024-05-02,BlueWing,Kolkata,Lucknow,Economy,204,105,868,30718.21,169,228,5,Delayed
FLT-9161,2024-05-02,Air Bharat,Hyderabad,Chennai,Economy,103,88,2204,37888.45,70,241,1,On Time
FLT-12959,2024-05-02,Air Bharat,Delhi,Bengaluru,Business,219,68,2415,38942.35,102,207,5,On Time
FLT-10183,2024-05-02,SkyJet,Lucknow,Delhi,Premium Economy,224,49,1203,40913.67,54,246,1,On Time
FLT-11261,2024-05-02,Falcon Airways,Kochi,Mumbai,Premium Economy,210,121,258,42475.54,179,241,3,On Time
FLT-10424,2024-05-02,Coastal Air,Kolkata,Chennai,Economy,121,115,1293,19412.21,96,183,1,Delayed
FLT-12366,2024-05-03,Air Bharat,Bengaluru,Chennai,Economy,46,165,1336,7259.23,103,229,5,Delayed
FLT-10826,2024-05-03,BlueWing,Bengaluru,Kochi,Economy,232,42,304,22469.45,206,247,2,On Time
FLT-12294,2024-05-03,IndiGo Air,Mumbai,Chennai,Economy,93,58,234,21358.95,182,248,4,Delayed
FLT-9067,2024-05-03,SkyJet,Delhi,Jaipur,Premium Economy,171,136,1700,9182.81,69,203,5,On Time
FLT-11948,2024-05-03,IndiGo Air,Hyderabad,Mumbai,Economy,211,169,2026,33428.86,53,232,1,Delayed
FLT-11862,2024-05-03,IndiGo Air,Bengaluru,Kochi,Economy,92,127,2105,35507.87,177,224,1,On Time
FLT-12910,2024-05-03,BlueWing,Jaipur,Goa,Premium Economy,115,94,2381,9764.28,117,172,5,On Time
FLT-9539,2024-05-03,SkyJet,Bengaluru,Kolkata,Economy,208,30,1070,29412.34,88,194,3,Delayed
FLT-11793,2024-05-03,Air Bharat,Kolkata,Bengaluru,Premium Economy,232,157,415,5834.24,62,216,3,On Time
FLT-12775,2024-05-03,Air Bharat,Goa,Jaipur,Economy,209,123,1930,27545.75,52,165,4,On Time
FLT-9080,2024-05-03,SkyJet,Chennai,Goa,Economy,63,58,612,8357.7,119,218,3,On Time
FLT-10569,2024-05-03,BlueWing,Delhi,Mumbai,Premium Economy,120,27,392,38289.08,116,219,5,On Time
FLT-9243,2024-05-03,Air Bharat,Kolkata,Kochi,Economy,46,120,2003,43938.34,159,220,5,On Time
FLT-11737,2024-05-03,Air Bharat,Delhi,Lucknow,Economy,158,68,1035,15985.39,147,170,3,On Time
FLT-11481,2024-05-03,IndiGo Air,Mumbai,Kolkata,Economy,197,24,1892,12741.91,141,192,1,Cancelled
FLT-12357,2024-05-03,Falcon Airways,Jaipur,Goa,Economy,186,19,2065,35823.62,69,180,3,On Time
FLT-10076,2024-05-03,BlueWing,Jaipur,Goa,Economy,130,165,1523,30717.68,210,171,2,Delayed
FLT-12068,2024-05-03,BlueWing,Jaipur,Bengaluru,Economy,220,142,1081,25989.24,94,242,5,Delayed
FLT-9659,2024-05-04,Air Bharat,Lucknow,Kochi,Premium Economy,106,47,1388,7816.96,151,183,3,On Time
FLT-12474,2024-05-04,Coastal Air,Delhi,Goa,Economy,49,178,1588,25913.18,57,153,2,On Time
FLT-11512,2024-05-04,BlueWing,Kolkata,Hyderabad,Economy,215,166,719,7446.27,170,162,4,On Time
FLT-10049,2024-05-04,BlueWing,Chennai,Lucknow,Economy,142,179,1470,18897.17,215,176,2,On Time
FLT-10669,2024-05-04,BlueWing,Lucknow,Mumbai,Economy,218,177,1152,13379.86,167,193,1,On Time
FLT-12579,2024-05-04,IndiGo Air,Kolkata,Jaipur,Economy,191,83,1680,27437.84,91,240,4,On Time
FLT-10716,2024-05-04,Air Bharat,Kochi,Mumbai,Economy,138,88,2150,43910.82,58,204,5,On Time
FLT-9575,2024-05-04,Falcon Airways,Bengaluru,Kochi,Premium Economy,46,36,1603,24498.61,102,181,3,On Time
FLT-10683,2024-05-04,Falcon Airways,Mumbai,Kolkata,Economy,114,56,800,6517.93,129,155,1,Delayed
FLT-11574,2024-05-05,BlueWing,Bengaluru,Mumbai,Economy,86,94,1669,28987.89,118,159,3,Delayed
FLT-9144,2024-05-05,SkyJet,Chennai,Hyderabad,Economy,175,100,1891,9671.17,197,248,2,On Time
FLT-12431,2024-05-05,Falcon Airways,Kolkata,Hyderabad,Economy,92,63,982,38956.59,158,185,4,Delayed
FLT-11457,2024-05-05,SkyJet,Mumbai,Bengaluru,Economy,142,113,1287,40890.54,76,229,1,On Time
FLT-12445,2024-05-05,Falcon Airways,Lucknow,Goa,Economy,123,82,192,31708.47,69,166,2,Cancelled
FLT-11464,2024-05-05,Air Bharat,Hyderabad,Mumbai,Premium Economy,184,141,2217,2254.67,78,208,1,Delayed
FLT-9845,2024-05-05,SkyJet,Hyderabad,Lucknow,Business,214,6,2108,14560.76,70,220,2,On Time
FLT-11183,2024-05-05,IndiGo Air,Mumbai,Jaipur,Economy,190,13,1149,33314.87,76,202,5,Delayed
FLT-12583,2024-05-05,Falcon Airways,Chennai,Mumbai,Economy,201,56,710,30665.93,137,172,4,On Time
FLT-12777,2024-05-05,Coastal Air,Kolkata,Hyderabad,Premium Economy,129,178,1350,30552.58,122,188,2,On Time
FLT-10739,2024-05-05,SkyJet,Goa,Mumbai,Premium Economy,47,157,1318,24171.62,193,185,5,On Time
FLT-10231,2024-05-05,IndiGo Air,Jaipur,Lucknow,Economy,184,119,1133,28664.18,118,207,3,On Time
FLT-12948,2024-05-05,Falcon Airways,Goa,Mumbai,Economy,148,168,961,41352.96,100,184,4,On Time
FLT-9839,2024-05-05,Coastal Air,Chennai,Kochi,Economy,58,170,1464,40642.54,217,225,1,On Time
FLT-10267,2024-05-05,BlueWing,Hyderabad,Delhi,Economy,140,164,565,20070.64,197,180,5,Delayed
FLT-9424,2024-05-05,Coastal Air,Kolkata,Jaipur,Business,166,59,1095,38679.02,216,216,3,Delayed
FLT-12001,2024-05-05,Air Bharat,Hyderabad,Mumbai,Economy,235,32,2423,14421.99,216,247,2,On Time
FLT-9220,2024-05-05,BlueWing,Kolkata,Bengaluru,Economy,56,157,343,27901.57,210,236,4,On Time
FLT-10406,2024-05-06,Air Bharat,Delhi,Lucknow,Economy,126,117,560,12222.33,179,214,3,On Time
FLT-9977,2024-05-06,Falcon Airways,Kolkata,Delhi,Economy,224,96,1243,34357.82,106,242,5,On Time
FLT-10025,2024-05-06,Falcon Airways,Hyderabad,Jaipur,Premium Economy,210,132,1127,38073.6,191,229,3,On Time
FLT-10444,2024-05-06,IndiGo Air,Kolkata,Jaipur,Premium Economy,65,73,1302,36546.78,131,204,1,On Time
FLT-9868,2024-05-06,Air Bharat,Mumbai,Lucknow,Premium Economy,229,139,1135,23954.79,160,154,5,On Time
FLT-9459,2024-05-06,SkyJet,Delhi,Jaipur,Economy,52,77,1672,37798.9,186,160,4,On Time
FLT-12698,2024-05-06,BlueWing,Bengaluru,Hyderabad,Economy,195,126,2191,42121.76,88,170,4,On Time
FLT-10775,2024-05-06,Air Bharat,Kochi,Kolkata,Economy,54,95,169,38068.35,89,179,2,On Time
FLT-10074,2024-05-06,Falcon Airways,Bengaluru,Hyderabad,Economy,73,142,1847,26415.85,147,246,5,Delayed
FLT-9912,2024-05-07,Coastal Air,Kolkata,Goa,Economy,152,146,175,30957.66,193,245,4,On Time
FLT-12382,2024-05-07,Air Bharat,Kolkata,Lucknow,Economy,217,174,346,13107.7,147,163,5,On Time
FLT-12685,2024-05-07,Coastal Air,Kolkata,Goa,Economy,230,139,420,16474.64,104,182,4,On Time
FLT-10673,2024-05-07,BlueWing,Hyderabad,Goa,Economy,130,75,324,18714.44,137,184,4,Delayed
FLT-12841,2024-05-07,SkyJet,Kochi,Mumbai,Economy,217,73,1343,9352.2,145,231,4,On Time
FLT-9898,2024-05-07,Coastal Air,Lucknow,Mumbai,Economy,129,118,988,25468.95,175,224,2,Cancelled
FLT-11756,2024-05-07,BlueWing,Kochi,Mumbai,Premium Economy,105,9,1134,15113.9,55,190,1,On Time
FLT-12984,2024-05-07,Coastal Air,Kolkata,Chennai,Economy,221,41,507,8052.82,108,199,5,On Time
FLT-9901,2024-05-07,Falcon Airways,Kolkata,Hyderabad,Economy,169,159,1170,12011.68,68,230,4,On Time
FLT-9347,2024-05-07,SkyJet,Kochi,Delhi,Economy,107,17,1021,32259.68,115,246,5,Delayed
FLT-9801,2024-05-07,Falcon Airways,Delhi,Mumbai,Economy,123,14,502,19571.28,88,185,5,On Time
FLT-12136,2024-05-07,Coastal Air,Goa,Kolkata,Business,63,157,906,15422.46,131,176,4,On Time
FLT-10689,2024-05-07,IndiGo Air,Hyderabad,Delhi,Premium Economy,135,83,1288,29503.19,142,166,5,Delayed
FLT-9934,2024-05-07,Falcon Airways,Hyderabad,Mumbai,Economy,87,100,644,38953.27,219,168,4,On Time
FLT-9413,2024-05-07,BlueWing,Lucknow,Hyderabad,Premium Economy,68,179,300,34414.98,167,227,2,On Time
FLT-11970,2024-05-08,Coastal Air,Lucknow,Chennai,Economy,153,111,1821,31543.37,193,163,2,On Time
FLT-12099,2024-05-08,Falcon Airways,Jaipur,Chennai,Business,203,140,650,30718.07,103,175,3,On Time
FLT-12331,2024-05-08,BlueWing,Hyderabad,Lucknow,Economy,66,160,1988,10048.8,193,168,1,Delayed
FLT-10009,2024-05-08,IndiGo Air,Hyderabad,Goa,Economy,146,75,1031,10103.49,108,219,2,On Time
FLT-11750,2024-05-08,Air Bharat,Delhi,Bengaluru,Economy,88,41,866,30941.71,215,232,3,On Time
FLT-12696,2024-05-09,IndiGo Air,Delhi,Kolkata,Premium Economy,118,165,1794,13335.36,120,168,2,On Time
FLT-9905,2024-05-09,BlueWing,Delhi,Kochi,Economy,194,171,1682,25106.48,167,236,3,On Time
FLT-9911,2024-05-09,Coastal Air,Mumbai,Bengaluru,Economy,136,134,1016,32951.59,210,236,4,On Time
FLT-11884,2024-05-09,SkyJet,Mumbai,Kolkata,Economy,64,173,155,18760.2,129,238,2,On Time
FLT-10711,2024-05-09,IndiGo Air,Mumbai,Chennai,Economy,99,67,1740,17373.44,143,163,3,On Time
FLT-11113,2024-05-09,Falcon Airways,Lucknow,Kolkata,Economy,124,2,1840,37753.31,208,247,2,On Time
FLT-9435,2024-05-09,Falcon Airways,Chennai,Delhi,Economy,173,140,816,38840.71,91,231,4,On Time
FLT-12482,2024-05-09,IndiGo Air,Kolkata,Hyderabad,Economy,208,23,636,24567.96,160,192,4,On Time
FLT-10530,2024-05-09,SkyJet,Chennai,Goa,Premium Economy,228,62,1416,5109.09,145,193,5,On Time
FLT-12723,2024-05-09,Coastal Air,Lucknow,Chennai,Economy,125,126,1155,19278.35,116,210,1,On Time
FLT-10609,2024-05-09,Air Bharat,Kolkata,Chennai,Economy,68,44,1722,22177.29,71,168,5,On Time
FLT-9178,2024-05-10,Air Bharat,Kolkata,Goa,Business,108,91,831,34074.75,186,202,1,On Time
FLT-12139,2024-05-10,Air Bharat,Jaipur,Delhi,Economy,149,39,2308,40060.53,130,217,2,On Time
FLT-10446,2024-05-10,Air Bharat,Kochi,Lucknow,Economy,127,18,1881,4804.79,55,177,5,On Time
FLT-11177,2024-05-10,Air Bharat,Hyderabad,Kolkata,Economy,119,122,1363,24709.6,152,197,3,On Time
FLT-9744,2024-05-10,SkyJet,Lucknow,Kolkata,Economy,227,91,1239,30042.92,105,188,4,On Time
FLT-11818,2024-05-10,Falcon Airways,Hyderabad,Goa,Economy,234,153,2180,17018.99,186,204,3,On Time
FLT-11370,2024-05-10,Air Bharat,Goa,Delhi,Economy,168,31,2148,17003.4,201,170,5,On Time
FLT-10806,2024-05-10,BlueWing,Kochi,Chennai,Economy,55,73,557,31580.32,72,156,4,On Time
FLT-12424,2024-05-10,IndiGo Air,Bengaluru,Goa,Economy,237,17,2229,38028.24,54,155,2,On Time
FLT-12174,2024-05-10,Falcon Airways,Hyderabad,Goa,Premium Economy,113,115,2479,15967.33,135,196,4,On Time
FLT-9176,2024-05-10,Falcon Airways,Kolkata,Jaipur,Business,169,87,1688,31026.21,58,202,1,On Time
FLT-9388,2024-05-10,BlueWing,Goa,Hyderabad,Economy,171,76,1310,5842.66,104,198,3,Delayed
FLT-9206,2024-05-10,Air Bharat,Bengaluru,Chennai,Economy,104,119,715,9873.95,95,238,1,On Time
FLT-12406,2024-05-11,SkyJet,Lucknow,Hyderabad,Economy,226,102,1448,12634.76,67,172,4,On Time
FLT-9248,2024-05-11,Air Bharat,Chennai,Kochi,Economy,152,112,1710,35537.0,139,236,4,On Time
FLT-9410,2024-05-11,SkyJet,Lucknow,Mumbai,Premium Economy,183,123,486,28728.99,68,176,5,On Time
FLT-11673,2024-05-11,Falcon Airways,Mumbai,Hyderabad,Economy,65,101,1959,31149.01,185,173,4,On Time
FLT-11676,2024-05-11,SkyJet,Delhi,Hyderabad,Premium Economy,202,6,1608,9204.69,57,150,3,On Time
FLT-9863,2024-05-11,Air Bharat,Kochi,Mumbai,Premium Economy,157,62,1723,35165.91,105,217,3,On Time
FLT-10040,2024-05-11,Coastal Air,Kochi,Kolkata,Business,239,158,1174,20983.59,132,230,2,On Time
FLT-9432,2024-05-11,Falcon Airways,Mumbai,Delhi,Economy,148,98,1106,15727.18,127,151,4,On Time
FLT-11806,2024-05-11,Coastal Air,Chennai,Kochi,Economy,74,166,1899,27841.58,87,225,4,On Time
FLT-10263,2024-05-11,SkyJet,Lucknow,Delhi,Economy,72,27,1709,26849.31,209,201,2,Delayed
FLT-10896,2024-05-11,Coastal Air,Jaipur,Chennai,Economy,89,65,560,9198.15,90,203,5,On Time
FLT-9217,2024-05-12,BlueWing,Goa,Chennai,Economy,109,68,2378,8976.06,216,249,4,On Time
FLT-11317,2024-05-12,SkyJet,Kolkata,Lucknow,Premium Economy,124,122,1033,29104.44,61,215,5,On Time
FLT-10486,2024-05-12,Falcon Airways,Chennai,Lucknow,Economy,56,143,278,27159.02,166,237,5,Delayed
FLT-9769,2024-05-12,Falcon Airways,Jaipur,Kochi,Economy,66,175,1784,7089.65,204,237,4,On Time
FLT-9485,2024-05-12,Falcon Airways,Hyderabad,Goa,Premium Economy,81,116,198,9191.4,60,174,4,Cancelled
FLT-10179,2024-05-12,Air Bharat,Jaipur,Chennai,Economy,64,93,1262,34395.58,85,152,2,On Time
FLT-10501,2024-05-12,BlueWing,Goa,Delhi,Economy,115,52,527,40743.83,111,184,3,On Time
FLT-10096,2024-05-12,BlueWing,Goa,Kochi,Business,149,171,822,10312.47,143,153,3,On Time
FLT-11978,2024-05-12,Coastal Air,Hyderabad,Lucknow,Economy,193,135,466,32821.19,162,228,5,On Time
FLT-11847,2024-05-12,Coastal Air,Goa,Kochi,Business,161,60,528,21183.82,199,225,4,On Time
FLT-12171,2024-05-12,SkyJet,Lucknow,Jaipur,Economy,207,41,1358,20859.9,90,185,2,Delayed
FLT-11578,2024-05-12,BlueWing,Delhi,Bengaluru,Economy,150,11,1322,44790.1,118,215,5,Delayed
FLT-10841,2024-05-12,Air Bharat,Kochi,Kolkata,Economy,180,56,2446,41781.7,86,241,1,On Time
FLT-9007,2024-05-13,Air Bharat,Delhi,Kolkata,Economy,71,100,1570,5893.09,87,152,3,On Time
FLT-11956,2024-05-13,SkyJet,Kolkata,Chennai,Economy,115,177,846,23899.84,61,157,2,On Time
FLT-9056,2024-05-13,BlueWing,Goa,Bengaluru,Premium Economy,134,9,647,43067.29,161,165,5,On Time
FLT-12975,2024-05-13,SkyJet,Kochi,Jaipur,Economy,60,104,205,24583.6,58,195,1,Delayed
FLT-12850,2024-05-13,IndiGo Air,Goa,Mumbai,Economy,127,27,1963,24413.15,160,236,5,On Time
FLT-12886,2024-05-13,BlueWing,Lucknow,Chennai,Economy,193,2,2074,36881.71,154,215,2,Delayed
FLT-9814,2024-05-13,BlueWing,Jaipur,Kolkata,Economy,145,30,364,31006.33,171,173,3,Delayed
FLT-10957,2024-05-13,Coastal Air,Chennai,Kochi,Economy,119,58,486,41896.58,92,152,4,On Time
FLT-12940,2024-05-14,IndiGo Air,Jaipur,Kolkata,Economy,239,149,1126,11589.0,198,243,5,On Time
FLT-9337,2024-05-14,IndiGo Air,Kochi,Delhi,Premium Economy,203,153,1688,23411.11,162,234,1,On Time
FLT-12703,2024-05-14,BlueWing,Goa,Bengaluru,Economy,82,0,1487,4249.64,215,191,3,On Time
FLT-9710,2024-05-14,Falcon Airways,Hyderabad,Delhi,Economy,65,126,240,42553.07,145,200,1,On Time
FLT-11931,2024-05-14,BlueWing,Hyderabad,Mumbai,Premium Economy,168,104,2367,13461.58,206,202,3,On Time
FLT-9718,2024-05-14,Coastal Air,Jaipur,Hyderabad,Economy,188,47,1011,16069.86,81,197,2,On Time
FLT-11575,2024-05-14,BlueWing,Kolkata,Jaipur,Business,45,143,751,41345.27,163,221,4,On Time
FLT-12865,2024-05-14,BlueWing,Kolkata,Chennai,Economy,180,7,800,36540.93,85,172,4,On Time
FLT-10986,2024-05-14,IndiGo Air,Bengaluru,Delhi,Economy,109,178,369,24168.74,63,224,3,On Time
FLT-12926,2024-05-14,Falcon Airways,Goa,Bengaluru,Economy,59,52,1346,2319.99,152,235,1,Delayed
FLT-10988,2024-05-15,Coastal Air,Kolkata,Chennai,Economy,193,33,283,5599.72,127,225,3,On Time
FLT-12009,2024-05-15,Coastal Air,Kolkata,Kochi,Economy,172,79,895,24961.22,210,186,5,On Time
FLT-9630,2024-05-15,Air Bharat,Kolkata,Kochi,Economy,151,122,498,25618.42,184,161,2,On Time
FLT-12493,2024-05-15,Air Bharat,Hyderabad,Chennai,Economy,45,55,779,27290.39,158,183,2,On Time
FLT-12439,2024-05-15,IndiGo Air,Kochi,Lucknow,Economy,56,120,1742,27940.5,82,195,1,Cancelled
FLT-11141,2024-05-15,BlueWing,Hyderabad,Kolkata,Business,191,76,1462,32024.45,69,220,1,On Time
FLT-9855,2024-05-15,IndiGo Air,Kolkata,Lucknow,Premium Economy,222,159,2228,6548.96,73,220,5,Delayed
FLT-12420,2024-05-15,Coastal Air,Jaipur,Delhi,Premium Economy,107,2,2492,36040.45,93,153,4,Delayed
FLT-12377,2024-05-15,SkyJet,Kochi,Goa,Economy,87,107,2061,39033.76,66,155,3,Delayed
FLT-9251,2024-05-15,Coastal Air,Mumbai,Bengaluru,Economy,117,123,1053,32764.91,138,194,4,On Time
FLT-10983,2024-05-15,Coastal Air,Mumbai,Kolkata,Economy,195,62,1238,10209.82,72,225,5,On Time
FLT-12345,2024-05-16,Falcon Airways,Lucknow,Chennai,Economy,182,3,1782,26628.52,159,164,2,Delayed
FLT-10748,2024-05-16,Falcon Airways,Kolkata,Jaipur,Economy,216,175,592,16831.3,60,198,1,On Time
FLT-12602,2024-05-16,Coastal Air,Chennai,Kochi,Economy,164,101,272,41481.36,159,204,4,On Time
FLT-10788,2024-05-16,BlueWing,Jaipur,Hyderabad,Economy,219,174,1484,2212.63,188,240,2,On Time
FLT-12437,2024-05-16,SkyJet,Hyderabad,Kochi,Economy,137,79,691,10284.93,63,243,2,On Time
FLT-10551,2024-05-16,Falcon Airways,Chennai,Delhi,Business,95,97,2401,30066.17,132,223,3,On Time
FLT-10676,2024-05-16,Coastal Air,Chennai,Goa,Business,99,24,2444,22269.89,204,246,3,Delayed
FLT-10506,2024-05-16,Falcon Airways,Chennai,Jaipur,Premium Economy,114,77,1683,6587.42,166,164,4,On Time
FLT-9326,2024-05-16,BlueWing,Mumbai,Chennai,Economy,204,156,2407,25554.18,145,218,3,On Time
FLT-12415,2024-05-16,BlueWing,Kolkata,Kochi,Business,175,49,1596,31755.0,129,246,4,Delayed
FLT-12832,2024-05-16,Falcon Airways,Goa,Chennai,Business,171,116,1655,42967.84,155,177,3,On Time
FLT-11196,2024-05-16,BlueWing,Hyderabad,Mumbai,Economy,201,13,1479,27517.68,127,218,4,On Time
FLT-9807,2024-05-16,Coastal Air,Hyderabad,Kochi,Economy,76,32,2209,36384.16,187,206,1,On Time
FLT-10665,2024-05-17,Falcon Airways,Chennai,Jaipur,Economy,68,86,1684,5996.55,133,188,5,Delayed
FLT-10079,2024-05-17,Air Bharat,Chennai,Hyderabad,Economy,180,49,853,28882.76,212,180,3,On Time
FLT-11923,2024-05-17,BlueWing,Delhi,Chennai,Business,227,96,2406,4440.9,164,155,4,On Time
FLT-12292,2024-05-17,IndiGo Air,Mumbai,Lucknow,Premium Economy,105,21,378,42779.45,82,242,5,On Time
FLT-11698,2024-05-17,IndiGo Air,Mumbai,Kolkata,Economy,114,6,1690,13371.53,79,204,1,Cancelled
FLT-9130,2024-05-17,BlueWing,Goa,Bengaluru,Premium Economy,103,53,373,23824.31,126,215,1,On Time
FLT-11719,2024-05-17,Air Bharat,Mumbai,Chennai,Economy,176,95,1694,41774.79,74,226,5,Cancelled
FLT-11819,2024-05-17,Coastal Air,Kochi,Chennai,Economy,67,102,1335,28184.25,102,218,5,On Time
FLT-11601,2024-05-17,BlueWing,Kochi,Mumbai,Economy,80,53,890,14958.94,54,241,1,On Time
FLT-12486,2024-05-17,BlueWing,Kochi,Delhi,Economy,137,125,423,5815.97,65,152,5,On Time
FLT-10492,2024-05-17,Coastal Air,Kochi,Bengaluru,Economy,185,150,1905,37511.92,151,234,5,On Time
FLT-10251,2024-05-17,BlueWing,Goa,Kolkata,Economy,218,30,1171,27150.58,120,150,4,On Time
FLT-10067,2024-05-17,Coastal Air,Lucknow,Jaipur,Economy,165,7,2076,44130.83,52,164,3,On Time
FLT-11274,2024-05-17,Coastal Air,Kolkata,Bengaluru,Economy,183,94,270,14029.65,112,188,3,Delayed
FLT-9713,2024-05-18,BlueWing,Jaipur,Kochi,Economy,190,95,1859,8362.25,60,231,5,On Time
FLT-11543,2024-05-18,IndiGo Air,Delhi,Mumbai,Economy,45,62,1719,6039.17,205,247,5,On Time
FLT-9833,2024-05-18,IndiGo Air,Lucknow,Bengaluru,Economy,129,29,764,35260.74,53,198,1,Delayed
FLT-10200,2024-05-18,SkyJet,Jaipur,Hyderabad,Economy,210,95,2042,4605.37,161,243,5,On Time
FLT-12082,2024-05-18,SkyJet,Hyderabad,Lucknow,Economy,239,105,630,12160.19,68,181,4,On Time
FLT-9444,2024-05-18,BlueWing,Hyderabad,Delhi,Economy,138,82,1822,12166.73,68,215,2,Delayed
FLT-9614,2024-05-18,SkyJet,Goa,Hyderabad,Economy,179,32,975,7978.58,188,159,1,On Time
FLT-10671,2024-05-18,Coastal Air,Kochi,Goa,Economy,175,66,2074,40559.34,117,221,4,On Time
FLT-11405,2024-05-18,IndiGo Air,Jaipur,Goa,Business,93,52,2272,32641.63,58,154,4,On Time
FLT-11949,2024-05-18,IndiGo Air,Kolkata,Bengaluru,Economy,211,24,1844,33714.41,146,221,2,Delayed
FLT-12425,2024-05-18,IndiGo Air,Bengaluru,Kochi,Economy,174,111,1181,36747.37,78,156,5,Delayed
FLT-9854,2024-05-18,Falcon Airways,Lucknow,Mumbai,Economy,84,104,2456,9566.87,99,189,5,On Time
FLT-11950,2024-05-18,Coastal Air,Kochi,Chennai,Economy,96,24,458,3877.81,68,158,5,Delayed
FLT-9204,2024-05-18,BlueWing,Kolkata,Kochi,Economy,91,81,1056,25512.97,202,237,5,On Time
FLT-10034,2024-05-18,Coastal Air,Kochi,Chennai,Business,169,81,2054,27021.88,139,173,4,On Time
FLT-10317,2024-05-18,IndiGo Air,Lucknow,Hyderabad,Economy,198,100,1147,27247.14,148,152,5,On Time
FLT-10206,2024-05-19,Air Bharat,Jaipur,Lucknow,Economy,173,131,1976,20526.47,164,227,4,On Time
FLT-11992,2024-05-19,Air Bharat,Chennai,Delhi,Economy,228,153,1610,12201.52,102,215,4,On Time
FLT-12906,2024-05-19,BlueWing,Jaipur,Kolkata,Economy,110,133,2208,24822.56,180,219,3,On Time
FLT-12049,2024-05-19,Air Bharat,Goa,Bengaluru,Economy,235,55,743,36052.42,88,164,2,On Time
FLT-10321,2024-05-19,SkyJet,Kolkata,Hyderabad,Premium Economy,87,77,797,24639.27,139,234,2,On Time
FLT-11608,2024-05-19,SkyJet,Kochi,Chennai,Economy,219,59,1940,10893.29,113,156,1,On Time
FLT-12902,2024-05-19,SkyJet,Chennai,Jaipur,Economy,83,96,226,25912.05,108,159,3,On Time
FLT-12635,2024-05-19,Coastal Air,Goa,Kolkata,Economy,90,67,1851,23045.72,194,153,1,On Time
FLT-10220,2024-05-20,BlueWing,Goa,Kolkata,Business,168,100,2499,40228.25,183,165,3,On Time
FLT-10798,2024-05-20,Coastal Air,Jaipur,Goa,Premium Economy,196,177,1646,22109.93,207,249,1,On Time
FLT-12225,2024-05-20,SkyJet,Bengaluru,Kochi,Economy,181,99,1148,32825.16,111,233,4,On Time
FLT-10858,2024-05-20,BlueWing,Mumbai,Chennai,Economy,213,60,1381,40736.5,131,220,3,Delayed
FLT-11690,2024-05-20,Coastal Air,Jaipur,Bengaluru,Economy,195,161,509,26732.86,52,193,2,On Time
FLT-11619,2024-05-20,Coastal Air,Chennai,Goa,Economy,85,2,752,21169.09,177,177,1,On Time
FLT-9535,2024-05-20,SkyJet,Delhi,Goa,Premium Economy,124,5,2193,11897.32,178,207,1,On Time
FLT-10488,2024-05-20,SkyJet,Lucknow,Chennai,Economy,200,173,412,23504.63,56,208,4,On Time
FLT-11880,2024-05-20,Air Bharat,Kochi,Hyderabad,Economy,174,41,705,17069.0,102,155,2,Delayed
FLT-11891,2024-05-20,SkyJet,Chennai,Delhi,Premium Economy,77,10,1835,34544.68,147,205,2,On Time
FLT-10293,2024-05-20,Falcon Airways,Delhi,Bengaluru,Economy,52,120,448,44806.62,79,171,2,Delayed
FLT-12963,2024-05-20,BlueWing,Kolkata,Delhi,Economy,128,157,508,4101.56,205,240,3,On Time
FLT-11050,2024-05-20,Falcon Airways,Kolkata,Delhi,Premium Economy,223,165,2195,15252.33,117,220,4,On Time
FLT-11155,2024-05-20,Air Bharat,Kolkata,Chennai,Economy,206,12,466,20498.79,109,160,3,On Time
FLT-12358,2024-05-20,Coastal Air,Kochi,Delhi,Economy,84,11,331,21950.9,112,246,2,Cancelled
FLT-9200,2024-05-20,Falcon Airways,Delhi,Goa,Economy,121,31,2000,14801.91,64,152,3,On Time
FLT-10002,2024-05-21,Falcon Airways,Hyderabad,Lucknow,Economy,172,141,2004,7702.89,185,205,3,On Time
FLT-11755,2024-05-21,Falcon Airways,Kolkata,Jaipur,Economy,116,108,1477,8662.13,194,185,1,On Time
FLT-10123,2024-05-21,Coastal Air,Hyderabad,Lucknow,Economy,108,62,2043,17398.52,106,219,4,On Time
FLT-9280,2024-05-21,Coastal Air,Delhi,Goa,Economy,168,111,2376,21448.2,87,190,4,On Time
FLT-12956,2024-05-21,Falcon Airways,Jaipur,Delhi,Business,141,72,1855,19952.49,96,162,1,Cancelled
FLT-12644,2024-05-21,Falcon Airways,Goa,Jaipur,Premium Economy,56,65,2159,10653.81,138,179,2,On Time
FLT-11808,2024-05-21,Air Bharat,Chennai,Kolkata,Economy,165,15,2001,10886.9,165,211,2,Delayed
FLT-10926,2024-05-21,SkyJet,Jaipur,Mumbai,Business,78,47,2067,30543.22,165,197,3,On Time
FLT-10039,2024-05-21,SkyJet,Goa,Lucknow,Economy,73,117,2262,36649.19,76,196,2,On Time
FLT-12104,2024-05-21,SkyJet,Bengaluru,Jaipur,Economy,174,49,848,11319.51,117,211,3,On Time
FLT-12933,2024-05-21,Air Bharat,Lucknow,Delhi,Premium Economy,180,28,740,39999.25,63,238,1,On Time
FLT-11182,2024-05-22,BlueWing,Kochi,Lucknow,Economy,75,14,1924,4014.68,81,200,1,On Time
FLT-10743,2024-05-22,Air Bharat,Goa,Hyderabad,Economy,119,169,2353,9417.84,116,189,3,Cancelled
FLT-10654,2024-05-22,Air Bharat,Delhi,Goa,Economy,177,152,1038,16575.41,196,164,3,On Time
FLT-11042,2024-05-22,IndiGo Air,Delhi,Bengaluru,Economy,89,56,1070,41180.6,197,162,5,Delayed
FLT-10308,2024-05-22,IndiGo Air,Lucknow,Delhi,Economy,132,143,1502,44836.69,163,150,4,Delayed
FLT-10622,2024-05-22,Falcon Airways,Bengaluru,Kolkata,Economy,107,136,2315,3839.67,197,213,3,On Time
FLT-10274,2024-05-22,SkyJet,Kolkata,Kochi,Economy,71,79,705,31014.39,58,197,4,On Time
FLT-12315,2024-05-22,Air Bharat,Kolkata,Lucknow,Economy,50,160,1857,19512.47,168,168,1,On Time
FLT-10017,2024-05-22,SkyJet,Kochi,Mumbai,Business,69,53,1796,39493.3,144,228,1,On Time
FLT-11749,2024-05-22,IndiGo Air,Mumbai,Goa,Premium Economy,90,151,2134,15042.73,157,212,3,Delayed
FLT-12269,2024-05-22,BlueWing,Chennai,Bengaluru,Economy,68,83,337,21748.42,173,242,3,On Time
FLT-11902,2024-05-22,IndiGo Air,Mumbai,Kochi,Economy,73,156,1083,38958.29,186,183,1,On Time
FLT-9381,2024-05-22,BlueWing,Kochi,Chennai,Economy,60,93,1391,28008.18,104,201,4,On Time
FLT-10613,2024-05-22,BlueWing,Chennai,Bengaluru,Economy,68,91,1720,5939.13,216,233,4,Delayed
FLT-10913,2024-05-22,SkyJet,Lucknow,Delhi,Economy,189,46,152,20231.46,69,170,4,On Time
FLT-11450,2024-05-23,Coastal Air,Lucknow,Hyderabad,Premium Economy,165,113,1731,8600.1,157,248,1,On Time
FLT-10634,2024-05-23,Coastal Air,Bengaluru,Kolkata,Premium Economy,105,38,290,35222.02,97,169,3,Cancelled
FLT-9829,2024-05-23,Air Bharat,Goa,Mumbai,Business,120,10,1160,4284.47,150,168,3,On Time
FLT-12109,2024-05-23,SkyJet,Bengaluru,Kochi,Economy,89,168,2017,22470.19,113,190,4,Delayed
FLT-12442,2024-05-23,SkyJet,Delhi,Bengaluru,Economy,54,72,1995,38922.82,186,165,3,Delayed
FLT-9779,2024-05-23,Falcon Airways,Kolkata,Goa,Economy,208,173,1294,29819.24,139,241,5,On Time
FLT-10987,2024-05-23,IndiGo Air,Kolkata,Goa,Business,80,156,2497,32663.09,219,229,1,On Time
FLT-9018,2024-05-24,BlueWing,Kolkata,Bengaluru,Economy,112,71,2418,31514.33,109,162,5,On Time
FLT-12839,2024-05-24,BlueWing,Hyderabad,Kolkata,Economy,181,47,2408,26187.56,203,247,5,On Time
FLT-11791,2024-05-24,IndiGo Air,Chennai,Goa,Economy,198,24,2246,36191.62,76,198,3,Delayed
FLT-11805,2024-05-24,Air Bharat,Hyderabad,Goa,Premium Economy,183,1,1291,43136.1,179,160,5,On Time
FLT-11953,2024-05-24,Falcon Airways,Jaipur,Chennai,Economy,119,34,173,34106.16,137,222,3,On Time
FLT-10975,2024-05-24,Falcon Airways,Kolkata,Delhi,Business,218,101,2330,21187.74,140,166,4,Delayed
FLT-11981,2024-05-24,Falcon Airways,Jaipur,Mumbai,Economy,108,83,509,10173.09,77,235,2,Delayed
FLT-9657,2024-05-24,Coastal Air,Kochi,Goa,Business,196,27,2118,5168.48,185,232,4,On Time
FLT-12472,2024-05-24,Falcon Airways,Lucknow,Kochi,Economy,177,75,2403,39898.15,166,163,2,On Time
FLT-11316,2024-05-24,BlueWing,Delhi,Bengaluru,Economy,73,101,2233,3908.36,199,159,5,On Time
FLT-10077,2024-05-24,Coastal Air,Chennai,Kolkata,Economy,213,31,2352,19338.15,152,157,2,On Time
FLT-9848,2024-05-24,SkyJet,Delhi,Jaipur,Economy,96,121,2188,13872.0,77,197,1,On Time
FLT-11279,2024-05-24,SkyJet,Bengaluru,Jaipur,Economy,187,7,1683,17753.08,205,192,2,On Time
FLT-10011,2024-05-24,SkyJet,Mumbai,Kochi,Economy,202,157,1966,34365.58,112,199,3,Delayed
FLT-11664,2024-05-25,Air Bharat,Kolkata,Hyderabad,Premium Economy,217,15,1582,23224.03,66,207,5,Delayed
FLT-10126,2024-05-25,IndiGo Air,Mumbai,Kolkata,Premium Economy,55,109,1935,5369.38,177,181,2,On Time
FLT-9511,2024-05-25,Falcon Airways,Jaipur,Kolkata,Premium Economy,202,44,2461,32914.15,133,232,4,Delayed
FLT-12163,2024-05-25,SkyJet,Chennai,Delhi,Business,225,137,2138,18272.97,186,178,1,On Time
FLT-9207,2024-05-25,Coastal Air,Kolkata,Bengaluru,Premium Economy,137,8,514,29245.47,84,164,1,Delayed
FLT-12236,2024-05-25,SkyJet,Bengaluru,Lucknow,Economy,121,67,1826,26306.84,110,166,2,On Time
FLT-10603,2024-05-25,Coastal Air,Bengaluru,Jaipur,Business,71,58,1396,19147.84,60,152,3,On Time
FLT-10724,2024-05-26,IndiGo Air,Kolkata,Mumbai,Economy,187,140,730,8374.05,217,229,2,On Time
FLT-12327,2024-05-26,Air Bharat,Kolkata,Bengaluru,Economy,170,29,561,3479.32,93,228,2,On Time
FLT-10790,2024-05-26,SkyJet,Chennai,Goa,Economy,112,19,1505,38513.4,97,173,1,On Time
FLT-9971,2024-05-26,Falcon Airways,Delhi,Lucknow,Economy,75,137,2078,43026.05,166,189,3,On Time
FLT-11647,2024-05-26,Air Bharat,Kolkata,Jaipur,Economy,124,86,172,14192.12,70,164,4,On Time
FLT-11441,2024-05-26,Air Bharat,Hyderabad,Kochi,Economy,61,179,356,3016.69,170,233,1,On Time
FLT-12430,2024-05-26,Air Bharat,Kolkata,Lucknow,Economy,68,139,187,10923.9,216,237,2,On Time
FLT-10522,2024-05-26,Coastal Air,Goa,Chennai,Premium Economy,228,56,2228,19965.26,183,243,4,Delayed
FLT-10577,2024-05-26,Falcon Airways,Bengaluru,Hyderabad,Economy,108,176,1835,12849.39,114,187,4,On Time
FLT-10471,2024-05-27,Air Bharat,Jaipur,Mumbai,Economy,231,131,2372,42571.19,219,185,3,On Time
FLT-10915,2024-05-27,Falcon Airways,Goa,Chennai,Premium Economy,53,59,929,14367.47,215,184,4,Cancelled
FLT-9577,2024-05-27,IndiGo Air,Kochi,Hyderabad,Economy,231,93,590,37243.63,193,184,5,Delayed
FLT-12676,2024-05-27,SkyJet,Jaipur,Goa,Economy,88,43,1067,29987.08,83,154,1,On Time
FLT-11685,2024-05-27,Air Bharat,Hyderabad,Chennai,Economy,196,48,1161,27252.36,193,231,5,On Time
FLT-9323,2024-05-27,Coastal Air,Mumbai,Lucknow,Economy,75,78,221,37104.85,174,225,3,On Time
FLT-9787,2024-05-27,Falcon Airways,Goa,Mumbai,Premium Economy,198,129,1838,14409.45,69,193,2,On Time
FLT-9735,2024-05-27,Coastal Air,Mumbai,Kochi,Economy,113,133,1168,23427.68,144,211,2,Delayed
FLT-11883,2024-05-27,Falcon Airways,Hyderabad,Chennai,Economy,92,62,1624,24483.41,52,249,3,On Time
FLT-12541,2024-05-27,BlueWing,Mumbai,Lucknow,Economy,202,79,2439,35318.06,93,242,1,On Time
FLT-9092,2024-05-27,BlueWing,Chennai,Lucknow,Economy,76,156,360,27421.74,135,244,2,On Time
FLT-12526,2024-05-27,Falcon Airways,Goa,Hyderabad,Economy,196,100,2385,4274.48,157,185,3,Delayed
FLT-11627,2024-05-27,SkyJet,Bengaluru,Kolkata,Economy,181,54,404,17298.6,137,154,2,On Time
FLT-11012,2024-05-27,Coastal Air,Jaipur,Bengaluru,Economy,188,47,979,12527.25,55,228,4,On Time
FLT-11848,2024-05-28,Air Bharat,Goa,Chennai,Economy,148,125,1482,36977.92,137,215,5,On Time
FLT-11006,2024-05-28,IndiGo Air,Lucknow,Goa,Economy,218,100,2063,6632.75,208,235,5,On Time
FLT-9412,2024-05-28,Falcon Airways,Chennai,Mumbai,Economy,182,35,1965,5084.28,84,239,1,On Time
FLT-9231,2024-05-28,SkyJet,Goa,Delhi,Economy,228,132,1915,30342.86,132,248,3,On Time
FLT-12128,2024-05-28,Air Bharat,Kochi,Bengaluru,Economy,77,85,1329,43569.28,114,152,1,On Time
FLT-11135,2024-05-28,Air Bharat,Jaipur,Hyderabad,Economy,228,98,1878,6778.86,96,192,1,Delayed
FLT-11661,2024-05-28,Air Bharat,Kolkata,Hyderabad,Economy,181,79,443,2924.37,73,220,2,Delayed
FLT-12819,2024-05-28,SkyJet,Lucknow,Delhi,Economy,115,153,1998,26635.85,124,241,5,Delayed
FLT-10102,2024-05-28,Coastal Air,Goa,Kochi,Economy,104,102,219,26732.83,61,230,5,Delayed
FLT-12303,2024-05-28,Coastal Air,Delhi,Hyderabad,Economy,128,25,2452,41837.2,187,196,4,On Time
FLT-11031,2024-05-29,Falcon Airways,Mumbai,Lucknow,Economy,70,94,863,7027.97,80,187,2,Delayed
FLT-9256,2024-05-29,Air Bharat,Delhi,Lucknow,Economy,67,83,1292,21569.86,111,188,5,On Time
FLT-12418,2024-05-29,SkyJet,Lucknow,Mumbai,Economy,235,131,911,25384.02,201,218,1,On Time
FLT-10065,2024-05-29,IndiGo Air,Jaipur,Chennai,Economy,81,121,498,8809.52,119,184,4,Cancelled
FLT-12953,2024-05-29,Air Bharat,Bengaluru,Hyderabad,Economy,67,52,821,39162.17,192,210,4,On Time
FLT-10978,2024-05-29,SkyJet,Kolkata,Hyderabad,Economy,229,35,1793,23127.69,132,243,2,On Time
FLT-11622,2024-05-29,Coastal Air,Delhi,Jaipur,Economy,153,120,1320,11674.2,53,210,3,On Time
FLT-11772,2024-05-29,BlueWing,Mumbai,Hyderabad,Economy,148,148,256,43726.48,176,175,5,On Time
FLT-12981,2024-05-29,IndiGo Air,Hyderabad,Goa,Premium Economy,172,50,1733,42478.56,95,179,3,Delayed
FLT-11628,2024-05-29,BlueWing,Jaipur,Bengaluru,Premium Economy,59,122,2066,32570.99,80,175,1,On Time
FLT-9763,2024-05-29,BlueWing,Goa,Chennai,Business,112,96,432,37496.53,168,154,1,Delayed
FLT-12691,2024-05-29,Air Bharat,Mumbai,Chennai,Economy,197,97,987,4649.79,63,166,4,On Time
FLT-11639,2024-05-30,BlueWing,Chennai,Delhi,Economy,152,1,578,42924.36,82,157,5,Delayed
FLT-9104,2024-05-30,Falcon Airways,Delhi,Kochi,Economy,221,61,2071,28503.14,142,229,1,On Time
FLT-12055,2024-05-30,Coastal Air,Bengaluru,Kolkata,Economy,56,43,2226,14505.1,53,204,5,On Time
FLT-12675,2024-05-30,Air Bharat,Kolkata,Jaipur,Business,51,65,1374,4931.04,52,218,2,Delayed
FLT-11624,2024-05-30,Falcon Airways,Bengaluru,Kochi,Economy,191,80,1730,18693.45,153,160,5,On Time
FLT-10342,2024-05-30,Falcon Airways,Delhi,Kolkata,Premium Economy,168,163,2354,15777.35,60,237,4,On Time
FLT-9719,2024-05-30,Air Bharat,Delhi,Chennai,Premium Economy,141,85,1636,40460.35,178,235,3,On Time
FLT-9989,2024-05-30,IndiGo Air,Kochi,Mumbai,Economy,148,70,536,9800.33,94,246,3,On Time
FLT-10751,2024-05-31,Air Bharat,Hyderabad,Kochi,Economy,55,3,764,2815.54,97,152,1,On Time
FLT-9804,2024-05-31,BlueWing,Delhi,Hyderabad,Economy,119,108,594,16426.68,135,245,3,On Time
FLT-12007,2024-05-31,Air Bharat,Chennai,Hyderabad,Economy,142,157,1157,32959.13,139,191,2,On Time
FLT-9606,2024-05-31,Falcon Airways,Chennai,Hyderabad,Economy,125,39,1495,27675.98,199,150,2,Delayed
FLT-11446,2024-05-31,IndiGo Air,Jaipur,Hyderabad,Premium Economy,133,64,1640,24304.86,117,242,3,On Time
FLT-9761,2024-05-31,Air Bharat,Hyderabad,Jaipur,Economy,74,138,1652,43646.46,209,180,3,On Time
FLT-9241,2024-05-31,Coastal Air,Hyderabad,Delhi,Economy,56,98,2030,24702.95,211,179,4,On Time
FLT-10946,2024-05-31,Coastal Air,Chennai,Delhi,Economy,207,165,622,3327.93,57,197,1,On Time
FLT-10046,2024-05-31,Coastal Air,Mumbai,Goa,Economy,73,161,2344,13830.36,203,231,2,On Time
FLT-12664,2024-05-31,Coastal Air,Bengaluru,Kolkata,Premium Economy,83,108,933,18220.21,207,194,4,Delayed
FLT-12027,2024-06-01,Air Bharat,Mumbai,Delhi,Economy,96,74,2442,32619.74,153,247,1,On Time
FLT-11705,2024-06-01,IndiGo Air,Jaipur,Delhi,Economy,222,39,1564,22657.85,182,223,5,On Time
FLT-10736,2024-06-01,BlueWing,Lucknow,Chennai,Economy,141,129,858,19221.6,191,152,4,On Time
FLT-12747,2024-06-01,IndiGo Air,Hyderabad,Kochi,Premium Economy,128,38,1809,9529.38,213,209,3,On Time
FLT-12924,2024-06-01,Coastal Air,Chennai,Mumbai,Economy,63,99,878,23155.69,159,217,3,On Time
FLT-10268,2024-06-01,Falcon Airways,Jaipur,Mumbai,Economy,104,72,1371,25794.88,212,241,5,On Time
FLT-11665,2024-06-01,IndiGo Air,Kochi,Kolkata,Economy,206,22,2173,31529.98,60,187,1,Delayed
FLT-9967,2024-06-01,SkyJet,Mumbai,Delhi,Economy,119,98,1631,27797.46,152,151,1,Cancelled
FLT-9677,2024-06-02,Coastal Air,Kochi,Mumbai,Business,103,179,972,44089.03,71,178,2,On Time
FLT-9970,2024-06-02,Falcon Airways,Chennai,Mumbai,Economy,170,60,1667,27612.94,165,212,5,Cancelled
FLT-12866,2024-06-02,SkyJet,Lucknow,Kolkata,Economy,47,136,373,18559.41,83,221,4,On Time
FLT-10392,2024-06-02,Coastal Air,Chennai,Goa,Business,151,149,1421,39639.1,57,242,3,On Time
FLT-9652,2024-06-02,SkyJet,Kolkata,Jaipur,Economy,148,161,1771,27074.48,113,239,5,On Time
FLT-10058,2024-06-02,IndiGo Air,Kochi,Goa,Economy,222,52,202,41228.46,79,163,1,On Time
FLT-9098,2024-06-02,BlueWing,Jaipur,Bengaluru,Economy,136,13,2200,7417.42,62,237,2,On Time
FLT-12477,2024-06-02,Coastal Air,Mumbai,Lucknow,Premium Economy,168,172,1832,39656.45,50,248,1,Delayed
FLT-10730,2024-06-02,IndiGo Air,Lucknow,Bengaluru,Economy,201,84,959,12892.39,206,162,2,On Time
FLT-9808,2024-06-02,Falcon Airways,Hyderabad,Goa,Economy,76,38,1155,6745.15,194,200,5,On Time
FLT-9009,2024-06-03,BlueWing,Hyderabad,Lucknow,Economy,90,93,825,38183.65,90,214,3,Delayed
FLT-11344,2024-06-03,IndiGo Air,Lucknow,Hyderabad,Economy,104,60,1834,25033.96,59,176,1,Delayed
FLT-9578,2024-06-03,IndiGo Air,Lucknow,Delhi,Economy,202,157,1684,7092.38,86,228,1,Delayed
FLT-10390,2024-06-03,Coastal Air,Chennai,Goa,Economy,222,112,243,3311.14,67,242,2,On Time
FLT-9937,2024-06-03,Coastal Air,Kolkata,Kochi,Economy,214,110,2289,14913.2,162,240,3,On Time
FLT-10886,2024-06-03,SkyJet,Jaipur,Mumbai,Premium Economy,195,53,341,40832.36,59,213,5,On Time
FLT-11751,2024-06-03,Coastal Air,Hyderabad,Kolkata,Business,65,126,2478,26985.31,152,248,1,On Time
FLT-11801,2024-06-03,Air Bharat,Lucknow,Chennai,Economy,206,114,1534,24885.19,117,197,4,On Time
FLT-9361,2024-06-03,IndiGo Air,Bengaluru,Hyderabad,Economy,150,31,2413,6688.61,83,224,1,On Time
FLT-10481,2024-06-03,SkyJet,Mumbai,Hyderabad,Economy,207,131,1596,10994.94,93,215,2,On Time
FLT-11826,2024-06-03,SkyJet,Jaipur,Kolkata,Economy,135,78,525,2302.9,136,178,4,On Time
FLT-11272,2024-06-03,Air Bharat,Mumbai,Goa,Economy,112,133,1678,24955.03,142,169,4,On Time
FLT-12160,2024-06-03,Coastal Air,Chennai,Mumbai,Economy,181,170,701,24202.4,174,182,3,Delayed
FLT-12159,2024-06-03,BlueWing,Lucknow,Kolkata,Economy,47,150,1682,14551.67,161,157,4,On Time
FLT-11900,2024-06-03,Falcon Airways,Kolkata,Delhi,Premium Economy,163,116,2363,23996.86,158,246,2,On Time
FLT-9149,2024-06-03,Falcon Airways,Kolkata,Chennai,Business,75,2,1857,16163.01,175,187,2,On Time
FLT-9702,2024-06-03,Air Bharat,Goa,Kolkata,Premium Economy,60,153,437,39310.34,73,156,3,Delayed
FLT-11273,2024-06-03,SkyJet,Lucknow,Delhi,Premium Economy,164,18,1828,13479.94,133,199,5,On Time
FLT-12120,2024-06-04,Air Bharat,Kochi,Mumbai,Economy,221,39,2248,32277.1,153,245,2,On Time
FLT-12885,2024-06-04,SkyJet,Jaipur,Delhi,Economy,110,93,2030,5384.64,201,152,4,On Time
FLT-11358,2024-06-04,IndiGo Air,Mumbai,Kochi,Business,166,112,678,6968.85,200,228,2,On Time
FLT-12751,2024-06-04,IndiGo Air,Chennai,Goa,Economy,119,44,1944,10135.12,211,240,5,On Time
FLT-11158,2024-06-04,Air Bharat,Kochi,Hyderabad,Economy,233,23,1514,31562.32,77,158,2,Delayed
FLT-9375,2024-06-04,Air Bharat,Goa,Hyderabad,Economy,231,26,2283,13250.58,51,201,1,On Time
FLT-9483,2024-06-04,Coastal Air,Delhi,Hyderabad,Premium Economy,129,176,2180,11467.09,172,174,4,On Time
FLT-11361,2024-06-04,Falcon Airways,Mumbai,Goa,Economy,187,114,1462,10406.72,216,175,3,On Time
FLT-9653,2024-06-05,Falcon Airways,Kolkata,Jaipur,Premium Economy,72,139,2368,11447.93,199,206,5,Delayed
FLT-10339,2024-06-05,SkyJet,Mumbai,Chennai,Economy,200,66,1469,25583.06,124,183,5,On Time
FLT-10027,2024-06-05,Falcon Airways,Chennai,Jaipur,Economy,69,41,1888,16556.51,186,150,1,On Time
FLT-9641,2024-06-05,Falcon Airways,Jaipur,Mumbai,Economy,64,30,1278,41512.79,215,150,1,On Time
FLT-9246,2024-06-05,Coastal Air,Delhi,Mumbai,Economy,239,117,561,19460.73,205,214,4,On Time
FLT-11609,2024-06-05,Air Bharat,Goa,Hyderabad,Premium Economy,187,149,477,15966.18,206,179,1,Cancelled
FLT-11359,2024-06-05,Falcon Airways,Bengaluru,Mumbai,Economy,88,168,1805,8723.96,160,151,2,Cancelled
FLT-9076,2024-06-06,BlueWing,Kochi,Lucknow,Economy,109,125,1892,18763.33,178,180,4,On Time
FLT-9694,2024-06-06,IndiGo Air,Chennai,Kolkata,Economy,228,73,1861,7771.29,90,169,1,Delayed
FLT-11731,2024-06-06,Air Bharat,Mumbai,Delhi,Economy,145,166,1420,22525.12,76,195,3,Delayed
FLT-10601,2024-06-06,Falcon Airways,Kochi,Jaipur,Premium Economy,203,8,1765,39458.06,171,223,1,Delayed
FLT-11765,2024-06-06,SkyJet,Bengaluru,Chennai,Economy,58,151,1962,15168.45,67,221,5,Cancelled
FLT-12765,2024-06-06,IndiGo Air,Delhi,Hyderabad,Economy,112,114,2484,32917.19,84,208,5,On Time
FLT-9936,2024-06-06,Air Bharat,Kolkata,Bengaluru,Economy,167,86,1723,12225.19,135,167,2,On Time
FLT-10824,2024-06-06,SkyJet,Delhi,Kolkata,Economy,162,93,1774,9196.1,90,213,4,On Time
FLT-12524,2024-06-06,Falcon Airways,Delhi,Jaipur,Economy,81,133,2263,20647.47,186,235,2,Delayed
FLT-12232,2024-06-06,BlueWing,Bengaluru,Hyderabad,Economy,169,23,1767,14577.14,195,164,5,On Time
FLT-12592,2024-06-06,Coastal Air,Hyderabad,Kochi,Economy,105,124,354,32981.82,190,216,3,Delayed
FLT-9049,2024-06-06,BlueWing,Delhi,Bengaluru,Economy,126,18,1986,26947.37,141,222,2,On Time
FLT-12324,2024-06-06,Coastal Air,Goa,Bengaluru,Premium Economy,123,90,1095,40282.36,141,192,1,On Time
FLT-10338,2024-06-07,Falcon Airways,Mumbai,Delhi,Economy,111,66,878,2155.58,203,246,3,On Time
FLT-10045,2024-06-07,Coastal Air,Kochi,Bengaluru,Economy,62,67,672,28859.21,88,197,5,On Time
FLT-9022,2024-06-07,Falcon Airways,Delhi,Kochi,Economy,62,163,895,40523.69,172,211,4,On Time
FLT-12101,2024-06-07,Falcon Airways,Goa,Mumbai,Business,142,18,1649,40169.76,105,160,3,On Time
FLT-10933,2024-06-07,Falcon Airways,Lucknow,Kochi,Economy,145,1,2386,5756.01,174,239,2,Delayed
FLT-10568,2024-06-07,Air Bharat,Lucknow,Kolkata,Economy,125,83,1819,3411.93,131,168,2,On Time
FLT-9159,2024-06-07,IndiGo Air,Bengaluru,Mumbai,Economy,68,37,1466,14708.39,201,151,1,On Time
FLT-11118,2024-06-08,Air Bharat,Lucknow,Delhi,Economy,63,133,1565,26022.76,114,218,4,On Time
FLT-9877,2024-06-08,Coastal Air,Delhi,Jaipur,Economy,159,32,1769,36434.87,136,189,4,On Time
FLT-9016,2024-06-08,Coastal Air,Chennai,Kolkata,Economy,88,7,1626,30161.7,118,243,3,On Time
FLT-10168,2024-06-08,IndiGo Air,Chennai,Jaipur,Economy,90,11,2016,17378.36,139,216,3,On Time
FLT-12669,2024-06-08,Air Bharat,Mumbai,Lucknow,Economy,214,80,1162,23821.1,60,249,4,On Time
FLT-9859,2024-06-08,IndiGo Air,Kolkata,Mumbai,Economy,82,20,2040,26396.72,67,214,2,On Time
FLT-9123,2024-06-08,SkyJet,Lucknow,Kochi,Economy,216,165,2075,42337.51,157,182,4,Delayed
FLT-12198,2024-06-08,SkyJet,Mumbai,Lucknow,Economy,175,150,2173,37612.51,148,219,5,On Time
FLT-11057,2024-06-08,BlueWing,Chennai,Jaipur,Economy,97,160,443,6453.55,62,210,1,Delayed
FLT-11557,2024-06-08,IndiGo Air,Delhi,Lucknow,Economy,154,118,321,22991.87,116,159,5,On Time
FLT-9716,2024-06-08,IndiGo Air,Kolkata,Delhi,Economy,138,137,1799,26157.75,211,155,3,On Time
FLT-9758,2024-06-08,Air Bharat,Kochi,Jaipur,Economy,206,54,1725,26155.43,112,169,3,Cancelled
FLT-10898,2024-06-08,Air Bharat,Lucknow,Delhi,Economy,96,176,1947,23396.29,197,192,5,On Time
FLT-10553,2024-06-08,IndiGo Air,Chennai,Jaipur,Economy,60,20,2180,33686.67,67,194,1,On Time
FLT-9550,2024-06-09,Coastal Air,Chennai,Kochi,Premium Economy,104,87,2200,25808.53,75,219,1,On Time
FLT-10712,2024-06-09,BlueWing,Mumbai,Goa,Economy,89,136,2236,3586.8,111,221,1,On Time
FLT-10312,2024-06-09,Coastal Air,Kolkata,Jaipur,Premium Economy,126,22,2135,13204.12,205,159,5,On Time
FLT-12876,2024-06-09,IndiGo Air,Kolkata,Goa,Economy,194,166,948,29087.28,96,218,2,Delayed
FLT-9310,2024-06-09,SkyJet,Kochi,Kolkata,Economy,114,82,1075,9152.71,122,189,4,Cancelled
FLT-10164,2024-06-10,IndiGo Air,Bengaluru,Kolkata,Economy,138,35,1272,16226.73,164,167,1,On Time
FLT-9803,2024-06-10,Coastal Air,Lucknow,Kochi,Economy,45,113,323,39752.85,91,202,2,On Time
FLT-11725,2024-06-10,Falcon Airways,Chennai,Goa,Economy,53,156,432,20303.0,125,189,1,On Time
FLT-11112,2024-06-10,SkyJet,Bengaluru,Mumbai,Business,183,16,1628,3079.05,175,190,4,Delayed
FLT-12043,2024-06-10,BlueWing,Bengaluru,Goa,Economy,180,102,1815,38921.94,166,185,4,On Time
FLT-12088,2024-06-10,BlueWing,Jaipur,Mumbai,Economy,185,42,1381,34537.85,63,242,2,On Time
FLT-9533,2024-06-10,Air Bharat,Goa,Delhi,Economy,220,34,2440,14816.55,203,229,2,On Time
FLT-9157,2024-06-10,SkyJet,Kochi,Hyderabad,Economy,105,126,864,25993.79,126,171,3,Delayed
FLT-11243,2024-06-10,BlueWing,Lucknow,Goa,Economy,238,6,265,13957.41,84,244,2,Delayed
FLT-10573,2024-06-10,Coastal Air,Delhi,Kolkata,Economy,57,132,2286,24007.78,80,211,5,On Time
FLT-12687,2024-06-10,Air Bharat,Kochi,Goa,Premium Economy,98,148,2134,6388.69,91,190,2,On Time
FLT-11810,2024-06-10,Coastal Air,Mumbai,Kolkata,Premium Economy,143,7,271,35516.69,100,214,4,On Time
FLT-9590,2024-06-11,BlueWing,Kolkata,Kochi,Economy,137,115,1830,11344.81,159,179,5,On Time
FLT-10175,2024-06-11,IndiGo Air,Lucknow,Hyderabad,Economy,135,4,830,5248.6,113,224,1,Delayed
FLT-12372,2024-06-11,Air Bharat,Kolkata,Kochi,Economy,54,146,2278,31852.81,96,183,4,On Time
FLT-10877,2024-06-11,SkyJet,Hyderabad,Chennai,Economy,204,157,1225,13080.19,51,241,5,On Time
FLT-12471,2024-06-11,BlueWing,Kochi,Bengaluru,Economy,103,13,686,37549.21,123,213,3,On Time
FLT-10642,2024-06-11,IndiGo Air,Kochi,Mumbai,Economy,75,92,1548,38337.65,172,187,1,On Time
FLT-9902,2024-06-11,Falcon Airways,Mumbai,Lucknow,Economy,174,43,624,41356.0,121,208,5,Cancelled
FLT-12149,2024-06-11,SkyJet,Kolkata,Bengaluru,Business,195,12,2047,8118.96,160,235,2,On Time
FLT-11421,2024-06-11,Air Bharat,Bengaluru,Kochi,Economy,96,157,354,9834.66,210,205,3,Delayed
FLT-12744,2024-06-11,Coastal Air,Delhi,Kolkata,Premium Economy,55,65,456,17935.94,119,153,1,Delayed
FLT-10583,2024-06-11,Falcon Airways,Lucknow,Jaipur,Premium Economy,170,165,575,30955.79,169,232,4,On Time
FLT-9933,2024-06-11,Coastal Air,Kolkata,Kochi,Economy,97,137,1602,42359.42,172,202,1,On Time
FLT-9267,2024-06-11,Falcon Airways,Chennai,Kochi,Business,225,148,980,14880.57,170,235,3,On Time
FLT-12784,2024-06-11,BlueWing,Hyderabad,Kochi,Economy,182,168,637,38848.2,64,217,4,Delayed
FLT-12616,2024-06-11,BlueWing,Bengaluru,Kochi,Economy,135,29,685,9586.2,137,241,5,On Time
FLT-12343,2024-06-12,Coastal Air,Chennai,Kolkata,Economy,229,8,634,41652.22,79,243,2,On Time
FLT-11528,2024-06-12,Coastal Air,Chennai,Lucknow,Economy,143,63,267,7228.84,207,162,5,On Time
FLT-9026,2024-06-12,Falcon Airways,Delhi,Chennai,Economy,181,119,1486,7474.34,160,153,4,Delayed
FLT-10510,2024-06-12,IndiGo Air,Kochi,Hyderabad,Business,164,36,1287,10559.12,204,180,2,On Time
FLT-12175,2024-06-12,IndiGo Air,Lucknow,Jaipur,Economy,140,92,1965,4566.32,114,158,3,On Time
FLT-10515,2024-06-12,Coastal Air,Goa,Kolkata,Economy,100,171,1551,44164.58,93,232,4,On Time
FLT-9297,2024-06-12,Coastal Air,Lucknow,Bengaluru,Economy,83,99,191,11140.87,180,182,2,On Time
FLT-12132,2024-06-12,Falcon Airways,Kochi,Goa,Economy,156,40,1332,41803.59,181,210,1,Delayed
FLT-9320,2024-06-12,BlueWing,Kochi,Goa,Economy,223,31,390,12926.35,196,179,2,On Time
FLT-12005,2024-06-12,Air Bharat,Mumbai,Goa,Economy,150,5,1930,23359.87,65,211,5,Delayed
FLT-9285,2024-06-13,Coastal Air,Delhi,Jaipur,Premium Economy,162,142,445,29269.56,150,185,1,On Time
FLT-11762,2024-06-13,SkyJet,Kolkata,Bengaluru,Premium Economy,140,121,2203,38382.74,113,193,4,On Time
FLT-10311,2024-06-13,Falcon Airways,Delhi,Kolkata,Economy,224,11,953,3937.63,171,171,4,Cancelled
FLT-12507,2024-06-13,SkyJet,Kolkata,Hyderabad,Economy,116,32,1375,23256.45,118,212,4,Delayed
FLT-9821,2024-06-13,IndiGo Air,Chennai,Delhi,Economy,62,178,2346,11846.78,218,161,4,On Time
FLT-12901,2024-06-13,SkyJet,Kolkata,Bengaluru,Economy,170,112,1516,3499.14,177,233,2,On Time
FLT-9557,2024-06-13,Coastal Air,Hyderabad,Chennai,Economy,219,81,194,17988.35,53,188,3,Delayed
FLT-12656,2024-06-13,BlueWing,Delhi,Kolkata,Economy,128,121,1738,29443.91,109,208,5,On Time
FLT-12204,2024-06-13,Air Bharat,Bengaluru,Kolkata,Economy,47,127,453,15063.45,130,150,4,On Time
FLT-11652,2024-06-13,Coastal Air,Lucknow,Chennai,Premium Economy,102,20,397,8411.63,194,169,2,On Time
FLT-9445,2024-06-14,IndiGo Air,Lucknow,Goa,Economy,56,45,1264,39444.71,165,212,5,Delayed
FLT-9723,2024-06-14,SkyJet,Jaipur,Bengaluru,Premium Economy,104,0,1283,33414.61,89,164,3,Delayed
FLT-12717,2024-06-14,Coastal Air,Kolkata,Goa,Premium Economy,185,89,847,35751.16,116,157,5,On Time
FLT-11986,2024-06-14,SkyJet,Delhi,Kolkata,Economy,149,1,1138,7792.16,165,243,5,On Time
FLT-11748,2024-06-14,IndiGo Air,Delhi,Chennai,Business,177,94,1077,11909.94,74,223,3,On Time
FLT-11914,2024-06-14,SkyJet,Hyderabad,Delhi,Economy,92,93,2299,17064.18,219,191,2,On Time
FLT-10955,2024-06-14,SkyJet,Kolkata,Hyderabad,Premium Economy,102,106,2379,13677.65,164,208,3,Delayed
FLT-10171,2024-06-14,IndiGo Air,Mumbai,Lucknow,Economy,166,100,2405,37394.29,112,164,3,On Time
FLT-10345,2024-06-14,Coastal Air,Kolkata,Jaipur,Premium Economy,188,120,2319,16503.89,50,191,5,Delayed
FLT-11221,2024-06-14,Air Bharat,Kolkata,Delhi,Premium Economy,208,2,2031,24640.25,148,168,5,On Time
FLT-11362,2024-06-14,Coastal Air,Kochi,Hyderabad,Economy,157,67,2251,24324.31,99,189,3,Delayed
FLT-9862,2024-06-14,SkyJet,Delhi,Lucknow,Premium Economy,178,163,509,40236.67,132,247,2,Delayed
FLT-11430,2024-06-15,Air Bharat,Kolkata,Goa,Economy,142,145,1726,22950.74,91,209,4,On Time
FLT-11678,2024-06-15,Coastal Air,Lucknow,Chennai,Premium Economy,234,179,1631,4025.14,205,174,5,On Time
FLT-12498,2024-06-15,Air Bharat,Delhi,Kochi,Economy,93,101,186,34007.48,196,207,4,On Time
FLT-12206,2024-06-15,SkyJet,Chennai,Hyderabad,Economy,207,76,1416,20496.69,50,224,2,Delayed
FLT-9391,2024-06-15,SkyJet,Kochi,Goa,Economy,196,147,1799,6896.09,189,184,3,Delayed
FLT-12545,2024-06-15,Air Bharat,Kolkata,Hyderabad,Economy,148,50,1350,32470.87,123,153,4,On Time
FLT-10218,2024-06-15,Coastal Air,Bengaluru,Mumbai,Premium Economy,238,62,627,36429.13,203,207,4,Delayed
FLT-9515,2024-06-15,Air Bharat,Hyderabad,Mumbai,Economy,78,7,392,31592.12,108,193,3,On Time
FLT-12495,2024-06-15,Air Bharat,Lucknow,Chennai,Economy,146,78,1827,37913.12,103,183,2,Delayed
FLT-9298,2024-06-15,BlueWing,Mumbai,Chennai,Economy,134,30,1015,43130.43,150,204,4,On Time
FLT-12776,2024-06-15,Air Bharat,Kolkata,Mumbai,Premium Economy,50,173,248,39899.14,204,167,2,On Time
FLT-12336,2024-06-15,BlueWing,Mumbai,Goa,Economy,213,24,1920,41237.77,96,240,4,On Time
FLT-10587,2024-06-16,Air Bharat,Mumbai,Lucknow,Economy,200,81,1668,33049.84,166,176,2,On Time
FLT-11315,2024-06-16,Air Bharat,Lucknow,Bengaluru,Premium Economy,66,49,790,2552.73,189,174,5,On Time
FLT-9051,2024-06-16,IndiGo Air,Kochi,Lucknow,Economy,180,38,667,42663.15,214,225,1,Cancelled
FLT-9010,2024-06-16,Coastal Air,Lucknow,Delhi,Premium Economy,181,134,2435,19673.88,137,222,1,On Time
FLT-11054,2024-06-16,SkyJet,Chennai,Goa,Economy,191,19,772,29355.44,211,157,3,On Time
FLT-11087,2024-06-16,Air Bharat,Mumbai,Jaipur,Economy,236,62,623,3405.58,209,184,3,On Time
FLT-11508,2024-06-16,IndiGo Air,Chennai,Kochi,Economy,197,167,152,18654.06,167,153,1,Delayed
FLT-9477,2024-06-16,Coastal Air,Jaipur,Hyderabad,Economy,202,135,1483,2756.13,213,216,2,Delayed
FLT-12855,2024-06-16,Coastal Air,Kolkata,Mumbai,Economy,109,0,348,6408.32,56,165,5,On Time
FLT-12133,2024-06-16,Air Bharat,Jaipur,Goa,Economy,212,5,1623,11464.21,99,216,1,Delayed
FLT-9309,2024-06-16,IndiGo Air,Chennai,Goa,Premium Economy,97,73,2015,17172.59,176,210,1,On Time
FLT-12782,2024-06-16,Coastal Air,Lucknow,Chennai,Economy,53,48,1249,44629.83,122,220,1,On Time
FLT-12807,2024-06-16,BlueWing,Kochi,Kolkata,Economy,116,10,1428,23390.43,196,212,1,On Time
FLT-11656,2024-06-17,SkyJet,Kolkata,Goa,Economy,50,146,405,31374.86,78,247,3,On Time
FLT-11716,2024-06-17,Coastal Air,Hyderabad,Chennai,Economy,225,57,1893,31740.31,219,200,5,On Time
FLT-9434,2024-06-17,BlueWing,Hyderabad,Chennai,Economy,204,146,322,34643.16,78,168,2,Cancelled
FLT-10909,2024-06-17,BlueWing,Mumbai,Delhi,Premium Economy,223,149,1008,6217.07,128,194,4,Delayed
FLT-10537,2024-06-17,SkyJet,Mumbai,Lucknow,Economy,78,8,687,10603.79,56,237,1,On Time
FLT-9544,2024-06-17,BlueWing,Chennai,Mumbai,Premium Economy,176,30,326,23153.53,80,150,1,Delayed
FLT-10138,2024-06-17,Coastal Air,Bengaluru,Lucknow,Economy,177,171,1193,11205.9,174,195,1,On Time
FLT-11445,2024-06-17,Falcon Airways,Delhi,Hyderabad,Economy,59,49,836,8868.94,77,233,5,On Time
FLT-11709,2024-06-17,BlueWing,Delhi,Mumbai,Economy,90,85,1761,43125.19,195,180,1,On Time
FLT-10243,2024-06-17,BlueWing,Lucknow,Bengaluru,Economy,142,108,1052,6803.96,154,168,1,On Time
FLT-10333,2024-06-17,Coastal Air,Goa,Lucknow,Economy,186,127,1753,34491.3,218,234,4,On Time
FLT-12847,2024-06-17,IndiGo Air,Chennai,Bengaluru,Economy,138,34,1500,25260.54,62,162,2,On Time
FLT-9502,2024-06-17,Air Bharat,Kochi,Lucknow,Economy,189,112,2067,11601.56,137,193,4,On Time
FLT-10995,2024-06-17,Falcon Airways,Delhi,Chennai,Economy,55,37,563,10664.57,200,181,3,On Time
FLT-9599,2024-06-17,Coastal Air,Kolkata,Hyderabad,Premium Economy,49,142,382,5028.37,188,201,4,Cancelled
FLT-12581,2024-06-18,Air Bharat,Lucknow,Goa,Economy,46,35,385,13147.2,90,224,1,Delayed
FLT-11799,2024-06-18,BlueWing,Chennai,Jaipur,Economy,200,170,2327,33866.59,214,176,2,On Time
FLT-9789,2024-06-18,IndiGo Air,Goa,Chennai,Economy,97,81,1166,36173.08,214,190,4,Delayed
FLT-12607,2024-06-18,Coastal Air,Mumbai,Kolkata,Economy,208,172,367,43884.61,157,179,2,On Time
FLT-12117,2024-06-18,Falcon Airways,Delhi,Goa,Business,232,109,1019,17827.61,54,160,1,Delayed
FLT-9269,2024-06-18,Coastal Air,Delhi,Goa,Economy,95,35,2317,32004.13,134,166,4,On Time
FLT-11901,2024-06-18,Coastal Air,Hyderabad,Lucknow,Economy,55,66,715,44543.84,184,175,5,On Time
FLT-11917,2024-06-18,Falcon Airways,Chennai,Kochi,Economy,112,123,2207,41961.01,149,194,4,On Time
FLT-9700,2024-06-18,BlueWing,Delhi,Mumbai,Business,91,87,275,16676.09,64,196,2,Cancelled
FLT-12335,2024-06-18,SkyJet,Kochi,Jaipur,Economy,61,43,2012,13301.51,202,171,1,On Time
FLT-11443,2024-06-18,IndiGo Air,Kolkata,Mumbai,Economy,47,35,2439,7994.41,78,160,1,On Time
FLT-9364,2024-06-18,Coastal Air,Kolkata,Kochi,Business,116,115,2187,22190.99,116,185,4,On Time
FLT-10315,2024-06-18,BlueWing,Bengaluru,Mumbai,Economy,176,59,571,32378.99,126,170,5,On Time
FLT-9605,2024-06-19,Air Bharat,Mumbai,Lucknow,Economy,88,157,1515,37817.53,187,163,4,Delayed
FLT-11047,2024-06-19,BlueWing,Delhi,Kolkata,Economy,122,130,2150,16375.84,186,201,5,On Time
FLT-12998,2024-06-19,SkyJet,Goa,Hyderabad,Economy,145,34,306,28432.9,185,208,1,On Time
FLT-10012,2024-06-19,Air Bharat,Hyderabad,Jaipur,Economy,57,64,1439,33646.9,69,153,2,Delayed
FLT-11863,2024-06-19,Coastal Air,Bengaluru,Mumbai,Economy,64,41,692,19832.81,181,229,4,On Time
FLT-11259,2024-06-19,IndiGo Air,Jaipur,Kolkata,Economy,161,113,1843,42130.03,51,180,1,On Time
FLT-11682,2024-06-19,Falcon Airways,Jaipur,Delhi,Economy,232,0,2462,8314.98,70,177,4,On Time
FLT-12352,2024-06-19,IndiGo Air,Delhi,Bengaluru,Economy,52,106,1468,19354.36,76,183,5,On Time
FLT-12363,2024-06-19,BlueWing,Lucknow,Kochi,Economy,155,96,1656,8386.2,94,194,3,Delayed
FLT-10395,2024-06-19,BlueWing,Goa,Kolkata,Economy,48,150,1516,17050.81,183,188,1,Delayed
FLT-9762,2024-06-19,BlueWing,Delhi,Jaipur,Economy,50,81,2119,29143.62,167,174,3,On Time
FLT-10141,2024-06-20,SkyJet,Kolkata,Bengaluru,Economy,117,29,1312,17658.01,199,171,2,On Time
FLT-10450,2024-06-20,IndiGo Air,Bengaluru,Kochi,Economy,188,49,1237,21009.79,148,201,1,On Time
FLT-12308,2024-06-20,BlueWing,Mumbai,Bengaluru,Economy,144,58,1773,44433.97,149,196,4,On Time
FLT-9766,2024-06-20,BlueWing,Kolkata,Delhi,Economy,181,60,632,3996.9,76,172,3,Delayed
FLT-10437,2024-06-20,Falcon Airways,Delhi,Chennai,Premium Economy,159,26,1625,35537.72,50,224,5,On Time
FLT-10741,2024-06-20,IndiGo Air,Kochi,Kolkata,Economy,222,16,1986,10417.23,186,188,5,On Time
FLT-12584,2024-06-20,Coastal Air,Kolkata,Lucknow,Premium Economy,126,172,1462,13532.56,216,207,3,Delayed
FLT-9365,2024-06-20,SkyJet,Delhi,Kolkata,Economy,235,31,658,14185.45,107,235,4,On Time
FLT-10725,2024-06-20,SkyJet,Delhi,Hyderabad,Economy,151,7,1599,16116.86,143,184,2,Delayed
FLT-11631,2024-06-20,SkyJet,Delhi,Mumbai,Economy,195,160,747,33214.43,205,243,1,On Time
FLT-12004,2024-06-20,IndiGo Air,Bengaluru,Delhi,Economy,70,104,1774,14687.18,150,238,3,Cancelled
FLT-9027,2024-06-20,Coastal Air,Delhi,Hyderabad,Premium Economy,99,72,901,12936.49,159,161,1,Delayed
FLT-11144,2024-06-21,IndiGo Air,Hyderabad,Jaipur,Economy,142,88,1241,44289.86,87,191,4,On Time
FLT-11967,2024-06-21,SkyJet,Lucknow,Delhi,Economy,156,48,2422,35659.33,188,210,1,Delayed
FLT-10185,2024-06-21,BlueWing,Goa,Mumbai,Economy,127,30,2027,14741.2,64,157,1,On Time
FLT-10631,2024-06-21,Coastal Air,Chennai,Kolkata,Business,223,20,1454,20633.74,132,174,5,On Time
FLT-11936,2024-06-21,IndiGo Air,Delhi,Mumbai,Premium Economy,170,142,1845,36316.04,115,182,4,On Time
FLT-10837,2024-06-21,BlueWing,Jaipur,Delhi,Economy,87,125,794,23732.85,185,192,5,On Time
FLT-10765,2024-06-21,SkyJet,Bengaluru,Goa,Economy,215,26,1111,15646.09,61,229,5,On Time
FLT-9950,2024-06-21,BlueWing,Lucknow,Chennai,Economy,113,142,1750,41060.06,214,241,1,On Time
FLT-12694,2024-06-21,Air Bharat,Goa,Kochi,Economy,121,87,1604,32928.29,173,234,3,Delayed
FLT-11171,2024-06-21,Air Bharat,Mumbai,Jaipur,Premium Economy,102,125,780,7830.24,107,179,2,On Time
FLT-9551,2024-06-21,IndiGo Air,Kolkata,Jaipur,Economy,98,104,790,26787.67,214,226,5,Delayed
FLT-12617,2024-06-21,SkyJet,Hyderabad,Kolkata,Economy,233,67,1255,22533.81,126,233,5,Delayed
FLT-11563,2024-06-21,IndiGo Air,Jaipur,Mumbai,Economy,230,56,1513,39339.53,161,190,5,Cancelled
FLT-11250,2024-06-21,Falcon Airways,Mumbai,Delhi,Premium Economy,143,177,877,8732.06,86,225,3,Delayed
FLT-12157,2024-06-22,Falcon Airways,Lucknow,Jaipur,Economy,87,133,2292,35511.17,64,180,2,Cancelled
FLT-10297,2024-06-22,SkyJet,Bengaluru,Kochi,Economy,81,101,804,38228.14,152,219,2,Delayed
FLT-9418,2024-06-22,IndiGo Air,Kolkata,Delhi,Economy,88,163,237,17662.0,199,210,2,On Time
FLT-12668,2024-06-22,Coastal Air,Delhi,Mumbai,Economy,68,48,1340,37808.18,144,234,2,On Time
FLT-10560,2024-06-22,BlueWing,Bengaluru,Lucknow,Premium Economy,83,124,930,20678.14,203,169,2,Cancelled
FLT-9799,2024-06-22,Coastal Air,Goa,Bengaluru,Economy,211,78,1435,29089.99,92,239,4,On Time
FLT-9930,2024-06-22,Air Bharat,Kochi,Chennai,Economy,188,130,374,10889.42,63,196,1,On Time
FLT-9755,2024-06-22,Falcon Airways,Delhi,Bengaluru,Economy,196,139,1692,36081.59,106,232,5,On Time
FLT-12778,2024-06-22,Falcon Airways,Hyderabad,Mumbai,Economy,238,16,311,31688.57,130,193,3,On Time
FLT-11694,2024-06-22,Air Bharat,Bengaluru,Hyderabad,Business,76,0,656,21018.85,53,202,2,On Time
FLT-10614,2024-06-23,Air Bharat,Goa,Mumbai,Economy,143,30,179,13059.21,73,237,2,On Time
FLT-9771,2024-06-23,SkyJet,Lucknow,Bengaluru,Economy,148,99,1953,11631.72,135,238,5,On Time
FLT-12869,2024-06-23,Air Bharat,Kochi,Chennai,Economy,78,60,1353,25515.82,110,202,5,On Time
FLT-12405,2024-06-23,IndiGo Air,Jaipur,Bengaluru,Economy,168,38,903,22691.16,170,236,2,Delayed
FLT-11937,2024-06-23,Air Bharat,Hyderabad,Delhi,Economy,218,125,1001,36414.84,102,249,4,On Time
FLT-9932,2024-06-23,Air Bharat,Hyderabad,Kolkata,Premium Economy,206,176,1640,35246.54,74,171,2,On Time
FLT-11704,2024-06-23,IndiGo Air,Kochi,Goa,Economy,124,69,272,38402.06,168,165,4,Delayed
FLT-11910,2024-06-23,Air Bharat,Delhi,Goa,Premium Economy,74,25,805,9493.99,120,203,4,On Time
FLT-11879,2024-06-23,BlueWing,Kolkata,Lucknow,Economy,119,123,1100,38775.26,67,200,2,Delayed
FLT-11738,2024-06-23,SkyJet,Chennai,Lucknow,Economy,171,80,725,10079.28,110,193,4,Delayed
FLT-9790,2024-06-23,IndiGo Air,Lucknow,Hyderabad,Economy,162,74,2383,25536.45,177,235,1,On Time
FLT-9770,2024-06-23,SkyJet,Bengaluru,Lucknow,Premium Economy,75,112,1205,42577.46,134,208,4,On Time
FLT-12646,2024-06-24,Air Bharat,Hyderabad,Delhi,Economy,76,3,683,11218.75,60,245,4,On Time
FLT-12780,2024-06-24,IndiGo Air,Kolkata,Hyderabad,Economy,174,156,2354,14186.62,118,182,2,On Time
FLT-11238,2024-06-24,SkyJet,Goa,Delhi,Economy,157,69,1200,20451.15,128,208,2,On Time
FLT-9315,2024-06-24,SkyJet,Chennai,Hyderabad,Premium Economy,113,147,1737,42835.41,72,194,2,On Time
FLT-12096,2024-06-24,BlueWing,Kolkata,Hyderabad,Economy,131,113,755,40970.31,170,212,3,On Time
FLT-9655,2024-06-24,SkyJet,Goa,Kolkata,Economy,154,31,901,34443.12,169,199,2,On Time
FLT-12636,2024-06-24,Falcon Airways,Hyderabad,Kochi,Economy,133,51,870,11329.45,77,151,4,On Time
FLT-12080,2024-06-24,IndiGo Air,Bengaluru,Lucknow,Economy,94,107,1056,10882.83,85,249,2,Delayed
FLT-9031,2024-06-24,BlueWing,Bengaluru,Goa,Business,166,104,2080,28729.68,109,184,4,On Time
FLT-10300,2024-06-24,Falcon Airways,Chennai,Mumbai,Economy,124,53,586,44187.33,199,166,3,Delayed
FLT-12210,2024-06-24,Coastal Air,Jaipur,Kochi,Economy,202,144,865,29471.02,185,239,4,On Time
FLT-10582,2024-06-25,Coastal Air,Mumbai,Delhi,Economy,92,170,383,37882.43,189,230,3,On Time
FLT-9059,2024-06-25,BlueWing,Delhi,Kolkata,Economy,192,162,799,17618.2,141,226,4,Delayed
FLT-9155,2024-06-25,Air Bharat,Jaipur,Bengaluru,Economy,232,99,1939,42500.81,71,171,2,On Time
FLT-11739,2024-06-25,Falcon Airways,Jaipur,Goa,Economy,161,177,2355,21433.22,56,243,1,On Time
FLT-10445,2024-06-25,SkyJet,Jaipur,Mumbai,Business,175,33,1923,39642.7,89,199,5,On Time
FLT-12900,2024-06-26,Coastal Air,Bengaluru,Delhi,Economy,93,41,446,5247.86,143,154,2,On Time
FLT-12319,2024-06-26,SkyJet,Lucknow,Chennai,Economy,182,105,186,35042.38,83,203,3,On Time
FLT-10804,2024-06-26,IndiGo Air,Kochi,Mumbai,Premium Economy,56,65,269,6163.99,57,204,3,On Time
FLT-9470,2024-06-26,BlueWing,Chennai,Kochi,Economy,99,131,606,15902.54,160,212,1,On Time
FLT-10178,2024-06-26,IndiGo Air,Bengaluru,Goa,Economy,179,55,185,11255.2,77,193,2,Delayed
FLT-12446,2024-06-26,Falcon Airways,Lucknow,Bengaluru,Economy,65,59,1043,38590.08,75,238,2,On Time
FLT-10500,2024-06-26,SkyJet,Kolkata,Lucknow,Premium Economy,157,74,682,24760.06,198,198,3,On Time
FLT-11695,2024-06-26,Air Bharat,Kolkata,Hyderabad,Economy,134,34,311,33008.87,90,228,1,Cancelled
FLT-9394,2024-06-27,Air Bharat,Jaipur,Goa,Economy,191,106,1000,2899.0,178,248,5,On Time
FLT-9811,2024-06-27,Coastal Air,Lucknow,Goa,Economy,101,133,2480,31792.5,107,165,5,Delayed
FLT-12653,2024-06-27,Falcon Airways,Mumbai,Chennai,Economy,111,83,1619,41155.28,83,234,4,On Time
FLT-10663,2024-06-27,Air Bharat,Chennai,Lucknow,Economy,136,12,2463,15750.93,140,233,1,On Time
FLT-10773,2024-06-27,IndiGo Air,Delhi,Goa,Economy,112,150,316,37059.34,121,198,5,On Time
FLT-12522,2024-06-27,SkyJet,Kochi,Hyderabad,Premium Economy,180,55,1462,16934.73,121,162,4,Delayed
FLT-10802,2024-06-27,Falcon Airways,Mumbai,Jaipur,Economy,183,59,1634,6544.15,70,160,3,On Time
FLT-11322,2024-06-27,IndiGo Air,Kolkata,Lucknow,Economy,119,164,311,39877.3,157,228,5,Delayed
FLT-11486,2024-06-27,Air Bharat,Chennai,Kolkata,Economy,175,75,500,17339.64,176,227,5,On Time
FLT-12626,2024-06-27,Air Bharat,Mumbai,Jaipur,Economy,202,166,943,32287.6,80,217,2,Delayed
FLT-10137,2024-06-27,Coastal Air,Goa,Mumbai,Economy,227,121,1281,13834.09,108,204,4,Delayed
FLT-12123,2024-06-28,IndiGo Air,Hyderabad,Delhi,Economy,51,53,278,22999.46,142,150,1,On Time
FLT-9188,2024-06-28,Coastal Air,Kochi,Jaipur,Premium Economy,108,122,1604,20349.88,178,231,2,On Time
FLT-9493,2024-06-28,Coastal Air,Lucknow,Bengaluru,Business,203,9,280,43296.29,82,193,3,Delayed
FLT-12411,2024-06-28,Falcon Airways,Mumbai,Kolkata,Economy,110,89,2238,13581.46,85,197,1,On Time
FLT-9417,2024-06-28,Coastal Air,Bengaluru,Hyderabad,Economy,181,148,946,32324.53,88,151,4,On Time
FLT-11444,2024-06-28,Air Bharat,Kochi,Mumbai,Business,75,30,2329,35108.66,149,238,1,Delayed
FLT-9559,2024-06-28,BlueWing,Bengaluru,Goa,Economy,170,165,944,26556.53,201,246,2,On Time
FLT-12639,2024-06-28,SkyJet,Kochi,Goa,Premium Economy,90,33,427,9011.46,157,179,4,On Time
FLT-9973,2024-06-28,SkyJet,Chennai,Mumbai,Premium Economy,105,4,1020,32735.97,182,236,3,Delayed
FLT-10906,2024-06-28,BlueWing,Kolkata,Delhi,Economy,81,139,783,37665.03,59,201,2,On Time
FLT-10752,2024-06-28,BlueWing,Bengaluru,Hyderabad,Economy,141,87,2232,39542.77,105,169,1,On Time
FLT-11395,2024-06-28,Air Bharat,Delhi,Kochi,Business,136,34,381,3253.55,189,173,1,On Time
FLT-12320,2024-06-28,Falcon Airways,Lucknow,Jaipur,Economy,227,16,1262,21209.21,155,213,4,On Time
FLT-9517,2024-06-28,Falcon Airways,Bengaluru,Delhi,Economy,217,134,1532,36312.99,180,164,1,On Time
FLT-10550,2024-06-28,SkyJet,Kochi,Mumbai,Economy,76,109,1681,4712.75,88,172,4,On Time
FLT-9075,2024-06-29,IndiGo Air,Delhi,Bengaluru,Economy,114,34,728,24157.38,125,220,3,On Time
FLT-12135,2024-06-29,Falcon Airways,Lucknow,Chennai,Economy,169,171,1072,27294.56,67,236,1,On Time
FLT-10303,2024-06-29,Falcon Airways,Bengaluru,Lucknow,Economy,68,136,412,9690.13,166,167,2,Delayed
FLT-10708,2024-06-29,Air Bharat,Goa,Kolkata,Economy,232,165,1378,32986.22,146,216,2,On Time
FLT-10370,2024-06-29,Falcon Airways,Delhi,Hyderabad,Premium Economy,94,149,1414,10726.42,141,169,4,On Time
FLT-12908,2024-06-29,Falcon Airways,Lucknow,Mumbai,Economy,239,38,2490,13835.39,151,182,4,On Time
FLT-9275,2024-06-29,Air Bharat,Jaipur,Kochi,Economy,73,46,2439,6338.32,111,159,5,On Time
FLT-11714,2024-06-30,Coastal Air,Lucknow,Jaipur,Economy,89,150,1380,15525.55,148,247,1,On Time
FLT-11035,2024-06-30,Falcon Airways,Goa,Hyderabad,Economy,51,108,728,4725.01,72,220,1,Delayed
FLT-12828,2024-06-30,IndiGo Air,Hyderabad,Chennai,Premium Economy,114,168,2320,6238.85,65,249,4,On Time
FLT-11782,2024-06-30,SkyJet,Delhi,Goa,Economy,103,49,2123,27373.65,98,152,3,On Time
FLT-12172,2024-06-30,Falcon Airways,Kochi,Bengaluru,Economy,229,146,1123,18537.08,74,198,2,Delayed
FLT-12519,2024-06-30,IndiGo Air,Kochi,Hyderabad,Economy,214,82,928,4556.21,170,161,2,On Time
FLT-12725,2024-06-30,Coastal Air,Mumbai,Goa,Economy,47,3,2097,30720.59,103,199,1,On Time
FLT-9675,2024-06-30,SkyJet,Jaipur,Kochi,Economy,77,164,1528,35476.09,157,180,3,On Time
FLT-9909,2024-06-30,Air Bharat,Goa,Chennai,Economy,94,175,1787,10342.36,164,238,3,On Time
FLT-10465,2024-06-30,Falcon Airways,Lucknow,Hyderabad,Business,79,54,1797,11238.67,58,245,1,On Time
FLT-10919,2024-07-01,IndiGo Air,Kolkata,Hyderabad,Economy,182,131,1512,22409.48,121,189,4,On Time
FLT-11524,2024-07-01,SkyJet,Chennai,Bengaluru,Business,181,172,681,26681.74,105,177,1,On Time
FLT-11830,2024-07-01,Air Bharat,Kochi,Goa,Economy,210,179,1686,13764.42,85,170,4,Delayed
FLT-9015,2024-07-01,Air Bharat,Kolkata,Lucknow,Economy,222,88,609,16981.52,127,164,2,On Time
FLT-12875,2024-07-01,SkyJet,Mumbai,Bengaluru,Premium Economy,180,57,600,17416.27,185,217,3,On Time
FLT-9245,2024-07-01,Air Bharat,Jaipur,Kolkata,Business,108,133,2106,36858.42,111,238,4,On Time
FLT-12100,2024-07-01,Air Bharat,Hyderabad,Jaipur,Economy,126,101,2298,26140.21,152,153,1,Delayed
FLT-9069,2024-07-01,Falcon Airways,Kolkata,Hyderabad,Economy,48,124,2380,7735.07,97,177,1,Delayed
FLT-12469,2024-07-01,Falcon Airways,Jaipur,Kochi,Business,62,102,2406,33459.74,136,232,2,On Time
FLT-9385,2024-07-02,BlueWing,Bengaluru,Mumbai,Premium Economy,174,144,1501,4416.49,178,219,5,On Time
FLT-11460,2024-07-02,IndiGo Air,Chennai,Goa,Economy,82,26,1914,11064.8,115,248,1,Delayed
FLT-9978,2024-07-02,SkyJet,Goa,Hyderabad,Premium Economy,181,128,2430,32198.02,140,226,5,On Time
FLT-11787,2024-07-02,Air Bharat,Kochi,Kolkata,Economy,93,134,2218,31098.13,192,221,5,Delayed
FLT-9631,2024-07-02,Coastal Air,Mumbai,Kochi,Economy,182,16,1823,3092.68,186,188,2,On Time
FLT-10493,2024-07-02,BlueWing,Kolkata,Delhi,Economy,176,154,1615,2448.56,215,220,1,Delayed
FLT-11560,2024-07-02,Falcon Airways,Hyderabad,Bengaluru,Premium Economy,209,82,677,18525.01,198,210,3,On Time
FLT-9928,2024-07-02,Coastal Air,Kochi,Chennai,Business,130,119,189,10427.76,93,197,4,Delayed
FLT-12665,2024-07-02,BlueWing,Kochi,Goa,Premium Economy,87,100,2000,4900.61,53,202,1,Delayed
FLT-11225,2024-07-02,SkyJet,Delhi,Hyderabad,Economy,143,100,1999,11052.57,110,156,2,On Time
FLT-9642,2024-07-03,SkyJet,Hyderabad,Chennai,Business,222,59,811,19014.3,102,156,4,On Time
FLT-12421,2024-07-03,Air Bharat,Hyderabad,Mumbai,Premium Economy,181,133,275,42986.4,94,198,2,On Time
FLT-10337,2024-07-03,Coastal Air,Kochi,Chennai,Economy,223,8,1766,6632.42,139,183,5,On Time
FLT-11075,2024-07-03,Falcon Airways,Delhi,Mumbai,Business,91,70,858,23929.35,219,162,3,Delayed
FLT-12555,2024-07-03,BlueWing,Bengaluru,Goa,Premium Economy,125,166,746,24982.51,132,235,1,Delayed
FLT-12864,2024-07-03,Air Bharat,Delhi,Mumbai,Economy,47,51,1635,42474.12,135,188,4,Cancelled
FLT-9687,2024-07-03,IndiGo Air,Goa,Kochi,Economy,91,138,1961,21919.6,160,198,5,Delayed
FLT-11903,2024-07-03,SkyJet,Jaipur,Bengaluru,Economy,98,77,1388,5072.33,75,196,2,Delayed
FLT-11401,2024-07-03,Coastal Air,Hyderabad,Goa,Premium Economy,200,108,991,7121.77,216,236,1,On Time
FLT-10635,2024-07-03,Falcon Airways,Bengaluru,Lucknow,Premium Economy,238,100,2438,14995.79,53,240,4,On Time
FLT-11870,2024-07-04,IndiGo Air,Kochi,Lucknow,Economy,124,63,1121,16859.63,202,215,1,Delayed
FLT-10973,2024-07-04,SkyJet,Goa,Jaipur,Economy,145,13,694,42442.93,65,242,5,On Time
FLT-11348,2024-07-04,SkyJet,Delhi,Kochi,Economy,190,179,758,29037.72,150,241,5,On Time
FLT-11169,2024-07-04,SkyJet,Chennai,Kolkata,Business,177,61,963,13416.85,88,249,4,On Time
FLT-12332,2024-07-04,SkyJet,Chennai,Jaipur,Economy,204,126,1054,10430.03,134,216,3,On Time
FLT-12913,2024-07-04,BlueWing,Goa,Mumbai,Premium Economy,101,104,714,6362.12,200,208,4,On Time
FLT-10341,2024-07-04,SkyJet,Delhi,Chennai,Economy,89,171,1499,21961.11,145,150,3,Delayed
FLT-12387,2024-07-04,SkyJet,Mumbai,Jaipur,Economy,47,105,2400,30507.99,214,187,3,On Time
FLT-11146,2024-07-04,Falcon Airways,Delhi,Jaipur,Economy,225,167,1425,12651.73,176,194,4,On Time
FLT-11079,2024-07-04,Falcon Airways,Bengaluru,Chennai,Economy,158,46,2078,22175.19,140,194,3,Cancelled
FLT-12880,2024-07-04,Coastal Air,Mumbai,Goa,Business,58,9,739,31592.6,87,244,5,On Time
FLT-11420,2024-07-04,SkyJet,Chennai,Delhi,Economy,214,33,1056,21732.51,147,178,4,On Time
FLT-11559,2024-07-04,SkyJet,Chennai,Bengaluru,Economy,171,35,1988,13225.42,207,170,4,Delayed
FLT-10960,2024-07-04,Falcon Airways,Kochi,Kolkata,Premium Economy,127,56,1344,12203.66,73,234,3,On Time
FLT-10505,2024-07-04,Falcon Airways,Hyderabad,Goa,Economy,117,35,271,22477.22,139,163,3,On Time
FLT-11313,2024-07-05,IndiGo Air,Goa,Kolkata,Premium Economy,175,15,901,36540.0,166,179,3,Cancelled
FLT-9800,2024-07-05,IndiGo Air,Kochi,Mumbai,Premium Economy,161,91,1291,36732.09,120,161,3,On Time
FLT-9791,2024-07-05,Air Bharat,Delhi,Kochi,Business,114,16,1128,13592.42,68,209,5,On Time
FLT-11650,2024-07-05,BlueWing,Goa,Hyderabad,Economy,70,115,660,18307.69,165,156,3,Cancelled
FLT-12290,2024-07-05,BlueWing,Jaipur,Hyderabad,Premium Economy,197,152,1043,8344.43,173,247,3,On Time
FLT-11640,2024-07-05,Air Bharat,Goa,Lucknow,Economy,98,171,896,36535.95,82,192,5,On Time
FLT-9639,2024-07-05,BlueWing,Mumbai,Goa,Economy,98,102,1863,38888.18,183,174,2,On Time
FLT-11147,2024-07-05,IndiGo Air,Kolkata,Bengaluru,Economy,150,159,846,36813.67,68,204,2,On Time
FLT-11916,2024-07-05,BlueWing,Chennai,Lucknow,Economy,114,23,1960,22577.52,182,205,1,On Time
FLT-11763,2024-07-05,Falcon Airways,Kochi,Bengaluru,Premium Economy,69,104,1426,28765.73,205,232,3,On Time
FLT-9995,2024-07-06,Coastal Air,Lucknow,Kolkata,Economy,55,164,2202,30862.9,132,249,2,On Time
FLT-10861,2024-07-06,IndiGo Air,Bengaluru,Chennai,Economy,62,132,1254,42222.63,108,215,1,On Time
FLT-12215,2024-07-06,Falcon Airways,Goa,Bengaluru,Economy,62,120,590,26937.56,124,196,3,On Time
FLT-9708,2024-07-06,Coastal Air,Jaipur,Mumbai,Economy,146,135,1422,29799.24,158,226,3,Delayed
FLT-9171,2024-07-06,IndiGo Air,Mumbai,Goa,Premium Economy,207,1,1369,32664.72,121,172,5,On Time
FLT-11517,2024-07-06,Air Bharat,Kochi,Bengaluru,Business,95,11,516,35970.7,114,237,2,Cancelled
FLT-12549,2024-07-06,Coastal Air,Mumbai,Goa,Economy,199,177,1722,26344.29,78,235,3,Delayed
FLT-10264,2024-07-06,BlueWing,Kolkata,Chennai,Economy,63,42,958,35873.45,58,239,5,On Time
FLT-12721,2024-07-06,IndiGo Air,Bengaluru,Lucknow,Economy,86,78,1158,24971.21,94,161,4,On Time
FLT-10125,2024-07-06,BlueWing,Kolkata,Bengaluru,Economy,73,119,1986,16212.62,95,210,2,On Time
FLT-11068,2024-07-06,Coastal Air,Delhi,Chennai,Premium Economy,102,145,982,6933.34,107,198,2,On Time
FLT-12200,2024-07-06,Coastal Air,Jaipur,Mumbai,Premium Economy,62,169,926,5197.84,219,151,5,Delayed
FLT-12278,2024-07-06,SkyJet,Kolkata,Mumbai,Premium Economy,77,103,1399,32740.04,137,238,5,On Time
FLT-9834,2024-07-06,Air Bharat,Mumbai,Delhi,Economy,226,32,1105,25141.65,152,164,2,Delayed
FLT-11945,2024-07-06,Coastal Air,Kolkata,Jaipur,Economy,191,83,1132,44682.91,68,242,2,On Time
FLT-9030,2024-07-06,Air Bharat,Kochi,Mumbai,Economy,188,102,951,11164.76,56,248,5,On Time
FLT-11811,2024-07-07,BlueWing,Hyderabad,Lucknow,Economy,64,66,1079,25684.59,108,176,4,On Time
FLT-9682,2024-07-07,Air Bharat,Delhi,Bengaluru,Economy,171,30,1650,37434.12,74,198,5,On Time
FLT-9124,2024-07-07,BlueWing,Bengaluru,Kolkata,Economy,143,77,2017,4015.81,208,199,4,On Time
FLT-9402,2024-07-07,Coastal Air,Kochi,Jaipur,Economy,100,144,1334,26744.44,66,164,2,Delayed
FLT-10209,2024-07-07,BlueWing,Goa,Hyderabad,Premium Economy,163,20,1244,17784.22,103,186,1,Delayed
FLT-11539,2024-07-07,Air Bharat,Goa,Delhi,Premium Economy,168,5,1658,14175.35,84,174,5,Delayed
FLT-9194,2024-07-07,SkyJet,Kochi,Goa,Premium Economy,54,167,2074,22609.85,191,213,3,On Time
FLT-11363,2024-07-07,BlueWing,Jaipur,Bengaluru,Economy,150,1,1405,4814.23,63,195,1,On Time
FLT-12291,2024-07-07,BlueWing,Kolkata,Mumbai,Premium Economy,115,103,829,15397.19,119,203,3,Delayed
FLT-10350,2024-07-08,SkyJet,Delhi,Mumbai,Economy,122,174,1781,33035.04,87,164,3,On Time
FLT-11781,2024-07-08,BlueWing,Chennai,Goa,Premium Economy,174,96,379,14221.86,124,172,4,On Time
FLT-12921,2024-07-08,BlueWing,Chennai,Kochi,Economy,208,150,198,20839.29,153,179,4,On Time
FLT-11220,2024-07-08,Falcon Airways,Kolkata,Hyderabad,Premium Economy,91,82,778,20823.16,197,179,3,On Time
FLT-12966,2024-07-08,IndiGo Air,Bengaluru,Kochi,Economy,217,131,1976,40255.44,142,243,5,On Time
FLT-10542,2024-07-08,Air Bharat,Chennai,Lucknow,Economy,136,45,260,25540.75,59,244,2,Delayed
FLT-9728,2024-07-08,Air Bharat,Hyderabad,Chennai,Business,66,142,1221,2608.16,143,213,2,On Time
FLT-12390,2024-07-08,IndiGo Air,Goa,Chennai,Premium Economy,95,57,296,34527.08,87,196,1,On Time
FLT-10018,2024-07-08,Air Bharat,Kochi,Delhi,Economy,224,116,986,17446.04,207,180,2,Delayed
FLT-9264,2024-07-08,Falcon Airways,Bengaluru,Mumbai,Economy,138,131,2283,14254.51,160,170,1,On Time
FLT-12121,2024-07-08,IndiGo Air,Chennai,Kolkata,Economy,186,12,1918,44663.88,139,169,4,Delayed
FLT-11851,2024-07-08,SkyJet,Kolkata,Chennai,Economy,67,40,1376,22001.68,105,179,2,On Time
FLT-11076,2024-07-08,Air Bharat,Kolkata,Lucknow,Premium Economy,201,63,2125,33867.91,126,202,4,Delayed
FLT-10991,2024-07-08,Air Bharat,Kochi,Bengaluru,Economy,101,55,464,40850.87,181,234,2,Delayed
FLT-11415,2024-07-09,SkyJet,Kolkata,Lucknow,Economy,93,34,1120,27567.59,171,175,3,On Time
FLT-9174,2024-07-09,SkyJet,Kolkata,Kochi,Economy,53,62,1571,36822.61,163,235,5,On Time
FLT-12565,2024-07-09,Coastal Air,Goa,Chennai,Economy,101,38,2257,19398.12,144,249,3,On Time
FLT-11736,2024-07-09,Coastal Air,Kolkata,Hyderabad,Economy,139,135,401,15669.12,194,156,2,On Time
FLT-12531,2024-07-09,BlueWing,Delhi,Kolkata,Economy,187,84,636,43454.23,201,230,1,Delayed
FLT-11570,2024-07-09,BlueWing,Kochi,Mumbai,Economy,69,50,371,42076.22,176,225,1,On Time
FLT-10347,2024-07-09,BlueWing,Delhi,Chennai,Economy,198,49,1141,31985.74,150,225,2,Delayed
FLT-11745,2024-07-09,IndiGo Air,Kolkata,Bengaluru,Economy,98,148,1456,42566.31,185,210,5,Cancelled
FLT-12836,2024-07-09,SkyJet,Chennai,Kolkata,Economy,161,165,1405,2255.74,110,156,4,On Time
FLT-12887,2024-07-09,IndiGo Air,Delhi,Hyderabad,Economy,118,103,2023,10511.45,84,177,2,Delayed
FLT-12419,2024-07-09,Falcon Airways,Bengaluru,Kochi,Economy,157,51,181,37270.39,73,164,3,On Time
FLT-10643,2024-07-09,Air Bharat,Lucknow,Jaipur,Premium Economy,79,124,180,12655.62,149,196,2,Delayed
FLT-12643,2024-07-10,SkyJet,Chennai,Mumbai,Premium Economy,89,63,1003,22021.29,206,169,1,On Time
FLT-12994,2024-07-10,IndiGo Air,Goa,Mumbai,Economy,189,33,1859,28154.79,161,240,5,Delayed
FLT-12586,2024-07-10,Air Bharat,Kochi,Bengaluru,Economy,155,136,2427,26511.03,180,221,3,On Time
FLT-12871,2024-07-10,Coastal Air,Chennai,Kochi,Economy,170,52,2099,37094.14,129,206,1,On Time
FLT-10998,2024-07-10,IndiGo Air,Bengaluru,Delhi,Premium Economy,166,20,1077,15282.4,60,243,1,Delayed
FLT-10814,2024-07-10,Coastal Air,Kolkata,Mumbai,Economy,162,31,1999,44181.05,70,174,5,On Time
FLT-11832,2024-07-10,BlueWing,Delhi,Jaipur,Economy,177,25,793,9213.5,219,195,2,On Time
FLT-11733,2024-07-10,Falcon Airways,Bengaluru,Kochi,Economy,48,138,291,17756.26,204,175,2,On Time
FLT-12453,2024-07-10,Coastal Air,Kolkata,Goa,Economy,124,5,823,35999.51,164,209,1,On Time
FLT-10664,2024-07-10,Air Bharat,Jaipur,Kochi,Economy,81,101,383,33301.27,212,159,2,Delayed
FLT-11545,2024-07-10,BlueWing,Chennai,Delhi,Economy,54,47,163,33986.37,79,233,3,On Time
FLT-11123,2024-07-10,BlueWing,Chennai,Jaipur,Economy,194,15,1729,12028.68,212,237,3,On Time
FLT-12395,2024-07-11,BlueWing,Mumbai,Bengaluru,Economy,229,136,2088,39286.76,170,211,2,On Time
FLT-12574,2024-07-11,Falcon Airways,Jaipur,Kochi,Economy,106,129,1381,26776.25,50,186,5,On Time
FLT-10189,2024-07-11,BlueWing,Hyderabad,Jaipur,Economy,163,25,853,43172.21,180,233,3,Delayed
FLT-11257,2024-07-11,Coastal Air,Delhi,Lucknow,Economy,103,99,597,19032.86,81,184,3,Cancelled
FLT-11529,2024-07-11,SkyJet,Lucknow,Kochi,Premium Economy,46,174,2145,12260.32,156,194,5,On Time
FLT-9362,2024-07-11,BlueWing,Bengaluru,Hyderabad,Premium Economy,100,28,1152,41925.9,79,214,5,Delayed
FLT-12147,2024-07-11,SkyJet,Hyderabad,Delhi,Economy,114,20,1137,27315.55,142,209,1,On Time
FLT-9582,2024-07-11,Coastal Air,Lucknow,Delhi,Economy,215,65,240,28766.65,161,169,2,Delayed
FLT-10069,2024-07-11,Air Bharat,Chennai,Kochi,Economy,54,126,461,39809.0,201,232,5,On Time
FLT-11428,2024-07-11,Air Bharat,Jaipur,Lucknow,Economy,74,149,1768,5402.21,114,199,2,On Time
FLT-11048,2024-07-11,Coastal Air,Chennai,Kochi,Economy,199,42,1469,34849.32,107,232,4,On Time
FLT-10151,2024-07-12,Coastal Air,Hyderabad,Goa,Economy,80,172,698,30235.78,126,175,4,On Time
FLT-10258,2024-07-12,Air Bharat,Delhi,Chennai,Economy,239,63,1418,16588.64,175,220,3,On Time
FLT-9376,2024-07-12,Falcon Airways,Mumbai,Chennai,Economy,100,163,2009,2398.81,177,155,5,Delayed
FLT-11596,2024-07-12,Coastal Air,Jaipur,Mumbai,Economy,117,81,1755,10997.28,90,159,5,Cancelled
FLT-12859,2024-07-12,Falcon Airways,Kochi,Jaipur,Premium Economy,162,10,211,13105.55,217,233,2,On Time
FLT-10007,2024-07-12,Air Bharat,Hyderabad,Kolkata,Economy,108,83,2375,31590.53,210,234,1,On Time
FLT-12057,2024-07-12,BlueWing,Hyderabad,Kolkata,Economy,125,24,1711,26693.68,112,196,4,On Time
FLT-11417,2024-07-12,Air Bharat,Jaipur,Goa,Economy,120,95,1449,32823.33,50,204,4,On Time
FLT-11519,2024-07-12,IndiGo Air,Kolkata,Mumbai,Economy,183,54,396,20218.67,140,191,2,On Time
FLT-11098,2024-07-12,Falcon Airways,Jaipur,Kochi,Economy,93,175,2125,5795.25,201,180,1,On Time
FLT-11584,2024-07-12,Falcon Airways,Kolkata,Delhi,Premium Economy,157,156,2435,14839.59,104,207,1,On Time
FLT-9815,2024-07-12,IndiGo Air,Chennai,Hyderabad,Business,75,140,840,28493.12,187,225,4,Delayed
FLT-10672,2024-07-12,Air Bharat,Mumbai,Chennai,Economy,182,69,883,23323.99,132,182,2,On Time
FLT-10761,2024-07-12,BlueWing,Goa,Jaipur,Economy,168,96,1474,35315.99,206,192,3,On Time
FLT-9962,2024-07-12,SkyJet,Hyderabad,Kochi,Premium Economy,152,93,2160,41842.57,123,220,3,On Time
FLT-9684,2024-07-13,SkyJet,Chennai,Jaipur,Economy,162,19,240,28519.1,132,240,1,On Time
FLT-10147,2024-07-13,SkyJet,Kochi,Mumbai,Economy,120,20,1681,3277.97,216,235,1,On Time
FLT-11507,2024-07-13,SkyJet,Hyderabad,Goa,Economy,192,128,212,3502.9,189,200,3,On Time
FLT-11723,2024-07-13,IndiGo Air,Kochi,Chennai,Business,60,156,998,13396.32,121,168,4,Delayed
FLT-12103,2024-07-13,BlueWing,Bengaluru,Chennai,Premium Economy,176,17,824,6423.72,60,207,4,On Time
FLT-11268,2024-07-13,Falcon Airways,Kochi,Kolkata,Economy,75,73,1984,41623.48,126,248,4,On Time
FLT-9440,2024-07-13,Air Bharat,Lucknow,Kochi,Economy,220,68,2442,33613.39,153,222,2,On Time
FLT-9436,2024-07-13,Coastal Air,Kochi,Jaipur,Economy,114,24,2446,7379.28,84,222,5,On Time
FLT-11509,2024-07-13,IndiGo Air,Jaipur,Delhi,Economy,128,62,1566,43683.04,201,199,4,On Time
FLT-10679,2024-07-13,Falcon Airways,Mumbai,Lucknow,Economy,53,130,1332,11996.56,175,180,2,On Time
FLT-9169,2024-07-13,Falcon Airways,Mumbai,Kolkata,Economy,162,58,1049,18884.26,143,170,5,On Time
FLT-12771,2024-07-13,BlueWing,Bengaluru,Chennai,Premium Economy,217,122,711,9345.3,89,152,4,Delayed
FLT-10812,2024-07-13,BlueWing,Jaipur,Hyderabad,Premium Economy,102,62,266,2296.37,202,201,2,On Time
FLT-10203,2024-07-13,Falcon Airways,Mumbai,Hyderabad,Economy,219,100,675,24539.9,139,159,2,On Time
FLT-9105,2024-07-13,Coastal Air,Lucknow,Kochi,Economy,45,55,2164,23312.57,139,220,3,On Time
FLT-12036,2024-07-14,BlueWing,Goa,Chennai,Economy,136,134,445,11941.15,81,153,4,Delayed
FLT-10248,2024-07-14,IndiGo Air,Delhi,Bengaluru,Economy,159,151,1563,28675.75,121,166,4,Delayed
FLT-9489,2024-07-14,IndiGo Air,Kochi,Jaipur,Economy,98,26,584,9068.06,169,227,5,On Time
FLT-10774,2024-07-14,Air Bharat,Kochi,Goa,Premium Economy,89,139,273,5954.89,215,228,1,Delayed
FLT-9457,2024-07-14,BlueWing,Delhi,Kolkata,Economy,221,41,870,22303.3,55,175,4,Delayed
FLT-11398,2024-07-14,SkyJet,Jaipur,Hyderabad,Economy,117,78,156,44243.85,101,187,3,Delayed
FLT-10545,2024-07-14,Air Bharat,Kochi,Kolkata,Economy,236,129,1644,12837.81,118,185,2,Delayed
FLT-11190,2024-07-14,Coastal Air,Mumbai,Chennai,Economy,190,121,1174,17342.22,114,243,1,On Time
FLT-10273,2024-07-15,IndiGo Air,Goa,Delhi,Economy,71,22,1518,11048.07,219,157,3,On Time
FLT-11214,2024-07-15,SkyJet,Delhi,Lucknow,Economy,82,5,1902,2266.59,100,182,2,Delayed
FLT-9628,2024-07-15,BlueWing,Kochi,Lucknow,Economy,121,124,2249,7874.18,170,202,3,On Time
FLT-10934,2024-07-15,Coastal Air,Mumbai,Hyderabad,Economy,238,49,719,30783.96,191,159,4,On Time
FLT-11683,2024-07-15,IndiGo Air,Bengaluru,Lucknow,Premium Economy,202,127,2047,18372.82,160,211,1,On Time
FLT-12874,2024-07-15,Air Bharat,Bengaluru,Jaipur,Premium Economy,224,98,2395,9314.85,120,179,4,On Time
FLT-11090,2024-07-15,Air Bharat,Jaipur,Hyderabad,Economy,152,77,851,28893.54,57,220,4,On Time
FLT-11092,2024-07-15,Air Bharat,Jaipur,Kochi,Economy,139,160,2487,3527.65,66,202,5,On Time
FLT-12697,2024-07-15,Air Bharat,Kolkata,Bengaluru,Economy,187,14,262,5640.81,132,185,5,On Time
FLT-10732,2024-07-15,SkyJet,Delhi,Chennai,Economy,51,106,2277,42762.61,139,190,4,On Time
FLT-9395,2024-07-15,IndiGo Air,Kolkata,Chennai,Economy,123,121,2271,24766.0,197,226,5,On Time
FLT-10894,2024-07-15,Coastal Air,Lucknow,Kolkata,Business,225,81,748,3529.2,167,168,3,On Time
FLT-11760,2024-07-15,Falcon Airways,Kochi,Hyderabad,Economy,52,99,1727,25472.82,139,225,4,On Time
FLT-12219,2024-07-16,Air Bharat,Mumbai,Lucknow,Business,102,179,2002,2439.07,163,225,4,Delayed
FLT-9467,2024-07-16,Coastal Air,Kochi,Hyderabad,Premium Economy,85,82,1505,36613.85,90,244,5,On Time
FLT-9301,2024-07-16,IndiGo Air,Bengaluru,Lucknow,Economy,148,174,242,2201.77,206,217,5,On Time
FLT-11680,2024-07-16,Falcon Airways,Kochi,Bengaluru,Economy,218,20,2116,3547.88,54,193,1,Delayed
FLT-9935,2024-07-16,Air Bharat,Hyderabad,Delhi,Economy,160,28,1231,29305.08,179,193,1,On Time
FLT-12002,2024-07-16,BlueWing,Kochi,Lucknow,Premium Economy,89,152,1996,8427.39,212,190,3,On Time
FLT-10008,2024-07-16,IndiGo Air,Jaipur,Chennai,Economy,169,12,2413,34183.91,128,176,3,On Time
FLT-12039,2024-07-16,IndiGo Air,Goa,Bengaluru,Economy,77,175,1183,18212.41,176,167,3,Delayed
FLT-11226,2024-07-16,IndiGo Air,Kolkata,Chennai,Economy,219,148,2487,38441.37,163,233,1,Delayed
FLT-10136,2024-07-16,Falcon Airways,Mumbai,Goa,Premium Economy,61,25,1347,42768.26,77,186,5,On Time
FLT-10048,2024-07-16,Falcon Airways,Jaipur,Lucknow,Economy,112,80,1713,13266.73,79,203,4,Delayed
FLT-11995,2024-07-16,Coastal Air,Chennai,Kolkata,Economy,80,37,1276,9080.44,112,152,1,On Time
FLT-9396,2024-07-16,IndiGo Air,Goa,Chennai,Economy,169,15,1369,41480.93,106,215,1,On Time
FLT-10572,2024-07-16,SkyJet,Jaipur,Kochi,Economy,62,159,1328,41544.91,210,168,3,On Time
FLT-9960,2024-07-17,Air Bharat,Jaipur,Bengaluru,Economy,134,94,2033,29552.48,190,238,1,On Time
FLT-10194,2024-07-17,Falcon Airways,Goa,Hyderabad,Economy,151,119,312,12206.1,57,208,4,On Time
FLT-9843,2024-07-17,Coastal Air,Mumbai,Hyderabad,Economy,144,105,2380,32916.17,148,224,1,On Time
FLT-12754,2024-07-17,SkyJet,Bengaluru,Kochi,Business,159,175,469,30191.06,120,231,5,On Time
FLT-10211,2024-07-17,Falcon Airways,Mumbai,Bengaluru,Business,179,150,1911,28498.5,53,192,1,On Time
FLT-12276,2024-07-17,Air Bharat,Lucknow,Delhi,Economy,88,21,1169,29892.55,117,220,1,On Time
FLT-12523,2024-07-17,Coastal Air,Jaipur,Bengaluru,Economy,159,39,2272,18044.0,77,232,1,On Time
FLT-11758,2024-07-17,Falcon Airways,Goa,Mumbai,Economy,154,20,2470,10119.26,119,193,4,On Time
FLT-12552,2024-07-17,BlueWing,Chennai,Kolkata,Premium Economy,207,85,1322,3855.34,212,194,5,On Time
FLT-12645,2024-07-18,SkyJet,Delhi,Goa,Business,138,169,1702,38676.54,205,153,5,Delayed
FLT-9864,2024-07-18,SkyJet,Chennai,Goa,Economy,221,70,2426,3155.72,116,216,1,On Time
FLT-12360,2024-07-18,Falcon Airways,Kolkata,Bengaluru,Economy,89,18,418,23890.51,151,247,2,On Time
FLT-10482,2024-07-18,Falcon Airways,Hyderabad,Kochi,Economy,198,32,561,19701.39,75,179,2,On Time
FLT-9887,2024-07-18,BlueWing,Goa,Hyderabad,Economy,124,153,283,37705.17,116,173,3,On Time
FLT-10053,2024-07-18,Falcon Airways,Delhi,Kochi,Economy,67,130,722,24846.04,101,202,2,On Time
FLT-12715,2024-07-18,IndiGo Air,Chennai,Mumbai,Premium Economy,138,44,1205,40298.96,134,219,5,Delayed
FLT-11813,2024-07-18,Air Bharat,Mumbai,Goa,Business,120,155,2225,38664.17,211,224,1,Delayed
FLT-12047,2024-07-18,SkyJet,Kolkata,Lucknow,Economy,56,48,683,3666.93,95,168,5,On Time
FLT-11924,2024-07-18,Falcon Airways,Delhi,Bengaluru,Premium Economy,91,177,1292,14759.07,120,238,5,Delayed
FLT-10834,2024-07-18,Coastal Air,Delhi,Lucknow,Economy,135,100,527,20749.6,154,165,1,On Time
FLT-11681,2024-07-18,Falcon Airways,Goa,Mumbai,Economy,208,81,1632,38658.72,204,189,1,On Time
FLT-11920,2024-07-18,IndiGo Air,Delhi,Kolkata,Economy,166,59,527,4741.87,60,225,1,Delayed
FLT-9720,2024-07-18,Coastal Air,Delhi,Bengaluru,Economy,112,141,1325,13099.3,210,166,3,On Time
FLT-9371,2024-07-18,SkyJet,Jaipur,Mumbai,Business,164,110,2375,38789.65,106,160,5,On Time
FLT-10694,2024-07-19,Air Bharat,Chennai,Delhi,Economy,161,70,1842,40545.91,153,232,1,On Time
FLT-9121,2024-07-19,Coastal Air,Hyderabad,Lucknow,Economy,197,98,1476,9841.99,206,212,3,Delayed
FLT-9524,2024-07-19,Air Bharat,Hyderabad,Goa,Economy,192,1,411,6769.49,191,183,1,On Time
FLT-9885,2024-07-19,Falcon Airways,Kochi,Lucknow,Economy,150,64,158,6677.84,156,194,5,On Time
FLT-10559,2024-07-19,Air Bharat,Goa,Lucknow,Economy,79,99,1358,24340.91,175,235,4,Delayed
FLT-9209,2024-07-19,Falcon Airways,Delhi,Lucknow,Premium Economy,203,15,681,41444.0,180,151,1,On Time
FLT-12920,2024-07-19,SkyJet,Jaipur,Kochi,Economy,225,130,1065,6332.23,73,164,4,On Time
FLT-12212,2024-07-19,Coastal Air,Kolkata,Lucknow,Premium Economy,145,29,1608,23301.82,184,166,5,Delayed
FLT-10688,2024-07-19,IndiGo Air,Mumbai,Kochi,Premium Economy,108,110,2499,22019.13,166,227,2,On Time
FLT-10306,2024-07-19,SkyJet,Jaipur,Goa,Economy,177,113,1693,6591.28,121,163,1,On Time
FLT-9499,2024-07-19,Air Bharat,Mumbai,Hyderabad,Economy,106,27,2025,39813.71,183,154,4,Delayed
FLT-9279,2024-07-19,BlueWing,Hyderabad,Lucknow,Premium Economy,159,148,1785,22438.81,54,182,5,On Time
FLT-10598,2024-07-19,IndiGo Air,Hyderabad,Kochi,Economy,142,121,427,11818.68,119,162,1,Delayed
FLT-11946,2024-07-19,Falcon Airways,Kochi,Chennai,Economy,125,179,881,9566.94,155,193,5,On Time
FLT-10167,2024-07-19,IndiGo Air,Hyderabad,Goa,Economy,209,67,1368,28258.89,173,237,4,On Time
FLT-12249,2024-07-19,Coastal Air,Bengaluru,Kolkata,Economy,237,65,2303,4628.65,165,197,5,On Time
FLT-10589,2024-07-19,SkyJet,Mumbai,Hyderabad,Economy,144,179,1273,17109.21,126,217,5,Delayed
FLT-11400,2024-07-19,Coastal Air,Lucknow,Hyderabad,Premium Economy,236,67,1395,10041.53,134,160,2,On Time
FLT-11159,2024-07-19,Air Bharat,Chennai,Mumbai,Economy,129,126,1877,9730.91,138,166,3,On Time
FLT-12569,2024-07-20,Air Bharat,Lucknow,Delhi,Premium Economy,202,34,1761,18347.62,167,225,5,On Time
FLT-11490,2024-07-20,Coastal Air,Jaipur,Mumbai,Economy,156,132,1483,6068.18,196,208,2,On Time
FLT-11613,2024-07-20,SkyJet,Hyderabad,Bengaluru,Economy,109,27,2343,23084.92,88,166,3,On Time
FLT-12449,2024-07-20,Falcon Airways,Hyderabad,Jaipur,Economy,221,110,1872,22654.06,181,159,1,On Time
FLT-11821,2024-07-20,BlueWing,Chennai,Bengaluru,Economy,100,82,986,33635.32,77,152,5,On Time
FLT-10924,2024-07-20,Coastal Air,Bengaluru,Jaipur,Economy,172,156,1444,32754.99,105,162,1,On Time
FLT-12833,2024-07-20,SkyJet,Kochi,Kolkata,Economy,180,65,709,22738.83,84,199,1,Delayed
FLT-11132,2024-07-20,Coastal Air,Bengaluru,Lucknow,Economy,94,76,1083,23521.37,64,150,5,On Time
FLT-12178,2024-07-20,IndiGo Air,Bengaluru,Mumbai,Premium Economy,130,18,1947,44651.34,126,161,1,On Time
FLT-11328,2024-07-20,Falcon Airways,Kolkata,Jaipur,Premium Economy,230,41,2256,13208.51,120,223,3,On Time
FLT-12595,2024-07-20,Falcon Airways,Kochi,Hyderabad,Economy,123,162,2495,30325.18,208,236,5,On Time
FLT-9576,2024-07-20,Coastal Air,Bengaluru,Hyderabad,Economy,128,170,344,7658.23,187,215,1,On Time
FLT-12106,2024-07-20,SkyJet,Hyderabad,Kolkata,Premium Economy,176,156,1326,44305.51,139,157,2,On Time
FLT-10820,2024-07-20,IndiGo Air,Jaipur,Mumbai,Economy,157,68,807,11594.28,80,168,5,On Time
FLT-11849,2024-07-20,Air Bharat,Goa,Mumbai,Economy,232,20,713,2120.87,90,214,1,On Time
FLT-12237,2024-07-21,Falcon Airways,Lucknow,Kochi,Premium Economy,113,96,1663,41627.29,144,167,3,On Time
FLT-9558,2024-07-21,SkyJet,Lucknow,Mumbai,Economy,96,131,1940,35192.09,131,204,1,On Time
FLT-11295,2024-07-21,Coastal Air,Mumbai,Jaipur,Premium Economy,194,75,798,9191.97,184,150,3,On Time
FLT-12306,2024-07-21,BlueWing,Bengaluru,Jaipur,Business,183,60,2077,25042.94,141,208,2,On Time
FLT-11514,2024-07-21,BlueWing,Kochi,Bengaluru,Business,229,54,311,43973.75,154,157,3,On Time
FLT-12732,2024-07-21,Air Bharat,Jaipur,Lucknow,Premium Economy,116,104,2302,3183.63,143,202,1,On Time
FLT-9952,2024-07-21,Air Bharat,Bengaluru,Lucknow,Economy,224,75,1468,9182.61,204,175,5,Delayed
FLT-11492,2024-07-21,Coastal Air,Kochi,Kolkata,Economy,113,80,1013,18513.33,204,206,3,On Time
FLT-12252,2024-07-21,IndiGo Air,Chennai,Bengaluru,Economy,122,117,2228,22907.58,82,239,5,On Time
FLT-11391,2024-07-21,BlueWing,Delhi,Goa,Economy,150,43,278,4301.06,143,245,4,On Time
FLT-9629,2024-07-21,Air Bharat,Chennai,Bengaluru,Premium Economy,239,21,1840,21663.53,173,156,5,On Time
FLT-9865,2024-07-21,IndiGo Air,Chennai,Kolkata,Economy,115,167,612,21606.68,183,182,1,On Time
FLT-12483,2024-07-22,SkyJet,Bengaluru,Mumbai,Economy,190,148,576,27181.92,124,200,2,On Time
FLT-10352,2024-07-22,IndiGo Air,Mumbai,Kolkata,Economy,148,175,2211,4768.76,208,204,5,On Time
FLT-12422,2024-07-22,Air Bharat,Goa,Delhi,Business,208,40,1769,43546.46,209,199,4,On Time
FLT-12980,2024-07-22,Air Bharat,Jaipur,Mumbai,Economy,141,144,947,25751.34,137,197,5,On Time
FLT-9579,2024-07-22,BlueWing,Jaipur,Hyderabad,Business,148,77,2278,16171.04,93,207,4,Delayed
FLT-12996,2024-07-22,SkyJet,Goa,Kochi,Business,100,53,1487,22281.93,151,214,2,Delayed
FLT-12023,2024-07-22,Coastal Air,Goa,Kolkata,Economy,226,91,1683,22778.12,151,238,5,On Time
FLT-10428,2024-07-22,Falcon Airways,Bengaluru,Kolkata,Economy,145,87,718,8940.29,148,150,1,Delayed
FLT-11222,2024-07-22,Falcon Airways,Goa,Lucknow,Economy,91,16,1210,7004.92,128,155,3,On Time
FLT-12316,2024-07-22,BlueWing,Kolkata,Kochi,Economy,89,168,908,43525.99,112,174,3,On Time
FLT-12853,2024-07-22,IndiGo Air,Jaipur,Mumbai,Economy,115,137,2349,2810.59,140,179,2,On Time
FLT-9753,2024-07-23,Air Bharat,Chennai,Goa,Premium Economy,75,75,571,43359.97,76,241,5,On Time
FLT-10646,2024-07-23,Air Bharat,Jaipur,Kochi,Business,132,47,1976,4504.5,115,224,1,On Time
FLT-10380,2024-07-23,Coastal Air,Chennai,Kochi,Economy,57,8,1560,12192.92,140,178,3,On Time
FLT-10286,2024-07-23,Falcon Airways,Kochi,Hyderabad,Economy,179,133,2410,2971.08,107,224,2,On Time
FLT-10623,2024-07-23,Coastal Air,Jaipur,Mumbai,Premium Economy,91,53,1039,2024.86,154,222,1,On Time
FLT-12095,2024-07-23,Air Bharat,Mumbai,Jaipur,Premium Economy,58,96,2465,39917.56,52,157,1,On Time
FLT-12938,2024-07-23,Coastal Air,Delhi,Goa,Business,73,151,981,17449.7,163,161,5,On Time
FLT-10354,2024-07-23,IndiGo Air,Bengaluru,Kolkata,Economy,175,65,1529,22540.02,84,214,1,On Time
FLT-12148,2024-07-23,Coastal Air,Chennai,Delhi,Economy,49,178,1125,17694.17,159,209,3,Delayed
FLT-11339,2024-07-23,Coastal Air,Hyderabad,Chennai,Economy,176,99,968,44788.66,154,171,2,Delayed
FLT-10621,2024-07-23,Air Bharat,Mumbai,Jaipur,Economy,128,172,1392,43964.61,109,167,3,On Time
FLT-9156,2024-07-23,BlueWing,Kochi,Mumbai,Economy,173,113,1815,6306.72,187,220,2,On Time
FLT-9401,2024-07-23,Air Bharat,Delhi,Kochi,Economy,75,107,1333,13303.97,85,212,5,On Time
FLT-12529,2024-07-24,Falcon Airways,Jaipur,Hyderabad,Premium Economy,187,127,2229,2004.0,150,160,4,On Time
FLT-12334,2024-07-24,SkyJet,Bengaluru,Kochi,Premium Economy,230,52,472,36242.63,192,243,2,On Time
FLT-10653,2024-07-24,Coastal Air,Mumbai,Chennai,Premium Economy,65,37,1755,25704.74,131,177,2,Delayed
FLT-11224,2024-07-24,BlueWing,Kolkata,Hyderabad,Economy,207,84,1354,5748.03,68,169,2,On Time
FLT-9234,2024-07-24,BlueWing,Kochi,Kolkata,Premium Economy,158,71,402,23197.58,149,158,3,Delayed
FLT-12399,2024-07-24,SkyJet,Chennai,Mumbai,Premium Economy,59,34,1483,23760.85,59,172,4,On Time
FLT-11419,2024-07-24,Coastal Air,Chennai,Jaipur,Economy,215,51,2009,24595.19,100,235,3,On Time
FLT-12256,2024-07-24,IndiGo Air,Bengaluru,Lucknow,Economy,175,79,874,21124.69,193,190,3,On Time
FLT-10384,2024-07-24,BlueWing,Bengaluru,Goa,Economy,75,60,246,3489.15,93,245,4,On Time
FLT-10544,2024-07-24,Air Bharat,Jaipur,Mumbai,Economy,222,141,375,17867.51,95,212,2,On Time
FLT-11366,2024-07-24,Coastal Air,Lucknow,Goa,Economy,143,174,980,29672.37,98,193,3,On Time
FLT-12515,2024-07-24,Falcon Airways,Goa,Chennai,Economy,137,107,232,5112.1,99,175,3,On Time
FLT-12894,2024-07-25,Falcon Airways,Chennai,Goa,Economy,181,65,520,34352.1,185,218,2,On Time
FLT-12630,2024-07-25,BlueWing,Kochi,Delhi,Business,82,13,685,35502.59,99,209,2,On Time
FLT-12351,2024-07-25,Coastal Air,Kochi,Delhi,Economy,143,32,1691,19111.98,120,160,3,On Time
FLT-11038,2024-07-25,IndiGo Air,Delhi,Goa,Economy,222,117,2252,29646.12,215,211,3,Cancelled
FLT-12282,2024-07-25,Coastal Air,Jaipur,Lucknow,Business,45,102,849,29875.69,52,247,1,Delayed
FLT-10278,2024-07-25,SkyJet,Goa,Lucknow,Economy,122,141,1841,21845.35,140,249,2,Delayed
FLT-11418,2024-07-25,SkyJet,Jaipur,Hyderabad,Economy,155,158,703,9092.34,74,182,4,On Time
FLT-10400,2024-07-26,IndiGo Air,Goa,Delhi,Economy,193,10,2381,9834.95,204,175,4,Delayed
FLT-9572,2024-07-26,IndiGo Air,Chennai,Lucknow,Economy,237,80,570,3839.1,202,178,5,On Time
FLT-12534,2024-07-26,Coastal Air,Mumbai,Hyderabad,Economy,147,136,1345,23688.59,87,197,2,On Time
FLT-10565,2024-07-26,SkyJet,Jaipur,Kolkata,Economy,215,179,545,44031.67,105,179,2,On Time
FLT-9976,2024-07-26,Air Bharat,Jaipur,Lucknow,Economy,137,164,2249,8874.84,60,249,5,Delayed
FLT-10397,2024-07-26,Falcon Airways,Goa,Hyderabad,Economy,155,42,2417,27857.99,175,211,5,On Time
FLT-9507,2024-07-26,IndiGo Air,Chennai,Hyderabad,Economy,59,78,1235,37083.33,159,175,4,Delayed
FLT-10412,2024-07-26,Air Bharat,Mumbai,Kolkata,Economy,89,51,1478,5697.53,86,200,5,On Time
FLT-12227,2024-07-26,BlueWing,Bengaluru,Jaipur,Economy,225,99,2414,29407.39,95,192,5,Delayed
FLT-12648,2024-07-26,SkyJet,Goa,Mumbai,Economy,234,116,1782,24618.75,107,192,5,On Time
FLT-11717,2024-07-26,SkyJet,Delhi,Mumbai,Economy,73,84,459,31597.54,160,186,5,On Time
FLT-10433,2024-07-26,Falcon Airways,Jaipur,Lucknow,Economy,174,132,1193,43589.03,170,227,4,On Time
FLT-12111,2024-07-27,IndiGo Air,Kolkata,Hyderabad,Economy,224,152,2181,22607.69,202,237,3,Delayed
FLT-9383,2024-07-27,Coastal Air,Kochi,Lucknow,Economy,83,11,185,29605.89,148,208,1,On Time
FLT-10935,2024-07-27,BlueWing,Delhi,Jaipur,Premium Economy,157,107,1054,22437.78,150,179,5,Delayed
FLT-10326,2024-07-27,Coastal Air,Goa,Jaipur,Economy,215,8,1354,11876.99,52,199,4,On Time
FLT-12052,2024-07-27,Coastal Air,Mumbai,Jaipur,Premium Economy,94,77,603,21948.91,217,163,4,On Time
FLT-9671,2024-07-27,Air Bharat,Hyderabad,Goa,Premium Economy,234,135,1897,20390.76,86,243,2,On Time
FLT-9327,2024-07-27,BlueWing,Bengaluru,Chennai,Economy,56,47,2148,23014.99,218,204,1,On Time
FLT-11700,2024-07-27,Falcon Airways,Delhi,Chennai,Economy,83,80,2024,9933.93,153,215,5,On Time
FLT-11194,2024-07-27,Air Bharat,Kolkata,Delhi,Economy,187,160,2282,42130.95,72,246,4,On Time
FLT-9235,2024-07-27,IndiGo Air,Goa,Jaipur,Premium Economy,55,137,998,21375.68,82,154,5,Delayed
FLT-9765,2024-07-27,Coastal Air,Goa,Hyderabad,Economy,107,176,519,27772.67,153,169,4,Delayed
FLT-12487,2024-07-27,BlueWing,Delhi,Kochi,Economy,163,139,2287,20318.15,96,231,1,On Time
FLT-12378,2024-07-28,IndiGo Air,Bengaluru,Goa,Economy,56,103,2050,14916.55,112,237,5,On Time
FLT-9944,2024-07-28,BlueWing,Bengaluru,Chennai,Premium Economy,46,146,2396,43954.81,102,188,4,On Time
FLT-12475,2024-07-28,Falcon Airways,Kochi,Lucknow,Economy,210,156,2396,33886.18,184,154,1,Delayed
FLT-10287,2024-07-28,Air Bharat,Goa,Kochi,Economy,112,168,573,38497.91,195,197,1,On Time
FLT-11933,2024-07-28,Falcon Airways,Chennai,Kochi,Economy,218,6,715,32448.78,65,246,2,On Time
FLT-11525,2024-07-28,SkyJet,Chennai,Mumbai,Economy,212,99,1095,39595.72,106,247,3,On Time
FLT-12556,2024-07-28,IndiGo Air,Mumbai,Kochi,Economy,48,37,632,31723.2,97,162,1,Delayed
FLT-9428,2024-07-28,BlueWing,Lucknow,Goa,Premium Economy,52,123,1094,39733.31,207,183,5,Delayed
FLT-11119,2024-07-28,Air Bharat,Delhi,Hyderabad,Economy,92,32,1977,35420.0,150,171,4,Delayed
FLT-12958,2024-07-28,BlueWing,Goa,Kochi,Economy,60,41,2335,32363.32,105,189,4,Delayed
FLT-10054,2024-07-28,Falcon Airways,Hyderabad,Kochi,Economy,199,54,454,19355.66,178,229,1,On Time
FLT-12657,2024-07-28,Falcon Airways,Bengaluru,Hyderabad,Economy,206,101,676,17561.97,132,218,2,Delayed
FLT-11505,2024-07-28,Falcon Airways,Jaipur,Delhi,Economy,144,80,1968,34073.02,96,207,2,Delayed
FLT-12710,2024-07-29,Coastal Air,Hyderabad,Jaipur,Economy,179,12,626,31660.55,77,211,5,On Time
FLT-12726,2024-07-29,Falcon Airways,Lucknow,Goa,Business,125,103,2403,39703.43,170,190,1,Delayed
FLT-10197,2024-07-29,Air Bharat,Kolkata,Bengaluru,Economy,98,68,363,42121.13,93,208,4,Cancelled
FLT-10094,2024-07-29,SkyJet,Delhi,Mumbai,Economy,186,74,984,40440.18,214,181,1,Delayed
FLT-9265,2024-07-29,Air Bharat,Lucknow,Delhi,Economy,161,7,1107,15618.35,121,164,4,On Time
FLT-12679,2024-07-29,BlueWing,Delhi,Bengaluru,Economy,143,105,217,39106.42,51,157,2,On Time
FLT-11416,2024-07-29,IndiGo Air,Bengaluru,Lucknow,Economy,85,119,2149,42964.04,188,231,3,Delayed
FLT-10728,2024-07-29,SkyJet,Delhi,Kochi,Economy,50,92,1669,12935.95,72,193,5,On Time
FLT-12605,2024-07-29,Air Bharat,Bengaluru,Lucknow,Economy,169,87,1094,44506.48,93,176,1,Cancelled
FLT-10605,2024-07-29,IndiGo Air,Delhi,Jaipur,Premium Economy,142,39,2374,12865.27,170,211,3,On Time
FLT-11921,2024-07-29,SkyJet,Jaipur,Kolkata,Economy,93,141,1519,3485.7,99,247,5,On Time
FLT-11227,2024-07-29,Falcon Airways,Bengaluru,Kolkata,Economy,183,139,1905,44977.02,158,249,2,On Time
FLT-10992,2024-07-29,IndiGo Air,Mumbai,Hyderabad,Economy,172,162,1449,12834.56,136,214,2,On Time
FLT-10042,2024-07-30,SkyJet,Lucknow,Delhi,Premium Economy,83,162,1272,4959.04,112,202,3,Delayed
FLT-10662,2024-07-30,IndiGo Air,Delhi,Bengaluru,Economy,237,21,586,18230.25,209,196,4,On Time
FLT-11064,2024-07-30,Air Bharat,Jaipur,Hyderabad,Premium Economy,123,122,2169,18278.49,89,244,5,On Time
FLT-12610,2024-07-30,Air Bharat,Chennai,Lucknow,Economy,183,44,2364,24820.43,146,245,4,On Time
FLT-12323,2024-07-30,Air Bharat,Hyderabad,Delhi,Business,223,11,1207,29961.24,107,227,3,On Time
FLT-12067,2024-07-30,SkyJet,Jaipur,Hyderabad,Business,153,34,659,3834.84,176,201,2,On Time
FLT-10110,2024-07-30,SkyJet,Delhi,Lucknow,Economy,201,36,903,29762.77,190,239,5,On Time
FLT-9680,2024-07-30,IndiGo Air,Chennai,Goa,Economy,198,57,758,41082.17,92,239,1,On Time
FLT-12058,2024-07-30,Coastal Air,Goa,Bengaluru,Economy,160,156,1485,26841.34,70,201,4,Cancelled
FLT-12488,2024-07-30,Coastal Air,Lucknow,Delhi,Economy,222,17,2097,29423.93,207,190,3,On Time
FLT-12263,2024-07-31,BlueWing,Mumbai,Bengaluru,Economy,201,103,456,32791.28,180,209,2,Delayed
FLT-9425,2024-07-31,Air Bharat,Kochi,Delhi,Premium Economy,115,145,1163,29949.18,203,159,5,On Time
FLT-9927,2024-07-31,IndiGo Air,Kolkata,Kochi,Economy,114,38,1119,34907.22,183,232,3,On Time
FLT-11546,2024-07-31,SkyJet,Kochi,Bengaluru,Economy,63,42,1949,41467.81,99,184,4,On Time
FLT-10989,2024-07-31,Coastal Air,Kochi,Jaipur,Economy,212,98,773,31817.45,209,248,3,On Time
FLT-12661,2024-07-31,IndiGo Air,Goa,Mumbai,Premium Economy,58,94,1103,12963.34,167,184,4,On Time
FLT-10816,2024-07-31,SkyJet,Kochi,Hyderabad,Economy,231,80,846,21415.61,168,225,5,On Time
FLT-12794,2024-07-31,Falcon Airways,Goa,Delhi,Economy,231,128,1575,5819.21,59,152,4,Delayed
FLT-12151,2024-07-31,BlueWing,Delhi,Lucknow,Economy,102,30,1623,22887.37,185,168,2,On Time
FLT-12598,2024-07-31,BlueWing,Lucknow,Goa,Business,62,77,1888,28232.38,190,213,3,On Time
FLT-10656,2024-07-31,Falcon Airways,Jaipur,Mumbai,Economy,172,25,400,2528.69,196,180,5,On Time
FLT-10292,2024-07-31,SkyJet,Jaipur,Delhi,Premium Economy,188,63,826,42753.73,199,235,5,On Time
FLT-12188,2024-07-31,Falcon Airways,Lucknow,Delhi,Premium Economy,101,76,1808,25139.68,208,219,1,On Time
FLT-9545,2024-08-01,SkyJet,Goa,Bengaluru,Economy,182,36,907,21824.8,73,150,2,On Time
FLT-10237,2024-08-01,BlueWing,Kochi,Jaipur,Economy,47,163,1219,26142.26,117,223,3,On Time
FLT-9180,2024-08-01,Coastal Air,Delhi,Goa,Economy,56,126,1453,28059.98,85,210,5,On Time
FLT-12164,2024-08-01,Air Bharat,Delhi,Mumbai,Business,206,174,1166,43300.42,66,229,1,On Time
FLT-10690,2024-08-01,Coastal Air,Kolkata,Delhi,Economy,189,80,1023,33879.52,104,185,1,On Time
FLT-10443,2024-08-01,SkyJet,Bengaluru,Kochi,Economy,139,108,678,26738.24,154,164,4,On Time
FLT-10722,2024-08-01,Falcon Airways,Jaipur,Hyderabad,Economy,87,156,804,16919.72,194,215,1,On Time
FLT-9840,2024-08-01,Falcon Airways,Lucknow,Kolkata,Economy,133,142,776,31632.97,70,179,5,On Time
FLT-11332,2024-08-01,Coastal Air,Kochi,Mumbai,Economy,65,177,1893,5342.26,174,248,2,On Time
FLT-11321,2024-08-01,SkyJet,Kochi,Chennai,Premium Economy,88,121,158,12830.13,182,223,4,Delayed
FLT-10212,2024-08-02,IndiGo Air,Delhi,Bengaluru,Business,194,68,737,24859.03,78,229,3,On Time
FLT-10984,2024-08-02,BlueWing,Delhi,Bengaluru,Economy,146,9,864,4953.64,75,248,2,On Time
FLT-12187,2024-08-02,Falcon Airways,Goa,Jaipur,Economy,57,140,160,16154.61,98,175,3,On Time
FLT-11616,2024-08-02,Falcon Airways,Hyderabad,Lucknow,Premium Economy,66,113,2157,2470.1,114,176,1,On Time
FLT-11069,2024-08-02,Coastal Air,Bengaluru,Kolkata,Economy,57,44,300,20794.15,146,234,3,On Time
FLT-11263,2024-08-02,SkyJet,Chennai,Kolkata,Business,233,107,311,19893.28,172,226,4,On Time
FLT-10782,2024-08-02,IndiGo Air,Chennai,Kochi,Economy,131,149,634,32580.64,153,150,3,On Time
FLT-12914,2024-08-02,BlueWing,Bengaluru,Kochi,Economy,126,107,2369,32562.75,81,181,4,On Time
FLT-9910,2024-08-02,Coastal Air,Delhi,Kochi,Premium Economy,78,160,1704,15267.06,218,182,5,On Time
FLT-12381,2024-08-02,SkyJet,Chennai,Goa,Premium Economy,113,17,2426,19731.64,203,209,3,On Time
FLT-9449,2024-08-03,SkyJet,Kochi,Lucknow,Premium Economy,199,36,1233,9865.34,164,184,2,On Time
FLT-11815,2024-08-03,Air Bharat,Jaipur,Lucknow,Premium Economy,74,109,651,17155.57,105,239,1,Delayed
FLT-9218,2024-08-03,Coastal Air,Kolkata,Mumbai,Economy,234,160,928,12984.62,169,156,2,Delayed
FLT-11792,2024-08-03,IndiGo Air,Delhi,Kochi,Economy,212,156,934,16947.93,205,170,1,On Time
FLT-12272,2024-08-03,BlueWing,Delhi,Bengaluru,Economy,53,40,1587,24424.16,121,227,3,On Time
FLT-12386,2024-08-03,Falcon Airways,Lucknow,Goa,Economy,224,19,2485,44389.97,174,246,3,On Time
FLT-12008,2024-08-03,BlueWing,Chennai,Hyderabad,Premium Economy,155,46,2354,11505.56,152,218,5,Delayed
FLT-10478,2024-08-03,BlueWing,Kochi,Chennai,Economy,205,25,1876,25520.88,186,190,4,On Time
FLT-12141,2024-08-04,BlueWing,Kolkata,Goa,Economy,126,150,1450,21018.67,129,217,2,On Time
FLT-11684,2024-08-04,BlueWing,Jaipur,Kochi,Economy,187,86,1402,43553.47,169,234,5,Delayed
FLT-11979,2024-08-04,Coastal Air,Kochi,Chennai,Economy,160,31,383,36925.65,201,183,2,On Time
FLT-10070,2024-08-04,IndiGo Air,Hyderabad,Delhi,Premium Economy,83,150,150,12019.21,119,204,2,On Time
FLT-10128,2024-08-04,Falcon Airways,Mumbai,Bengaluru,Economy,155,68,1248,16374.26,196,191,3,On Time
FLT-11356,2024-08-04,Air Bharat,Kolkata,Chennai,Premium Economy,159,169,2059,9587.72,195,197,3,Cancelled
FLT-10230,2024-08-05,IndiGo Air,Jaipur,Bengaluru,Economy,60,104,159,35599.19,159,223,5,Cancelled
FLT-9151,2024-08-05,Falcon Airways,Delhi,Kochi,Economy,169,144,762,7858.68,131,246,4,On Time
FLT-10567,2024-08-05,Falcon Airways,Hyderabad,Delhi,Economy,99,152,570,10682.83,97,229,3,Delayed
FLT-10678,2024-08-05,BlueWing,Delhi,Kochi,Premium Economy,216,136,1080,21736.31,55,190,5,On Time
FLT-10899,2024-08-05,Coastal Air,Mumbai,Goa,Economy,113,166,1519,10993.23,110,168,3,On Time
FLT-11827,2024-08-05,SkyJet,Lucknow,Delhi,Economy,51,82,1629,24631.02,169,162,2,On Time
FLT-12127,2024-08-05,Falcon Airways,Goa,Kolkata,Premium Economy,159,34,519,41439.28,52,194,2,On Time
FLT-11757,2024-08-05,IndiGo Air,Kolkata,Goa,Economy,147,90,598,29814.31,99,186,4,On Time
FLT-12857,2024-08-05,Coastal Air,Hyderabad,Lucknow,Economy,209,114,356,35388.07,86,167,3,On Time
FLT-9414,2024-08-05,Air Bharat,Hyderabad,Jaipur,Business,79,94,582,21986.3,118,230,4,On Time
FLT-10140,2024-08-05,IndiGo Air,Jaipur,Kochi,Premium Economy,131,32,677,26413.46,121,216,2,On Time
FLT-11151,2024-08-05,Falcon Airways,Chennai,Bengaluru,Economy,93,174,2191,42873.54,183,234,5,On Time
FLT-11606,2024-08-06,BlueWing,Jaipur,Bengaluru,Premium Economy,109,59,2407,32886.34,56,189,1,On Time
FLT-10947,2024-08-06,Air Bharat,Jaipur,Goa,Economy,192,74,296,23594.0,76,174,2,On Time
FLT-9866,2024-08-06,BlueWing,Chennai,Kochi,Business,175,81,1343,14579.06,191,212,4,Delayed
FLT-9756,2024-08-06,Air Bharat,Bengaluru,Goa,Economy,155,135,330,24364.85,218,176,4,On Time
FLT-9099,2024-08-06,Coastal Air,Lucknow,Delhi,Economy,174,126,2175,30059.85,143,180,5,On Time
FLT-12988,2024-08-06,IndiGo Air,Lucknow,Goa,Premium Economy,232,175,955,20757.75,187,222,2,Cancelled
FLT-12380,2024-08-06,Falcon Airways,Mumbai,Lucknow,Economy,215,126,2022,37914.05,135,243,5,Delayed
FLT-9853,2024-08-06,IndiGo Air,Goa,Jaipur,Business,78,166,1797,24851.32,101,167,1,On Time
FLT-10152,2024-08-06,Falcon Airways,Bengaluru,Goa,Economy,89,21,2388,20265.79,152,233,1,On Time
FLT-10475,2024-08-06,Coastal Air,Delhi,Hyderabad,Economy,131,96,203,43781.83,136,205,5,On Time
FLT-10415,2024-08-06,SkyJet,Kochi,Mumbai,Economy,202,54,2232,6772.43,87,188,4,Delayed
FLT-9182,2024-08-06,Coastal Air,Chennai,Bengaluru,Premium Economy,120,97,1948,33247.86,105,231,3,On Time
FLT-12216,2024-08-07,BlueWing,Lucknow,Mumbai,Economy,120,94,263,39146.66,149,175,3,On Time
FLT-11089,2024-08-07,SkyJet,Jaipur,Mumbai,Economy,93,139,1741,5223.34,214,207,2,On Time
FLT-10172,2024-08-07,BlueWing,Delhi,Bengaluru,Economy,73,18,1057,22968.23,84,191,4,On Time
FLT-11032,2024-08-07,Coastal Air,Delhi,Mumbai,Economy,66,111,238,17862.11,61,221,1,On Time
FLT-11667,2024-08-07,Air Bharat,Mumbai,Jaipur,Economy,119,59,179,37957.52,89,182,3,On Time
FLT-12559,2024-08-07,SkyJet,Kochi,Kolkata,Economy,197,105,2079,26228.52,102,240,3,On Time
FLT-12361,2024-08-07,BlueWing,Lucknow,Kolkata,Economy,205,45,1241,41369.29,119,159,3,On Time
FLT-12577,2024-08-08,SkyJet,Bengaluru,Kolkata,Economy,181,88,1056,4787.52,131,186,3,Cancelled
FLT-10081,2024-08-08,Air Bharat,Delhi,Lucknow,Economy,180,142,950,12095.57,68,200,4,Delayed
FLT-12829,2024-08-08,Falcon Airways,Bengaluru,Delhi,Premium Economy,126,93,539,43650.8,181,173,4,On Time
FLT-11582,2024-08-08,SkyJet,Kochi,Delhi,Economy,224,60,1924,12116.08,65,227,3,On Time
FLT-10233,2024-08-08,Air Bharat,Kochi,Jaipur,Business,207,81,2324,23747.73,116,224,1,On Time
FLT-9448,2024-08-08,SkyJet,Goa,Lucknow,Economy,207,19,691,6764.38,137,204,2,Cancelled
FLT-12700,2024-08-08,IndiGo Air,Goa,Kolkata,Economy,138,99,265,20365.56,147,220,1,On Time
FLT-10304,2024-08-08,Air Bharat,Bengaluru,Goa,Economy,230,24,314,14084.72,101,204,1,On Time
FLT-11208,2024-08-09,BlueWing,Bengaluru,Lucknow,Economy,126,33,1593,35552.17,91,204,4,Delayed
FLT-10035,2024-08-09,Falcon Airways,Chennai,Kochi,Economy,102,161,2326,39080.24,105,181,1,On Time
FLT-9586,2024-08-09,Falcon Airways,Kochi,Chennai,Economy,151,18,906,13544.75,178,201,3,On Time
FLT-10393,2024-08-09,BlueWing,Chennai,Jaipur,Premium Economy,230,178,1476,15703.29,60,182,1,Delayed
FLT-11790,2024-08-09,Falcon Airways,Chennai,Lucknow,Economy,49,162,1794,5719.3,60,241,5,On Time
FLT-12539,2024-08-09,Air Bharat,Mumbai,Chennai,Economy,57,178,1990,18721.95,189,196,5,On Time
FLT-9336,2024-08-09,Coastal Air,Lucknow,Chennai,Economy,119,25,2355,13331.8,120,180,3,On Time
FLT-12985,2024-08-09,Falcon Airways,Jaipur,Kochi,Economy,70,26,275,15044.94,205,194,4,On Time
FLT-11642,2024-08-09,Coastal Air,Jaipur,Mumbai,Economy,164,37,826,21575.88,124,162,3,On Time
FLT-11913,2024-08-09,IndiGo Air,Kochi,Chennai,Economy,60,1,476,17412.47,188,200,1,On Time
FLT-9132,2024-08-09,Falcon Airways,Goa,Lucknow,Economy,66,16,1642,37286.31,87,244,4,On Time
FLT-10113,2024-08-09,SkyJet,Kochi,Jaipur,Economy,90,172,1752,24455.9,148,168,1,On Time
FLT-10828,2024-08-10,BlueWing,Kochi,Bengaluru,Economy,218,115,1425,11689.37,196,241,2,Delayed
FLT-12631,2024-08-10,Falcon Airways,Kochi,Kolkata,Premium Economy,59,99,1499,43917.89,184,156,5,On Time
FLT-12233,2024-08-10,BlueWing,Mumbai,Kochi,Economy,193,158,2126,33515.16,107,158,4,On Time
FLT-9526,2024-08-10,Air Bharat,Bengaluru,Delhi,Business,151,129,2228,29693.12,207,204,3,Delayed
FLT-12365,2024-08-10,Coastal Air,Chennai,Bengaluru,Economy,51,4,1831,31868.86,163,197,4,On Time
FLT-10880,2024-08-10,Falcon Airways,Mumbai,Goa,Economy,168,103,1565,39262.33,114,234,3,On Time
FLT-10918,2024-08-10,SkyJet,Bengaluru,Chennai,Economy,220,144,2494,30361.84,172,236,3,On Time
FLT-9134,2024-08-10,IndiGo Air,Kochi,Mumbai,Business,108,137,776,13279.65,161,211,4,Cancelled
FLT-11342,2024-08-10,BlueWing,Bengaluru,Hyderabad,Economy,136,122,856,5510.68,58,219,4,On Time
FLT-12032,2024-08-10,IndiGo Air,Chennai,Jaipur,Economy,167,73,1898,28316.83,161,179,4,On Time
FLT-12273,2024-08-10,BlueWing,Lucknow,Bengaluru,Premium Economy,236,131,1695,41705.9,216,179,3,On Time
FLT-9603,2024-08-10,BlueWing,Bengaluru,Mumbai,Economy,105,66,2371,23102.28,213,174,3,On Time
FLT-12560,2024-08-11,IndiGo Air,Delhi,Chennai,Economy,56,58,211,21549.85,161,173,1,Delayed
FLT-9616,2024-08-11,Coastal Air,Hyderabad,Mumbai,Premium Economy,55,91,1699,42903.81,174,233,4,Delayed
FLT-11218,2024-08-11,BlueWing,Delhi,Goa,Economy,162,49,251,8745.35,149,217,3,Delayed
FLT-12339,2024-08-11,Coastal Air,Goa,Lucknow,Economy,181,102,2239,16715.1,195,194,1,On Time
FLT-9875,2024-08-11,Air Bharat,Hyderabad,Kolkata,Economy,109,100,2228,18900.32,78,170,5,On Time
FLT-11297,2024-08-11,Coastal Air,Bengaluru,Chennai,Business,188,44,1582,11901.78,108,211,5,On Time
FLT-10555,2024-08-11,Air Bharat,Chennai,Delhi,Economy,133,69,2373,42973.38,107,167,4,On Time
FLT-11600,2024-08-12,SkyJet,Lucknow,Kochi,Economy,90,23,771,30705.57,94,181,2,On Time
FLT-9538,2024-08-12,SkyJet,Mumbai,Lucknow,Economy,46,12,1058,23387.28,85,215,4,Delayed
FLT-11657,2024-08-12,Falcon Airways,Goa,Lucknow,Premium Economy,231,34,2417,22006.58,50,205,4,On Time
FLT-10731,2024-08-12,SkyJet,Delhi,Lucknow,Business,59,79,872,14758.6,189,184,3,On Time
FLT-11189,2024-08-12,BlueWing,Mumbai,Delhi,Premium Economy,55,113,2132,2289.43,207,238,3,On Time
FLT-9793,2024-08-12,Air Bharat,Goa,Delhi,Economy,104,47,1318,30383.33,157,199,4,On Time
FLT-9784,2024-08-12,BlueWing,Delhi,Kochi,Economy,83,66,1065,18526.66,204,242,4,On Time
FLT-11551,2024-08-12,SkyJet,Delhi,Lucknow,Business,143,111,958,27226.89,88,202,2,Delayed
FLT-11485,2024-08-12,IndiGo Air,Delhi,Chennai,Business,147,55,1252,37009.14,56,193,2,On Time
FLT-12543,2024-08-12,SkyJet,Bengaluru,Hyderabad,Economy,81,98,1047,10997.56,73,192,2,On Time
FLT-12051,2024-08-12,Air Bharat,Delhi,Jaipur,Economy,165,144,508,35213.8,182,199,1,On Time
FLT-11163,2024-08-12,SkyJet,Hyderabad,Goa,Economy,175,78,1376,30201.71,140,217,4,Delayed
FLT-9476,2024-08-12,Falcon Airways,Hyderabad,Goa,Economy,115,179,1693,33447.67,62,175,1,On Time
FLT-9152,2024-08-12,BlueWing,Lucknow,Delhi,Economy,55,25,1548,43292.75,56,181,5,On Time
FLT-9097,2024-08-12,SkyJet,Jaipur,Goa,Economy,102,169,900,4248.19,88,236,2,On Time
FLT-11980,2024-08-12,BlueWing,Kochi,Goa,Business,180,101,2080,35592.47,94,248,1,Delayed
FLT-10462,2024-08-13,BlueWing,Jaipur,Mumbai,Economy,71,6,1069,36060.58,108,162,3,On Time
FLT-10686,2024-08-13,IndiGo Air,Delhi,Goa,Premium Economy,90,166,1805,15453.18,170,197,5,On Time
FLT-10927,2024-08-13,Coastal Air,Lucknow,Bengaluru,Economy,149,111,2318,33973.32,148,162,1,Delayed
FLT-9760,2024-08-13,Coastal Air,Kolkata,Lucknow,Economy,220,59,482,28427.55,93,223,3,Delayed
FLT-9813,2024-08-13,IndiGo Air,Bengaluru,Chennai,Economy,103,100,2170,35723.31,203,201,1,On Time
FLT-9211,2024-08-13,IndiGo Air,Delhi,Chennai,Business,81,123,1164,41203.03,140,191,1,On Time
FLT-11376,2024-08-13,Falcon Airways,Kochi,Kolkata,Economy,91,129,1360,27964.79,201,209,4,On Time
FLT-11198,2024-08-13,Air Bharat,Lucknow,Jaipur,Economy,228,36,1917,15461.45,219,249,3,On Time
FLT-10807,2024-08-13,Air Bharat,Kolkata,Hyderabad,Business,73,162,539,20507.88,150,196,2,On Time
FLT-10266,2024-08-13,SkyJet,Chennai,Bengaluru,Business,193,107,219,35916.1,160,219,1,Delayed
FLT-11282,2024-08-13,Coastal Air,Chennai,Jaipur,Economy,110,70,2026,29829.62,216,233,5,Delayed
FLT-10907,2024-08-13,Falcon Airways,Mumbai,Hyderabad,Economy,164,49,1778,5871.55,165,248,5,Delayed
FLT-11368,2024-08-13,Coastal Air,Lucknow,Hyderabad,Premium Economy,191,71,421,25392.41,50,159,1,Delayed
FLT-9623,2024-08-14,Air Bharat,Lucknow,Kochi,Business,85,145,2231,20278.55,164,160,3,On Time
FLT-12299,2024-08-14,SkyJet,Bengaluru,Kolkata,Premium Economy,107,112,2493,36233.09,94,157,2,On Time
FLT-12107,2024-08-14,Air Bharat,Hyderabad,Lucknow,Economy,117,8,1590,36506.08,98,156,4,On Time
FLT-10236,2024-08-14,Coastal Air,Kochi,Bengaluru,Economy,162,62,277,3815.47,86,243,4,On Time
FLT-9780,2024-08-14,IndiGo Air,Goa,Mumbai,Economy,153,141,684,38763.82,195,216,5,On Time
FLT-12423,2024-08-14,Coastal Air,Hyderabad,Kochi,Economy,96,81,1910,33736.1,140,229,4,On Time
FLT-10343,2024-08-15,Air Bharat,Kolkata,Bengaluru,Economy,124,35,525,27416.63,116,239,3,Delayed
FLT-11229,2024-08-15,Coastal Air,Bengaluru,Goa,Economy,123,169,754,34861.26,135,153,3,On Time
FLT-11904,2024-08-15,IndiGo Air,Jaipur,Chennai,Economy,164,111,2296,22931.28,65,220,5,On Time
FLT-11286,2024-08-15,Falcon Airways,Mumbai,Kolkata,Business,123,49,409,13964.36,105,243,4,On Time
FLT-9560,2024-08-15,BlueWing,Goa,Kolkata,Economy,60,49,190,3199.83,173,225,5,Delayed
FLT-9634,2024-08-15,Air Bharat,Delhi,Jaipur,Economy,93,122,579,6706.59,59,185,4,Cancelled
FLT-11219,2024-08-15,SkyJet,Chennai,Delhi,Economy,55,40,1626,30769.45,55,172,2,Delayed
FLT-12792,2024-08-15,Air Bharat,Delhi,Chennai,Economy,185,25,2032,21323.22,59,199,2,On Time
FLT-12955,2024-08-15,Air Bharat,Kolkata,Bengaluru,Economy,155,40,302,41978.02,118,175,4,On Time
FLT-10797,2024-08-16,Air Bharat,Hyderabad,Chennai,Economy,97,70,1829,17078.75,176,223,5,Delayed
FLT-10121,2024-08-16,Coastal Air,Hyderabad,Mumbai,Economy,172,7,2373,18077.37,184,190,1,On Time
FLT-11465,2024-08-16,Falcon Airways,Goa,Jaipur,Economy,168,157,1727,25689.98,124,164,4,On Time
FLT-10620,2024-08-16,SkyJet,Kolkata,Delhi,Economy,83,101,1046,43954.85,116,245,4,On Time
FLT-10514,2024-08-16,SkyJet,Goa,Lucknow,Economy,212,134,201,25544.79,198,196,5,Delayed
FLT-11577,2024-08-16,SkyJet,Kolkata,Hyderabad,Economy,124,153,1534,19430.57,90,198,1,On Time
FLT-9643,2024-08-16,IndiGo Air,Chennai,Kochi,Economy,164,18,1496,12340.44,164,182,3,On Time
FLT-12267,2024-08-16,Falcon Airways,Delhi,Kolkata,Premium Economy,160,157,2059,25073.14,179,154,2,On Time
FLT-9669,2024-08-16,BlueWing,Kolkata,Chennai,Economy,236,126,1429,34340.06,161,168,2,On Time
FLT-12006,2024-08-16,Air Bharat,Lucknow,Kochi,Economy,154,64,2094,22024.99,152,244,1,On Time
FLT-10073,2024-08-17,SkyJet,Hyderabad,Chennai,Economy,212,39,2132,40369.61,99,203,1,On Time
FLT-9416,2024-08-17,Air Bharat,Jaipur,Kochi,Economy,176,170,1579,33588.56,192,206,5,Delayed
FLT-12203,2024-08-17,Air Bharat,Hyderabad,Jaipur,Economy,216,39,1838,22528.81,150,170,4,On Time
FLT-9953,2024-08-17,Air Bharat,Bengaluru,Kolkata,Economy,102,33,1663,36137.0,180,238,4,On Time
FLT-9409,2024-08-17,SkyJet,Delhi,Mumbai,Economy,69,112,2294,32381.24,71,159,3,On Time
FLT-10142,2024-08-17,Coastal Air,Mumbai,Hyderabad,Economy,129,139,2454,3342.9,54,152,3,Delayed
FLT-9743,2024-08-18,IndiGo Air,Bengaluru,Delhi,Economy,120,17,1750,6887.65,188,200,1,On Time
FLT-11558,2024-08-18,SkyJet,Lucknow,Delhi,Economy,237,66,1410,25953.97,62,194,4,Cancelled
FLT-9501,2024-08-18,Coastal Air,Chennai,Delhi,Business,129,68,1870,19851.41,136,209,4,Delayed
FLT-12689,2024-08-18,Falcon Airways,Goa,Delhi,Economy,235,10,1521,28860.87,73,184,2,On Time
FLT-12919,2024-08-18,Air Bharat,Kochi,Delhi,Premium Economy,120,23,2346,5909.03,171,248,5,On Time
FLT-12935,2024-08-18,IndiGo Air,Goa,Chennai,Economy,152,8,1439,26549.57,99,210,5,On Time
FLT-9548,2024-08-18,SkyJet,Delhi,Goa,Economy,215,176,1691,30342.96,193,241,5,On Time
FLT-9903,2024-08-18,BlueWing,Lucknow,Bengaluru,Business,226,32,1337,35285.66,197,239,2,On Time
FLT-11973,2024-08-18,Air Bharat,Mumbai,Hyderabad,Economy,61,76,2065,8938.98,181,155,2,On Time
FLT-10245,2024-08-18,SkyJet,Delhi,Kolkata,Economy,85,114,1417,12748.48,136,157,5,Delayed
FLT-9050,2024-08-18,BlueWing,Mumbai,Kochi,Premium Economy,93,40,2033,20758.59,183,158,5,On Time
FLT-11740,2024-08-18,Falcon Airways,Kolkata,Kochi,Economy,157,101,362,3049.73,158,219,3,On Time
FLT-12167,2024-08-18,Air Bharat,Jaipur,Mumbai,Business,99,120,938,44177.23,118,151,1,On Time
FLT-10618,2024-08-19,Air Bharat,Delhi,Kolkata,Premium Economy,115,158,672,29244.9,56,181,2,On Time
FLT-11651,2024-08-19,Coastal Air,Bengaluru,Chennai,Economy,198,124,720,8870.17,148,151,3,On Time
FLT-12571,2024-08-19,SkyJet,Jaipur,Mumbai,Business,69,145,2421,6885.71,50,238,5,On Time
FLT-10005,2024-08-19,Coastal Air,Chennai,Goa,Economy,176,5,1929,12082.34,181,173,3,On Time
FLT-12368,2024-08-19,IndiGo Air,Mumbai,Hyderabad,Premium Economy,135,91,457,17176.92,214,212,2,On Time
FLT-12257,2024-08-19,Coastal Air,Kochi,Bengaluru,Economy,234,92,2179,15731.33,216,177,5,On Time
FLT-11487,2024-08-20,Falcon Airways,Lucknow,Kochi,Business,160,81,518,12260.35,147,150,3,On Time
FLT-12369,2024-08-20,BlueWing,Kolkata,Jaipur,Economy,205,134,2224,41190.17,62,171,4,On Time
FLT-10931,2024-08-20,IndiGo Air,Chennai,Kolkata,Economy,164,152,1418,6268.16,123,246,4,On Time
FLT-9011,2024-08-20,Coastal Air,Mumbai,Jaipur,Economy,184,148,470,22134.7,111,183,1,On Time
FLT-9693,2024-08-20,BlueWing,Lucknow,Delhi,Economy,56,151,856,17386.26,74,202,5,On Time
FLT-10870,2024-08-20,Air Bharat,Lucknow,Hyderabad,Economy,160,148,850,42256.64,183,236,1,On Time
FLT-10261,2024-08-20,Air Bharat,Kochi,Chennai,Economy,170,129,275,34461.05,82,235,4,On Time
FLT-10792,2024-08-21,Falcon Airways,Goa,Delhi,Economy,147,142,780,37811.88,84,205,4,On Time
FLT-10920,2024-08-21,Coastal Air,Hyderabad,Kochi,Economy,148,162,1884,3134.45,64,210,3,Cancelled
FLT-10235,2024-08-21,IndiGo Air,Goa,Kochi,Economy,192,109,293,31213.04,95,219,2,Delayed
FLT-10499,2024-08-21,IndiGo Air,Kolkata,Delhi,Economy,179,37,1671,9693.88,207,175,4,On Time
FLT-10374,2024-08-21,Falcon Airways,Lucknow,Bengaluru,Economy,124,77,552,4665.05,128,201,3,Cancelled
FLT-12547,2024-08-21,Coastal Air,Bengaluru,Hyderabad,Economy,222,87,1291,43183.75,173,178,4,On Time
FLT-11093,2024-08-21,Air Bharat,Kolkata,Kochi,Premium Economy,116,154,1064,31027.64,201,195,3,On Time
FLT-11448,2024-08-21,BlueWing,Kochi,Chennai,Economy,196,137,197,19308.51,142,201,2,Cancelled
FLT-11881,2024-08-21,Air Bharat,Goa,Bengaluru,Premium Economy,115,63,2489,37433.7,113,226,4,On Time
FLT-12283,2024-08-21,Coastal Air,Mumbai,Jaipur,Premium Economy,139,51,1087,20466.75,106,223,5,Delayed
FLT-12883,2024-08-21,IndiGo Air,Kolkata,Goa,Premium Economy,159,143,213,20555.01,195,203,1,Delayed
FLT-10778,2024-08-22,Falcon Airways,Delhi,Hyderabad,Premium Economy,166,124,2029,33316.15,90,219,2,On Time
FLT-9438,2024-08-22,Falcon Airways,Chennai,Lucknow,Economy,188,145,2291,23683.52,164,239,1,On Time
FLT-10059,2024-08-22,Falcon Airways,Hyderabad,Mumbai,Economy,130,66,406,3035.66,102,238,4,On Time
FLT-12993,2024-08-22,BlueWing,Bengaluru,Lucknow,Economy,151,46,1723,19540.44,109,202,5,Delayed
FLT-10318,2024-08-22,IndiGo Air,Delhi,Kolkata,Economy,104,137,1863,6053.5,179,189,3,On Time
FLT-11438,2024-08-22,IndiGo Air,Kochi,Delhi,Economy,170,122,651,26216.9,168,243,1,On Time
FLT-11350,2024-08-22,Air Bharat,Jaipur,Chennai,Business,80,153,297,15140.72,123,177,1,Delayed
FLT-11812,2024-08-22,Falcon Airways,Goa,Chennai,Premium Economy,100,56,1829,35516.32,132,187,3,On Time
FLT-11162,2024-08-22,Air Bharat,Kochi,Jaipur,Premium Economy,93,178,1966,23535.26,179,243,5,On Time
FLT-12804,2024-08-22,Coastal Air,Lucknow,Jaipur,Economy,204,118,1584,43291.03,83,219,2,On Time
FLT-9508,2024-08-23,Falcon Airways,Delhi,Jaipur,Economy,84,33,1050,12322.53,112,212,5,On Time
FLT-9270,2024-08-23,BlueWing,Bengaluru,Lucknow,Economy,165,89,2375,30131.71,133,174,1,On Time
FLT-9254,2024-08-23,SkyJet,Bengaluru,Goa,Economy,221,72,568,19904.46,212,197,3,Cancelled
FLT-9249,2024-08-23,Coastal Air,Hyderabad,Chennai,Economy,59,138,610,38232.69,112,158,1,On Time
FLT-9530,2024-08-23,IndiGo Air,Chennai,Lucknow,Economy,108,22,904,43769.31,217,161,5,On Time
FLT-9751,2024-08-23,Falcon Airways,Delhi,Hyderabad,Economy,204,163,998,13277.63,148,159,3,Cancelled
FLT-12033,2024-08-23,BlueWing,Kochi,Jaipur,Premium Economy,138,47,207,32269.28,88,174,4,Delayed
FLT-12568,2024-08-23,BlueWing,Delhi,Kochi,Economy,69,176,1721,11035.35,68,184,1,Delayed
FLT-11926,2024-08-23,Coastal Air,Kolkata,Lucknow,Premium Economy,73,63,500,39066.4,175,220,5,On Time
FLT-12872,2024-08-23,SkyJet,Kolkata,Hyderabad,Economy,163,128,2014,6006.81,179,225,4,Delayed
FLT-10616,2024-08-23,Air Bharat,Delhi,Hyderabad,Economy,103,92,2375,44106.55,116,215,3,Delayed
FLT-10004,2024-08-23,IndiGo Air,Lucknow,Goa,Economy,75,46,976,24796.79,93,150,3,On Time
FLT-11814,2024-08-23,IndiGo Air,Hyderabad,Lucknow,Economy,148,114,521,9413.25,217,189,5,On Time
FLT-11236,2024-08-23,Falcon Airways,Bengaluru,Hyderabad,Economy,142,62,245,14320.46,161,248,3,Cancelled
FLT-10787,2024-08-23,Falcon Airways,Chennai,Bengaluru,Economy,157,166,1018,10566.72,195,180,4,On Time
FLT-10674,2024-08-23,SkyJet,Bengaluru,Lucknow,Economy,142,65,568,40216.86,88,197,4,On Time
FLT-11094,2024-08-24,Coastal Air,Mumbai,Kolkata,Premium Economy,63,174,2061,36974.88,74,242,3,Delayed
FLT-10971,2024-08-24,Falcon Airways,Delhi,Chennai,Economy,147,3,456,2921.6,65,231,2,On Time
FLT-10953,2024-08-24,Air Bharat,Kolkata,Chennai,Economy,52,2,2157,35949.61,198,187,3,On Time
FLT-11889,2024-08-24,Coastal Air,Kolkata,Chennai,Economy,152,140,546,19293.22,161,248,3,On Time
FLT-9847,2024-08-24,Falcon Airways,Jaipur,Goa,Economy,140,145,2313,35957.14,53,169,5,On Time
FLT-11555,2024-08-24,BlueWing,Goa,Jaipur,Business,112,157,2311,29147.12,191,220,5,On Time
FLT-10570,2024-08-24,SkyJet,Hyderabad,Kochi,Economy,219,15,2246,41051.85,192,152,4,On Time
FLT-11202,2024-08-24,SkyJet,Bengaluru,Chennai,Economy,182,78,2365,19451.8,204,153,1,Delayed
FLT-12927,2024-08-24,BlueWing,Hyderabad,Goa,Business,196,61,1387,5707.08,119,199,2,On Time
FLT-10252,2024-08-24,BlueWing,Goa,Jaipur,Business,150,169,760,43284.69,218,224,4,Delayed
FLT-11365,2024-08-24,Coastal Air,Chennai,Kochi,Economy,75,87,2499,42089.76,195,200,4,On Time
FLT-9142,2024-08-25,IndiGo Air,Lucknow,Delhi,Economy,221,120,2228,19164.04,124,229,2,On Time
FLT-10320,2024-08-25,Air Bharat,Hyderabad,Delhi,Economy,195,69,1427,28741.23,55,160,5,On Time
FLT-11855,2024-08-25,Air Bharat,Hyderabad,Bengaluru,Premium Economy,161,35,576,20648.84,77,247,1,On Time
FLT-10319,2024-08-25,SkyJet,Kochi,Delhi,Business,95,161,1714,22055.54,163,245,1,Cancelled
FLT-9794,2024-08-25,Coastal Air,Kochi,Delhi,Premium Economy,45,165,1841,3890.27,197,160,1,Delayed
FLT-12208,2024-08-25,BlueWing,Kochi,Jaipur,Business,113,176,463,30098.43,175,174,2,Delayed
FLT-12367,2024-08-25,SkyJet,Goa,Jaipur,Premium Economy,119,162,1583,8719.54,167,191,1,On Time
FLT-12076,2024-08-26,SkyJet,Lucknow,Jaipur,Economy,216,87,1257,11895.74,174,158,4,On Time
FLT-10221,2024-08-26,IndiGo Air,Kochi,Delhi,Economy,76,49,1211,43077.55,75,152,2,On Time
FLT-12671,2024-08-26,Air Bharat,Chennai,Goa,Premium Economy,185,174,313,14641.31,66,187,3,On Time
FLT-10693,2024-08-26,Coastal Air,Mumbai,Lucknow,Economy,139,53,617,34821.58,191,228,3,On Time
FLT-11874,2024-08-26,IndiGo Air,Jaipur,Goa,Economy,81,64,1316,36854.54,183,231,3,On Time
FLT-10836,2024-08-26,Air Bharat,Kolkata,Lucknow,Premium Economy,188,92,918,22920.99,161,153,4,Delayed
FLT-12759,2024-08-26,Air Bharat,Jaipur,Bengaluru,Business,144,40,1745,22439.23,66,230,2,Delayed
FLT-11393,2024-08-26,Falcon Airways,Kochi,Delhi,Economy,235,21,2393,19532.85,95,227,1,On Time
FLT-9899,2024-08-26,SkyJet,Chennai,Hyderabad,Business,95,168,452,18944.11,152,158,1,Cancelled
FLT-10108,2024-08-26,SkyJet,Hyderabad,Lucknow,Economy,196,36,1411,12738.2,111,159,5,On Time
FLT-11311,2024-08-26,Falcon Airways,Jaipur,Kolkata,Premium Economy,234,49,972,3955.85,92,190,2,Delayed
FLT-11777,2024-08-26,Coastal Air,Goa,Chennai,Business,84,105,2295,13451.66,150,161,4,On Time
FLT-12169,2024-08-26,BlueWing,Kochi,Goa,Economy,196,117,305,16722.73,204,204,1,On Time
FLT-11728,2024-08-27,IndiGo Air,Kochi,Kolkata,Premium Economy,169,64,163,44982.16,122,176,4,On Time
FLT-10509,2024-08-27,SkyJet,Goa,Kochi,Premium Economy,119,39,1062,13564.62,100,215,3,Delayed
FLT-10425,2024-08-27,BlueWing,Jaipur,Hyderabad,Economy,174,21,1480,25974.37,159,240,5,On Time
FLT-9351,2024-08-27,Coastal Air,Chennai,Kolkata,Business,117,87,1562,12245.04,71,236,4,On Time
FLT-11139,2024-08-27,BlueWing,Kolkata,Goa,Premium Economy,214,66,950,14425.24,94,189,5,On Time
FLT-11614,2024-08-27,BlueWing,Kochi,Delhi,Premium Economy,214,56,259,7041.15,139,207,3,On Time
FLT-12270,2024-08-27,BlueWing,Delhi,Kolkata,Economy,90,28,709,32938.8,144,247,4,On Time
FLT-9699,2024-08-28,Coastal Air,Mumbai,Lucknow,Premium Economy,204,174,827,6149.44,128,156,1,On Time
FLT-10060,2024-08-28,Air Bharat,Goa,Kolkata,Economy,239,137,930,25712.47,58,211,3,On Time
FLT-11675,2024-08-28,Air Bharat,Jaipur,Chennai,Economy,207,31,973,22805.39,155,167,5,On Time
FLT-9147,2024-08-28,Coastal Air,Kochi,Delhi,Economy,187,9,1217,42610.09,173,215,3,On Time
FLT-11817,2024-08-28,BlueWing,Hyderabad,Goa,Premium Economy,107,58,2251,17004.84,82,208,2,On Time
FLT-12714,2024-08-28,SkyJet,Delhi,Lucknow,Economy,83,155,1589,30889.56,199,216,3,On Time
FLT-11409,2024-08-28,Coastal Air,Bengaluru,Kochi,Economy,165,179,1353,11035.17,96,209,2,On Time
FLT-10888,2024-08-28,Coastal Air,Delhi,Kolkata,Premium Economy,142,131,1896,44561.85,54,154,4,On Time
FLT-10107,2024-08-28,BlueWing,Chennai,Kolkata,Premium Economy,79,129,1906,9146.47,153,236,4,Delayed
FLT-11531,2024-08-28,Coastal Air,Hyderabad,Delhi,Economy,187,76,1066,44334.04,205,181,4,On Time
FLT-10117,2024-08-28,SkyJet,Bengaluru,Hyderabad,Economy,221,174,1251,28883.75,178,207,3,On Time
FLT-12525,2024-08-29,Falcon Airways,Goa,Kochi,Economy,49,114,1760,14372.37,167,171,5,Delayed
FLT-9715,2024-08-29,Falcon Airways,Kochi,Delhi,Business,71,113,2002,25685.46,98,247,1,On Time
FLT-9160,2024-08-29,Falcon Airways,Bengaluru,Lucknow,Economy,159,168,2284,38100.48,208,202,5,On Time
FLT-11588,2024-08-29,BlueWing,Delhi,Goa,Economy,178,12,1789,4652.05,135,200,5,On Time
FLT-11156,2024-08-29,IndiGo Air,Jaipur,Bengaluru,Business,177,8,1297,8762.86,119,173,3,On Time
FLT-9085,2024-08-29,Air Bharat,Mumbai,Jaipur,Economy,155,101,2384,27858.82,210,169,2,Delayed
FLT-9289,2024-08-29,BlueWing,Kolkata,Chennai,Economy,175,120,1182,25340.13,114,169,5,On Time
FLT-12468,2024-08-29,Falcon Airways,Mumbai,Bengaluru,Premium Economy,235,151,1989,3642.76,99,203,1,On Time
FLT-12042,2024-08-29,Falcon Airways,Chennai,Kolkata,Economy,170,42,2365,26342.7,117,179,5,On Time
FLT-12509,2024-08-29,Coastal Air,Lucknow,Bengaluru,Economy,173,27,1695,26210.35,95,168,1,On Time
FLT-10942,2024-08-30,Falcon Airways,Jaipur,Kochi,Premium Economy,154,147,1532,37544.38,196,164,3,Delayed
FLT-12313,2024-08-30,SkyJet,Kochi,Delhi,Economy,118,145,1686,30637.12,94,161,2,On Time
FLT-10719,2024-08-30,BlueWing,Hyderabad,Kolkata,Premium Economy,56,77,2329,16964.53,93,233,5,On Time
FLT-12063,2024-08-30,IndiGo Air,Delhi,Jaipur,Premium Economy,175,175,1368,16959.39,198,221,4,On Time
FLT-9404,2024-08-30,BlueWing,Goa,Delhi,Business,138,147,1643,10232.8,156,207,5,Delayed
FLT-11960,2024-08-30,Coastal Air,Kochi,Hyderabad,Business,88,166,1818,20271.7,168,173,3,Delayed
FLT-12003,2024-08-30,Falcon Airways,Delhi,Kolkata,Economy,209,143,2185,2959.96,56,247,4,On Time
FLT-11387,2024-08-30,IndiGo Air,Mumbai,Lucknow,Economy,81,100,388,38961.76,210,155,5,On Time
FLT-11807,2024-08-30,BlueWing,Goa,Bengaluru,Economy,110,178,2312,10014.38,85,214,2,On Time
FLT-10411,2024-08-30,Air Bharat,Kolkata,Mumbai,Economy,199,157,919,28989.76,170,151,1,On Time
FLT-12768,2024-08-30,IndiGo Air,Kolkata,Kochi,Economy,207,84,2355,4019.71,103,227,4,On Time
FLT-11537,2024-08-30,Falcon Airways,Hyderabad,Bengaluru,Economy,90,107,1839,9568.97,54,244,5,On Time
FLT-12596,2024-08-30,SkyJet,Bengaluru,Kochi,Economy,176,94,1487,26185.49,93,175,5,Delayed
FLT-9674,2024-08-30,SkyJet,Goa,Mumbai,Economy,177,46,2107,43819.11,192,172,3,On Time
FLT-12821,2024-08-30,IndiGo Air,Lucknow,Delhi,Economy,46,152,827,28314.5,80,240,1,On Time
FLT-12618,2024-08-31,Coastal Air,Kolkata,Bengaluru,Economy,113,53,510,6154.07,119,151,3,On Time
FLT-9363,2024-08-31,BlueWing,Kochi,Mumbai,Economy,144,102,2009,29242.63,138,217,1,On Time
FLT-10325,2024-08-31,Falcon Airways,Jaipur,Chennai,Economy,48,162,1876,43858.69,94,227,1,On Time
FLT-10875,2024-08-31,SkyJet,Goa,Chennai,Economy,229,33,881,15616.9,54,226,4,Delayed
FLT-9569,2024-08-31,Coastal Air,Kolkata,Goa,Economy,211,25,1763,13808.89,132,236,2,Delayed
FLT-10733,2024-08-31,Air Bharat,Lucknow,Delhi,Economy,136,127,1626,31239.47,70,222,4,On Time
FLT-12162,2024-08-31,Falcon Airways,Chennai,Mumbai,Economy,150,45,1610,8599.94,57,202,1,On Time
FLT-10517,2024-08-31,Air Bharat,Chennai,Delhi,Economy,90,81,447,6568.4,213,176,2,Delayed
FLT-12890,2024-08-31,SkyJet,Bengaluru,Kolkata,Premium Economy,198,82,377,15382.93,175,204,2,On Time
FLT-12073,2024-08-31,BlueWing,Mumbai,Delhi,Economy,129,0,1395,6385.55,214,230,1,Delayed
FLT-10122,2024-08-31,Falcon Airways,Chennai,Kolkata,Business,177,160,1465,43838.04,119,228,4,Delayed
FLT-11232,2024-08-31,Air Bharat,Kolkata,Delhi,Economy,197,50,477,27968.1,70,154,2,Delayed
FLT-9094,2024-08-31,Coastal Air,Hyderabad,Kolkata,Economy,192,0,2335,20426.81,93,206,5,On Time
FLT-12199,2024-08-31,Coastal Air,Jaipur,Delhi,Economy,194,93,720,25192.79,214,158,2,On Time
FLT-10905,2024-08-31,Falcon Airways,Lucknow,Kochi,Economy,175,124,681,23317.8,199,213,4,On Time
FLT-12686,2024-09-01,IndiGo Air,Hyderabad,Bengaluru,Economy,172,32,442,42948.43,87,188,4,On Time
FLT-11085,2024-09-01,Coastal Air,Lucknow,Goa,Economy,96,162,2226,16797.7,149,166,2,On Time
FLT-12460,2024-09-01,SkyJet,Goa,Delhi,Economy,209,17,1175,40272.21,177,151,4,On Time
FLT-11333,2024-09-01,BlueWing,Bengaluru,Kolkata,Economy,91,48,1509,33337.07,206,167,1,On Time
FLT-12591,2024-09-01,Air Bharat,Kochi,Delhi,Economy,163,4,2160,10617.97,197,202,2,On Time
FLT-9100,2024-09-01,BlueWing,Bengaluru,Chennai,Premium Economy,191,98,1207,10385.91,152,224,2,On Time
FLT-10476,2024-09-01,Falcon Airways,Delhi,Jaipur,Economy,129,104,905,26166.23,143,238,4,On Time
FLT-9158,2024-09-01,SkyJet,Delhi,Kolkata,Economy,159,156,1492,26114.3,151,161,5,On Time
FLT-9922,2024-09-01,Air Bharat,Kochi,Bengaluru,Premium Economy,160,176,1435,17235.54,170,160,5,On Time
FLT-9306,2024-09-01,BlueWing,Hyderabad,Kolkata,Economy,169,108,174,21191.03,95,204,4,On Time
FLT-11491,2024-09-01,BlueWing,Hyderabad,Chennai,Economy,154,167,860,27868.23,106,237,3,On Time
FLT-10821,2024-09-02,Air Bharat,Hyderabad,Chennai,Premium Economy,133,28,278,24295.28,201,169,3,On Time
FLT-12854,2024-09-02,Falcon Airways,Hyderabad,Mumbai,Economy,184,57,2356,19054.83,149,216,5,On Time
FLT-10417,2024-09-02,Falcon Airways,Delhi,Kochi,Economy,199,169,1020,35930.4,177,170,5,Delayed
FLT-11051,2024-09-02,Coastal Air,Chennai,Goa,Premium Economy,152,102,1067,36461.18,115,205,2,On Time
FLT-11925,2024-09-02,IndiGo Air,Delhi,Kochi,Business,73,179,918,41894.7,154,222,2,On Time
FLT-9261,2024-09-02,Air Bharat,Jaipur,Mumbai,Economy,66,25,1668,41852.64,170,186,1,Delayed
FLT-9996,2024-09-02,BlueWing,Mumbai,Jaipur,Economy,139,72,2008,29927.61,173,183,1,On Time
FLT-12535,2024-09-02,Falcon Airways,Kolkata,Delhi,Economy,104,26,1128,6950.66,175,205,1,On Time
FLT-11334,2024-09-02,Coastal Air,Hyderabad,Bengaluru,Economy,150,137,590,24747.94,56,153,5,On Time
FLT-10066,2024-09-02,SkyJet,Jaipur,Goa,Premium Economy,199,134,317,41421.11,99,241,2,Delayed
FLT-12105,2024-09-02,Falcon Airways,Hyderabad,Jaipur,Economy,213,53,1742,21478.46,195,194,4,On Time
FLT-11839,2024-09-02,Coastal Air,Chennai,Bengaluru,Premium Economy,128,59,542,3152.51,163,173,1,On Time
FLT-9314,2024-09-02,SkyJet,Kochi,Hyderabad,Economy,88,47,376,19097.52,182,179,1,Cancelled
FLT-11142,2024-09-02,Coastal Air,Goa,Kolkata,Economy,165,43,309,17034.31,135,215,3,On Time
FLT-12654,2024-09-02,BlueWing,Bengaluru,Chennai,Business,55,72,902,34568.95,62,170,4,On Time
FLT-9580,2024-09-03,Air Bharat,Kolkata,Jaipur,Business,229,40,1449,31899.19,179,198,4,Delayed
FLT-9451,2024-09-03,SkyJet,Kochi,Delhi,Economy,143,91,2116,19637.76,56,191,3,Delayed
FLT-11375,2024-09-03,BlueWing,Bengaluru,Kolkata,Economy,239,63,974,22737.21,149,160,3,On Time
FLT-10409,2024-09-03,BlueWing,Hyderabad,Chennai,Premium Economy,153,117,596,38244.4,184,157,2,On Time
FLT-10554,2024-09-03,BlueWing,Chennai,Goa,Economy,129,140,527,11984.09,56,237,4,On Time
FLT-10606,2024-09-03,Air Bharat,Lucknow,Bengaluru,Economy,151,164,2300,25308.08,209,194,2,On Time
FLT-9223,2024-09-03,Falcon Airways,Jaipur,Mumbai,Economy,112,81,823,18000.63,145,154,5,On Time
FLT-10763,2024-09-03,Coastal Air,Kolkata,Lucknow,Economy,116,73,1954,19828.63,159,214,4,Cancelled
FLT-11475,2024-09-03,IndiGo Air,Kochi,Hyderabad,Economy,145,9,351,13935.88,104,203,2,Delayed
FLT-10405,2024-09-03,IndiGo Air,Jaipur,Kolkata,Premium Economy,153,95,1338,10791.93,130,194,5,On Time
FLT-12735,2024-09-03,BlueWing,Lucknow,Goa,Economy,167,65,1086,31542.75,145,184,3,Cancelled
FLT-10928,2024-09-04,SkyJet,Lucknow,Bengaluru,Economy,77,23,199,5388.72,79,215,2,On Time
FLT-10891,2024-09-04,SkyJet,Jaipur,Kochi,Economy,142,83,688,16497.61,98,151,3,Cancelled
FLT-12659,2024-09-04,Air Bharat,Delhi,Jaipur,Economy,52,126,1638,42898.68,81,234,2,Delayed
FLT-11968,2024-09-04,IndiGo Air,Kolkata,Delhi,Economy,126,123,1126,40673.4,207,184,3,Delayed
FLT-12016,2024-09-04,Falcon Airways,Kochi,Lucknow,Economy,133,79,2400,17041.41,94,238,5,Delayed
FLT-12384,2024-09-04,SkyJet,Hyderabad,Jaipur,Economy,154,110,289,13817.56,53,248,4,On Time
FLT-10310,2024-09-04,Falcon Airways,Jaipur,Mumbai,Economy,117,112,2405,10476.29,213,193,3,On Time
FLT-10224,2024-09-04,Falcon Airways,Jaipur,Bengaluru,Economy,196,53,1480,20719.0,204,169,5,On Time
FLT-12184,2024-09-04,Coastal Air,Hyderabad,Mumbai,Economy,207,70,1328,22061.4,171,160,4,On Time
FLT-10256,2024-09-04,Falcon Airways,Jaipur,Mumbai,Economy,225,47,773,32584.44,65,216,5,On Time
FLT-10781,2024-09-04,IndiGo Air,Lucknow,Delhi,Economy,216,75,2132,13117.38,98,173,4,On Time
FLT-12946,2024-09-05,SkyJet,Chennai,Jaipur,Economy,236,82,1057,3483.52,58,221,4,On Time
FLT-10438,2024-09-05,Coastal Air,Hyderabad,Goa,Business,236,160,2258,27024.87,122,206,1,On Time
FLT-9263,2024-09-05,Falcon Airways,Chennai,Jaipur,Economy,176,30,2403,4857.14,151,155,3,On Time
FLT-9685,2024-09-05,IndiGo Air,Jaipur,Bengaluru,Premium Economy,176,86,976,36076.55,73,216,5,On Time
FLT-10848,2024-09-05,BlueWing,Jaipur,Bengaluru,Premium Economy,106,10,726,12572.1,164,173,2,Delayed
FLT-12973,2024-09-05,SkyJet,Lucknow,Kochi,Economy,140,23,2243,31099.46,166,235,3,Delayed
FLT-10533,2024-09-05,Falcon Airways,Goa,Delhi,Economy,150,150,365,7702.95,169,192,1,On Time
FLT-9831,2024-09-05,BlueWing,Kolkata,Hyderabad,Economy,130,4,1386,4637.68,131,227,4,On Time
FLT-12295,2024-09-05,BlueWing,Jaipur,Lucknow,Economy,139,30,1109,39759.12,91,243,3,On Time
FLT-11378,2024-09-05,Falcon Airways,Hyderabad,Jaipur,Economy,215,35,1080,18889.6,67,156,4,Delayed
FLT-10531,2024-09-05,IndiGo Air,Kolkata,Jaipur,Business,173,143,1199,35650.95,199,226,2,Delayed
FLT-9966,2024-09-05,IndiGo Air,Hyderabad,Bengaluru,Economy,130,34,1391,26048.52,123,247,4,On Time
FLT-10288,2024-09-05,Air Bharat,Jaipur,Delhi,Economy,176,174,924,6301.84,85,150,5,On Time
FLT-11741,2024-09-05,Falcon Airways,Bengaluru,Mumbai,Economy,61,17,1599,23948.45,133,216,3,On Time
FLT-12682,2024-09-06,Air Bharat,Kochi,Delhi,Business,133,32,2352,39897.03,69,216,5,Delayed
FLT-9816,2024-09-06,BlueWing,Mumbai,Kochi,Economy,218,93,1042,20922.48,75,155,5,On Time
FLT-10511,2024-09-06,SkyJet,Lucknow,Jaipur,Economy,121,47,954,8339.35,140,162,3,On Time
FLT-10386,2024-09-06,SkyJet,Lucknow,Chennai,Economy,190,89,813,31069.19,64,212,2,On Time
FLT-10625,2024-09-06,IndiGo Air,Bengaluru,Kolkata,Economy,198,50,1915,37552.39,172,207,4,Delayed
FLT-9523,2024-09-06,Falcon Airways,Jaipur,Chennai,Economy,83,7,2195,24755.17,121,179,4,On Time
FLT-10030,2024-09-06,Coastal Air,Goa,Hyderabad,Economy,232,117,1960,28807.51,149,229,2,On Time
FLT-9894,2024-09-06,IndiGo Air,Goa,Lucknow,Premium Economy,239,75,1262,38213.16,193,167,4,On Time
FLT-11701,2024-09-06,Coastal Air,Bengaluru,Mumbai,Economy,157,164,2455,40640.77,95,248,1,On Time
FLT-10866,2024-09-07,Air Bharat,Delhi,Kochi,Economy,186,137,2496,23026.98,52,236,3,Delayed
FLT-10349,2024-09-07,Coastal Air,Bengaluru,Mumbai,Economy,197,59,1211,38147.33,72,183,4,On Time
FLT-10229,2024-09-07,IndiGo Air,Lucknow,Kolkata,Economy,172,68,1581,39262.76,84,151,2,Delayed
FLT-11895,2024-09-07,Falcon Airways,Chennai,Kolkata,Economy,231,77,184,26261.15,92,168,3,Delayed
FLT-12180,2024-09-07,IndiGo Air,Chennai,Mumbai,Premium Economy,199,162,1243,21725.02,107,167,1,Delayed
FLT-11837,2024-09-07,Falcon Airways,Chennai,Kolkata,Economy,180,46,497,39501.54,163,177,1,On Time
FLT-12158,2024-09-07,IndiGo Air,Bengaluru,Kolkata,Premium Economy,162,104,1975,22817.74,56,180,2,On Time
FLT-12229,2024-09-07,Falcon Airways,Jaipur,Lucknow,Economy,172,55,2247,11127.43,139,218,3,On Time
FLT-12321,2024-09-07,Air Bharat,Bengaluru,Hyderabad,Economy,144,125,1787,41546.38,216,189,4,Delayed
FLT-9686,2024-09-07,Coastal Air,Goa,Chennai,Economy,221,136,240,7734.46,82,195,1,On Time
FLT-10768,2024-09-07,Air Bharat,Delhi,Mumbai,Economy,128,175,2277,40068.01,113,207,1,On Time
FLT-11411,2024-09-07,Falcon Airways,Jaipur,Goa,Economy,173,42,2325,38033.19,79,238,4,On Time
FLT-10143,2024-09-07,Falcon Airways,Goa,Bengaluru,Economy,69,151,2290,19421.42,129,173,4,Delayed
FLT-10811,2024-09-07,SkyJet,Kolkata,Lucknow,Economy,229,26,1863,12257.79,205,202,3,On Time
FLT-10783,2024-09-07,Air Bharat,Mumbai,Lucknow,Economy,208,159,1214,7036.23,188,215,5,On Time
FLT-10153,2024-09-07,SkyJet,Mumbai,Kolkata,Economy,76,14,2275,7383.84,182,220,1,Delayed
FLT-12473,2024-09-08,IndiGo Air,Lucknow,Mumbai,Economy,125,86,1936,27031.68,117,172,2,On Time
FLT-11742,2024-09-08,IndiGo Air,Delhi,Kolkata,Economy,97,93,1209,27496.79,107,190,1,Delayed
FLT-11052,2024-09-08,Falcon Airways,Kolkata,Kochi,Economy,208,147,691,19776.77,110,177,5,Cancelled
FLT-9390,2024-09-08,BlueWing,Kochi,Chennai,Economy,146,55,2178,13269.19,138,191,2,On Time
FLT-12797,2024-09-08,Coastal Air,Mumbai,Kochi,Economy,169,33,2320,14179.88,64,178,2,On Time
FLT-12114,2024-09-08,Falcon Airways,Hyderabad,Kochi,Economy,169,107,1665,4796.92,105,230,2,On Time
FLT-9525,2024-09-08,Coastal Air,Bengaluru,Delhi,Economy,231,135,1782,14215.36,97,218,5,Delayed
FLT-9221,2024-09-08,SkyJet,Mumbai,Delhi,Economy,237,20,1681,9853.77,177,231,4,On Time
FLT-11027,2024-09-08,Falcon Airways,Kochi,Goa,Economy,226,76,1893,8463.43,190,157,4,On Time
FLT-10063,2024-09-08,SkyJet,Hyderabad,Kochi,Economy,69,89,232,6475.32,165,204,4,On Time
FLT-9738,2024-09-08,IndiGo Air,Delhi,Jaipur,Economy,166,25,1981,2158.21,107,238,5,On Time
FLT-10281,2024-09-09,BlueWing,Kochi,Kolkata,Economy,98,107,866,16694.21,217,179,4,Delayed
FLT-11133,2024-09-09,SkyJet,Chennai,Mumbai,Economy,215,169,1208,19779.28,209,151,5,On Time
FLT-11576,2024-09-09,Falcon Airways,Goa,Kochi,Economy,195,104,1173,11175.75,156,213,3,On Time
FLT-11724,2024-09-09,Falcon Airways,Kolkata,Jaipur,Economy,148,34,1185,5981.73,204,174,2,Delayed
FLT-11476,2024-09-09,IndiGo Air,Chennai,Bengaluru,Premium Economy,215,100,2307,43801.43,137,188,3,On Time
FLT-10131,2024-09-09,IndiGo Air,Mumbai,Kochi,Economy,194,94,894,5712.59,178,232,1,On Time
FLT-9305,2024-09-09,Air Bharat,Lucknow,Chennai,Economy,115,96,2298,21019.95,133,192,2,On Time
FLT-10833,2024-09-09,BlueWing,Lucknow,Kochi,Economy,150,141,2115,26744.05,147,159,4,On Time
FLT-12705,2024-09-09,SkyJet,Jaipur,Chennai,Premium Economy,107,19,636,42038.38,202,233,2,On Time
FLT-11768,2024-09-10,Air Bharat,Jaipur,Kolkata,Economy,71,172,497,6351.37,86,226,1,On Time
FLT-12764,2024-09-10,IndiGo Air,Bengaluru,Kolkata,Economy,162,44,187,28926.24,203,186,3,On Time
FLT-10099,2024-09-10,BlueWing,Kolkata,Goa,Premium Economy,103,45,1478,7572.09,145,242,3,Delayed
FLT-12450,2024-09-10,SkyJet,Kolkata,Bengaluru,Premium Economy,236,55,1215,19847.53,90,206,4,On Time
FLT-9455,2024-09-10,Coastal Air,Mumbai,Hyderabad,Economy,138,78,1225,15241.38,167,243,3,On Time
FLT-11534,2024-09-10,Coastal Air,Jaipur,Delhi,Economy,192,75,2201,31919.81,176,204,5,On Time
FLT-9625,2024-09-10,Coastal Air,Chennai,Bengaluru,Economy,85,95,211,31590.75,184,241,3,On Time
FLT-12505,2024-09-10,Air Bharat,Kolkata,Lucknow,Economy,128,26,404,29605.05,216,218,4,On Time
FLT-11231,2024-09-10,BlueWing,Goa,Kolkata,Economy,160,119,896,7209.01,208,238,4,Delayed
FLT-10324,2024-09-10,Coastal Air,Mumbai,Jaipur,Business,194,96,1701,34243.71,169,182,1,Delayed
FLT-12404,2024-09-11,Coastal Air,Kochi,Delhi,Premium Economy,92,63,742,44609.44,120,196,3,Delayed
FLT-11934,2024-09-11,IndiGo Air,Goa,Mumbai,Premium Economy,107,77,2462,21497.81,190,204,4,On Time
FLT-9924,2024-09-11,Coastal Air,Hyderabad,Mumbai,Economy,230,172,2355,20829.76,112,233,4,On Time
FLT-11645,2024-09-11,Coastal Air,Goa,Hyderabad,Economy,145,145,1944,35097.49,164,208,2,On Time
FLT-10186,2024-09-11,BlueWing,Kolkata,Goa,Business,214,109,886,17612.81,171,205,2,On Time
FLT-12826,2024-09-11,Coastal Air,Delhi,Mumbai,Economy,182,47,1950,10707.28,79,210,4,On Time
FLT-11998,2024-09-11,SkyJet,Delhi,Kochi,Economy,86,56,2220,8768.33,208,187,3,Delayed
FLT-9993,2024-09-11,Air Bharat,Hyderabad,Kochi,Economy,133,149,1612,36749.18,57,215,4,On Time
FLT-12325,2024-09-11,Coastal Air,Hyderabad,Kochi,Economy,185,11,1051,25289.96,98,183,2,On Time
FLT-10226,2024-09-11,Falcon Airways,Mumbai,Bengaluru,Economy,214,25,1291,14992.81,125,204,5,On Time
FLT-12254,2024-09-11,Coastal Air,Chennai,Goa,Premium Economy,135,171,1896,10076.69,88,217,5,On Time
FLT-9387,2024-09-11,SkyJet,Bengaluru,Lucknow,Economy,226,77,1084,2953.36,81,217,1,On Time
FLT-12279,2024-09-11,Falcon Airways,Chennai,Jaipur,Premium Economy,161,16,2441,11398.2,78,189,4,Delayed
FLT-9195,2024-09-11,Air Bharat,Mumbai,Goa,Economy,75,73,2115,5969.62,159,219,2,On Time
FLT-9665,2024-09-12,BlueWing,Kolkata,Goa,Economy,126,4,2093,16705.87,85,213,2,On Time
FLT-9286,2024-09-12,SkyJet,Hyderabad,Delhi,Economy,183,150,2264,18007.84,78,246,3,On Time
FLT-12561,2024-09-12,Coastal Air,Lucknow,Jaipur,Economy,239,140,206,2591.12,207,242,1,Delayed
FLT-9618,2024-09-12,SkyJet,Goa,Kolkata,Economy,221,61,349,20503.45,83,237,1,On Time
FLT-12638,2024-09-12,SkyJet,Chennai,Kochi,Economy,215,79,463,2714.39,137,232,4,Delayed
FLT-11447,2024-09-12,SkyJet,Kochi,Jaipur,Business,86,176,2493,29447.09,91,231,2,On Time
FLT-11568,2024-09-12,SkyJet,Hyderabad,Jaipur,Economy,91,93,939,43628.11,194,222,5,Delayed
FLT-10078,2024-09-12,IndiGo Air,Lucknow,Chennai,Economy,75,112,1606,13028.41,214,186,3,Delayed
FLT-10474,2024-09-12,SkyJet,Goa,Bengaluru,Business,97,38,356,23330.17,198,163,4,On Time
FLT-11124,2024-09-13,Coastal Air,Lucknow,Jaipur,Economy,227,7,1197,19283.84,194,211,2,On Time
FLT-12110,2024-09-13,IndiGo Air,Kolkata,Delhi,Economy,56,164,1357,27572.44,153,158,1,On Time
FLT-10015,2024-09-13,IndiGo Air,Bengaluru,Kolkata,Economy,162,134,1499,20963.76,165,150,3,Delayed
FLT-10681,2024-09-13,BlueWing,Bengaluru,Jaipur,Premium Economy,54,108,1010,3639.58,191,201,2,On Time
FLT-10703,2024-09-13,SkyJet,Kochi,Bengaluru,Economy,197,80,1366,33858.38,79,207,3,On Time
FLT-12030,2024-09-13,SkyJet,Kolkata,Delhi,Economy,205,126,1099,43246.27,110,180,3,On Time
FLT-12594,2024-09-13,Air Bharat,Hyderabad,Mumbai,Economy,189,169,213,37317.42,134,210,3,Delayed
FLT-10800,2024-09-13,SkyJet,Jaipur,Chennai,Economy,216,64,1306,8821.48,174,164,3,On Time
FLT-11764,2024-09-13,Falcon Airways,Jaipur,Delhi,Economy,117,109,2153,19898.39,76,219,4,On Time
FLT-11371,2024-09-13,Coastal Air,Chennai,Kolkata,Economy,178,93,1565,2176.91,209,230,1,On Time
FLT-9809,2024-09-13,SkyJet,Kochi,Hyderabad,Business,235,145,1604,32188.52,153,163,4,On Time
FLT-9622,2024-09-13,Falcon Airways,Goa,Kochi,Premium Economy,61,122,371,9431.3,72,200,2,On Time
FLT-9827,2024-09-13,IndiGo Air,Kolkata,Chennai,Economy,45,173,248,33503.5,126,209,3,On Time
FLT-9168,2024-09-14,IndiGo Air,Delhi,Kolkata,Economy,229,2,786,12433.25,180,158,5,On Time
FLT-12716,2024-09-14,IndiGo Air,Bengaluru,Lucknow,Economy,61,21,1511,18125.87,178,181,2,Delayed
FLT-11983,2024-09-14,Air Bharat,Hyderabad,Delhi,Economy,135,41,1652,5166.74,141,184,4,Delayed
FLT-9129,2024-09-14,BlueWing,Lucknow,Kochi,Premium Economy,103,49,1227,8812.12,216,161,5,On Time
FLT-12642,2024-09-14,Falcon Airways,Mumbai,Jaipur,Economy,169,37,369,32070.74,176,195,1,On Time
FLT-9463,2024-09-14,Falcon Airways,Chennai,Mumbai,Economy,159,155,1810,27128.48,94,167,3,On Time
FLT-11779,2024-09-14,IndiGo Air,Goa,Kochi,Economy,218,176,1922,39000.46,203,206,5,On Time
FLT-11323,2024-09-14,Air Bharat,Lucknow,Mumbai,Economy,191,177,1882,42762.51,171,164,2,Delayed
FLT-12496,2024-09-14,SkyJet,Bengaluru,Hyderabad,Premium Economy,82,52,1534,23739.86,191,238,4,Delayed
FLT-9673,2024-09-15,SkyJet,Bengaluru,Chennai,Business,166,89,1901,18931.12,124,196,3,On Time
FLT-12108,2024-09-15,IndiGo Air,Chennai,Delhi,Economy,198,79,2135,27043.52,76,152,5,On Time
FLT-12341,2024-09-15,Air Bharat,Kochi,Kolkata,Economy,142,178,1233,15052.65,126,236,1,On Time
FLT-10734,2024-09-15,SkyJet,Chennai,Delhi,Economy,237,28,2180,37626.5,204,189,5,On Time
FLT-11471,2024-09-15,Coastal Air,Hyderabad,Bengaluru,Economy,48,117,380,31519.49,187,181,1,Delayed
FLT-9274,2024-09-15,Falcon Airways,Kolkata,Jaipur,Economy,56,21,2284,42695.2,85,247,2,On Time
FLT-11330,2024-09-15,Falcon Airways,Kolkata,Lucknow,Economy,85,8,1049,3421.85,193,207,4,On Time
FLT-11170,2024-09-15,Falcon Airways,Kolkata,Jaipur,Premium Economy,166,32,2434,34879.12,134,159,4,On Time
FLT-10085,2024-09-15,Coastal Air,Kochi,Jaipur,Premium Economy,146,35,2207,26181.41,154,204,5,On Time
FLT-9162,2024-09-15,SkyJet,Chennai,Mumbai,Economy,108,1,985,7360.83,77,162,5,On Time
FLT-9236,2024-09-16,Falcon Airways,Lucknow,Bengaluru,Business,189,73,1278,29443.41,109,154,2,On Time
FLT-12222,2024-09-16,Falcon Airways,Kolkata,Lucknow,Business,107,45,1726,42343.39,191,232,5,On Time
FLT-12562,2024-09-16,SkyJet,Delhi,Goa,Premium Economy,56,62,1202,25835.08,55,231,2,On Time
FLT-11908,2024-09-16,SkyJet,Jaipur,Kochi,Economy,237,67,1137,24272.86,186,151,4,On Time
FLT-12220,2024-09-16,BlueWing,Mumbai,Hyderabad,Economy,193,103,1407,6517.4,60,164,5,On Time
FLT-12246,2024-09-16,IndiGo Air,Goa,Lucknow,Premium Economy,205,159,658,26687.51,65,226,2,On Time
FLT-10359,2024-09-16,BlueWing,Bengaluru,Chennai,Premium Economy,218,172,873,25774.21,175,225,2,On Time
FLT-11521,2024-09-16,Air Bharat,Kochi,Lucknow,Economy,48,112,1401,3318.62,194,247,3,On Time
FLT-10590,2024-09-16,Air Bharat,Chennai,Lucknow,Economy,102,124,461,29064.23,81,222,3,On Time
FLT-11320,2024-09-16,Air Bharat,Chennai,Goa,Economy,182,94,1202,30930.51,104,208,4,On Time
FLT-11761,2024-09-16,IndiGo Air,Delhi,Hyderabad,Economy,72,86,2200,4406.95,63,240,3,On Time
FLT-11206,2024-09-16,Falcon Airways,Hyderabad,Goa,Business,120,57,2432,36399.41,192,156,4,On Time
FLT-11192,2024-09-16,Air Bharat,Kolkata,Chennai,Premium Economy,132,20,2498,27040.5,209,210,4,On Time
FLT-10541,2024-09-16,IndiGo Air,Kochi,Delhi,Economy,48,160,587,30073.93,132,182,2,Cancelled
FLT-9450,2024-09-16,SkyJet,Jaipur,Kolkata,Economy,182,7,1646,31343.04,102,183,5,On Time
FLT-10869,2024-09-16,Falcon Airways,Mumbai,Bengaluru,Economy,102,149,500,33458.87,87,162,5,Delayed
FLT-10429,2024-09-16,SkyJet,Hyderabad,Mumbai,Economy,118,90,1835,6411.66,200,198,5,On Time
FLT-11388,2024-09-16,Falcon Airways,Chennai,Lucknow,Economy,190,125,1841,42983.86,91,186,5,Delayed
FLT-10714,2024-09-17,Falcon Airways,Goa,Chennai,Business,183,146,871,25730.65,89,243,5,Delayed
FLT-11753,2024-09-17,BlueWing,Kochi,Delhi,Economy,182,29,1116,31442.8,113,155,5,On Time
FLT-10520,2024-09-17,Coastal Air,Kochi,Goa,Economy,126,85,388,29616.67,123,159,2,On Time
FLT-12397,2024-09-17,SkyJet,Goa,Mumbai,Business,153,108,2337,5759.19,198,195,5,Delayed
FLT-11482,2024-09-17,IndiGo Air,Lucknow,Hyderabad,Economy,232,73,1802,38657.19,181,218,1,On Time
FLT-9431,2024-09-17,IndiGo Air,Delhi,Kochi,Premium Economy,224,21,1707,26597.0,136,173,4,On Time
FLT-10981,2024-09-17,IndiGo Air,Mumbai,Delhi,Business,172,111,1996,15851.63,181,213,2,On Time
FLT-12168,2024-09-17,SkyJet,Goa,Kolkata,Economy,129,21,2038,7232.37,70,241,4,On Time
FLT-9775,2024-09-17,Coastal Air,Hyderabad,Goa,Economy,199,166,1481,34566.46,169,222,1,Delayed
FLT-12615,2024-09-17,Coastal Air,Kolkata,Goa,Economy,93,42,2245,11691.53,69,241,4,On Time
FLT-10414,2024-09-17,IndiGo Air,Kochi,Delhi,Premium Economy,110,129,1002,14726.26,161,181,1,Cancelled
FLT-10249,2024-09-18,SkyJet,Kochi,Jaipur,Economy,59,59,1484,11494.6,183,159,2,On Time
FLT-9335,2024-09-18,BlueWing,Delhi,Mumbai,Economy,162,81,310,10521.14,82,174,1,Delayed
FLT-9354,2024-09-18,SkyJet,Goa,Kochi,Economy,121,73,1690,16293.19,183,163,1,Delayed
FLT-12870,2024-09-18,Air Bharat,Mumbai,Bengaluru,Premium Economy,94,151,1621,4475.11,163,162,1,Delayed
FLT-11918,2024-09-18,SkyJet,Kolkata,Goa,Premium Economy,157,146,310,25660.44,85,161,2,On Time
FLT-10246,2024-09-18,BlueWing,Mumbai,Delhi,Economy,84,112,1961,39034.73,155,170,2,On Time
FLT-11100,2024-09-18,Coastal Air,Hyderabad,Goa,Business,130,28,2271,42575.12,168,170,1,On Time
FLT-10914,2024-09-18,Falcon Airways,Kochi,Bengaluru,Economy,161,7,1238,40533.31,106,155,1,Delayed
FLT-12943,2024-09-18,SkyJet,Lucknow,Kolkata,Economy,217,73,1059,10439.83,172,183,2,On Time
FLT-12024,2024-09-18,Air Bharat,Goa,Jaipur,Economy,184,32,1555,32433.94,137,154,1,On Time
FLT-10309,2024-09-18,BlueWing,Bengaluru,Delhi,Premium Economy,117,140,2316,8227.48,74,217,4,On Time
FLT-11303,2024-09-18,BlueWing,Hyderabad,Bengaluru,Premium Economy,155,26,614,38421.02,159,229,5,Delayed
FLT-10839,2024-09-18,BlueWing,Goa,Delhi,Economy,231,5,1145,37879.06,201,166,5,On Time
FLT-9554,2024-09-18,Falcon Airways,Hyderabad,Mumbai,Economy,55,164,462,23342.37,137,185,5,On Time
FLT-9406,2024-09-18,BlueWing,Kolkata,Bengaluru,Economy,124,34,331,20186.27,57,173,4,On Time
FLT-12280,2024-09-19,Coastal Air,Mumbai,Chennai,Economy,187,40,527,32923.36,209,226,1,On Time
FLT-9024,2024-09-19,IndiGo Air,Kolkata,Goa,Economy,69,34,1726,20175.45,83,172,2,On Time
FLT-11462,2024-09-19,Falcon Airways,Lucknow,Delhi,Economy,222,60,1245,3825.72,66,216,5,On Time
FLT-10750,2024-09-19,IndiGo Air,Delhi,Kolkata,Premium Economy,224,44,2378,28393.74,57,206,5,On Time
FLT-11928,2024-09-19,Air Bharat,Jaipur,Kochi,Economy,213,52,1799,33132.83,116,175,1,On Time
FLT-9931,2024-09-19,Falcon Airways,Lucknow,Chennai,Economy,165,41,1147,5152.87,108,201,2,On Time
FLT-9785,2024-09-20,Falcon Airways,Mumbai,Chennai,Economy,170,139,2213,12486.41,163,181,3,Cancelled
FLT-9725,2024-09-20,Air Bharat,Hyderabad,Kolkata,Economy,221,162,687,30526.21,205,175,3,On Time
FLT-11299,2024-09-20,Coastal Air,Bengaluru,Kolkata,Premium Economy,145,91,231,37855.01,122,211,4,On Time
FLT-9856,2024-09-20,Falcon Airways,Kochi,Goa,Economy,53,131,1616,6138.2,152,193,4,On Time
FLT-9690,2024-09-20,BlueWing,Goa,Hyderabad,Premium Economy,135,162,891,18919.72,183,184,5,On Time
FLT-10037,2024-09-20,Coastal Air,Bengaluru,Delhi,Economy,65,58,996,39942.32,186,218,3,On Time
FLT-12119,2024-09-20,IndiGo Air,Mumbai,Lucknow,Economy,149,14,1821,19836.8,139,212,1,On Time
FLT-9917,2024-09-20,Coastal Air,Jaipur,Chennai,Economy,125,69,1045,11805.95,175,226,2,Delayed
FLT-12858,2024-09-20,Air Bharat,Mumbai,Kochi,Economy,90,36,1104,18721.65,132,165,3,On Time
FLT-10717,2024-09-20,Air Bharat,Lucknow,Delhi,Economy,226,144,466,40319.09,70,181,3,On Time
FLT-10961,2024-09-20,BlueWing,Goa,Jaipur,Premium Economy,235,124,1327,7388.87,66,173,4,On Time
FLT-12624,2024-09-20,IndiGo Air,Bengaluru,Lucknow,Economy,208,37,1328,43287.34,191,241,2,On Time
FLT-12265,2024-09-20,SkyJet,Chennai,Kochi,Economy,222,103,2044,38002.19,110,202,2,On Time
FLT-9647,2024-09-21,Coastal Air,Delhi,Mumbai,Economy,124,177,252,10058.59,173,204,1,Delayed
FLT-12788,2024-09-21,Coastal Air,Kochi,Kolkata,Economy,76,160,1887,26077.6,174,242,3,Delayed
FLT-12258,2024-09-21,IndiGo Air,Goa,Kochi,Economy,185,153,339,30456.64,93,221,5,On Time
FLT-10759,2024-09-21,IndiGo Air,Bengaluru,Kochi,Economy,80,163,577,28853.69,73,218,3,On Time
FLT-10269,2024-09-21,Coastal Air,Delhi,Kochi,Economy,212,86,261,26294.26,118,235,1,On Time
FLT-12142,2024-09-21,SkyJet,Goa,Lucknow,Economy,132,50,776,18159.96,200,227,3,On Time
FLT-11586,2024-09-21,Air Bharat,Bengaluru,Kochi,Economy,93,94,521,23999.64,105,179,3,On Time
FLT-12800,2024-09-21,BlueWing,Hyderabad,Jaipur,Economy,135,131,600,24285.39,145,227,5,On Time
FLT-10087,2024-09-21,IndiGo Air,Goa,Bengaluru,Economy,115,47,1539,6423.51,168,234,5,On Time
FLT-12248,2024-09-21,SkyJet,Jaipur,Bengaluru,Economy,143,131,2489,13911.53,121,214,2,Delayed
FLT-10225,2024-09-21,Coastal Air,Kochi,Jaipur,Economy,72,15,1055,17943.79,78,243,1,On Time
FLT-9913,2024-09-21,IndiGo Air,Kolkata,Lucknow,Premium Economy,90,49,1043,27165.1,137,201,3,On Time
FLT-12844,2024-09-21,Air Bharat,Mumbai,Lucknow,Economy,66,74,916,26730.17,140,220,4,On Time
FLT-9891,2024-09-22,BlueWing,Chennai,Mumbai,Economy,103,170,1115,37238.04,57,152,4,On Time
FLT-11857,2024-09-22,Air Bharat,Chennai,Jaipur,Premium Economy,67,1,185,5148.0,106,166,5,Delayed
FLT-11591,2024-09-22,IndiGo Air,Delhi,Kochi,Premium Economy,236,14,422,11047.96,109,189,1,On Time
FLT-11516,2024-09-22,Air Bharat,Kolkata,Jaipur,Economy,80,1,2315,26657.62,98,224,4,On Time
FLT-12907,2024-09-22,Air Bharat,Bengaluru,Hyderabad,Economy,233,26,2382,44983.3,180,155,5,On Time
FLT-11778,2024-09-22,SkyJet,Bengaluru,Hyderabad,Premium Economy,145,20,747,28866.61,95,220,2,On Time
FLT-9991,2024-09-22,SkyJet,Jaipur,Hyderabad,Economy,73,100,1702,34677.11,198,168,4,On Time
FLT-12879,2024-09-22,BlueWing,Delhi,Chennai,Economy,122,59,1694,9306.59,186,218,4,On Time
FLT-11223,2024-09-23,BlueWing,Goa,Kolkata,Economy,118,84,784,10113.1,210,159,2,On Time
FLT-10423,2024-09-23,SkyJet,Chennai,Jaipur,Premium Economy,141,81,1003,14712.74,61,189,4,Cancelled
FLT-10652,2024-09-23,IndiGo Air,Lucknow,Hyderabad,Economy,118,42,946,5365.02,197,212,3,On Time
FLT-11152,2024-09-23,SkyJet,Bengaluru,Hyderabad,Economy,209,146,1403,23946.71,196,156,1,Cancelled
FLT-10922,2024-09-23,SkyJet,Lucknow,Delhi,Economy,166,109,868,30978.08,112,240,5,On Time
FLT-12722,2024-09-23,BlueWing,Delhi,Bengaluru,Economy,70,24,2164,24087.44,202,248,5,Delayed
FLT-9230,2024-09-23,Coastal Air,Delhi,Kochi,Business,121,70,1394,39681.31,134,210,1,Delayed
FLT-12702,2024-09-23,Falcon Airways,Mumbai,Lucknow,Economy,119,124,2216,8143.04,193,169,2,Delayed
FLT-10959,2024-09-23,BlueWing,Kochi,Hyderabad,Economy,163,81,1609,42415.45,213,227,3,Delayed
FLT-9296,2024-09-23,Coastal Air,Bengaluru,Kochi,Economy,148,119,520,10208.75,51,206,4,Delayed
FLT-11188,2024-09-23,Falcon Airways,Lucknow,Goa,Economy,205,34,299,18510.89,92,207,3,On Time
FLT-12189,2024-09-23,Air Bharat,Kochi,Bengaluru,Economy,239,96,1856,10078.07,214,228,1,On Time
FLT-11674,2024-09-23,IndiGo Air,Hyderabad,Delhi,Economy,218,140,1825,16919.85,142,178,4,Delayed
FLT-9293,2024-09-23,Coastal Air,Jaipur,Goa,Economy,86,152,1102,16741.42,198,229,5,On Time
FLT-9739,2024-09-23,BlueWing,Goa,Chennai,Economy,99,169,1437,26543.22,113,203,4,Delayed
FLT-9060,2024-09-24,Coastal Air,Kochi,Lucknow,Economy,63,154,2425,44365.14,88,176,2,On Time
FLT-11382,2024-09-24,Air Bharat,Hyderabad,Bengaluru,Economy,226,89,2150,31328.72,144,219,3,Delayed
FLT-9949,2024-09-24,BlueWing,Chennai,Bengaluru,Economy,67,112,615,15989.74,194,183,1,On Time
FLT-11780,2024-09-24,Falcon Airways,Chennai,Lucknow,Economy,143,79,801,32121.97,51,232,4,On Time
FLT-10498,2024-09-24,Air Bharat,Jaipur,Goa,Premium Economy,144,25,1665,10840.83,194,169,1,On Time
FLT-11510,2024-09-24,Coastal Air,Hyderabad,Chennai,Economy,235,112,2341,27785.1,90,183,3,Delayed
FLT-9422,2024-09-24,IndiGo Air,Mumbai,Lucknow,Premium Economy,180,49,1570,31323.31,112,153,3,On Time
FLT-11240,2024-09-24,Air Bharat,Lucknow,Mumbai,Economy,214,21,1272,15293.23,62,198,2,Delayed
FLT-11660,2024-09-24,Air Bharat,Lucknow,Hyderabad,Premium Economy,201,33,1606,8235.09,209,239,2,On Time
FLT-12514,2024-09-24,Air Bharat,Kolkata,Chennai,Economy,230,30,565,9548.52,123,156,2,On Time
FLT-12401,2024-09-24,BlueWing,Lucknow,Chennai,Premium Economy,117,76,895,41664.08,143,201,2,On Time
FLT-10534,2024-09-25,Falcon Airways,Kochi,Hyderabad,Premium Economy,126,90,927,4551.19,172,210,5,On Time
FLT-11290,2024-09-25,IndiGo Air,Hyderabad,Delhi,Economy,227,134,1120,30172.86,112,240,4,On Time
FLT-9566,2024-09-25,IndiGo Air,Hyderabad,Lucknow,Economy,145,141,577,9040.64,175,161,4,On Time
FLT-12863,2024-09-25,SkyJet,Hyderabad,Delhi,Economy,210,51,1085,14797.01,193,246,5,Delayed
FLT-12746,2024-09-25,SkyJet,Delhi,Goa,Economy,167,93,434,4018.0,156,197,1,On Time
FLT-12769,2024-09-25,BlueWing,Delhi,Kolkata,Economy,150,131,249,22009.01,50,234,4,On Time
FLT-9986,2024-09-25,IndiGo Air,Mumbai,Goa,Economy,208,138,1595,19351.38,117,201,4,On Time
FLT-9353,2024-09-25,IndiGo Air,Bengaluru,Kochi,Economy,107,129,2104,28953.01,204,152,3,On Time
FLT-9637,2024-09-25,IndiGo Air,Kochi,Lucknow,Premium Economy,184,49,1321,9832.68,154,162,1,On Time
FLT-10238,2024-09-25,Coastal Air,Jaipur,Kolkata,Economy,170,90,1625,36161.07,160,163,3,On Time
FLT-11061,2024-09-25,IndiGo Air,Lucknow,Chennai,Economy,112,92,1364,8478.79,74,217,3,On Time
FLT-12550,2024-09-26,Coastal Air,Kochi,Bengaluru,Economy,105,172,2178,16149.37,82,183,4,On Time
FLT-10904,2024-09-26,BlueWing,Chennai,Kochi,Economy,49,113,2188,22558.78,114,220,5,On Time
FLT-10794,2024-09-26,BlueWing,Lucknow,Goa,Economy,93,165,895,31749.47,145,211,4,Delayed
FLT-11081,2024-09-26,SkyJet,Chennai,Hyderabad,Business,233,137,1059,3423.02,114,198,5,Delayed
FLT-10889,2024-09-26,SkyJet,Jaipur,Delhi,Economy,64,178,620,16238.62,210,228,5,Delayed
FLT-12649,2024-09-27,Falcon Airways,Chennai,Lucknow,Business,219,166,743,20570.83,83,233,2,On Time
FLT-10159,2024-09-27,IndiGo Air,Lucknow,Mumbai,Economy,90,3,1061,19101.14,202,247,4,Cancelled
FLT-12650,2024-09-27,Air Bharat,Jaipur,Kolkata,Economy,102,61,1070,34301.84,148,212,2,On Time
FLT-10272,2024-09-27,IndiGo Air,Delhi,Kochi,Economy,74,146,1427,40990.73,76,225,4,On Time
FLT-9082,2024-09-27,Falcon Airways,Jaipur,Lucknow,Economy,122,10,2216,18031.47,86,220,3,Cancelled
FLT-11166,2024-09-27,Falcon Airways,Kolkata,Mumbai,Economy,149,169,1649,31669.62,84,222,2,On Time
FLT-12277,2024-09-27,SkyJet,Hyderabad,Delhi,Business,100,71,989,26108.05,75,247,4,On Time
FLT-11116,2024-09-28,Air Bharat,Mumbai,Jaipur,Economy,97,92,1447,42279.56,191,160,4,On Time
FLT-11005,2024-09-28,SkyJet,Kolkata,Lucknow,Business,156,7,595,34546.04,168,240,3,On Time
FLT-12502,2024-09-28,BlueWing,Mumbai,Lucknow,Economy,129,141,2156,10230.15,116,227,3,On Time
FLT-9170,2024-09-28,IndiGo Air,Hyderabad,Lucknow,Business,124,70,307,13842.4,169,235,1,Delayed
FLT-12019,2024-09-28,SkyJet,Lucknow,Chennai,Economy,63,45,953,9682.2,78,208,5,On Time
FLT-10130,2024-09-28,Falcon Airways,Bengaluru,Chennai,Premium Economy,74,42,975,41063.28,184,153,1,Delayed
FLT-9745,2024-09-28,Coastal Air,Goa,Kochi,Economy,139,91,460,12944.87,80,225,2,On Time
FLT-10115,2024-09-28,SkyJet,Delhi,Kochi,Economy,166,76,1008,36802.66,105,224,3,On Time
FLT-11641,2024-09-28,SkyJet,Jaipur,Mumbai,Economy,194,72,2425,30761.01,86,168,2,On Time
FLT-9216,2024-09-28,Air Bharat,Lucknow,Delhi,Economy,161,18,1267,27592.79,164,158,5,On Time
FLT-12570,2024-09-28,Air Bharat,Jaipur,Mumbai,Economy,156,21,346,28925.41,99,195,2,Delayed
FLT-9768,2024-09-29,SkyJet,Lucknow,Kochi,Premium Economy,143,134,419,31501.68,120,187,4,On Time
FLT-10174,2024-09-29,BlueWing,Delhi,Kolkata,Economy,152,89,1033,27260.88,117,195,1,On Time
FLT-9300,2024-09-29,BlueWing,Bengaluru,Chennai,Economy,184,159,344,39498.39,131,223,5,On Time
FLT-9346,2024-09-29,IndiGo Air,Kolkata,Lucknow,Economy,230,103,1297,16375.46,67,199,2,On Time
FLT-9597,2024-09-29,Falcon Airways,Lucknow,Chennai,Economy,94,66,594,19218.86,106,206,5,Delayed
FLT-12540,2024-09-29,Air Bharat,Chennai,Kolkata,Economy,71,66,317,23668.56,148,158,3,On Time
FLT-10391,2024-09-30,BlueWing,Bengaluru,Lucknow,Premium Economy,133,117,2031,26178.3,132,155,4,On Time
FLT-11550,2024-09-30,Coastal Air,Delhi,Chennai,Economy,154,76,1950,16423.61,144,181,2,On Time
FLT-12674,2024-09-30,IndiGo Air,Bengaluru,Jaipur,Economy,194,120,724,40122.13,127,210,1,Delayed
FLT-9399,2024-09-30,SkyJet,Kochi,Hyderabad,Economy,47,68,1973,6578.28,65,220,3,On Time
FLT-9850,2024-09-30,SkyJet,Chennai,Kochi,Economy,119,57,949,5852.96,135,197,1,On Time
FLT-10584,2024-09-30,Air Bharat,Kochi,Bengaluru,Economy,85,109,1121,40387.99,175,230,5,On Time
FLT-10562,2024-09-30,SkyJet,Jaipur,Goa,Premium Economy,185,58,2253,15852.77,50,200,2,On Time
FLT-9377,2024-09-30,Air Bharat,Mumbai,Hyderabad,Economy,136,122,2228,19627.82,217,244,5,On Time
FLT-12573,2024-09-30,Falcon Airways,Hyderabad,Kolkata,Economy,110,6,916,2059.08,186,160,4,On Time
FLT-10193,2024-09-30,SkyJet,Kochi,Bengaluru,Business,119,90,837,35346.64,88,240,1,On Time
FLT-9857,2024-09-30,BlueWing,Bengaluru,Delhi,Premium Economy,202,95,1976,6213.34,175,229,3,On Time
FLT-11010,2024-09-30,Air Bharat,Lucknow,Mumbai,Economy,163,99,500,25020.24,140,156,3,On Time
FLT-9882,2024-10-01,IndiGo Air,Kolkata,Jaipur,Economy,127,88,1043,20529.07,209,196,2,On Time
FLT-9330,2024-10-01,IndiGo Air,Chennai,Jaipur,Economy,110,10,2097,28635.88,104,165,4,On Time
FLT-12185,2024-10-01,Falcon Airways,Bengaluru,Goa,Economy,115,8,367,36686.38,136,199,1,On Time
FLT-10638,2024-10-01,SkyJet,Goa,Mumbai,Economy,135,12,169,34143.15,210,205,5,On Time
FLT-12600,2024-10-01,Air Bharat,Mumbai,Jaipur,Economy,149,124,2291,25608.25,163,238,2,On Time
FLT-9167,2024-10-01,Falcon Airways,Hyderabad,Kolkata,Premium Economy,115,108,1467,17171.87,103,188,3,On Time
FLT-12079,2024-10-01,SkyJet,Goa,Delhi,Premium Economy,163,8,1789,35922.8,185,172,4,On Time
FLT-11662,2024-10-01,IndiGo Air,Lucknow,Delhi,Premium Economy,189,108,1814,32080.64,132,162,4,On Time
FLT-9137,2024-10-01,SkyJet,Chennai,Kolkata,Economy,180,19,351,4195.41,107,229,3,On Time
FLT-10301,2024-10-01,SkyJet,Kolkata,Hyderabad,Economy,232,77,1054,17114.28,216,243,3,On Time
FLT-10758,2024-10-01,Coastal Air,Chennai,Bengaluru,Business,226,34,563,20752.78,69,151,1,On Time
FLT-10856,2024-10-01,Air Bharat,Mumbai,Hyderabad,Economy,174,28,2039,14023.4,164,196,4,On Time
FLT-12072,2024-10-01,IndiGo Air,Chennai,Mumbai,Business,50,65,1597,28705.83,142,165,1,On Time
FLT-11484,2024-10-02,Air Bharat,Bengaluru,Delhi,Economy,233,125,871,6240.6,186,180,5,On Time
FLT-11859,2024-10-02,SkyJet,Lucknow,Delhi,Economy,231,150,2145,33320.97,200,203,1,On Time
FLT-9480,2024-10-02,Falcon Airways,Mumbai,Goa,Economy,84,29,1729,12141.02,116,191,4,Delayed
FLT-10994,2024-10-02,BlueWing,Hyderabad,Delhi,Economy,125,3,686,40340.14,78,205,1,On Time
FLT-11284,2024-10-02,Falcon Airways,Mumbai,Chennai,Economy,199,142,2199,14521.6,140,236,2,On Time
FLT-12434,2024-10-02,IndiGo Air,Kochi,Bengaluru,Economy,74,59,808,27963.6,66,218,3,On Time
FLT-12965,2024-10-02,Air Bharat,Chennai,Mumbai,Economy,202,25,1150,22785.69,122,207,4,On Time
FLT-10150,2024-10-02,BlueWing,Jaipur,Mumbai,Economy,58,111,1423,11320.59,173,229,3,On Time
FLT-9534,2024-10-02,BlueWing,Lucknow,Delhi,Economy,104,111,2245,10088.96,170,245,4,On Time
FLT-11636,2024-10-02,IndiGo Air,Hyderabad,Kochi,Economy,47,7,247,4498.75,76,249,2,Delayed
FLT-10963,2024-10-02,BlueWing,Kochi,Hyderabad,Economy,153,107,1181,5323.52,135,212,3,Delayed
FLT-9679,2024-10-02,BlueWing,Mumbai,Hyderabad,Premium Economy,200,22,1797,39850.72,208,160,3,On Time
FLT-9918,2024-10-03,Air Bharat,Hyderabad,Jaipur,Premium Economy,79,99,2203,15546.67,82,242,5,Delayed
FLT-9565,2024-10-03,SkyJet,Bengaluru,Mumbai,Economy,210,31,616,44531.92,205,206,4,On Time
FLT-9846,2024-10-03,SkyJet,Jaipur,Delhi,Economy,118,167,219,39728.36,149,241,1,On Time
FLT-9956,2024-10-04,IndiGo Air,Jaipur,Kolkata,Business,232,132,431,38996.2,93,205,4,On Time
FLT-11548,2024-10-04,BlueWing,Mumbai,Lucknow,Premium Economy,232,155,804,40384.1,95,196,1,On Time
FLT-9957,2024-10-04,Coastal Air,Lucknow,Bengaluru,Business,104,137,662,28239.07,143,245,1,On Time
FLT-10291,2024-10-04,SkyJet,Hyderabad,Chennai,Premium Economy,89,121,754,35569.83,171,216,3,On Time
FLT-12379,2024-10-04,IndiGo Air,Delhi,Mumbai,Economy,187,65,2081,43452.61,188,182,4,Cancelled
FLT-12402,2024-10-04,Air Bharat,Kolkata,Bengaluru,Economy,72,57,2061,44690.12,89,206,4,On Time
FLT-11587,2024-10-04,IndiGo Air,Bengaluru,Chennai,Business,84,0,1618,7255.86,83,196,3,On Time
FLT-11836,2024-10-04,BlueWing,Chennai,Mumbai,Economy,139,94,433,36394.58,67,185,2,Delayed
FLT-10388,2024-10-04,Falcon Airways,Kolkata,Mumbai,Economy,148,121,838,39802.91,61,154,5,On Time
FLT-11598,2024-10-04,IndiGo Air,Kochi,Bengaluru,Economy,209,123,467,21776.35,105,215,5,On Time
FLT-10064,2024-10-04,Coastal Air,Kochi,Hyderabad,Economy,184,26,910,6279.56,178,205,3,On Time
FLT-11747,2024-10-04,BlueWing,Jaipur,Delhi,Premium Economy,74,142,797,33656.23,154,225,4,On Time
FLT-9138,2024-10-04,Air Bharat,Lucknow,Goa,Economy,67,131,1808,16756.88,216,188,2,On Time
FLT-11629,2024-10-05,BlueWing,Mumbai,Jaipur,Premium Economy,155,30,412,16598.2,137,173,3,On Time
FLT-10294,2024-10-05,BlueWing,Kolkata,Chennai,Economy,167,141,2090,32846.65,142,192,1,On Time
FLT-11638,2024-10-05,BlueWing,Bengaluru,Mumbai,Premium Economy,161,164,543,23959.94,174,187,4,On Time
FLT-9883,2024-10-05,Falcon Airways,Chennai,Mumbai,Business,137,54,1392,36940.39,118,176,2,On Time
FLT-10114,2024-10-05,Falcon Airways,Delhi,Jaipur,Premium Economy,83,69,1725,9852.67,158,175,2,On Time
FLT-9427,2024-10-05,IndiGo Air,Jaipur,Chennai,Economy,194,79,1583,33386.17,91,179,5,On Time
FLT-9984,2024-10-05,IndiGo Air,Kochi,Goa,Economy,156,133,844,6337.98,63,192,2,Delayed
FLT-10455,2024-10-05,BlueWing,Lucknow,Jaipur,Economy,58,159,348,20568.14,83,239,1,On Time
FLT-11168,2024-10-05,SkyJet,Jaipur,Kochi,Economy,133,119,2427,43718.36,104,242,5,On Time
FLT-9464,2024-10-05,Air Bharat,Jaipur,Goa,Economy,114,16,823,5224.87,89,171,3,On Time
FLT-11885,2024-10-05,SkyJet,Bengaluru,Mumbai,Economy,66,79,1518,33873.51,171,222,5,Delayed
FLT-11502,2024-10-05,Coastal Air,Lucknow,Kochi,Economy,76,136,543,4590.14,86,196,2,On Time
FLT-10706,2024-10-05,BlueWing,Kolkata,Mumbai,Economy,194,156,1879,20119.25,145,201,3,Delayed
FLT-9542,2024-10-05,Falcon Airways,Kochi,Lucknow,Economy,203,175,2162,22460.94,68,199,4,On Time
FLT-9942,2024-10-05,Air Bharat,Kolkata,Bengaluru,Economy,52,37,1546,11916.84,130,156,3,On Time
FLT-12251,2024-10-05,BlueWing,Kochi,Jaipur,Premium Economy,148,67,2220,21792.07,178,193,5,On Time
FLT-11635,2024-10-06,SkyJet,Lucknow,Goa,Economy,78,52,669,9724.4,166,159,3,On Time
FLT-9567,2024-10-06,IndiGo Air,Delhi,Kolkata,Business,75,138,193,41580.17,59,200,5,On Time
FLT-12622,2024-10-06,Coastal Air,Bengaluru,Hyderabad,Economy,238,163,1685,5465.26,163,189,3,On Time
FLT-10396,2024-10-06,SkyJet,Lucknow,Bengaluru,Economy,107,12,1789,25745.09,120,159,5,On Time
FLT-11136,2024-10-06,Coastal Air,Delhi,Goa,Premium Economy,123,59,1943,4652.46,201,248,1,On Time
FLT-9222,2024-10-06,SkyJet,Jaipur,Goa,Economy,204,127,2442,27546.37,80,212,1,On Time
FLT-9602,2024-10-06,IndiGo Air,Bengaluru,Delhi,Economy,227,63,1470,17663.37,170,246,4,On Time
FLT-12438,2024-10-06,IndiGo Air,Kochi,Bengaluru,Premium Economy,105,23,2498,3107.98,139,243,5,Delayed
FLT-10357,2024-10-06,SkyJet,Goa,Lucknow,Premium Economy,106,53,2498,26318.91,215,235,2,Delayed
FLT-12799,2024-10-06,Falcon Airways,Chennai,Kolkata,Economy,58,38,286,2946.14,158,204,1,On Time
FLT-11431,2024-10-06,Falcon Airways,Chennai,Lucknow,Premium Economy,217,57,1452,21514.73,156,153,1,On Time
FLT-11530,2024-10-06,Falcon Airways,Lucknow,Jaipur,Premium Economy,95,90,832,42830.06,186,204,5,On Time
FLT-10241,2024-10-07,Falcon Airways,Kolkata,Hyderabad,Economy,82,139,508,23353.39,65,160,2,On Time
FLT-12407,2024-10-07,Falcon Airways,Mumbai,Kochi,Business,48,7,1611,44382.17,83,195,5,Delayed
FLT-10452,2024-10-07,Falcon Airways,Mumbai,Kochi,Economy,215,177,807,24323.89,173,179,1,Delayed
FLT-11267,2024-10-07,SkyJet,Lucknow,Chennai,Economy,49,141,1610,44208.26,176,216,3,On Time
FLT-11091,2024-10-08,Coastal Air,Kolkata,Jaipur,Economy,114,4,680,21657.21,163,207,2,On Time
FLT-12318,2024-10-08,IndiGo Air,Delhi,Kolkata,Economy,49,23,527,30586.66,85,175,4,Delayed
FLT-9074,2024-10-08,BlueWing,Chennai,Kolkata,Economy,182,127,2368,4372.14,160,204,1,On Time
FLT-12304,2024-10-08,IndiGo Air,Goa,Kolkata,Economy,108,1,1066,8864.37,100,192,2,On Time
FLT-11538,2024-10-08,IndiGo Air,Mumbai,Goa,Economy,238,128,1309,22731.38,58,234,5,Delayed
FLT-10232,2024-10-08,IndiGo Air,Delhi,Bengaluru,Economy,96,99,799,36803.35,182,163,1,Delayed
FLT-11567,2024-10-08,SkyJet,Goa,Kochi,Economy,135,14,1533,32594.73,74,182,3,On Time
FLT-9923,2024-10-08,Air Bharat,Kochi,Goa,Economy,193,73,764,26197.37,149,247,3,On Time
FLT-11875,2024-10-08,Coastal Air,Kochi,Goa,Economy,204,112,1679,12173.17,182,202,1,Delayed
FLT-11816,2024-10-08,Coastal Air,Mumbai,Jaipur,Economy,82,106,2268,17157.02,213,243,2,On Time
FLT-9203,2024-10-08,Falcon Airways,Kolkata,Delhi,Economy,142,141,461,9932.64,108,235,1,On Time
FLT-11800,2024-10-08,BlueWing,Delhi,Bengaluru,Economy,182,82,1947,7850.86,114,159,1,On Time
FLT-10403,2024-10-08,Air Bharat,Kolkata,Jaipur,Economy,49,141,2084,6059.89,173,181,3,Delayed
FLT-10368,2024-10-09,SkyJet,Goa,Bengaluru,Economy,114,15,569,35232.87,156,206,4,On Time
FLT-11185,2024-10-09,Falcon Airways,Bengaluru,Mumbai,Economy,165,46,540,12453.75,212,226,3,On Time
FLT-9214,2024-10-09,Air Bharat,Mumbai,Hyderabad,Economy,146,160,1469,39643.0,172,202,3,On Time
FLT-12878,2024-10-09,Air Bharat,Chennai,Bengaluru,Economy,90,171,2373,21190.25,186,233,5,On Time
FLT-12802,2024-10-09,IndiGo Air,Goa,Delhi,Economy,202,80,515,35865.8,86,158,2,On Time
FLT-9851,2024-10-09,Air Bharat,Chennai,Mumbai,Economy,235,71,2438,32220.35,140,211,3,On Time
FLT-12752,2024-10-09,Coastal Air,Kolkata,Goa,Economy,158,96,1422,39792.66,143,157,1,Cancelled
FLT-11542,2024-10-09,Falcon Airways,Chennai,Lucknow,Economy,175,3,380,16972.21,51,196,5,Delayed
FLT-10275,2024-10-09,SkyJet,Kochi,Bengaluru,Economy,81,14,283,12304.64,163,244,4,On Time
FLT-11515,2024-10-09,SkyJet,Jaipur,Delhi,Economy,221,63,1876,21779.17,217,156,1,On Time
FLT-11535,2024-10-09,Falcon Airways,Mumbai,Lucknow,Economy,60,113,1884,42849.58,104,211,5,On Time
FLT-9892,2024-10-09,SkyJet,Jaipur,Delhi,Economy,48,18,267,37538.92,57,161,1,On Time
FLT-12909,2024-10-09,IndiGo Air,Bengaluru,Lucknow,Premium Economy,117,70,1423,17535.16,196,185,2,On Time
FLT-11126,2024-10-09,SkyJet,Mumbai,Goa,Economy,149,117,1313,16470.8,206,184,2,On Time
FLT-12941,2024-10-09,BlueWing,Jaipur,Kochi,Premium Economy,146,78,743,10712.38,130,180,3,On Time
FLT-12995,2024-10-09,SkyJet,Mumbai,Hyderabad,Economy,95,43,1337,2764.75,147,242,4,Delayed
FLT-10970,2024-10-10,BlueWing,Kolkata,Mumbai,Economy,115,17,233,3227.1,120,151,2,On Time
FLT-9500,2024-10-10,Air Bharat,Jaipur,Lucknow,Economy,65,120,869,12525.18,88,158,3,On Time
FLT-12587,2024-10-10,BlueWing,Goa,Hyderabad,Premium Economy,85,43,273,21596.22,54,217,4,On Time
FLT-12242,2024-10-10,IndiGo Air,Goa,Chennai,Economy,102,122,257,34746.49,139,165,3,On Time
FLT-10726,2024-10-10,BlueWing,Delhi,Lucknow,Business,112,160,483,22486.13,70,183,2,Delayed
FLT-10071,2024-10-10,BlueWing,Kolkata,Jaipur,Economy,68,133,697,17513.86,91,210,3,On Time
FLT-12416,2024-10-10,BlueWing,Hyderabad,Delhi,Economy,221,31,224,4726.72,215,202,1,Delayed
FLT-11004,2024-10-10,Falcon Airways,Kolkata,Hyderabad,Economy,142,153,1018,11015.42,59,248,4,On Time
FLT-12627,2024-10-10,SkyJet,Goa,Bengaluru,Economy,51,165,1848,19795.72,122,165,5,On Time
FLT-11264,2024-10-11,BlueWing,Lucknow,Bengaluru,Economy,228,105,2362,28883.75,75,217,5,Delayed
FLT-12213,2024-10-11,BlueWing,Delhi,Kolkata,Economy,132,58,1658,20561.31,161,224,4,Delayed
FLT-9268,2024-10-11,Coastal Air,Delhi,Kochi,Economy,81,168,1466,28447.11,107,194,4,On Time
FLT-12718,2024-10-11,BlueWing,Mumbai,Delhi,Economy,223,30,2075,37620.61,168,156,2,On Time
FLT-9681,2024-10-11,Falcon Airways,Lucknow,Kolkata,Economy,198,90,1838,12560.84,83,171,2,On Time
FLT-10041,2024-10-11,Falcon Airways,Chennai,Lucknow,Economy,104,121,663,9182.96,205,186,5,On Time
FLT-10504,2024-10-11,Coastal Air,Kochi,Mumbai,Premium Economy,215,39,2405,44392.51,147,230,2,On Time
FLT-10439,2024-10-11,SkyJet,Hyderabad,Chennai,Premium Economy,134,14,1211,15697.61,177,161,3,On Time
FLT-11407,2024-10-11,Falcon Airways,Mumbai,Kolkata,Economy,173,100,1474,39611.07,89,203,2,On Time
FLT-12619,2024-10-11,SkyJet,Chennai,Goa,Premium Economy,50,86,1818,35917.96,198,223,2,Delayed
FLT-12359,2024-10-12,Air Bharat,Lucknow,Mumbai,Economy,99,104,1774,3061.56,62,209,1,On Time
FLT-11840,2024-10-12,IndiGo Air,Kochi,Kolkata,Economy,222,88,668,6127.02,104,158,1,Delayed
FLT-11003,2024-10-12,SkyJet,Hyderabad,Jaipur,Business,106,49,510,35802.15,202,206,4,On Time
FLT-9140,2024-10-12,IndiGo Air,Mumbai,Chennai,Business,109,140,962,29896.38,115,162,3,Delayed
FLT-10199,2024-10-12,BlueWing,Jaipur,Bengaluru,Economy,141,72,1199,41951.65,168,174,3,On Time
FLT-12503,2024-10-12,Coastal Air,Kolkata,Delhi,Economy,136,140,1821,32171.06,162,247,3,Delayed
FLT-11437,2024-10-12,Coastal Air,Delhi,Jaipur,Business,81,170,611,38291.95,69,228,5,On Time
FLT-9078,2024-10-12,BlueWing,Bengaluru,Jaipur,Economy,218,92,962,32161.57,56,241,4,On Time
FLT-10701,2024-10-12,Coastal Air,Chennai,Kochi,Economy,140,107,2197,10246.19,165,213,4,On Time
FLT-10006,2024-10-12,Coastal Air,Delhi,Hyderabad,Premium Economy,157,175,183,8591.91,211,194,2,On Time
FLT-10830,2024-10-12,SkyJet,Jaipur,Bengaluru,Economy,71,178,1305,7038.86,219,210,4,Delayed
FLT-9516,2024-10-12,Falcon Airways,Chennai,Bengaluru,Economy,80,24,163,5411.39,66,229,3,Delayed
FLT-9594,2024-10-12,IndiGo Air,Delhi,Kolkata,Economy,199,104,2114,44556.37,196,241,1,Delayed
FLT-11767,2024-10-13,SkyJet,Lucknow,Hyderabad,Business,219,62,1684,22996.45,169,190,4,Cancelled
FLT-9774,2024-10-13,Falcon Airways,Mumbai,Jaipur,Economy,196,177,570,35663.48,174,189,1,On Time
FLT-10840,2024-10-13,Coastal Air,Jaipur,Hyderabad,Economy,79,6,1606,13481.07,180,248,4,On Time
FLT-12557,2024-10-13,SkyJet,Mumbai,Lucknow,Economy,98,178,191,16578.86,148,242,1,On Time
FLT-9341,2024-10-13,SkyJet,Goa,Hyderabad,Economy,111,154,1284,13627.93,157,181,5,On Time
FLT-10348,2024-10-13,Coastal Air,Goa,Chennai,Economy,65,67,2275,27963.14,143,236,5,On Time
FLT-11352,2024-10-13,IndiGo Air,Goa,Lucknow,Premium Economy,111,145,2040,42251.86,128,182,1,On Time
FLT-11117,2024-10-13,IndiGo Air,Kolkata,Lucknow,Economy,90,134,244,12621.15,55,204,5,On Time
FLT-12793,2024-10-13,IndiGo Air,Kolkata,Goa,Business,87,41,317,17756.21,207,197,2,Cancelled
FLT-9620,2024-10-13,BlueWing,Lucknow,Jaipur,Economy,114,140,1841,10990.68,100,225,3,On Time
FLT-9090,2024-10-13,BlueWing,Bengaluru,Jaipur,Economy,177,150,2454,21952.68,88,183,5,Cancelled
FLT-11845,2024-10-13,IndiGo Air,Kochi,Delhi,Economy,83,48,1147,42078.65,53,182,5,On Time
FLT-9778,2024-10-13,Falcon Airways,Bengaluru,Goa,Economy,187,133,1063,35588.43,124,169,2,On Time
FLT-11233,2024-10-13,Air Bharat,Mumbai,Lucknow,Economy,172,131,260,33436.74,173,174,3,On Time
FLT-9999,2024-10-14,Coastal Air,Chennai,Delhi,Economy,118,30,1554,19668.09,147,211,1,On Time
FLT-11307,2024-10-14,SkyJet,Lucknow,Jaipur,Premium Economy,92,63,1976,36281.16,180,227,5,On Time
FLT-12633,2024-10-14,SkyJet,Kolkata,Kochi,Economy,86,40,414,25187.54,55,204,5,Cancelled
FLT-11067,2024-10-14,SkyJet,Hyderabad,Goa,Economy,148,68,1424,44594.02,71,219,4,On Time
FLT-9632,2024-10-14,IndiGo Air,Kolkata,Goa,Economy,74,24,2200,22275.37,53,225,4,On Time
FLT-9998,2024-10-15,Coastal Air,Kochi,Jaipur,Economy,107,66,1726,22198.09,64,166,3,On Time
FLT-10607,2024-10-15,Falcon Airways,Delhi,Bengaluru,Premium Economy,78,64,2269,21811.24,84,190,3,On Time
FLT-10982,2024-10-15,IndiGo Air,Goa,Jaipur,Economy,84,58,2299,42388.49,207,173,4,On Time
FLT-9302,2024-10-15,SkyJet,Mumbai,Chennai,Economy,206,31,746,18561.23,125,206,1,On Time
FLT-12235,2024-10-15,IndiGo Air,Chennai,Delhi,Economy,130,41,2290,5055.95,98,225,3,Delayed
FLT-9052,2024-10-15,Falcon Airways,Chennai,Kolkata,Economy,230,159,1200,13703.89,106,178,1,Delayed
FLT-12013,2024-10-15,SkyJet,Hyderabad,Kochi,Premium Economy,124,143,1374,16882.84,128,164,2,Delayed
FLT-12497,2024-10-15,Falcon Airways,Bengaluru,Kolkata,Economy,70,19,447,40745.85,175,239,3,On Time
FLT-10831,2024-10-15,SkyJet,Delhi,Goa,Economy,127,34,1193,20304.16,82,197,4,On Time
FLT-10483,2024-10-15,SkyJet,Delhi,Kochi,Economy,229,62,686,36223.41,98,197,2,On Time
FLT-9453,2024-10-15,BlueWing,Mumbai,Kochi,Premium Economy,177,24,1213,9776.36,145,160,4,On Time
FLT-12312,2024-10-15,Air Bharat,Jaipur,Kochi,Economy,191,161,2451,20069.0,58,159,3,Delayed
FLT-12950,2024-10-15,Air Bharat,Kochi,Goa,Premium Economy,55,47,1742,21237.78,110,161,3,On Time
FLT-10383,2024-10-16,IndiGo Air,Lucknow,Chennai,Business,124,92,1060,41622.52,150,201,4,Delayed
FLT-10895,2024-10-16,Falcon Airways,Bengaluru,Jaipur,Economy,173,97,227,36393.94,62,223,4,On Time
FLT-11120,2024-10-16,Coastal Air,Chennai,Hyderabad,Economy,171,174,2431,31433.98,163,194,4,On Time
FLT-10600,2024-10-16,Coastal Air,Kolkata,Delhi,Economy,75,89,479,36183.29,115,230,4,On Time
FLT-10819,2024-10-16,BlueWing,Jaipur,Mumbai,Economy,71,152,1131,20784.56,100,182,1,On Time
FLT-10434,2024-10-16,Falcon Airways,Chennai,Hyderabad,Business,94,140,509,23740.48,162,249,1,On Time
FLT-9886,2024-10-16,SkyJet,Lucknow,Kochi,Economy,180,165,2049,8797.05,131,158,4,On Time
FLT-12899,2024-10-16,Air Bharat,Lucknow,Goa,Business,77,134,177,40237.48,139,195,5,Delayed
FLT-9258,2024-10-16,SkyJet,Delhi,Kochi,Economy,205,120,1867,41486.79,192,235,4,Delayed
FLT-9460,2024-10-16,SkyJet,Jaipur,Kochi,Business,53,140,920,3349.33,203,184,2,On Time
FLT-10480,2024-10-16,IndiGo Air,Chennai,Kochi,Business,120,148,1707,38595.81,210,210,5,On Time
FLT-9752,2024-10-16,Air Bharat,Kochi,Mumbai,Economy,161,25,1605,29448.42,141,192,4,On Time
FLT-9981,2024-10-17,Coastal Air,Delhi,Bengaluru,Premium Economy,222,104,1814,11049.53,167,168,5,On Time
FLT-9331,2024-10-17,BlueWing,Chennai,Lucknow,Business,111,77,717,8287.22,128,191,2,On Time
FLT-10118,2024-10-17,SkyJet,Goa,Mumbai,Economy,80,94,1420,26787.36,167,215,5,Delayed
FLT-12078,2024-10-17,IndiGo Air,Chennai,Delhi,Economy,235,50,2366,33585.61,82,225,5,On Time
FLT-10253,2024-10-17,Falcon Airways,Jaipur,Kolkata,Premium Economy,113,30,1035,9168.79,56,183,5,On Time
FLT-11544,2024-10-17,IndiGo Air,Jaipur,Goa,Premium Economy,110,20,1197,18849.92,176,231,1,Delayed
FLT-10536,2024-10-17,Coastal Air,Bengaluru,Jaipur,Economy,89,149,1770,40232.28,203,164,4,On Time
FLT-10327,2024-10-17,Coastal Air,Kochi,Goa,Economy,228,105,723,27235.58,134,156,3,On Time
FLT-11345,2024-10-17,Air Bharat,Kolkata,Lucknow,Business,157,134,1562,4531.94,213,169,2,Delayed
FLT-10080,2024-10-17,SkyJet,Goa,Kolkata,Economy,124,150,1455,29596.36,150,165,3,On Time
FLT-9048,2024-10-17,Air Bharat,Bengaluru,Jaipur,Economy,232,48,1594,37230.79,118,249,1,Delayed
FLT-9118,2024-10-17,Falcon Airways,Lucknow,Mumbai,Economy,188,68,519,3349.53,111,152,4,On Time
FLT-10707,2024-10-18,BlueWing,Kochi,Jaipur,Economy,171,139,572,24294.65,142,242,4,Delayed
FLT-10133,2024-10-18,Air Bharat,Kolkata,Chennai,Economy,193,22,770,24889.08,215,166,5,On Time
FLT-12986,2024-10-18,Falcon Airways,Mumbai,Kolkata,Business,203,117,1542,4842.62,61,200,5,On Time
FLT-12733,2024-10-18,Falcon Airways,Mumbai,Delhi,Business,152,114,693,5349.18,120,234,4,On Time
FLT-9581,2024-10-18,Air Bharat,Chennai,Lucknow,Economy,144,79,2389,8815.19,142,220,5,On Time
FLT-11997,2024-10-18,IndiGo Air,Hyderabad,Kochi,Economy,139,134,2188,42930.32,115,173,4,Delayed
FLT-11861,2024-10-18,Coastal Air,Goa,Delhi,Economy,106,99,1502,44117.51,181,180,1,Delayed
FLT-10119,2024-10-18,BlueWing,Jaipur,Bengaluru,Economy,156,96,829,34815.02,110,168,2,Delayed
FLT-11715,2024-10-18,Air Bharat,Kochi,Goa,Economy,159,153,1513,6808.65,191,241,1,Cancelled
FLT-9571,2024-10-18,Falcon Airways,Mumbai,Chennai,Economy,94,122,861,20682.93,106,222,1,Delayed
FLT-9038,2024-10-18,IndiGo Air,Kochi,Chennai,Economy,180,117,691,4596.68,56,170,4,Cancelled
FLT-12193,2024-10-18,SkyJet,Kolkata,Bengaluru,Economy,114,157,2027,34437.3,103,231,2,Delayed
FLT-11966,2024-10-18,SkyJet,Kolkata,Hyderabad,Business,128,131,1677,2560.98,179,247,4,Cancelled
FLT-10479,2024-10-18,Coastal Air,Lucknow,Bengaluru,Economy,60,37,675,40315.54,183,237,2,On Time
FLT-12712,2024-10-18,SkyJet,Mumbai,Kolkata,Economy,47,78,683,13500.72,156,206,3,On Time
FLT-10910,2024-10-18,Falcon Airways,Kochi,Delhi,Economy,212,168,1306,11800.96,189,179,3,Delayed
FLT-9819,2024-10-18,Coastal Air,Bengaluru,Kochi,Economy,45,3,809,42139.51,146,217,4,On Time
FLT-11204,2024-10-18,Falcon Airways,Hyderabad,Kolkata,Business,215,41,1634,29930.92,91,183,1,On Time
FLT-11927,2024-10-19,Falcon Airways,Kolkata,Goa,Economy,179,131,2137,35633.85,73,156,4,On Time
FLT-9633,2024-10-19,SkyJet,Kochi,Hyderabad,Economy,57,155,2216,34831.18,146,171,1,On Time
FLT-11852,2024-10-19,BlueWing,Kolkata,Bengaluru,Premium Economy,192,48,1971,28876.32,217,224,4,Cancelled
FLT-12604,2024-10-19,BlueWing,Delhi,Chennai,Premium Economy,104,65,1480,14345.91,219,249,2,On Time
FLT-10155,2024-10-19,Coastal Air,Bengaluru,Jaipur,Economy,237,32,1274,38138.25,214,240,3,On Time
FLT-12655,2024-10-20,Air Bharat,Mumbai,Hyderabad,Economy,159,129,1427,35519.77,177,239,4,Delayed
FLT-10365,2024-10-20,SkyJet,Delhi,Hyderabad,Economy,179,90,407,10745.22,163,157,1,On Time
FLT-10145,2024-10-20,Air Bharat,Mumbai,Chennai,Economy,174,31,1371,14866.38,119,240,5,On Time
FLT-9023,2024-10-20,SkyJet,Chennai,Kochi,Business,163,98,815,42683.17,193,160,2,On Time
FLT-12202,2024-10-20,SkyJet,Chennai,Bengaluru,Business,65,175,1034,39826.22,182,249,1,On Time
FLT-12221,2024-10-20,SkyJet,Jaipur,Lucknow,Premium Economy,114,162,2152,24556.39,96,168,4,On Time
FLT-12904,2024-10-20,SkyJet,Delhi,Hyderabad,Economy,217,38,534,26398.1,152,197,4,On Time
FLT-9598,2024-10-20,Coastal Air,Kolkata,Mumbai,Premium Economy,188,67,666,43148.41,84,150,2,Delayed
FLT-12403,2024-10-20,Air Bharat,Kochi,Mumbai,Economy,93,85,910,2013.37,198,193,3,Delayed
FLT-12508,2024-10-20,IndiGo Air,Lucknow,Kolkata,Economy,209,118,790,39712.43,61,151,2,On Time
FLT-11691,2024-10-20,Coastal Air,Goa,Kolkata,Economy,175,5,2217,19708.67,87,213,2,On Time
FLT-10057,2024-10-20,Coastal Air,Lucknow,Kolkata,Premium Economy,232,93,2230,19237.68,213,165,5,On Time
FLT-10369,2024-10-20,Coastal Air,Hyderabad,Goa,Economy,180,132,2152,29001.7,194,211,3,Delayed
FLT-10250,2024-10-20,BlueWing,Kochi,Jaipur,Premium Economy,135,99,2490,31468.9,120,191,3,Delayed
FLT-9921,2024-10-21,Air Bharat,Bengaluru,Delhi,Economy,101,121,352,15961.95,74,185,4,On Time
FLT-11453,2024-10-21,BlueWing,Mumbai,Kochi,Premium Economy,103,92,2175,19389.72,113,221,1,Delayed
FLT-9103,2024-10-21,SkyJet,Delhi,Kolkata,Premium Economy,53,78,1893,40062.29,143,173,3,On Time
FLT-12376,2024-10-21,Falcon Airways,Goa,Bengaluru,Premium Economy,168,66,1052,3110.53,189,245,5,Cancelled
FLT-12085,2024-10-21,SkyJet,Kolkata,Kochi,Economy,162,61,1310,28165.17,53,155,2,Delayed
FLT-9437,2024-10-21,Falcon Airways,Mumbai,Hyderabad,Economy,113,62,2287,30438.16,185,184,2,On Time
FLT-11703,2024-10-21,SkyJet,Bengaluru,Jaipur,Economy,119,162,1724,27093.92,190,243,1,Delayed
FLT-11796,2024-10-21,BlueWing,Kolkata,Lucknow,Economy,235,141,1813,42033.57,85,244,4,On Time
FLT-12808,2024-10-21,Air Bharat,Kolkata,Bengaluru,Business,155,41,1165,33181.65,201,153,5,On Time
FLT-9914,2024-10-22,Falcon Airways,Bengaluru,Delhi,Economy,178,117,226,43702.68,121,233,2,On Time
FLT-11581,2024-10-22,Coastal Air,Jaipur,Chennai,Premium Economy,130,7,2216,36492.57,119,221,1,Delayed
FLT-10595,2024-10-22,Coastal Air,Jaipur,Mumbai,Economy,151,50,897,16907.13,93,155,1,Delayed
FLT-11024,2024-10-22,IndiGo Air,Bengaluru,Chennai,Economy,84,121,1772,32954.26,52,204,1,On Time
FLT-11878,2024-10-22,Air Bharat,Kochi,Mumbai,Economy,189,41,2332,44733.18,198,222,4,Delayed
FLT-10844,2024-10-22,Coastal Air,Chennai,Kolkata,Business,86,105,1368,34580.29,186,229,3,Delayed
FLT-9186,2024-10-22,BlueWing,Delhi,Chennai,Economy,143,55,687,35378.45,100,240,1,Delayed
FLT-9153,2024-10-22,IndiGo Air,Chennai,Hyderabad,Premium Economy,235,70,1716,7470.44,115,177,1,On Time
FLT-11280,2024-10-22,BlueWing,Goa,Mumbai,Business,160,126,1517,29818.18,190,158,3,On Time
FLT-12463,2024-10-22,Air Bharat,Chennai,Mumbai,Economy,192,91,474,19364.54,148,175,3,On Time
FLT-11483,2024-10-22,Falcon Airways,Goa,Hyderabad,Economy,211,3,192,43424.37,168,170,1,Delayed
FLT-12465,2024-10-22,Falcon Airways,Mumbai,Goa,Economy,162,129,1608,35181.24,71,167,4,On Time
FLT-11906,2024-10-22,IndiGo Air,Chennai,Kochi,Business,229,148,2459,30253.52,163,175,2,On Time
FLT-12621,2024-10-23,BlueWing,Jaipur,Kolkata,Economy,170,103,1347,39404.73,174,216,2,On Time
FLT-11746,2024-10-23,Air Bharat,Mumbai,Hyderabad,Business,234,118,1923,41498.41,217,154,4,On Time
FLT-10968,2024-10-23,IndiGo Air,Bengaluru,Goa,Economy,224,133,2267,2228.89,123,242,1,On Time
FLT-12353,2024-10-23,Air Bharat,Kochi,Mumbai,Premium Economy,64,118,1670,20540.99,58,194,2,Delayed
FLT-9958,2024-10-23,Falcon Airways,Kolkata,Kochi,Business,195,27,1505,23411.01,103,185,5,On Time
FLT-12448,2024-10-23,BlueWing,Goa,Kolkata,Premium Economy,196,34,2179,15776.13,148,227,5,On Time
FLT-12034,2024-10-24,IndiGo Air,Lucknow,Bengaluru,Economy,239,15,190,5766.21,101,193,1,Delayed
FLT-9954,2024-10-24,IndiGo Air,Delhi,Goa,Economy,164,99,1569,24018.02,114,190,2,Delayed
FLT-9940,2024-10-24,Air Bharat,Lucknow,Kolkata,Economy,202,7,1888,6207.05,82,215,3,On Time
FLT-11712,2024-10-24,IndiGo Air,Chennai,Jaipur,Economy,119,92,254,8413.85,79,225,2,On Time
FLT-12231,2024-10-24,SkyJet,Jaipur,Kolkata,Economy,181,132,848,35630.96,68,220,5,On Time
FLT-11423,2024-10-24,SkyJet,Lucknow,Kochi,Premium Economy,130,66,1972,20864.5,210,213,4,Delayed
FLT-9781,2024-10-24,IndiGo Air,Hyderabad,Lucknow,Premium Economy,226,178,2345,8036.8,201,179,4,On Time
FLT-10675,2024-10-24,BlueWing,Bengaluru,Mumbai,Premium Economy,209,11,2197,14427.64,85,217,3,On Time
FLT-11964,2024-10-24,Coastal Air,Kochi,Chennai,Economy,128,143,1702,34998.16,115,167,1,Cancelled
FLT-12987,2024-10-25,IndiGo Air,Goa,Hyderabad,Economy,214,129,767,8086.08,214,176,2,On Time
FLT-12660,2024-10-25,SkyJet,Bengaluru,Jaipur,Premium Economy,205,155,349,27000.08,149,204,3,On Time
FLT-12440,2024-10-25,Coastal Air,Hyderabad,Lucknow,Premium Economy,59,175,938,30504.08,210,248,2,On Time
FLT-12791,2024-10-25,Falcon Airways,Hyderabad,Kochi,Premium Economy,129,160,1129,16226.99,187,214,5,On Time
FLT-12787,2024-10-25,SkyJet,Lucknow,Goa,Business,49,4,1703,30338.75,203,227,4,On Time
FLT-12745,2024-10-25,IndiGo Air,Jaipur,Chennai,Economy,235,4,1205,7345.79,174,175,1,On Time
FLT-11053,2024-10-25,BlueWing,Lucknow,Jaipur,Premium Economy,236,117,871,43107.68,53,207,2,On Time
FLT-9645,2024-10-25,SkyJet,Bengaluru,Delhi,Economy,180,115,838,12233.13,60,190,5,On Time
FLT-10093,2024-10-25,Air Bharat,Chennai,Lucknow,Economy,69,73,861,17666.12,197,174,4,On Time
FLT-9788,2024-10-25,Falcon Airways,Lucknow,Mumbai,Premium Economy,159,134,660,40895.64,88,217,3,On Time
FLT-10180,2024-10-25,Falcon Airways,Goa,Mumbai,Economy,84,61,170,7855.43,183,241,5,Delayed
FLT-9965,2024-10-25,IndiGo Air,Mumbai,Kolkata,Economy,55,19,299,4560.95,151,184,5,Delayed
FLT-11380,2024-10-26,IndiGo Air,Hyderabad,Lucknow,Premium Economy,226,116,836,11193.22,168,204,4,On Time
FLT-11413,2024-10-26,Coastal Air,Jaipur,Kochi,Economy,169,59,507,6038.55,63,225,1,On Time
FLT-11672,2024-10-26,IndiGo Air,Mumbai,Kochi,Economy,142,76,953,29846.48,86,188,2,Delayed
FLT-9518,2024-10-26,SkyJet,Lucknow,Kolkata,Economy,146,100,1399,33476.23,145,222,2,Delayed
FLT-10398,2024-10-26,Air Bharat,Kolkata,Bengaluru,Business,236,149,1753,30009.89,179,247,3,On Time
FLT-9837,2024-10-26,Coastal Air,Bengaluru,Delhi,Economy,84,0,733,18975.37,98,211,4,On Time
FLT-9407,2024-10-26,BlueWing,Hyderabad,Chennai,Economy,164,124,1002,36372.19,123,186,3,On Time
FLT-9179,2024-10-26,Coastal Air,Hyderabad,Mumbai,Economy,167,135,1629,37940.21,110,157,2,Cancelled
FLT-11262,2024-10-26,Coastal Air,Lucknow,Delhi,Economy,92,77,2307,37566.01,78,208,1,On Time
FLT-11828,2024-10-26,Falcon Airways,Bengaluru,Kochi,Economy,93,59,865,3528.75,174,178,5,On Time
FLT-11677,2024-10-26,Air Bharat,Jaipur,Goa,Economy,204,18,1076,24898.02,125,219,5,Delayed
FLT-11000,2024-10-27,SkyJet,Jaipur,Hyderabad,Economy,62,100,808,15967.83,105,162,2,On Time
FLT-11466,2024-10-27,Air Bharat,Mumbai,Goa,Premium Economy,74,178,1666,30450.86,62,187,5,On Time
FLT-11463,2024-10-27,Air Bharat,Delhi,Goa,Business,74,172,476,35440.79,69,204,1,On Time
FLT-10557,2024-10-27,BlueWing,Hyderabad,Goa,Economy,97,113,2039,12455.11,80,198,2,On Time
FLT-12370,2024-10-27,IndiGo Air,Mumbai,Goa,Economy,132,172,2157,25731.75,87,176,4,On Time
FLT-12929,2024-10-27,Coastal Air,Mumbai,Chennai,Premium Economy,122,175,970,15731.28,121,153,2,On Time
FLT-12881,2024-10-27,Coastal Air,Delhi,Lucknow,Economy,117,22,470,38055.63,134,232,5,On Time
FLT-9215,2024-10-27,Coastal Air,Kochi,Delhi,Economy,79,104,453,13073.37,107,213,4,Delayed
FLT-9822,2024-10-27,SkyJet,Chennai,Bengaluru,Economy,45,42,977,9683.08,87,215,1,On Time
FLT-10887,2024-10-27,BlueWing,Kolkata,Mumbai,Economy,238,10,981,7368.85,116,160,5,On Time
FLT-11602,2024-10-27,Coastal Air,Mumbai,Lucknow,Economy,82,132,2247,22110.29,91,178,4,On Time
FLT-12064,2024-10-27,Air Bharat,Mumbai,Delhi,Economy,137,1,925,35955.31,205,156,3,On Time
FLT-12755,2024-10-28,BlueWing,Jaipur,Kolkata,Economy,202,67,1956,35130.68,54,185,1,Delayed
FLT-9338,2024-10-28,SkyJet,Hyderabad,Goa,Economy,188,174,1539,10807.06,217,234,1,On Time
FLT-11129,2024-10-28,IndiGo Air,Kolkata,Chennai,Economy,134,23,1079,30041.56,80,186,5,On Time
FLT-10154,2024-10-28,Coastal Air,Mumbai,Bengaluru,Premium Economy,156,19,2450,8815.15,161,196,5,On Time
FLT-12441,2024-10-28,SkyJet,Kolkata,Kochi,Economy,219,48,362,30887.31,203,194,4,On Time
FLT-10307,2024-10-28,IndiGo Air,Kochi,Kolkata,Economy,102,86,1684,35933.85,95,228,5,On Time
FLT-12046,2024-10-28,SkyJet,Bengaluru,Lucknow,Premium Economy,186,121,1342,41382.93,92,184,3,On Time
FLT-9042,2024-10-28,Falcon Airways,Delhi,Jaipur,Economy,235,96,1705,15489.42,104,179,2,On Time
FLT-12173,2024-10-28,Air Bharat,Kolkata,Bengaluru,Business,172,129,2349,12862.93,69,239,5,On Time
FLT-11199,2024-10-28,SkyJet,Goa,Hyderabad,Economy,211,50,329,6113.81,156,243,4,On Time
FLT-9521,2024-10-28,BlueWing,Bengaluru,Delhi,Economy,223,11,2254,38652.79,179,234,3,On Time
FLT-10382,2024-10-28,Coastal Air,Lucknow,Kolkata,Economy,206,106,1768,28872.91,213,234,5,On Time
FLT-10139,2024-10-28,IndiGo Air,Mumbai,Hyderabad,Economy,111,11,2359,42138.57,162,176,2,Cancelled
FLT-9832,2024-10-29,Falcon Airways,Hyderabad,Jaipur,Economy,129,17,1016,6495.24,148,182,2,Delayed
FLT-11634,2024-10-29,Falcon Airways,Kochi,Kolkata,Economy,215,77,839,21030.22,177,163,3,Delayed
FLT-9742,2024-10-29,SkyJet,Lucknow,Goa,Economy,96,104,618,33293.34,117,242,5,Delayed
FLT-12772,2024-10-29,Air Bharat,Goa,Chennai,Premium Economy,207,1,1421,28019.26,84,233,2,On Time
FLT-12501,2024-10-29,Air Bharat,Hyderabad,Mumbai,Economy,85,96,1178,7442.34,111,175,1,On Time
FLT-9271,2024-10-29,BlueWing,Hyderabad,Kochi,Economy,71,147,2180,28299.0,176,160,3,On Time
FLT-11102,2024-10-29,Falcon Airways,Lucknow,Kochi,Economy,161,11,760,29846.27,110,248,4,On Time
FLT-10849,2024-10-29,IndiGo Air,Chennai,Goa,Economy,70,111,2137,3141.31,133,248,5,On Time
FLT-10813,2024-10-30,Falcon Airways,Chennai,Kolkata,Economy,98,132,798,11318.41,157,153,4,On Time
FLT-11988,2024-10-30,Falcon Airways,Kolkata,Bengaluru,Business,169,140,1523,30115.51,153,245,5,On Time
FLT-10762,2024-10-30,BlueWing,Bengaluru,Chennai,Economy,167,99,385,12597.96,199,166,2,Delayed
FLT-12971,2024-10-30,SkyJet,Hyderabad,Bengaluru,Economy,94,62,1454,12836.36,141,229,2,On Time
FLT-9278,2024-10-30,BlueWing,Kolkata,Chennai,Premium Economy,168,107,250,29652.92,211,220,4,On Time
FLT-11501,2024-10-30,SkyJet,Mumbai,Chennai,Economy,137,95,1257,3440.89,115,152,3,On Time
FLT-9433,2024-10-30,Air Bharat,Jaipur,Chennai,Economy,79,161,902,39658.54,106,195,4,On Time
FLT-11373,2024-10-30,SkyJet,Kolkata,Hyderabad,Business,47,139,2333,31446.44,115,229,4,On Time
FLT-11266,2024-10-31,Falcon Airways,Kolkata,Chennai,Economy,225,161,757,15190.73,143,186,2,Delayed
FLT-12457,2024-10-31,Air Bharat,Bengaluru,Mumbai,Economy,215,16,2045,11371.63,212,237,1,Delayed
FLT-11374,2024-10-31,IndiGo Air,Jaipur,Delhi,Economy,111,98,844,12841.46,143,169,3,Delayed
FLT-10103,2024-10-31,BlueWing,Delhi,Kochi,Economy,112,62,917,40857.11,139,215,5,On Time
FLT-11854,2024-10-31,BlueWing,Jaipur,Mumbai,Economy,133,101,1831,25770.58,102,163,2,On Time
FLT-11292,2024-10-31,BlueWing,Delhi,Kochi,Premium Economy,145,123,2307,28826.5,140,243,2,On Time
FLT-12021,2024-10-31,BlueWing,Delhi,Mumbai,Premium Economy,182,49,1934,5434.44,218,158,5,On Time
FLT-9609,2024-10-31,IndiGo Air,Goa,Chennai,Economy,192,3,2353,14697.62,110,227,2,On Time
FLT-10449,2024-10-31,Falcon Airways,Lucknow,Kochi,Economy,220,3,1084,26518.05,133,202,3,On Time
FLT-11612,2024-11-01,SkyJet,Lucknow,Jaipur,Economy,166,17,1681,5634.74,101,162,5,On Time
FLT-10181,2024-11-01,BlueWing,Jaipur,Chennai,Economy,116,23,1290,11836.54,196,172,2,On Time
FLT-11955,2024-11-01,Coastal Air,Jaipur,Hyderabad,Economy,225,89,1515,27005.14,114,169,2,On Time
FLT-10160,2024-11-01,Air Bharat,Bengaluru,Hyderabad,Business,138,75,2415,28910.46,70,183,2,On Time
FLT-12952,2024-11-01,Air Bharat,Chennai,Kolkata,Economy,217,9,167,4551.03,150,216,3,On Time
FLT-11541,2024-11-01,IndiGo Air,Jaipur,Kolkata,Economy,228,139,215,10700.67,200,245,5,Cancelled
FLT-9165,2024-11-01,IndiGo Air,Mumbai,Chennai,Economy,174,126,1570,32584.14,89,203,1,Delayed
FLT-10585,2024-11-01,Air Bharat,Bengaluru,Jaipur,Economy,195,17,294,28767.02,61,207,1,Delayed
FLT-9232,2024-11-01,SkyJet,Delhi,Kolkata,Premium Economy,159,48,2294,21534.14,71,207,1,Delayed
FLT-12234,2024-11-01,Falcon Airways,Chennai,Mumbai,Economy,148,179,1576,43536.65,130,170,1,On Time
FLT-9478,2024-11-01,SkyJet,Jaipur,Chennai,Economy,227,23,804,17527.74,133,210,4,On Time
FLT-12599,2024-11-01,SkyJet,Kolkata,Mumbai,Economy,159,19,1614,11447.55,145,240,1,On Time
FLT-9237,2024-11-02,BlueWing,Mumbai,Delhi,Economy,92,133,1636,41891.31,67,168,4,On Time
FLT-10472,2024-11-02,Falcon Airways,Goa,Hyderabad,Economy,135,20,456,35775.2,141,218,2,On Time
FLT-11503,2024-11-02,Falcon Airways,Bengaluru,Chennai,Economy,108,115,1987,27719.54,144,168,4,On Time
FLT-10295,2024-11-02,Falcon Airways,Delhi,Kochi,Economy,123,170,1209,7054.78,87,185,4,On Time
FLT-9145,2024-11-02,IndiGo Air,Hyderabad,Bengaluru,Economy,171,103,210,20762.83,58,206,2,On Time
FLT-10772,2024-11-02,SkyJet,Mumbai,Kochi,Economy,185,158,404,7739.13,108,223,5,On Time
FLT-9233,2024-11-02,Coastal Air,Lucknow,Kolkata,Economy,158,17,2128,33054.45,145,210,1,Delayed
FLT-11074,2024-11-02,IndiGo Air,Kochi,Goa,Premium Economy,85,127,972,14219.17,106,166,2,On Time
FLT-11571,2024-11-03,IndiGo Air,Mumbai,Chennai,Economy,145,167,1368,44695.88,202,183,2,Delayed
FLT-10497,2024-11-03,Air Bharat,Goa,Bengaluru,Economy,108,134,1130,42392.74,185,226,3,On Time
FLT-12738,2024-11-03,BlueWing,Chennai,Jaipur,Economy,143,138,2266,24837.08,57,161,4,Delayed
FLT-11215,2024-11-03,SkyJet,Lucknow,Delhi,Economy,225,28,343,34824.17,112,197,5,Delayed
FLT-9595,2024-11-03,SkyJet,Lucknow,Jaipur,Economy,220,52,2178,43713.62,127,183,1,On Time
FLT-11999,2024-11-03,SkyJet,Chennai,Kochi,Economy,163,144,2274,19381.52,97,241,2,On Time
FLT-10540,2024-11-03,SkyJet,Kochi,Lucknow,Economy,103,1,2046,9607.97,72,210,3,Cancelled
FLT-12945,2024-11-03,Air Bharat,Mumbai,Goa,Economy,233,3,2007,30360.07,74,169,3,On Time
FLT-9651,2024-11-03,IndiGo Air,Chennai,Hyderabad,Economy,130,83,1601,10832.58,143,181,2,On Time
FLT-9348,2024-11-04,Coastal Air,Lucknow,Mumbai,Economy,212,95,169,24266.11,54,181,1,On Time
FLT-11734,2024-11-04,BlueWing,Kochi,Mumbai,Premium Economy,224,122,463,14401.8,206,200,3,Cancelled
FLT-12344,2024-11-04,IndiGo Air,Jaipur,Lucknow,Economy,213,178,396,22063.83,173,154,5,On Time
FLT-9290,2024-11-04,SkyJet,Jaipur,Lucknow,Economy,188,86,1707,13959.71,160,170,5,Delayed
FLT-10764,2024-11-04,Air Bharat,Lucknow,Delhi,Economy,112,80,221,2441.42,118,192,2,On Time
FLT-10387,2024-11-04,Air Bharat,Goa,Hyderabad,Economy,149,150,1935,44289.5,120,241,2,On Time
FLT-9466,2024-11-04,Air Bharat,Bengaluru,Hyderabad,Economy,55,35,1079,19966.84,156,221,4,Delayed
FLT-10700,2024-11-04,SkyJet,Goa,Kochi,Economy,135,78,594,19751.76,58,239,5,On Time
FLT-12838,2024-11-04,BlueWing,Kochi,Chennai,Economy,125,67,2485,25727.02,133,216,3,On Time
FLT-12286,2024-11-05,Falcon Airways,Lucknow,Mumbai,Economy,46,7,1395,44778.02,76,160,2,On Time
FLT-10149,2024-11-05,Falcon Airways,Delhi,Kolkata,Economy,170,140,663,11409.33,190,217,4,On Time
FLT-11580,2024-11-05,BlueWing,Chennai,Mumbai,Economy,223,81,1747,3790.45,207,183,1,On Time
FLT-11172,2024-11-05,Falcon Airways,Goa,Jaipur,Economy,186,100,1403,38802.03,167,224,3,On Time
FLT-12882,2024-11-05,IndiGo Air,Goa,Delhi,Premium Economy,189,89,2157,28793.3,105,195,1,On Time
FLT-10512,2024-11-05,Coastal Air,Kolkata,Mumbai,Economy,157,158,429,13528.89,62,214,2,Delayed
FLT-10951,2024-11-05,SkyJet,Chennai,Kochi,Economy,235,91,1812,8533.85,102,154,3,On Time
FLT-12214,2024-11-05,Air Bharat,Kolkata,Delhi,Economy,92,160,1208,27010.1,124,183,4,On Time
FLT-9107,2024-11-05,IndiGo Air,Jaipur,Delhi,Economy,100,139,1166,24196.74,216,169,3,Delayed
FLT-9317,2024-11-05,Air Bharat,Kochi,Lucknow,Premium Economy,182,8,2380,16864.25,210,245,5,On Time
FLT-12625,2024-11-05,IndiGo Air,Bengaluru,Kolkata,Economy,60,9,372,38395.53,145,182,3,On Time
FLT-12641,2024-11-05,IndiGo Air,Goa,Jaipur,Business,212,139,356,20342.67,100,198,2,On Time
FLT-12992,2024-11-05,IndiGo Air,Chennai,Kolkata,Economy,75,149,917,22138.12,215,238,5,On Time
FLT-11982,2024-11-06,IndiGo Air,Goa,Kochi,Economy,219,75,1757,27179.71,121,189,5,On Time
FLT-12020,2024-11-06,BlueWing,Goa,Hyderabad,Economy,170,23,1962,42058.38,97,194,2,On Time
FLT-12130,2024-11-06,BlueWing,Chennai,Delhi,Premium Economy,223,165,391,29602.82,160,166,3,On Time
FLT-12097,2024-11-06,BlueWing,Hyderabad,Kolkata,Business,231,61,1377,20230.35,199,209,3,On Time
FLT-11565,2024-11-06,Falcon Airways,Lucknow,Bengaluru,Business,109,17,1410,31284.06,98,244,1,Delayed
FLT-10260,2024-11-06,Coastal Air,Chennai,Bengaluru,Premium Economy,61,83,1472,30930.02,96,191,4,On Time
FLT-10111,2024-11-06,BlueWing,Kochi,Mumbai,Premium Economy,223,33,1212,39154.6,198,159,5,On Time
FLT-12830,2024-11-06,Falcon Airways,Kochi,Jaipur,Economy,164,117,575,26589.98,98,234,4,On Time
FLT-11367,2024-11-06,SkyJet,Jaipur,Delhi,Economy,161,130,1109,11072.15,200,199,1,On Time
FLT-11646,2024-11-07,Coastal Air,Kochi,Lucknow,Premium Economy,100,139,2037,44663.29,136,204,5,On Time
FLT-12153,2024-11-07,BlueWing,Lucknow,Goa,Economy,105,57,285,44792.84,175,201,4,On Time
FLT-11105,2024-11-07,SkyJet,Delhi,Chennai,Economy,71,108,2179,13752.33,116,176,1,On Time
FLT-9773,2024-11-07,BlueWing,Chennai,Jaipur,Business,94,96,1904,28360.62,101,213,2,Delayed
FLT-11996,2024-11-07,SkyJet,Kochi,Kolkata,Economy,90,34,1965,16291.3,117,242,3,Delayed
FLT-9888,2024-11-07,IndiGo Air,Goa,Lucknow,Premium Economy,159,117,364,18770.05,104,172,2,Delayed
FLT-12916,2024-11-07,IndiGo Air,Kolkata,Delhi,Economy,51,63,2371,7856.64,87,155,5,Cancelled
FLT-9319,2024-11-07,IndiGo Air,Kolkata,Bengaluru,Economy,206,95,643,4540.37,205,218,5,Delayed
FLT-10109,2024-11-07,IndiGo Air,Kochi,Chennai,Economy,146,171,1003,19841.18,112,210,3,Delayed
FLT-10055,2024-11-07,SkyJet,Delhi,Bengaluru,Economy,237,49,2342,15384.57,151,212,5,On Time
FLT-12809,2024-11-07,BlueWing,Delhi,Mumbai,Economy,59,157,1319,16037.13,82,214,4,On Time
FLT-9705,2024-11-08,IndiGo Air,Chennai,Jaipur,Economy,214,116,1762,10814.17,197,166,3,On Time
FLT-9087,2024-11-08,BlueWing,Goa,Kochi,Economy,199,130,368,36963.26,153,177,3,On Time
FLT-11327,2024-11-08,BlueWing,Hyderabad,Goa,Economy,186,114,2016,3467.64,198,153,5,Delayed
FLT-10340,2024-11-08,BlueWing,Jaipur,Bengaluru,Economy,135,125,352,4803.09,214,222,4,On Time
FLT-10818,2024-11-08,IndiGo Air,Jaipur,Kolkata,Economy,176,65,440,32360.93,124,161,5,On Time
FLT-10051,2024-11-08,IndiGo Air,Kochi,Jaipur,Premium Economy,49,58,874,42376.11,55,161,3,On Time
FLT-9644,2024-11-08,Falcon Airways,Bengaluru,Delhi,Economy,222,128,2142,34678.84,164,230,2,On Time
FLT-10484,2024-11-08,SkyJet,Kolkata,Lucknow,Economy,76,174,2451,41991.18,172,161,4,Cancelled
FLT-10413,2024-11-08,Falcon Airways,Mumbai,Bengaluru,Economy,115,148,2097,24945.37,188,169,4,On Time
FLT-11055,2024-11-08,Air Bharat,Hyderabad,Bengaluru,Economy,134,91,1959,5630.89,202,237,3,On Time
FLT-12719,2024-11-09,IndiGo Air,Lucknow,Kolkata,Premium Economy,184,138,587,41718.52,97,244,5,On Time
FLT-10247,2024-11-09,SkyJet,Kolkata,Kochi,Economy,199,168,2438,32094.92,84,191,4,On Time
FLT-12677,2024-11-09,BlueWing,Chennai,Goa,Economy,232,170,2179,25195.18,218,249,4,On Time
FLT-9897,2024-11-09,BlueWing,Goa,Mumbai,Economy,230,52,1843,32249.94,137,230,2,Delayed
FLT-9802,2024-11-09,SkyJet,Jaipur,Lucknow,Economy,83,11,1355,2987.63,109,208,5,Cancelled
FLT-12798,2024-11-09,Coastal Air,Bengaluru,Goa,Economy,168,38,682,37666.27,200,175,5,On Time
FLT-11666,2024-11-09,SkyJet,Delhi,Kolkata,Business,131,58,365,2408.62,177,239,2,On Time
FLT-10966,2024-11-09,Air Bharat,Mumbai,Bengaluru,Economy,48,7,2190,24771.49,212,197,3,On Time
FLT-10092,2024-11-09,Coastal Air,Jaipur,Chennai,Economy,105,11,1965,28604.0,75,207,3,On Time
FLT-11329,2024-11-09,IndiGo Air,Delhi,Kochi,Economy,58,69,2186,27670.28,154,233,2,Delayed
FLT-11122,2024-11-09,Air Bharat,Lucknow,Delhi,Premium Economy,206,101,2352,37105.57,129,195,5,On Time
FLT-10360,2024-11-09,Air Bharat,Bengaluru,Kolkata,Premium Economy,84,112,1358,14688.31,170,243,3,On Time
FLT-10523,2024-11-09,IndiGo Air,Kochi,Mumbai,Economy,113,109,1424,25588.37,169,170,1,On Time
FLT-10604,2024-11-09,Air Bharat,Goa,Mumbai,Economy,213,77,842,25375.2,146,191,1,Cancelled
FLT-12628,2024-11-09,Falcon Airways,Jaipur,Bengaluru,Economy,200,142,787,10692.15,196,235,1,On Time
FLT-10655,2024-11-10,Falcon Airways,Mumbai,Delhi,Business,72,134,1335,42263.48,112,209,1,Delayed
FLT-10050,2024-11-10,SkyJet,Delhi,Kolkata,Economy,70,62,857,30134.39,180,204,5,On Time
FLT-10285,2024-11-10,SkyJet,Delhi,Kolkata,Premium Economy,93,114,935,16498.06,93,199,4,On Time
FLT-9890,2024-11-10,Falcon Airways,Delhi,Hyderabad,Economy,120,44,1630,18529.06,213,158,3,Delayed
FLT-12444,2024-11-10,SkyJet,Delhi,Lucknow,Economy,120,134,598,44373.59,56,161,3,On Time
FLT-12827,2024-11-10,SkyJet,Bengaluru,Hyderabad,Economy,208,131,1612,25063.48,151,205,5,On Time
FLT-12451,2024-11-10,Coastal Air,Lucknow,Delhi,Economy,145,152,1831,10194.4,62,171,4,Cancelled
FLT-12337,2024-11-10,BlueWing,Chennai,Hyderabad,Premium Economy,129,108,2444,9734.99,72,189,1,Delayed
FLT-12484,2024-11-10,BlueWing,Kochi,Goa,Economy,137,150,1885,20541.74,153,217,2,On Time
FLT-9810,2024-11-10,BlueWing,Jaipur,Mumbai,Economy,77,163,2053,5251.56,210,208,3,Delayed
FLT-12028,2024-11-10,IndiGo Air,Chennai,Delhi,Premium Economy,116,159,2299,30358.48,59,198,4,On Time
FLT-11397,2024-11-10,Air Bharat,Chennai,Delhi,Premium Economy,68,106,984,30794.69,87,157,1,On Time
FLT-9747,2024-11-10,BlueWing,Goa,Delhi,Premium Economy,229,49,2348,27905.83,73,186,3,Delayed
FLT-12394,2024-11-11,SkyJet,Hyderabad,Mumbai,Premium Economy,72,109,1472,28123.38,94,238,2,On Time
FLT-12758,2024-11-11,SkyJet,Bengaluru,Mumbai,Economy,142,140,1059,22092.56,129,174,1,Delayed
FLT-11096,2024-11-11,Coastal Air,Hyderabad,Jaipur,Economy,153,89,932,31038.93,172,168,2,On Time
FLT-9543,2024-11-11,Air Bharat,Lucknow,Jaipur,Economy,158,111,2430,41222.03,140,182,5,On Time
FLT-11017,2024-11-11,IndiGo Air,Goa,Delhi,Economy,161,34,1440,26254.95,65,247,4,Delayed
FLT-11157,2024-11-11,IndiGo Air,Delhi,Goa,Economy,114,45,1217,28449.92,151,160,3,On Time
FLT-9479,2024-11-11,Falcon Airways,Kochi,Mumbai,Business,102,144,176,36655.42,105,163,1,Delayed
FLT-12632,2024-11-11,BlueWing,Delhi,Chennai,Economy,70,145,171,21805.46,169,173,3,On Time
FLT-11713,2024-11-11,Coastal Air,Bengaluru,Chennai,Economy,187,12,1192,23824.2,93,159,2,Delayed
FLT-11823,2024-11-11,Coastal Air,Delhi,Hyderabad,Economy,231,161,1718,12919.26,86,238,5,Delayed
FLT-12310,2024-11-11,BlueWing,Hyderabad,Kolkata,Economy,143,53,1991,44696.95,205,214,2,On Time
FLT-12730,2024-11-11,BlueWing,Hyderabad,Lucknow,Economy,176,132,1677,9891.39,93,179,5,Delayed
FLT-12551,2024-11-11,SkyJet,Bengaluru,Jaipur,Economy,239,46,1579,16399.1,213,225,3,Cancelled
FLT-9266,2024-11-11,Coastal Air,Bengaluru,Mumbai,Economy,179,115,1711,3506.37,74,229,4,On Time
FLT-12040,2024-11-12,Air Bharat,Goa,Mumbai,Premium Economy,145,163,1280,16285.91,207,249,3,On Time
FLT-11030,2024-11-12,BlueWing,Kochi,Kolkata,Business,113,179,2338,7661.29,140,163,4,On Time
FLT-11868,2024-11-12,SkyJet,Delhi,Hyderabad,Premium Economy,199,147,2478,22514.44,199,161,2,On Time
FLT-11721,2024-11-12,Falcon Airways,Jaipur,Mumbai,Economy,143,172,270,16372.38,122,192,3,Delayed
FLT-11326,2024-11-12,SkyJet,Delhi,Mumbai,Economy,180,125,1633,31263.2,86,227,2,Cancelled
FLT-12546,2024-11-12,Coastal Air,Lucknow,Chennai,Economy,142,6,1439,8775.55,133,200,2,On Time
FLT-12530,2024-11-12,Coastal Air,Mumbai,Hyderabad,Economy,108,7,402,13097.43,115,229,1,Cancelled
FLT-12458,2024-11-12,Air Bharat,Delhi,Lucknow,Business,180,27,1888,40013.6,161,173,5,On Time
FLT-11561,2024-11-12,IndiGo Air,Kochi,Goa,Economy,220,57,847,18360.17,65,180,1,On Time
FLT-12113,2024-11-12,SkyJet,Jaipur,Delhi,Premium Economy,109,174,1086,14741.3,62,187,1,On Time
FLT-9334,2024-11-12,Coastal Air,Lucknow,Delhi,Economy,92,76,650,26488.86,79,223,2,On Time
FLT-12025,2024-11-12,SkyJet,Kolkata,Goa,Economy,156,155,447,33013.35,201,173,3,On Time
FLT-9366,2024-11-12,BlueWing,Bengaluru,Kolkata,Business,99,71,423,34606.07,58,190,1,Delayed
FLT-12704,2024-11-12,BlueWing,Mumbai,Bengaluru,Economy,195,24,2190,17472.13,134,192,4,On Time
FLT-10316,2024-11-12,IndiGo Air,Kolkata,Jaipur,Premium Economy,218,88,2152,14630.28,109,228,4,Delayed
FLT-11938,2024-11-13,Air Bharat,Bengaluru,Kolkata,Economy,120,167,198,39946.87,53,249,4,Delayed
FLT-12818,2024-11-13,SkyJet,Jaipur,Delhi,Economy,139,10,2238,36250.19,158,249,5,On Time
FLT-12767,2024-11-13,SkyJet,Hyderabad,Mumbai,Economy,189,157,2213,5751.95,187,225,5,On Time
FLT-11309,2024-11-13,Coastal Air,Goa,Mumbai,Economy,88,111,952,10591.95,74,217,2,On Time
FLT-9555,2024-11-13,IndiGo Air,Mumbai,Kochi,Economy,69,33,2018,16493.37,127,172,1,Delayed
FLT-9974,2024-11-13,Falcon Airways,Chennai,Mumbai,Economy,98,79,1167,25737.84,125,237,3,On Time
FLT-10958,2024-11-13,Coastal Air,Mumbai,Kochi,Economy,103,23,394,35889.53,123,168,1,Delayed
FLT-11493,2024-11-13,SkyJet,Hyderabad,Chennai,Economy,163,108,520,37819.94,98,231,2,On Time
FLT-9964,2024-11-13,Falcon Airways,Kolkata,Bengaluru,Economy,141,164,2492,19240.39,210,213,3,On Time
FLT-12094,2024-11-14,IndiGo Air,Jaipur,Chennai,Economy,156,31,891,11723.62,92,239,5,Delayed
FLT-11589,2024-11-14,IndiGo Air,Bengaluru,Chennai,Economy,169,35,2435,27207.99,120,205,3,Delayed
FLT-9370,2024-11-14,Coastal Air,Goa,Lucknow,Economy,84,13,438,6152.69,137,208,1,On Time
FLT-12081,2024-11-14,Air Bharat,Bengaluru,Delhi,Economy,152,92,1018,16901.59,207,187,2,On Time
FLT-10862,2024-11-14,Coastal Air,Mumbai,Kolkata,Economy,83,179,1196,23480.42,206,161,3,On Time
FLT-11046,2024-11-14,BlueWing,Bengaluru,Kochi,Economy,78,43,1080,42383.43,215,157,4,On Time
FLT-12895,2024-11-14,Falcon Airways,Kochi,Jaipur,Economy,193,132,915,30901.14,156,173,2,On Time
FLT-11278,2024-11-15,Falcon Airways,Jaipur,Mumbai,Economy,96,153,1667,42377.67,115,184,2,Cancelled
FLT-11360,2024-11-15,SkyJet,Bengaluru,Delhi,Economy,180,43,2478,30162.57,196,159,5,On Time
FLT-11440,2024-11-15,Falcon Airways,Kolkata,Lucknow,Economy,89,59,557,9385.08,85,211,3,On Time
FLT-12564,2024-11-15,IndiGo Air,Bengaluru,Delhi,Economy,138,50,802,32403.9,162,232,5,On Time
FLT-10086,2024-11-15,Coastal Air,Bengaluru,Jaipur,Economy,134,3,539,44306.37,211,228,4,On Time
FLT-11898,2024-11-15,Coastal Air,Kolkata,Delhi,Economy,180,177,217,33449.06,122,245,3,Delayed
FLT-9426,2024-11-15,BlueWing,Delhi,Mumbai,Economy,104,153,2033,7333.11,77,241,5,On Time
FLT-11494,2024-11-15,IndiGo Air,Kochi,Jaipur,Economy,213,170,1125,9409.79,128,246,1,Delayed
FLT-11585,2024-11-15,IndiGo Air,Mumbai,Goa,Economy,69,101,1491,20292.36,122,206,4,Cancelled
FLT-12991,2024-11-15,Air Bharat,Kochi,Lucknow,Economy,171,133,1131,5829.91,141,211,2,On Time
FLT-12134,2024-11-15,SkyJet,Jaipur,Goa,Premium Economy,97,3,2041,35841.97,158,215,3,On Time
FLT-12456,2024-11-15,IndiGo Air,Lucknow,Kolkata,Economy,91,174,1539,9317.1,151,157,1,On Time
FLT-12435,2024-11-16,Falcon Airways,Delhi,Goa,Economy,82,174,1981,3030.01,146,244,3,On Time
FLT-12905,2024-11-16,SkyJet,Kolkata,Lucknow,Economy,122,80,399,37143.6,173,216,4,On Time
FLT-11335,2024-11-16,Coastal Air,Delhi,Chennai,Economy,92,146,1376,5983.47,70,171,5,Delayed
FLT-12346,2024-11-16,Falcon Airways,Mumbai,Kolkata,Economy,112,76,711,8218.81,157,209,4,On Time
FLT-12462,2024-11-16,SkyJet,Jaipur,Kolkata,Economy,147,91,787,16299.41,152,152,2,On Time
FLT-9398,2024-11-16,Falcon Airways,Hyderabad,Bengaluru,Premium Economy,201,15,1506,7604.99,203,207,1,On Time
FLT-10356,2024-11-16,Air Bharat,Goa,Bengaluru,Economy,219,119,1183,15135.49,90,175,5,Delayed
FLT-9812,2024-11-16,Coastal Air,Kolkata,Delhi,Economy,164,82,1956,24428.83,60,214,1,Cancelled
FLT-11935,2024-11-16,SkyJet,Delhi,Lucknow,Business,211,74,928,42543.54,219,208,3,On Time
FLT-10277,2024-11-16,BlueWing,Kochi,Jaipur,Economy,97,35,1222,7919.26,89,174,4,On Time
FLT-10404,2024-11-16,BlueWing,Delhi,Jaipur,Economy,63,150,705,36524.74,205,186,3,On Time
FLT-11865,2024-11-16,Air Bharat,Kolkata,Bengaluru,Economy,122,26,401,26464.28,162,210,4,On Time
FLT-10296,2024-11-16,IndiGo Air,Lucknow,Kochi,Business,56,173,2125,39770.42,69,221,1,On Time
FLT-10234,2024-11-16,IndiGo Air,Goa,Hyderabad,Business,119,124,602,15102.59,83,230,5,Delayed
FLT-10740,2024-11-16,SkyJet,Goa,Bengaluru,Business,145,58,538,4712.6,59,233,2,Delayed
FLT-9698,2024-11-17,Air Bharat,Lucknow,Delhi,Economy,225,70,290,25645.62,74,216,5,On Time
FLT-10969,2024-11-17,Air Bharat,Goa,Jaipur,Economy,157,129,1933,36573.96,131,232,1,Delayed
FLT-11353,2024-11-17,BlueWing,Chennai,Lucknow,Economy,112,96,1607,14929.06,204,160,2,On Time
FLT-9250,2024-11-17,Air Bharat,Bengaluru,Goa,Business,77,49,1560,24205.32,145,210,1,On Time
FLT-12455,2024-11-17,Coastal Air,Mumbai,Kolkata,Economy,129,75,936,41159.93,159,188,4,On Time
FLT-11161,2024-11-17,SkyJet,Hyderabad,Chennai,Economy,155,137,1383,28880.19,153,176,1,Delayed
FLT-10056,2024-11-17,BlueWing,Jaipur,Kochi,Economy,80,14,915,23974.63,186,164,2,On Time
FLT-9601,2024-11-17,SkyJet,Kolkata,Kochi,Premium Economy,211,67,452,21844.51,64,154,1,Delayed
FLT-9729,2024-11-17,Falcon Airways,Chennai,Lucknow,Premium Economy,136,47,1803,41495.88,132,223,1,Delayed
FLT-9299,2024-11-17,IndiGo Air,Jaipur,Lucknow,Economy,64,95,2287,22018.15,130,181,5,Delayed
FLT-11340,2024-11-17,SkyJet,Kochi,Lucknow,Economy,180,155,1245,40326.15,76,153,4,Delayed
FLT-12741,2024-11-17,BlueWing,Delhi,Goa,Business,188,73,1128,26913.23,137,196,2,Delayed
FLT-10666,2024-11-17,Falcon Airways,Chennai,Hyderabad,Business,136,177,1692,19682.22,153,218,3,On Time
FLT-10645,2024-11-18,Coastal Air,Kolkata,Chennai,Premium Economy,107,127,468,36910.7,177,165,3,On Time
FLT-9053,2024-11-18,Falcon Airways,Hyderabad,Goa,Business,86,1,975,24944.52,166,214,1,On Time
FLT-11039,2024-11-18,Coastal Air,Bengaluru,Goa,Economy,130,1,670,3709.03,183,164,4,On Time
FLT-10602,2024-11-18,Air Bharat,Hyderabad,Mumbai,Business,64,61,554,44867.98,130,169,2,Delayed
FLT-10105,2024-11-18,BlueWing,Mumbai,Kochi,Economy,216,178,1542,17371.7,66,242,2,Delayed
FLT-11467,2024-11-18,IndiGo Air,Jaipur,Bengaluru,Economy,180,14,1176,22392.4,162,219,2,Delayed
FLT-12194,2024-11-18,BlueWing,Jaipur,Kolkata,Business,208,21,628,9136.85,149,237,1,On Time
FLT-12268,2024-11-18,Air Bharat,Kochi,Jaipur,Economy,56,86,1323,14407.75,108,159,5,On Time
FLT-12333,2024-11-18,Falcon Airways,Kolkata,Chennai,Premium Economy,179,157,414,29632.42,81,188,1,On Time
FLT-12354,2024-11-18,IndiGo Air,Bengaluru,Jaipur,Economy,168,28,1089,27614.73,161,182,3,On Time
FLT-10661,2024-11-18,Air Bharat,Jaipur,Hyderabad,Premium Economy,120,33,2429,10913.47,160,177,5,On Time
FLT-9797,2024-11-18,Coastal Air,Jaipur,Lucknow,Economy,125,152,652,7109.58,81,184,5,Delayed
FLT-9536,2024-11-19,Air Bharat,Jaipur,Goa,Premium Economy,158,20,2275,6044.29,61,188,2,On Time
FLT-9553,2024-11-19,SkyJet,Kochi,Hyderabad,Business,111,158,399,40117.92,211,217,2,On Time
FLT-11131,2024-11-19,BlueWing,Jaipur,Kolkata,Business,123,156,1223,34569.88,198,158,1,On Time
FLT-12533,2024-11-19,IndiGo Air,Kolkata,Hyderabad,Premium Economy,101,69,701,43014.62,55,166,1,On Time
FLT-10611,2024-11-19,SkyJet,Kochi,Mumbai,Premium Economy,121,171,750,36155.65,192,204,5,On Time
FLT-10028,2024-11-19,Air Bharat,Lucknow,Goa,Economy,234,6,2360,5539.75,157,160,4,Delayed
FLT-11553,2024-11-19,BlueWing,Mumbai,Delhi,Premium Economy,182,71,671,10248.57,209,227,4,Delayed
FLT-10463,2024-11-19,SkyJet,Kolkata,Mumbai,Economy,133,16,1078,12359.08,179,242,1,Delayed
FLT-9073,2024-11-19,IndiGo Air,Mumbai,Hyderabad,Economy,131,31,1979,8306.58,139,198,3,On Time
FLT-12392,2024-11-19,BlueWing,Kolkata,Chennai,Business,187,168,452,39282.6,104,241,3,On Time
FLT-12922,2024-11-20,Air Bharat,Goa,Hyderabad,Economy,164,114,996,3647.25,101,160,4,On Time
FLT-11788,2024-11-20,SkyJet,Kochi,Jaipur,Premium Economy,174,108,1645,20744.53,197,161,2,Delayed
FLT-12612,2024-11-20,Coastal Air,Chennai,Mumbai,Premium Economy,208,112,1143,28928.53,204,178,3,Cancelled
FLT-10757,2024-11-20,Coastal Air,Chennai,Mumbai,Economy,227,9,2003,23377.0,164,233,4,On Time
FLT-10144,2024-11-20,IndiGo Air,Hyderabad,Mumbai,Premium Economy,167,27,2315,38210.05,178,184,5,Delayed
FLT-11824,2024-11-20,Coastal Air,Hyderabad,Lucknow,Business,235,111,1662,37537.22,133,151,2,Delayed
FLT-12603,2024-11-20,SkyJet,Kochi,Mumbai,Business,76,81,728,9626.91,64,156,2,Delayed
FLT-10420,2024-11-20,BlueWing,Chennai,Lucknow,Economy,143,155,562,6401.14,116,230,5,Delayed
FLT-10075,2024-11-20,IndiGo Air,Delhi,Hyderabad,Economy,174,107,1349,29215.63,153,237,4,On Time
FLT-9079,2024-11-20,IndiGo Air,Jaipur,Bengaluru,Business,181,172,227,14405.46,139,199,5,Delayed
FLT-9322,2024-11-21,Falcon Airways,Jaipur,Mumbai,Premium Economy,234,155,359,41479.4,166,154,1,Delayed
FLT-11520,2024-11-21,IndiGo Air,Delhi,Kolkata,Premium Economy,49,92,2308,30826.58,91,229,3,Delayed
FLT-10650,2024-11-21,Air Bharat,Mumbai,Goa,Economy,190,110,749,40307.5,169,227,3,On Time
FLT-11433,2024-11-21,Coastal Air,Jaipur,Hyderabad,Economy,134,35,1556,7521.01,50,237,2,On Time
FLT-11804,2024-11-22,Air Bharat,Mumbai,Bengaluru,Economy,181,166,484,39330.15,53,189,3,On Time
FLT-11369,2024-11-22,Air Bharat,Kolkata,Goa,Business,110,62,1145,4017.46,81,161,5,On Time
FLT-9350,2024-11-22,SkyJet,Jaipur,Bengaluru,Economy,179,98,742,13363.55,76,232,1,Delayed
FLT-10532,2024-11-22,Falcon Airways,Hyderabad,Bengaluru,Economy,204,23,1683,15718.19,210,236,1,On Time
FLT-10727,2024-11-22,SkyJet,Chennai,Lucknow,Business,55,34,516,31019.43,117,187,4,On Time
FLT-9405,2024-11-22,Air Bharat,Kochi,Bengaluru,Economy,91,175,1329,29278.14,215,175,5,Delayed
FLT-11324,2024-11-22,BlueWing,Kolkata,Jaipur,Premium Economy,222,87,267,24538.47,110,164,2,On Time
FLT-9568,2024-11-22,IndiGo Air,Bengaluru,Jaipur,Business,79,152,779,41736.05,136,165,2,On Time
FLT-12050,2024-11-22,SkyJet,Chennai,Hyderabad,Economy,219,161,606,22646.4,148,185,3,Delayed
FLT-9403,2024-11-23,IndiGo Air,Bengaluru,Delhi,Economy,107,167,623,29231.96,50,176,5,Delayed
FLT-11932,2024-11-23,IndiGo Air,Hyderabad,Chennai,Economy,193,175,1890,38606.76,52,231,4,On Time
FLT-11644,2024-11-23,BlueWing,Goa,Hyderabad,Economy,61,61,2344,16014.45,102,184,2,Delayed
FLT-10823,2024-11-23,BlueWing,Chennai,Bengaluru,Business,76,10,2376,27650.08,78,235,2,On Time
FLT-10615,2024-11-23,BlueWing,Bengaluru,Mumbai,Economy,122,25,504,17138.7,171,170,5,On Time
FLT-10769,2024-11-23,Air Bharat,Hyderabad,Chennai,Premium Economy,112,126,2112,23244.27,214,201,4,On Time
FLT-10469,2024-11-23,SkyJet,Jaipur,Delhi,Economy,217,61,395,39898.58,72,202,5,Delayed
FLT-9838,2024-11-23,SkyJet,Kolkata,Mumbai,Economy,206,42,1446,8759.15,193,201,1,On Time
FLT-10847,2024-11-23,Coastal Air,Kochi,Bengaluru,Economy,87,85,1000,17267.22,95,203,1,On Time
FLT-10744,2024-11-23,Coastal Air,Goa,Bengaluru,Economy,55,7,1494,36478.28,148,182,4,On Time
FLT-12532,2024-11-23,SkyJet,Jaipur,Kolkata,Economy,53,55,317,6370.75,169,210,2,Delayed
FLT-12089,2024-11-23,IndiGo Air,Kolkata,Jaipur,Economy,175,163,368,40575.02,159,169,3,On Time
FLT-11165,2024-11-23,Coastal Air,Mumbai,Kochi,Economy,170,111,1486,10206.01,142,239,4,On Time
FLT-10525,2024-11-24,BlueWing,Delhi,Hyderabad,Premium Economy,218,175,1512,3494.69,125,175,4,On Time
FLT-9259,2024-11-24,SkyJet,Hyderabad,Kochi,Economy,203,8,1346,5455.64,98,173,5,On Time
FLT-10112,2024-11-24,Coastal Air,Jaipur,Goa,Economy,227,37,203,3293.61,128,174,4,On Time
FLT-9017,2024-11-24,SkyJet,Lucknow,Bengaluru,Economy,210,18,960,43830.31,165,245,5,On Time
FLT-10745,2024-11-24,BlueWing,Jaipur,Kolkata,Economy,191,47,834,29778.41,95,150,2,On Time
FLT-9672,2024-11-24,BlueWing,Goa,Delhi,Economy,104,45,263,32758.4,57,232,3,Delayed
FLT-9044,2024-11-24,Coastal Air,Mumbai,Kochi,Economy,102,104,1057,44931.97,77,205,2,On Time
FLT-12165,2024-11-24,Coastal Air,Lucknow,Delhi,Economy,154,123,2439,5857.86,178,219,5,On Time
FLT-10276,2024-11-24,Air Bharat,Jaipur,Kochi,Premium Economy,203,66,701,29081.59,154,196,5,On Time
FLT-10464,2024-11-24,BlueWing,Delhi,Lucknow,Economy,193,162,316,18443.66,154,208,5,Delayed
FLT-12154,2024-11-24,SkyJet,Kochi,Kolkata,Premium Economy,50,150,718,15642.34,92,204,4,On Time
FLT-11148,2024-11-24,Coastal Air,Chennai,Kochi,Economy,173,45,2192,32161.86,144,152,2,On Time
FLT-11153,2024-11-24,SkyJet,Bengaluru,Mumbai,Economy,175,64,800,28907.81,105,216,1,On Time
FLT-10518,2024-11-25,SkyJet,Goa,Chennai,Economy,206,129,1945,10224.4,201,221,4,Delayed
FLT-9260,2024-11-25,BlueWing,Kolkata,Lucknow,Premium Economy,192,107,946,32955.37,91,227,4,Delayed
FLT-9384,2024-11-25,BlueWing,Kochi,Lucknow,Business,104,109,1381,39866.8,188,220,5,Delayed
FLT-9287,2024-11-25,IndiGo Air,Mumbai,Chennai,Business,96,176,458,7862.58,53,187,1,On Time
FLT-10188,2024-11-25,IndiGo Air,Mumbai,Hyderabad,Economy,126,13,1060,42751.24,179,182,5,On Time
FLT-12494,2024-11-25,IndiGo Air,Bengaluru,Mumbai,Business,70,5,412,27574.42,201,217,5,On Time
FLT-12181,2024-11-25,BlueWing,Bengaluru,Hyderabad,Economy,138,13,1238,24070.27,132,200,2,Cancelled
FLT-12888,2024-11-25,Air Bharat,Goa,Lucknow,Economy,195,31,358,35104.86,67,229,1,On Time
FLT-9929,2024-11-25,BlueWing,Mumbai,Delhi,Premium Economy,70,95,2003,3521.95,66,191,5,On Time
FLT-11711,2024-11-25,SkyJet,Delhi,Chennai,Economy,73,105,1843,42283.15,52,230,2,Delayed
FLT-10430,2024-11-25,Air Bharat,Goa,Kolkata,Business,75,103,374,13507.47,92,228,4,On Time
FLT-12513,2024-11-25,Falcon Airways,Kolkata,Kochi,Economy,62,51,1980,37158.77,123,241,1,Cancelled
FLT-10851,2024-11-26,Air Bharat,Hyderabad,Mumbai,Business,153,32,1691,23399.51,121,162,4,On Time
FLT-12084,2024-11-26,IndiGo Air,Kochi,Mumbai,Economy,95,133,1313,17963.19,131,232,3,On Time
FLT-11121,2024-11-26,SkyJet,Kolkata,Jaipur,Business,112,123,688,43688.73,167,233,2,On Time
FLT-11687,2024-11-26,Air Bharat,Chennai,Kochi,Economy,104,24,1418,11672.61,85,199,1,On Time
FLT-12536,2024-11-26,Coastal Air,Hyderabad,Mumbai,Business,189,86,1944,23404.02,179,150,3,On Time
FLT-11429,2024-11-26,BlueWing,Mumbai,Kochi,Economy,201,124,398,17753.66,185,154,4,On Time
FLT-11251,2024-11-26,Falcon Airways,Bengaluru,Kolkata,Premium Economy,197,134,1595,20964.35,90,199,2,On Time
FLT-11607,2024-11-26,Falcon Airways,Kolkata,Mumbai,Economy,203,122,603,26862.75,63,222,4,On Time
FLT-10372,2024-11-26,IndiGo Air,Chennai,Delhi,Economy,148,48,1380,36393.39,213,174,3,On Time
FLT-9529,2024-11-26,IndiGo Air,Chennai,Jaipur,Economy,239,0,1419,8207.2,206,198,5,Delayed
FLT-11260,2024-11-26,Falcon Airways,Lucknow,Chennai,Economy,158,94,904,24649.75,195,245,3,On Time
FLT-9522,2024-11-26,Falcon Airways,Hyderabad,Bengaluru,Economy,228,14,156,19409.77,197,239,5,On Time
FLT-12260,2024-11-27,IndiGo Air,Hyderabad,Bengaluru,Economy,109,21,1177,15105.99,106,199,2,On Time
FLT-9635,2024-11-27,SkyJet,Chennai,Mumbai,Economy,188,157,568,34637.85,79,168,4,On Time
FLT-12262,2024-11-27,IndiGo Air,Lucknow,Kochi,Economy,238,80,1028,16704.74,215,208,5,On Time
FLT-11526,2024-11-27,BlueWing,Kolkata,Goa,Economy,191,70,2418,32463.86,157,202,1,On Time
FLT-12608,2024-11-27,Falcon Airways,Mumbai,Goa,Economy,212,18,2313,17035.15,85,180,4,On Time
FLT-10850,2024-11-27,Coastal Air,Jaipur,Goa,Economy,113,162,2265,9047.91,207,192,4,Delayed
FLT-10829,2024-11-27,IndiGo Air,Jaipur,Hyderabad,Economy,137,51,1786,37484.44,98,208,2,Delayed
FLT-10447,2024-11-28,IndiGo Air,Kochi,Bengaluru,Economy,58,142,699,14819.35,61,224,5,On Time
FLT-11478,2024-11-28,IndiGo Air,Jaipur,Goa,Economy,110,134,1332,24864.77,127,200,3,On Time
FLT-12517,2024-11-28,Air Bharat,Kolkata,Chennai,Premium Economy,104,98,1519,22167.86,91,244,3,On Time
FLT-9472,2024-11-28,Air Bharat,Hyderabad,Lucknow,Premium Economy,131,19,1623,6888.27,134,169,1,Delayed
FLT-9593,2024-11-28,Coastal Air,Chennai,Jaipur,Economy,108,12,396,43022.46,69,239,4,Delayed
FLT-11469,2024-11-28,BlueWing,Bengaluru,Mumbai,Premium Economy,50,162,2166,30910.4,82,247,5,On Time
FLT-12086,2024-11-28,Air Bharat,Bengaluru,Lucknow,Economy,107,68,607,10425.62,54,200,4,Delayed
FLT-10917,2024-11-28,Coastal Air,Kolkata,Chennai,Economy,202,97,456,7407.56,157,168,2,Delayed
FLT-10084,2024-11-28,BlueWing,Goa,Kochi,Premium Economy,190,38,2488,9931.83,185,198,5,Delayed
FLT-11766,2024-11-28,BlueWing,Jaipur,Lucknow,Economy,72,99,585,44716.28,150,224,3,Delayed
FLT-11403,2024-11-28,Air Bharat,Lucknow,Chennai,Premium Economy,62,31,1212,31725.37,139,160,3,On Time
FLT-12796,2024-11-28,IndiGo Air,Lucknow,Mumbai,Premium Economy,177,177,1554,34786.24,197,156,2,On Time
FLT-10280,2024-11-28,Air Bharat,Goa,Delhi,Economy,109,123,1414,12442.43,110,234,3,On Time
FLT-10543,2024-11-28,Coastal Air,Jaipur,Goa,Business,127,26,1979,24657.17,111,201,2,On Time
FLT-11896,2024-11-29,SkyJet,Mumbai,Kolkata,Economy,72,160,1595,4340.72,203,228,1,On Time
FLT-12069,2024-11-29,Coastal Air,Delhi,Bengaluru,Economy,65,101,430,10251.54,126,197,1,On Time
FLT-12253,2024-11-29,SkyJet,Hyderabad,Goa,Economy,129,69,2411,42458.37,56,202,2,On Time
FLT-12861,2024-11-29,BlueWing,Chennai,Kochi,Economy,97,4,379,6265.43,177,160,4,On Time
FLT-11248,2024-11-29,BlueWing,Kolkata,Delhi,Economy,143,115,2207,35473.66,73,207,4,On Time
FLT-11743,2024-11-29,BlueWing,Lucknow,Goa,Economy,66,83,560,5438.89,127,219,4,Delayed
FLT-12937,2024-11-29,Coastal Air,Bengaluru,Goa,Economy,230,77,1377,6173.01,80,169,5,Delayed
FLT-12490,2024-11-29,Falcon Airways,Chennai,Kolkata,Economy,132,108,324,14455.13,142,195,5,On Time
FLT-12041,2024-11-29,BlueWing,Jaipur,Kolkata,Economy,198,71,355,39128.53,52,161,4,On Time
FLT-10184,2024-11-29,Coastal Air,Mumbai,Kochi,Premium Economy,206,85,1414,7281.92,98,190,2,Delayed
FLT-11410,2024-11-29,Falcon Airways,Hyderabad,Bengaluru,Economy,189,1,1277,40453.87,148,227,2,On Time
FLT-10660,2024-11-30,IndiGo Air,Jaipur,Kolkata,Economy,127,52,1217,10858.57,200,223,1,Delayed
FLT-12763,2024-11-30,SkyJet,Bengaluru,Delhi,Economy,225,162,1190,26596.43,219,156,3,On Time
FLT-10013,2024-11-30,IndiGo Air,Chennai,Kolkata,Economy,154,112,1312,14664.06,172,167,1,Cancelled
FLT-9295,2024-11-30,IndiGo Air,Hyderabad,Goa,Premium Economy,154,42,1258,7388.24,72,208,4,On Time
FLT-11230,2024-11-30,Air Bharat,Bengaluru,Jaipur,Economy,152,20,1122,21084.56,59,161,4,On Time
FLT-12302,2024-11-30,Coastal Air,Lucknow,Goa,Business,144,156,1993,18062.99,199,221,1,On Time
FLT-10223,2024-11-30,BlueWing,Kochi,Hyderabad,Economy,99,94,1195,23110.65,51,193,5,On Time
FLT-12934,2024-11-30,Coastal Air,Jaipur,Hyderabad,Economy,217,179,854,44558.91,197,244,2,Delayed
FLT-10422,2024-11-30,Air Bharat,Goa,Bengaluru,Economy,93,165,2349,33709.76,169,185,5,Delayed
FLT-10857,2024-11-30,SkyJet,Lucknow,Delhi,Economy,94,118,425,12534.97,64,197,2,On Time
FLT-9992,2024-11-30,BlueWing,Chennai,Kochi,Economy,86,123,1808,11597.1,161,191,4,On Time
FLT-9229,2024-11-30,SkyJet,Hyderabad,Delhi,Economy,215,72,557,4152.83,88,230,4,On Time
FLT-11164,2024-11-30,Coastal Air,Hyderabad,Delhi,Economy,119,8,380,29506.04,129,174,3,On Time
FLT-9382,2024-12-01,IndiGo Air,Lucknow,Chennai,Economy,153,172,1479,42540.79,72,215,3,Delayed
FLT-11610,2024-12-01,Coastal Air,Kolkata,Chennai,Economy,95,5,1412,25690.36,83,221,5,Delayed
FLT-11894,2024-12-01,IndiGo Air,Bengaluru,Jaipur,Economy,212,153,1988,17984.62,113,180,4,On Time
FLT-10161,2024-12-01,Air Bharat,Goa,Mumbai,Premium Economy,135,19,165,16117.32,189,161,4,Delayed
FLT-9205,2024-12-01,BlueWing,Kolkata,Hyderabad,Economy,75,132,2192,18074.43,122,223,5,On Time
FLT-9389,2024-12-01,SkyJet,Hyderabad,Mumbai,Premium Economy,55,58,405,35343.29,134,166,3,Delayed
FLT-12989,2024-12-01,Falcon Airways,Goa,Jaipur,Premium Economy,151,4,2277,9731.48,79,227,5,On Time
FLT-10881,2024-12-01,SkyJet,Kochi,Delhi,Economy,173,147,617,37102.04,177,233,4,Cancelled
FLT-10182,2024-12-01,SkyJet,Kochi,Mumbai,Economy,182,120,1052,25725.33,137,173,1,Delayed
FLT-9185,2024-12-01,IndiGo Air,Jaipur,Delhi,Economy,195,112,354,7482.45,178,189,5,On Time
FLT-12186,2024-12-01,Coastal Air,Bengaluru,Mumbai,Economy,144,29,520,21897.64,56,174,3,Delayed
FLT-12288,2024-12-01,IndiGo Air,Mumbai,Chennai,Economy,177,64,1962,29617.23,198,186,2,On Time
FLT-9492,2024-12-02,SkyJet,Lucknow,Kolkata,Economy,229,89,1246,21266.61,50,151,1,On Time
FLT-12848,2024-12-02,Air Bharat,Delhi,Lucknow,Business,125,12,1178,19395.56,187,161,5,On Time
FLT-10207,2024-12-02,Air Bharat,Goa,Lucknow,Economy,168,11,1400,17152.42,100,229,1,On Time
FLT-10838,2024-12-02,Air Bharat,Bengaluru,Delhi,Economy,129,138,2395,38430.07,98,228,2,On Time
FLT-11128,2024-12-02,Falcon Airways,Kolkata,Chennai,Economy,115,105,1989,26281.49,198,215,1,On Time
FLT-11083,2024-12-02,Falcon Airways,Mumbai,Lucknow,Economy,117,15,1046,43867.77,197,225,1,On Time
FLT-10385,2024-12-02,BlueWing,Mumbai,Goa,Premium Economy,237,14,201,26134.74,103,208,2,On Time
FLT-12542,2024-12-02,Falcon Airways,Hyderabad,Bengaluru,Premium Economy,178,36,311,4919.59,87,156,3,Delayed
FLT-12815,2024-12-03,Coastal Air,Goa,Bengaluru,Economy,193,138,1102,44151.6,71,224,5,On Time
FLT-12843,2024-12-03,IndiGo Air,Mumbai,Delhi,Economy,158,75,851,43540.08,58,206,2,On Time
FLT-11338,2024-12-03,IndiGo Air,Kochi,Jaipur,Economy,198,40,1128,39822.54,102,189,2,On Time
FLT-9115,2024-12-03,Air Bharat,Kolkata,Kochi,Premium Economy,69,68,492,31325.8,140,205,2,On Time
FLT-9065,2024-12-03,Falcon Airways,Lucknow,Goa,Economy,88,141,473,9441.3,187,233,4,On Time
FLT-9556,2024-12-03,IndiGo Air,Kochi,Goa,Economy,154,76,1809,14435.62,100,240,2,On Time
FLT-11130,2024-12-03,BlueWing,Lucknow,Bengaluru,Economy,219,156,2303,15587.13,196,239,4,Delayed
FLT-11611,2024-12-03,SkyJet,Jaipur,Lucknow,Premium Economy,172,55,1764,16999.68,133,179,1,On Time
FLT-12667,2024-12-03,IndiGo Air,Kochi,Hyderabad,Economy,225,177,2172,39474.35,81,199,3,Delayed
FLT-9089,2024-12-03,Air Bharat,Chennai,Lucknow,Premium Economy,75,65,1636,33920.19,138,156,3,On Time
FLT-11752,2024-12-03,BlueWing,Mumbai,Hyderabad,Economy,202,126,1222,32999.79,139,244,4,On Time
FLT-10451,2024-12-03,Falcon Airways,Goa,Kolkata,Economy,237,119,1873,41212.69,55,152,4,On Time
FLT-9649,2024-12-04,BlueWing,Lucknow,Bengaluru,Economy,179,140,1627,39064.51,143,213,4,Delayed
FLT-11059,2024-12-04,Falcon Airways,Goa,Chennai,Premium Economy,197,86,2222,14677.46,119,221,1,On Time
FLT-10799,2024-12-04,Falcon Airways,Kolkata,Lucknow,Economy,205,114,332,20950.67,188,152,5,On Time
FLT-12647,2024-12-04,BlueWing,Goa,Lucknow,Economy,161,49,2390,35091.98,205,203,1,Delayed
FLT-9772,2024-12-04,IndiGo Air,Kolkata,Mumbai,Economy,124,36,568,44354.28,75,179,2,Delayed
FLT-9514,2024-12-04,Falcon Airways,Bengaluru,Lucknow,Premium Economy,201,55,1311,25154.86,57,217,4,Delayed
FLT-10314,2024-12-04,Falcon Airways,Goa,Chennai,Business,153,172,2446,4348.88,197,233,2,On Time
FLT-11679,2024-12-04,Coastal Air,Kolkata,Goa,Economy,202,165,368,10871.2,57,155,2,On Time
FLT-11649,2024-12-04,BlueWing,Kochi,Hyderabad,Economy,60,109,683,26358.66,113,189,5,On Time
FLT-9573,2024-12-04,SkyJet,Kochi,Bengaluru,Economy,199,66,2041,12241.17,206,194,5,On Time
FLT-9420,2024-12-04,SkyJet,Lucknow,Kolkata,Business,57,27,552,3462.22,56,176,2,On Time
FLT-9225,2024-12-05,Falcon Airways,Lucknow,Kolkata,Premium Economy,124,91,1465,6192.98,120,189,5,On Time
FLT-10298,2024-12-05,BlueWing,Kochi,Delhi,Economy,168,169,1726,32433.86,158,156,2,Delayed
FLT-10771,2024-12-05,Coastal Air,Bengaluru,Chennai,Economy,229,14,756,21388.16,165,166,2,On Time
FLT-12582,2024-12-05,SkyJet,Kochi,Bengaluru,Economy,136,59,1168,40370.25,86,170,3,On Time
FLT-11175,2024-12-05,Air Bharat,Bengaluru,Mumbai,Economy,230,27,2456,23615.05,80,226,5,On Time
FLT-10329,2024-12-05,Coastal Air,Chennai,Hyderabad,Economy,236,94,2115,23184.66,73,203,5,Cancelled
FLT-12611,2024-12-05,Air Bharat,Goa,Hyderabad,Economy,227,0,2443,7782.09,106,171,3,On Time
FLT-9036,2024-12-05,IndiGo Air,Hyderabad,Bengaluru,Economy,199,23,866,19180.74,203,217,2,On Time
FLT-11228,2024-12-05,Coastal Air,Jaipur,Mumbai,Premium Economy,92,10,2211,35047.02,86,176,4,Delayed
FLT-11556,2024-12-05,SkyJet,Jaipur,Goa,Economy,236,168,779,26593.73,138,221,5,On Time
FLT-12443,2024-12-05,IndiGo Air,Mumbai,Kochi,Premium Economy,179,37,2095,26129.89,217,238,1,On Time
FLT-12699,2024-12-05,IndiGo Air,Kolkata,Kochi,Economy,48,17,814,10029.3,186,167,2,On Time
FLT-10366,2024-12-05,IndiGo Air,Jaipur,Mumbai,Economy,119,76,1825,37094.62,194,158,5,On Time
FLT-11372,2024-12-05,IndiGo Air,Goa,Bengaluru,Economy,186,112,1249,17253.3,197,219,5,On Time
FLT-12447,2024-12-06,BlueWing,Kochi,Chennai,Premium Economy,116,0,2465,31649.62,121,202,1,On Time
FLT-11976,2024-12-06,Air Bharat,Jaipur,Goa,Economy,238,64,683,37467.42,211,245,3,Delayed
FLT-9128,2024-12-06,SkyJet,Kolkata,Lucknow,Business,95,83,914,41457.84,124,246,5,On Time
FLT-12511,2024-12-06,Coastal Air,Bengaluru,Kochi,Premium Economy,207,167,2465,13398.41,179,188,2,On Time
FLT-12537,2024-12-06,BlueWing,Bengaluru,Kochi,Economy,220,3,556,6680.1,94,160,3,Delayed
FLT-11383,2024-12-06,SkyJet,Kolkata,Lucknow,Economy,132,154,911,35015.38,65,184,5,Delayed
FLT-12190,2024-12-06,BlueWing,Jaipur,Lucknow,Economy,190,43,1644,25303.51,161,162,1,Cancelled
FLT-10470,2024-12-06,Falcon Airways,Goa,Hyderabad,Business,52,101,2146,3461.72,196,157,4,Delayed
FLT-12670,2024-12-06,Coastal Air,Kolkata,Lucknow,Economy,85,167,600,14506.74,116,215,1,On Time
FLT-9419,2024-12-06,Falcon Airways,Kolkata,Goa,Premium Economy,63,85,238,37304.86,182,196,2,On Time
FLT-12116,2024-12-06,Coastal Air,Kolkata,Bengaluru,Premium Economy,47,32,1765,35511.13,158,181,3,On Time
FLT-11384,2024-12-07,Coastal Air,Chennai,Mumbai,Premium Economy,59,158,2313,29747.68,116,211,3,On Time
FLT-12563,2024-12-07,Air Bharat,Goa,Bengaluru,Business,115,157,823,16009.7,118,236,4,Delayed
FLT-10808,2024-12-07,BlueWing,Lucknow,Hyderabad,Economy,200,42,172,10465.49,86,221,2,On Time
FLT-10331,2024-12-07,Air Bharat,Bengaluru,Goa,Economy,211,163,2163,21523.46,202,197,1,On Time
FLT-12297,2024-12-07,IndiGo Air,Lucknow,Kolkata,Economy,239,99,956,9467.05,141,165,2,On Time
FLT-10242,2024-12-07,BlueWing,Lucknow,Hyderabad,Economy,221,75,1290,28030.34,80,201,3,On Time
FLT-9173,2024-12-08,SkyJet,Chennai,Jaipur,Economy,164,20,2180,34080.18,111,235,4,On Time
FLT-12426,2024-12-08,Falcon Airways,Bengaluru,Goa,Premium Economy,65,111,386,28570.83,53,222,4,On Time
FLT-9020,2024-12-08,SkyJet,Kolkata,Hyderabad,Premium Economy,162,114,487,37752.87,189,197,5,Delayed
FLT-12896,2024-12-08,Falcon Airways,Bengaluru,Delhi,Economy,100,129,1422,11091.48,57,205,5,On Time
FLT-10358,2024-12-08,SkyJet,Hyderabad,Kochi,Economy,130,92,1916,20277.45,180,167,3,Cancelled
FLT-11648,2024-12-08,Air Bharat,Lucknow,Bengaluru,Business,98,39,1373,22211.3,77,173,4,On Time
FLT-10649,2024-12-08,Coastal Air,Jaipur,Lucknow,Economy,203,61,2027,41043.73,190,189,3,Delayed
FLT-9968,2024-12-08,Falcon Airways,Kochi,Hyderabad,Premium Economy,111,99,862,37610.98,149,210,2,On Time
FLT-9983,2024-12-08,Coastal Air,Goa,Kochi,Economy,58,55,1653,37182.36,173,171,3,Delayed
FLT-9197,2024-12-08,IndiGo Air,Chennai,Lucknow,Premium Economy,151,89,470,11297.85,66,157,4,On Time
FLT-9247,2024-12-08,Air Bharat,Lucknow,Mumbai,Premium Economy,221,160,1112,34518.27,123,222,5,On Time
FLT-11856,2024-12-08,BlueWing,Mumbai,Chennai,Economy,112,24,1841,11268.14,122,249,3,On Time
FLT-11952,2024-12-08,Coastal Air,Chennai,Jaipur,Economy,51,175,549,40460.55,112,179,1,Delayed
FLT-12516,2024-12-08,BlueWing,Goa,Lucknow,Economy,171,102,984,31710.09,180,230,2,On Time
FLT-12499,2024-12-08,SkyJet,Kolkata,Delhi,Economy,207,117,294,20378.55,159,247,2,On Time
FLT-10908,2024-12-08,Falcon Airways,Kolkata,Mumbai,Premium Economy,173,14,471,35517.96,172,194,5,On Time
FLT-11893,2024-12-08,BlueWing,Kolkata,Delhi,Economy,140,152,1982,40108.25,194,226,5,Delayed
FLT-11244,2024-12-08,IndiGo Air,Delhi,Kolkata,Economy,211,116,2440,41439.31,219,229,3,On Time
FLT-11473,2024-12-09,Air Bharat,Goa,Chennai,Economy,238,65,1295,6024.54,207,161,2,On Time
FLT-10363,2024-12-09,Falcon Airways,Mumbai,Kolkata,Economy,176,2,2497,9317.36,194,165,4,On Time
FLT-12195,2024-12-09,BlueWing,Bengaluru,Chennai,Economy,127,138,1587,42629.41,133,179,4,On Time
FLT-11011,2024-12-09,IndiGo Air,Kolkata,Lucknow,Economy,64,128,774,17307.6,170,152,4,Delayed
FLT-10038,2024-12-09,Falcon Airways,Chennai,Lucknow,Economy,177,15,1325,36807.81,76,162,3,On Time
FLT-12613,2024-12-09,BlueWing,Mumbai,Lucknow,Economy,182,87,1004,5314.27,101,171,2,On Time
FLT-10262,2024-12-10,Coastal Air,Jaipur,Chennai,Economy,75,141,1426,26339.67,62,208,2,On Time
FLT-11179,2024-12-10,BlueWing,Hyderabad,Delhi,Business,107,138,488,6732.9,56,233,2,On Time
FLT-11972,2024-12-10,Air Bharat,Delhi,Mumbai,Economy,102,80,1801,13720.73,103,225,5,On Time
FLT-11488,2024-12-10,BlueWing,Lucknow,Delhi,Business,129,48,791,9584.5,57,161,4,On Time
FLT-11940,2024-12-10,BlueWing,Lucknow,Chennai,Economy,114,118,1954,4979.93,203,233,5,On Time
FLT-9707,2024-12-10,BlueWing,Bengaluru,Goa,Business,130,16,1895,43597.22,145,160,3,On Time
FLT-11820,2024-12-10,SkyJet,Hyderabad,Kochi,Economy,209,117,1224,22539.27,162,177,3,On Time
FLT-12271,2024-12-10,Air Bharat,Mumbai,Bengaluru,Premium Economy,141,132,2138,20831.78,85,170,5,Delayed
FLT-11822,2024-12-11,Air Bharat,Bengaluru,Chennai,Economy,228,44,1146,22781.87,89,188,5,Delayed
FLT-12967,2024-12-11,Falcon Airways,Kolkata,Mumbai,Economy,149,101,878,34219.98,197,177,2,On Time
FLT-10997,2024-12-11,Air Bharat,Goa,Mumbai,Economy,120,169,1567,5587.11,116,152,2,Delayed
FLT-10373,2024-12-11,Coastal Air,Hyderabad,Lucknow,Economy,186,47,542,34555.87,201,244,5,On Time
FLT-9057,2024-12-11,Air Bharat,Jaipur,Kochi,Premium Economy,74,24,2283,21096.99,217,247,2,On Time
FLT-10335,2024-12-11,IndiGo Air,Jaipur,Mumbai,Premium Economy,238,6,1509,42973.17,88,226,4,On Time
FLT-10882,2024-12-11,Coastal Air,Jaipur,Goa,Premium Economy,149,47,1222,9968.99,154,188,4,Delayed
FLT-10941,2024-12-11,BlueWing,Bengaluru,Chennai,Economy,87,33,1673,29097.89,83,248,2,On Time
FLT-9783,2024-12-11,Coastal Air,Delhi,Hyderabad,Economy,75,53,998,42454.2,93,172,3,On Time
FLT-11235,2024-12-11,Falcon Airways,Kolkata,Chennai,Economy,84,91,2048,39055.87,127,162,1,On Time
FLT-9858,2024-12-11,IndiGo Air,Kochi,Kolkata,Premium Economy,232,31,2107,43347.98,189,213,4,On Time
FLT-11213,2024-12-11,SkyJet,Lucknow,Kochi,Premium Economy,195,100,1401,40389.17,85,181,2,On Time
FLT-9506,2024-12-11,Air Bharat,Jaipur,Kochi,Economy,181,70,236,3501.82,105,160,4,Delayed
FLT-9328,2024-12-12,Air Bharat,Jaipur,Chennai,Economy,238,160,673,39248.72,162,194,4,Delayed
FLT-9497,2024-12-12,Falcon Airways,Hyderabad,Jaipur,Economy,160,20,822,14081.73,193,189,4,On Time
FLT-11354,2024-12-12,SkyJet,Kolkata,Kochi,Premium Economy,81,110,2127,30317.3,73,246,4,Delayed
FLT-10901,2024-12-12,BlueWing,Lucknow,Delhi,Economy,190,123,1070,38313.62,132,184,1,On Time
FLT-11422,2024-12-12,IndiGo Air,Jaipur,Goa,Economy,128,121,2295,41375.65,115,188,4,Delayed
FLT-12743,2024-12-12,Coastal Air,Chennai,Jaipur,Economy,56,47,1205,31419.73,50,204,1,On Time
FLT-10697,2024-12-12,Air Bharat,Kochi,Bengaluru,Premium Economy,176,2,1693,22338.92,139,230,4,On Time
FLT-10885,2024-12-13,SkyJet,Kochi,Chennai,Economy,98,179,1787,15009.68,57,183,2,On Time
FLT-12706,2024-12-13,BlueWing,Bengaluru,Chennai,Economy,126,112,215,32548.52,211,175,4,On Time
FLT-11872,2024-12-13,Coastal Air,Kochi,Lucknow,Economy,233,171,564,29354.99,198,160,3,On Time
FLT-10965,2024-12-13,Falcon Airways,Hyderabad,Delhi,Economy,201,152,473,15436.96,186,170,3,On Time
FLT-9619,2024-12-13,SkyJet,Kolkata,Bengaluru,Economy,60,173,1150,11869.31,52,238,4,On Time
FLT-9798,2024-12-14,BlueWing,Chennai,Kolkata,Economy,76,42,1014,24854.98,76,208,5,Delayed
FLT-10379,2024-12-14,SkyJet,Chennai,Kochi,Economy,111,160,535,33798.15,101,249,2,Delayed
FLT-12146,2024-12-14,Coastal Air,Bengaluru,Chennai,Business,72,96,1055,30741.69,110,192,1,Delayed
FLT-9849,2024-12-14,BlueWing,Lucknow,Bengaluru,Premium Economy,59,36,1412,18386.84,191,164,4,Delayed
FLT-11028,2024-12-14,Air Bharat,Kolkata,Mumbai,Economy,80,83,636,17608.17,148,164,4,On Time
FLT-11942,2024-12-14,IndiGo Air,Chennai,Lucknow,Premium Economy,135,84,397,27882.84,119,169,4,Delayed
FLT-9019,2024-12-14,IndiGo Air,Chennai,Lucknow,Business,89,128,2064,19158.27,153,214,1,On Time
FLT-11518,2024-12-14,Coastal Air,Kochi,Bengaluru,Business,114,125,1413,6289.75,85,214,2,On Time
FLT-10705,2024-12-14,Coastal Air,Hyderabad,Bengaluru,Economy,154,8,931,21462.02,89,211,5,On Time
FLT-9471,2024-12-14,Air Bharat,Chennai,Bengaluru,Business,70,99,300,7278.34,110,201,2,On Time
FLT-11595,2024-12-15,BlueWing,Lucknow,Kolkata,Premium Economy,217,165,1722,38096.63,82,202,1,On Time
FLT-11590,2024-12-15,Coastal Air,Jaipur,Delhi,Economy,137,58,893,17964.14,146,223,2,On Time
FLT-11888,2024-12-15,Air Bharat,Delhi,Kochi,Economy,61,137,1924,13902.15,83,198,3,On Time
FLT-10644,2024-12-15,IndiGo Air,Jaipur,Bengaluru,Premium Economy,62,168,231,29880.29,206,164,4,Delayed
FLT-11186,2024-12-15,Falcon Airways,Chennai,Kolkata,Economy,210,37,2118,23562.58,173,204,4,On Time
FLT-10124,2024-12-15,Air Bharat,Jaipur,Mumbai,Premium Economy,58,30,2071,41660.38,201,222,2,On Time
FLT-9731,2024-12-15,Air Bharat,Lucknow,Kolkata,Economy,190,14,557,18333.69,58,211,5,On Time
FLT-11659,2024-12-15,Air Bharat,Chennai,Goa,Economy,103,65,444,41318.0,188,197,3,On Time
FLT-12713,2024-12-15,IndiGo Air,Kochi,Delhi,Economy,57,135,1841,6639.2,77,241,2,Delayed
FLT-10948,2024-12-16,Coastal Air,Kolkata,Mumbai,Business,103,143,1621,44290.45,197,213,2,Cancelled
FLT-11406,2024-12-16,SkyJet,Kolkata,Jaipur,Economy,95,10,1982,33301.75,131,177,1,On Time
FLT-10323,2024-12-16,IndiGo Air,Jaipur,Mumbai,Economy,199,9,1059,14668.96,84,177,5,On Time
FLT-10216,2024-12-16,IndiGo Air,Bengaluru,Mumbai,Economy,59,84,355,16366.65,180,204,3,On Time
FLT-11191,2024-12-16,Coastal Air,Jaipur,Kolkata,Economy,161,9,1427,7497.36,114,196,5,Delayed
FLT-10682,2024-12-16,Coastal Air,Goa,Kochi,Economy,90,12,1367,25441.68,133,165,5,On Time
FLT-12868,2024-12-16,Coastal Air,Kochi,Bengaluru,Economy,144,43,394,33468.45,108,176,1,Delayed
FLT-9135,2024-12-17,SkyJet,Hyderabad,Kolkata,Economy,63,10,1986,41162.47,55,197,1,On Time
FLT-10815,2024-12-17,Falcon Airways,Jaipur,Lucknow,Business,66,10,460,37713.54,165,151,3,On Time
FLT-10884,2024-12-17,BlueWing,Mumbai,Goa,Business,182,143,1867,14219.74,200,227,2,On Time
FLT-12740,2024-12-17,Air Bharat,Kolkata,Lucknow,Business,107,138,2133,7535.79,190,221,3,On Time
FLT-12790,2024-12-17,IndiGo Air,Kochi,Chennai,Premium Economy,162,33,1556,7512.82,134,211,1,Delayed
FLT-11125,2024-12-17,Coastal Air,Jaipur,Mumbai,Economy,114,81,298,25891.57,132,211,5,Delayed
FLT-10832,2024-12-17,SkyJet,Hyderabad,Mumbai,Economy,220,65,943,17260.05,185,212,2,Delayed
FLT-10767,2024-12-17,IndiGo Air,Goa,Kolkata,Economy,63,113,153,25223.79,205,212,4,On Time
FLT-12662,2024-12-17,Air Bharat,Jaipur,Lucknow,Economy,78,88,1935,27957.77,81,163,4,On Time
FLT-11217,2024-12-17,Falcon Airways,Chennai,Lucknow,Business,85,59,761,35821.38,72,168,3,On Time
FLT-9985,2024-12-17,Falcon Airways,Kolkata,Chennai,Economy,161,119,1305,15024.14,213,217,3,On Time
FLT-9504,2024-12-17,Falcon Airways,Lucknow,Chennai,Economy,109,65,1333,29357.25,166,240,5,Delayed
FLT-10949,2024-12-17,IndiGo Air,Mumbai,Hyderabad,Business,206,150,370,39116.97,214,183,3,On Time
FLT-10754,2024-12-17,Coastal Air,Goa,Bengaluru,Economy,199,27,752,11896.48,146,209,1,On Time
FLT-10014,2024-12-17,Air Bharat,Jaipur,Mumbai,Economy,158,55,1788,11880.33,62,244,4,Cancelled
FLT-11630,2024-12-17,BlueWing,Hyderabad,Jaipur,Economy,79,80,442,33552.0,60,150,4,Delayed
FLT-10162,2024-12-17,Coastal Air,Kochi,Lucknow,Economy,195,22,2403,35440.66,134,199,4,On Time
FLT-11242,2024-12-18,BlueWing,Delhi,Kolkata,Economy,203,38,1827,28203.61,57,192,5,On Time
FLT-12750,2024-12-18,SkyJet,Kochi,Jaipur,Economy,209,86,979,38232.68,104,202,1,On Time
FLT-12977,2024-12-18,SkyJet,Kolkata,Lucknow,Economy,130,21,1531,5978.94,125,167,3,On Time
FLT-11187,2024-12-18,Falcon Airways,Kolkata,Jaipur,Economy,177,171,787,33493.36,84,183,5,On Time
FLT-10132,2024-12-18,Air Bharat,Bengaluru,Jaipur,Economy,185,66,2185,2835.83,218,153,4,On Time
FLT-10879,2024-12-18,Falcon Airways,Chennai,Jaipur,Premium Economy,151,5,380,41607.53,174,205,4,On Time
FLT-10853,2024-12-18,Coastal Air,Mumbai,Goa,Economy,162,76,1694,23378.85,122,206,3,On Time
FLT-9961,2024-12-18,IndiGo Air,Hyderabad,Mumbai,Economy,214,68,1655,16688.08,150,224,1,Delayed
FLT-11404,2024-12-19,BlueWing,Goa,Jaipur,Premium Economy,73,94,1294,36191.18,50,187,4,Cancelled
FLT-11099,2024-12-19,Coastal Air,Bengaluru,Delhi,Premium Economy,182,146,2055,18445.37,61,218,5,Delayed
FLT-12867,2024-12-19,IndiGo Air,Lucknow,Mumbai,Economy,80,134,1530,29458.15,65,244,5,On Time
FLT-12432,2024-12-19,BlueWing,Mumbai,Goa,Economy,76,147,369,32179.86,110,211,1,On Time
FLT-10376,2024-12-19,Air Bharat,Goa,Hyderabad,Economy,116,159,179,25983.6,55,220,2,On Time
FLT-9510,2024-12-19,Air Bharat,Bengaluru,Hyderabad,Premium Economy,117,9,1884,6797.99,169,200,4,Cancelled
FLT-9943,2024-12-19,SkyJet,Goa,Kochi,Economy,50,43,2215,29144.64,134,247,3,Delayed
FLT-9646,2024-12-19,SkyJet,Goa,Jaipur,Economy,70,34,459,42704.11,184,151,1,On Time
FLT-9252,2024-12-19,Coastal Air,Bengaluru,Mumbai,Premium Economy,87,128,1267,36146.23,74,161,4,On Time
FLT-9608,2024-12-19,SkyJet,Lucknow,Chennai,Economy,80,27,1890,10526.87,99,189,4,On Time
FLT-10020,2024-12-19,Coastal Air,Mumbai,Bengaluru,Premium Economy,126,115,2216,24333.44,194,204,5,On Time
FLT-12240,2024-12-20,Air Bharat,Mumbai,Lucknow,Economy,67,169,389,29559.52,138,227,2,On Time
FLT-9106,2024-12-20,BlueWing,Bengaluru,Hyderabad,Economy,191,75,1245,42915.07,173,242,5,Delayed
FLT-10626,2024-12-20,IndiGo Air,Delhi,Mumbai,Business,205,94,862,18375.13,178,166,2,Delayed
FLT-9081,2024-12-20,SkyJet,Bengaluru,Lucknow,Economy,116,82,2055,27471.83,121,168,4,On Time
FLT-9988,2024-12-20,Coastal Air,Hyderabad,Mumbai,Economy,72,101,1345,29096.57,175,162,2,Delayed
FLT-11016,2024-12-20,BlueWing,Lucknow,Delhi,Premium Economy,228,118,2378,27974.77,206,176,3,On Time
FLT-12558,2024-12-21,SkyJet,Chennai,Lucknow,Economy,101,68,1863,3383.89,212,191,3,Delayed
FLT-9224,2024-12-21,BlueWing,Mumbai,Kochi,Premium Economy,196,154,594,20470.04,201,188,1,On Time
FLT-10561,2024-12-21,Air Bharat,Delhi,Kochi,Premium Economy,207,156,164,40206.87,56,177,4,On Time
FLT-9116,2024-12-21,Coastal Air,Hyderabad,Bengaluru,Premium Economy,54,19,319,34166.36,89,181,2,On Time
FLT-11850,2024-12-21,SkyJet,Lucknow,Bengaluru,Premium Economy,91,13,2030,31714.51,157,185,5,Delayed
FLT-10805,2024-12-21,IndiGo Air,Mumbai,Kochi,Business,159,87,2383,25874.75,132,152,2,On Time
FLT-10539,2024-12-21,BlueWing,Hyderabad,Jaipur,Premium Economy,109,112,1785,6484.49,97,212,3,On Time
FLT-11301,2024-12-22,Air Bharat,Hyderabad,Chennai,Economy,195,121,1667,30796.5,208,199,5,Delayed
FLT-11276,2024-12-22,Air Bharat,Kolkata,Delhi,Economy,159,48,2158,10358.76,211,248,3,On Time
FLT-10846,2024-12-22,Air Bharat,Kolkata,Mumbai,Economy,230,121,1470,20109.09,134,167,4,On Time
FLT-10375,2024-12-22,Coastal Air,Kochi,Chennai,Premium Economy,152,134,1113,41748.77,202,237,4,On Time
FLT-10177,2024-12-22,Falcon Airways,Goa,Hyderabad,Economy,196,144,1395,22677.48,176,191,3,Delayed
FLT-9321,2024-12-22,Falcon Airways,Kolkata,Lucknow,Economy,48,90,582,6707.47,152,185,5,Delayed
FLT-11305,2024-12-23,IndiGo Air,Kochi,Hyderabad,Economy,204,83,167,24516.65,165,248,3,On Time
FLT-9343,2024-12-23,Falcon Airways,Hyderabad,Lucknow,Economy,147,94,1232,23776.85,183,236,4,On Time
FLT-10378,2024-12-23,SkyJet,Lucknow,Mumbai,Economy,235,41,1434,23624.24,172,239,2,Delayed
FLT-10803,2024-12-23,SkyJet,Goa,Jaipur,Economy,224,54,1846,21883.25,99,163,1,On Time
FLT-11929,2024-12-23,IndiGo Air,Hyderabad,Chennai,Economy,236,33,1762,9874.73,206,171,3,On Time
FLT-12211,2024-12-23,Air Bharat,Jaipur,Lucknow,Economy,135,30,871,6150.08,123,231,4,On Time
FLT-9369,2024-12-23,BlueWing,Goa,Hyderabad,Economy,146,115,554,42288.82,109,157,1,Delayed
FLT-9946,2024-12-23,Coastal Air,Hyderabad,Bengaluru,Economy,132,93,211,37751.82,102,177,2,Delayed
FLT-9818,2024-12-23,BlueWing,Kochi,Delhi,Business,135,116,938,17815.86,183,213,4,On Time
FLT-9342,2024-12-24,Coastal Air,Hyderabad,Kolkata,Economy,228,155,1652,43602.84,61,227,2,Delayed
FLT-12478,2024-12-24,Coastal Air,Jaipur,Kolkata,Premium Economy,129,113,665,6928.01,127,205,1,On Time
FLT-12427,2024-12-24,IndiGo Air,Bengaluru,Chennai,Economy,122,55,258,12429.6,215,221,3,On Time
FLT-9063,2024-12-24,BlueWing,Kolkata,Mumbai,Economy,171,85,951,17566.33,140,150,2,On Time
FLT-11351,2024-12-24,IndiGo Air,Chennai,Goa,Economy,208,39,2014,26871.79,101,194,4,On Time
FLT-10746,2024-12-24,IndiGo Air,Mumbai,Kolkata,Economy,139,120,165,20362.66,164,220,2,On Time
FLT-10432,2024-12-24,Falcon Airways,Goa,Lucknow,Economy,201,44,1651,44274.66,55,181,3,On Time
FLT-12038,2024-12-24,SkyJet,Delhi,Goa,Economy,155,34,2154,21553.55,145,189,3,On Time
FLT-11954,2024-12-24,IndiGo Air,Mumbai,Chennai,Economy,65,40,887,22012.01,101,214,1,On Time
FLT-9835,2024-12-24,Falcon Airways,Jaipur,Kolkata,Premium Economy,170,24,398,5753.03,216,167,3,On Time
FLT-12731,2024-12-24,Falcon Airways,Kochi,Delhi,Economy,151,174,1833,19448.3,151,174,2,On Time
FLT-9273,2024-12-25,SkyJet,Bengaluru,Delhi,Economy,223,123,277,42750.38,104,203,4,On Time
FLT-12911,2024-12-25,Falcon Airways,Kolkata,Delhi,Premium Economy,189,162,560,27088.71,170,222,5,Delayed
FLT-12467,2024-12-25,SkyJet,Kochi,Kolkata,Economy,95,97,2329,32760.18,159,209,4,On Time
FLT-9764,2024-12-25,BlueWing,Delhi,Lucknow,Economy,194,149,1103,31602.84,153,221,1,On Time
FLT-12126,2024-12-25,BlueWing,Jaipur,Chennai,Premium Economy,194,46,357,7232.0,150,181,5,Delayed
FLT-9096,2024-12-25,BlueWing,Chennai,Mumbai,Economy,190,149,1827,37326.92,83,170,1,On Time
FLT-9486,2024-12-25,BlueWing,Lucknow,Hyderabad,Business,204,24,611,40028.42,213,244,4,On Time
FLT-10024,2024-12-25,Coastal Air,Delhi,Goa,Premium Economy,107,179,2180,13297.35,81,240,5,Delayed
FLT-9828,2024-12-25,Coastal Air,Kolkata,Bengaluru,Business,153,148,157,15987.74,198,202,2,Cancelled
FLT-10546,2024-12-26,Coastal Air,Bengaluru,Chennai,Economy,211,136,779,11925.13,60,212,2,On Time
FLT-10201,2024-12-26,BlueWing,Mumbai,Kolkata,Economy,96,5,2031,27480.42,118,189,2,On Time
FLT-11015,2024-12-26,Falcon Airways,Delhi,Hyderabad,Economy,49,86,1700,21172.85,119,211,5,Delayed
FLT-12974,2024-12-26,Falcon Airways,Jaipur,Mumbai,Premium Economy,98,24,1781,29304.73,133,220,2,Delayed
FLT-10779,2024-12-26,BlueWing,Chennai,Goa,Economy,180,128,1080,7342.27,210,236,4,Delayed
FLT-11211,2024-12-26,Air Bharat,Chennai,Bengaluru,Economy,223,77,750,41237.33,67,213,4,On Time
FLT-10516,2024-12-26,SkyJet,Lucknow,Hyderabad,Economy,110,42,349,38165.58,176,232,3,On Time
FLT-11688,2024-12-27,SkyJet,Kochi,Kolkata,Economy,139,162,2309,30809.08,67,177,4,On Time
FLT-12553,2024-12-27,Coastal Air,Kolkata,Delhi,Business,116,114,2044,28869.49,170,174,3,On Time
FLT-11034,2024-12-27,Coastal Air,Jaipur,Kochi,Economy,94,170,191,2266.47,65,200,5,On Time
FLT-11025,2024-12-27,Coastal Air,Goa,Kolkata,Premium Economy,61,120,1132,43894.02,144,211,5,On Time
FLT-10061,2024-12-27,Air Bharat,Hyderabad,Kolkata,Economy,210,44,1593,44290.82,177,223,5,On Time
FLT-12143,2024-12-27,Air Bharat,Goa,Hyderabad,Business,206,105,863,15231.63,219,223,1,On Time
FLT-11454,2024-12-28,IndiGo Air,Chennai,Delhi,Economy,184,4,1401,22776.66,207,194,2,On Time
FLT-10576,2024-12-28,SkyJet,Delhi,Bengaluru,Premium Economy,205,136,1811,9858.61,144,245,2,On Time
FLT-11306,2024-12-28,BlueWing,Hyderabad,Bengaluru,Business,133,166,774,37418.52,94,208,4,Delayed
FLT-12672,2024-12-28,IndiGo Air,Lucknow,Goa,Economy,174,71,1845,38254.49,70,237,4,On Time
FLT-9421,2024-12-28,Falcon Airways,Jaipur,Chennai,Economy,57,40,1636,14167.51,187,231,5,On Time
FLT-10608,2024-12-28,BlueWing,Lucknow,Kochi,Economy,181,72,2110,27748.58,181,167,4,On Time
FLT-10874,2024-12-28,SkyJet,Kolkata,Chennai,Economy,176,121,1124,3740.84,141,199,2,On Time
FLT-9386,2024-12-28,BlueWing,Bengaluru,Jaipur,Economy,93,22,301,19056.16,112,239,1,On Time
FLT-12979,2024-12-28,SkyJet,Jaipur,Lucknow,Economy,164,164,984,16462.15,128,219,5,Delayed
FLT-12230,2024-12-29,IndiGo Air,Hyderabad,Kochi,Economy,200,40,900,34091.92,136,163,2,On Time
FLT-12684,2024-12-29,SkyJet,Bengaluru,Lucknow,Economy,129,152,850,27697.44,137,189,4,Delayed
FLT-9844,2024-12-29,BlueWing,Kolkata,Mumbai,Premium Economy,186,30,1810,10721.64,185,172,3,On Time
FLT-11729,2024-12-29,Falcon Airways,Mumbai,Jaipur,Premium Economy,228,102,315,44614.51,211,193,4,Delayed
FLT-10299,2024-12-29,Air Bharat,Bengaluru,Delhi,Economy,211,6,1888,37240.66,68,164,3,On Time
FLT-12241,2024-12-29,SkyJet,Bengaluru,Kochi,Economy,216,25,2440,34037.56,93,179,2,On Time
FLT-9139,2024-12-29,BlueWing,Mumbai,Kochi,Premium Economy,96,69,2098,16218.8,187,166,5,Delayed
FLT-9408,2024-12-29,IndiGo Air,Chennai,Kolkata,Economy,65,75,234,34259.17,207,240,2,On Time
FLT-10749,2024-12-30,Falcon Airways,Bengaluru,Lucknow,Economy,88,56,739,15391.73,141,175,5,Delayed
FLT-11907,2024-12-30,Air Bharat,Chennai,Goa,Premium Economy,52,160,1859,42932.25,82,204,4,On Time
FLT-9307,2024-12-30,SkyJet,Chennai,Bengaluru,Economy,84,2,1813,36521.03,118,188,1,On Time
FLT-10599,2024-12-30,Falcon Airways,Kochi,Bengaluru,Economy,70,18,1569,30102.69,123,200,3,On Time
FLT-12311,2024-12-30,Falcon Airways,Kochi,Bengaluru,Economy,123,91,923,7583.17,99,207,3,On Time
FLT-12326,2024-12-30,BlueWing,Chennai,Goa,Premium Economy,138,176,2109,8397.04,118,234,5,Delayed
FLT-9908,2024-12-30,BlueWing,Chennai,Goa,Economy,52,30,1543,31636.15,186,235,3,On Time
FLT-9113,2024-12-30,IndiGo Air,Chennai,Hyderabad,Economy,165,71,2366,37950.09,57,165,3,On Time
FLT-9562,2024-12-30,BlueWing,Chennai,Kolkata,Premium Economy,205,174,796,19663.23,219,195,4,Delayed
FLT-9368,2024-12-30,IndiGo Air,Hyderabad,Mumbai,Economy,124,43,1100,30929.76,190,244,5,On Time
FLT-10456,2024-12-30,Falcon Airways,Chennai,Lucknow,Economy,211,46,1659,33305.59,152,175,1,Delayed
FLT-9600,2024-12-31,IndiGo Air,Hyderabad,Chennai,Economy,141,42,805,29900.02,165,218,4,On Time
FLT-10527,2024-12-31,SkyJet,Hyderabad,Delhi,Economy,204,175,1761,25847.33,196,216,1,On Time
FLT-10095,2024-12-31,Falcon Airways,Mumbai,Delhi,Economy,59,161,881,20016.25,104,221,2,On Time
FLT-10351,2024-12-31,Air Bharat,Bengaluru,Kolkata,Business,123,107,963,22194.56,168,230,4,On Time
FLT-10835,2024-12-31,SkyJet,Delhi,Hyderabad,Economy,230,114,161,27410.55,181,249,3,On Time
