Patient_ID,Admission_Date,Department,Age,Gender,Blood_Group,Admission_Type,Insurance_Type,Length_Of_Stay_Days,Bill_Amount_INR,Bed_Occupancy_Percent,Doctor_Visits,Treatment_Outcome
PAT-51535,2023-01-01,Neurology,73,Female,B+,Outpatient,Corporate Insurance,9,112803.84,58,1,Recovered
PAT-52095,2023-01-01,General Medicine,46,Female,O-,Outpatient,Private Insurance,15,158411.79,98,4,Under Treatment
PAT-50923,2023-01-01,Oncology,60,Female,O+,Elective,Self Pay,7,61053.02,48,10,Under Treatment
PAT-51470,2023-01-01,Cardiology,44,Female,AB+,Outpatient,Government Scheme,5,133019.75,99,2,Recovered
PAT-50325,2023-01-01,Pediatrics,88,Female,B-,Emergency,Private Insurance,1,166312.49,76,10,Recovered
PAT-53152,2023-01-01,ENT,7,Male,AB-,Emergency,Private Insurance,14,33263.9,80,13,Recovered
PAT-52838,2023-01-01,ENT,15,Female,B-,Emergency,Self Pay,13,214665.04,97,11,Recovered
PAT-50220,2023-01-02,Orthopedics,40,Male,A+,Emergency,Corporate Insurance,3,152145.53,73,4,Recovered
PAT-52837,2023-01-02,Orthopedics,38,Male,O+,Elective,Government Scheme,12,179219.4,50,13,Recovered
PAT-51282,2023-01-03,ENT,31,Female,AB-,Emergency,Private Insurance,20,136215.18,85,5,Recovered
PAT-51602,2023-01-03,Neurology,35,Male,AB-,Emergency,Government Scheme,5,173135.75,88,11,Recovered
PAT-52340,2023-01-03,ENT,47,Male,AB+,Outpatient,Self Pay,11,197828.76,87,13,Recovered
PAT-52368,2023-01-03,General Medicine,18,Male,O+,Elective,Private Insurance,13,165126.2,48,3,Recovered
PAT-52719,2023-01-04,General Medicine,4,Male,A+,Outpatient,Government Scheme,11,6113.3,48,6,Under Treatment
PAT-51784,2023-01-04,Pediatrics,66,Female,A+,Outpatient,Private Insurance,7,3367.3,47,7,Recovered
PAT-50505,2023-01-04,Orthopedics,76,Female,O+,Outpatient,Self Pay,18,71410.58,58,9,Recovered
PAT-52666,2023-01-04,Orthopedics,21,Male,A+,Emergency,Government Scheme,10,201735.66,52,13,Under Treatment
PAT-53377,2023-01-04,Orthopedics,2,Male,B+,Outpatient,Corporate Insurance,9,3988.45,98,8,Under Treatment
PAT-50909,2023-01-05,ENT,81,Other,B-,Emergency,Private Insurance,18,158555.43,54,9,Recovered
PAT-52122,2023-01-06,Neurology,7,Other,O+,Emergency,Self Pay,8,144921.31,65,8,Recovered
PAT-50947,2023-01-06,General Medicine,56,Female,O+,Outpatient,Corporate Insurance,14,59678.49,67,5,Recovered
PAT-51558,2023-01-06,Orthopedics,5,Female,A+,Outpatient,Private Insurance,7,228454.72,40,2,Recovered
PAT-52942,2023-01-06,General Medicine,15,Male,B+,Emergency,Corporate Insurance,5,30818.33,63,4,Recovered
PAT-53225,2023-01-06,Dermatology,35,Female,O+,Outpatient,Government Scheme,12,200648.1,95,13,Recovered
PAT-50140,2023-01-07,Cardiology,9,Female,B-,Elective,Government Scheme,3,103687.32,88,7,Recovered
PAT-53502,2023-01-07,Orthopedics,50,Male,B-,Elective,Private Insurance,18,39753.32,95,7,Recovered
PAT-53012,2023-01-07,Cardiology,37,Female,B-,Elective,Government Scheme,15,231937.05,92,2,Recovered
PAT-51402,2023-01-08,Pediatrics,62,Male,AB+,Elective,Government Scheme,9,129395.75,55,12,Recovered
PAT-52358,2023-01-08,Neurology,5,Male,B+,Elective,Private Insurance,17,51546.16,52,11,Under Treatment
PAT-53198,2023-01-08,Neurology,36,Male,O+,Outpatient,Self Pay,2,123739.86,43,5,Under Treatment
PAT-51489,2023-01-08,Neurology,81,Male,B+,Elective,Corporate Insurance,14,232308.32,83,1,Discharged Against Advice
PAT-50275,2023-01-09,Oncology,68,Female,B+,Elective,Private Insurance,18,121365.58,83,11,Recovered
PAT-51930,2023-01-09,General Medicine,49,Male,B-,Emergency,Private Insurance,14,43373.99,99,13,Referred
PAT-50164,2023-01-10,Oncology,65,Female,B-,Outpatient,Government Scheme,3,242557.56,40,1,Recovered
PAT-50785,2023-01-10,ENT,62,Male,AB+,Outpatient,Corporate Insurance,7,222698.94,43,3,Recovered
PAT-51204,2023-01-10,Cardiology,45,Female,O-,Emergency,Corporate Insurance,19,117452.74,89,1,Recovered
PAT-52668,2023-01-10,Oncology,75,Female,O+,Outpatient,Government Scheme,7,169818.84,94,11,Under Treatment
PAT-52434,2023-01-10,General Medicine,10,Male,A+,Elective,Corporate Insurance,1,78179.78,85,8,Under Treatment
PAT-50619,2023-01-10,Neurology,76,Female,AB-,Outpatient,Private Insurance,14,62534.45,49,13,Recovered
PAT-50142,2023-01-11,Cardiology,27,Female,O+,Elective,Government Scheme,11,124782.23,86,4,Discharged Against Advice
PAT-50694,2023-01-11,ENT,59,Male,AB-,Elective,Self Pay,17,158605.98,79,12,Recovered
PAT-51066,2023-01-11,General Medicine,74,Female,A-,Outpatient,Self Pay,15,136994.35,58,8,Discharged Against Advice
PAT-52145,2023-01-11,Pediatrics,32,Male,B+,Emergency,Government Scheme,9,81399.95,73,8,Recovered
PAT-50857,2023-01-11,Neurology,71,Male,AB-,Outpatient,Self Pay,5,27524.41,47,1,Recovered
PAT-53327,2023-01-12,Cardiology,58,Female,A+,Elective,Private Insurance,14,88674.03,41,1,Recovered
PAT-50596,2023-01-12,Oncology,62,Male,A-,Emergency,Private Insurance,5,13317.37,88,7,Recovered
PAT-50868,2023-01-12,Pediatrics,42,Male,O+,Elective,Government Scheme,14,247466.93,63,7,Recovered
PAT-52017,2023-01-12,Dermatology,88,Female,O-,Emergency,Corporate Insurance,7,240255.71,72,8,Recovered
PAT-52613,2023-01-13,Oncology,24,Male,A-,Emergency,Government Scheme,14,207904.1,74,11,Recovered
PAT-53402,2023-01-13,Cardiology,11,Female,O-,Emergency,Corporate Insurance,17,86899.44,91,1,Recovered
PAT-52333,2023-01-13,Orthopedics,31,Female,A-,Emergency,Government Scheme,7,5817.31,75,2,Referred
PAT-52199,2023-01-13,Dermatology,73,Male,AB-,Elective,Corporate Insurance,19,202889.81,84,2,Recovered
PAT-52463,2023-01-13,Oncology,87,Male,A-,Emergency,Corporate Insurance,11,166929.09,96,1,Recovered
PAT-51720,2023-01-13,Dermatology,84,Female,A-,Outpatient,Private Insurance,3,26023.83,90,9,Recovered
PAT-50204,2023-01-13,Pediatrics,15,Female,AB+,Emergency,Government Scheme,4,232103.02,40,8,Recovered
PAT-52784,2023-01-14,Oncology,40,Female,A+,Emergency,Government Scheme,12,148071.67,47,7,Under Treatment
PAT-50366,2023-01-14,Oncology,79,Male,AB-,Emergency,Private Insurance,1,143103.37,60,12,Recovered
PAT-52725,2023-01-14,Orthopedics,26,Male,A-,Emergency,Government Scheme,15,131555.21,69,10,Under Treatment
PAT-52011,2023-01-14,Pediatrics,13,Female,O+,Outpatient,Corporate Insurance,4,180931.67,58,10,Recovered
PAT-51008,2023-01-14,Pediatrics,37,Male,B-,Elective,Self Pay,12,11444.97,74,8,Discharged Against Advice
PAT-51165,2023-01-14,Dermatology,27,Male,O-,Outpatient,Self Pay,15,126221.77,88,9,Recovered
PAT-52235,2023-01-14,Dermatology,22,Female,O-,Outpatient,Private Insurance,12,214490.7,43,7,Recovered
PAT-50819,2023-01-15,Cardiology,27,Male,A-,Outpatient,Self Pay,13,80406.46,77,5,Recovered
PAT-50719,2023-01-15,ENT,81,Male,B+,Outpatient,Private Insurance,15,129528.89,46,10,Discharged Against Advice
PAT-53222,2023-01-16,Pediatrics,89,Female,B-,Elective,Corporate Insurance,18,26437.14,49,12,Recovered
PAT-50260,2023-01-16,ENT,52,Female,B-,Emergency,Private Insurance,2,107440.2,47,10,Under Treatment
PAT-50261,2023-01-16,General Medicine,12,Male,A-,Outpatient,Government Scheme,20,217725.81,89,8,Recovered
PAT-51384,2023-01-16,Orthopedics,72,Male,B-,Elective,Self Pay,1,176661.21,90,10,Recovered
PAT-52310,2023-01-17,Neurology,54,Female,O-,Elective,Private Insurance,19,98858.17,41,3,Referred
PAT-50844,2023-01-17,Pediatrics,6,Male,O+,Outpatient,Government Scheme,3,194872.72,92,6,Recovered
PAT-52661,2023-01-17,Orthopedics,17,Male,A-,Elective,Corporate Insurance,4,9236.41,48,3,Under Treatment
PAT-51098,2023-01-17,Cardiology,62,Female,A+,Elective,Self Pay,13,9708.34,47,13,Recovered
PAT-52435,2023-01-18,Oncology,26,Female,O+,Outpatient,Government Scheme,1,196650.08,45,10,Recovered
PAT-53416,2023-01-18,ENT,77,Male,A+,Outpatient,Corporate Insurance,14,182490.94,79,1,Recovered
PAT-53564,2023-01-18,Oncology,86,Female,AB+,Emergency,Corporate Insurance,13,141909.39,82,11,Under Treatment
PAT-53448,2023-01-18,Pediatrics,20,Female,B-,Elective,Private Insurance,12,130312.63,48,4,Recovered
PAT-50542,2023-01-18,Oncology,25,Male,AB+,Elective,Private Insurance,13,53411.95,67,12,Recovered
PAT-51714,2023-01-18,Oncology,79,Female,AB-,Elective,Private Insurance,17,16063.57,65,8,Recovered
PAT-51613,2023-01-18,Oncology,70,Female,A-,Elective,Private Insurance,3,101190.7,75,11,Recovered
PAT-51766,2023-01-19,Pediatrics,11,Male,AB-,Emergency,Self Pay,7,222490.6,49,11,Referred
PAT-50858,2023-01-19,Orthopedics,59,Male,A+,Emergency,Government Scheme,15,117548.43,94,14,Recovered
PAT-50981,2023-01-19,Orthopedics,89,Female,AB+,Emergency,Government Scheme,19,105886.75,59,11,Recovered
PAT-51046,2023-01-19,Oncology,85,Female,A-,Outpatient,Government Scheme,6,125778.61,52,5,Recovered
PAT-50949,2023-01-19,Oncology,33,Male,AB+,Emergency,Self Pay,19,95910.66,94,5,Recovered
PAT-52544,2023-01-20,Cardiology,66,Male,AB-,Elective,Government Scheme,18,110153.48,82,6,Discharged Against Advice
PAT-52289,2023-01-20,General Medicine,58,Male,B+,Outpatient,Self Pay,20,202431.34,85,3,Recovered
PAT-51721,2023-01-21,ENT,71,Female,AB+,Emergency,Corporate Insurance,3,116326.67,98,4,Recovered
PAT-52023,2023-01-21,Orthopedics,11,Male,A+,Elective,Private Insurance,7,249907.97,68,11,Recovered
PAT-53027,2023-01-21,Oncology,21,Male,A+,Emergency,Corporate Insurance,9,63438.94,51,2,Recovered
PAT-52860,2023-01-21,Oncology,42,Male,AB-,Outpatient,Corporate Insurance,2,89791.96,79,4,Recovered
PAT-50064,2023-01-22,General Medicine,63,Other,B-,Outpatient,Private Insurance,5,175722.15,67,10,Recovered
PAT-50615,2023-01-22,ENT,56,Male,O-,Outpatient,Corporate Insurance,5,62118.61,70,11,Recovered
PAT-51152,2023-01-22,ENT,58,Male,AB+,Outpatient,Private Insurance,2,235769.91,99,2,Recovered
PAT-53309,2023-01-22,Dermatology,7,Female,O+,Outpatient,Private Insurance,8,30531.71,68,11,Recovered
PAT-53574,2023-01-22,ENT,59,Male,AB+,Emergency,Government Scheme,7,210437.41,46,1,Referred
PAT-52013,2023-01-22,Orthopedics,8,Male,AB+,Elective,Government Scheme,10,217529.79,41,1,Recovered
PAT-52301,2023-01-22,Orthopedics,56,Male,B+,Elective,Self Pay,16,211749.09,68,3,Recovered
PAT-51652,2023-01-23,General Medicine,75,Female,B+,Outpatient,Government Scheme,9,69204.33,65,10,Recovered
PAT-50473,2023-01-23,Cardiology,36,Female,A+,Outpatient,Private Insurance,15,125989.53,47,4,Under Treatment
PAT-51750,2023-01-23,Orthopedics,71,Female,AB-,Emergency,Corporate Insurance,10,16568.21,86,1,Under Treatment
PAT-52926,2023-01-23,Oncology,54,Female,O-,Emergency,Self Pay,16,149382.0,46,5,Recovered
PAT-51509,2023-01-23,Cardiology,81,Male,AB-,Emergency,Corporate Insurance,13,240147.22,63,11,Under Treatment
PAT-53496,2023-01-23,ENT,15,Male,O+,Outpatient,Government Scheme,20,68601.93,41,12,Recovered
PAT-52722,2023-01-23,General Medicine,82,Female,AB-,Emergency,Self Pay,11,7929.03,47,8,Under Treatment
PAT-52137,2023-01-23,General Medicine,7,Male,O+,Outpatient,Corporate Insurance,8,145712.91,91,8,Recovered
PAT-52326,2023-01-24,Dermatology,47,Male,B-,Outpatient,Private Insurance,11,173758.71,62,11,Recovered
PAT-50571,2023-01-24,Oncology,13,Male,B-,Outpatient,Private Insurance,3,233606.62,65,7,Recovered
PAT-53573,2023-01-24,Oncology,64,Male,O+,Outpatient,Government Scheme,20,212568.62,74,13,Recovered
PAT-52758,2023-01-24,Cardiology,1,Male,A+,Elective,Self Pay,18,187598.17,44,2,Recovered
PAT-53482,2023-01-25,Neurology,59,Female,B+,Elective,Corporate Insurance,8,176576.88,91,9,Recovered
PAT-52570,2023-01-25,Neurology,64,Male,O-,Elective,Private Insurance,6,63695.03,74,13,Recovered
PAT-51305,2023-01-26,Oncology,44,Female,B-,Emergency,Corporate Insurance,16,110390.81,92,5,Recovered
PAT-50598,2023-01-26,Orthopedics,15,Male,A-,Outpatient,Corporate Insurance,1,204528.28,40,10,Recovered
PAT-50452,2023-01-26,Oncology,34,Male,O-,Elective,Corporate Insurance,9,54096.14,94,14,Under Treatment
PAT-50725,2023-01-26,Oncology,51,Female,AB-,Emergency,Corporate Insurance,1,87751.55,49,9,Recovered
PAT-51622,2023-01-26,Cardiology,28,Male,A-,Outpatient,Self Pay,15,237327.75,94,1,Recovered
PAT-52549,2023-01-26,Pediatrics,65,Female,B-,Elective,Self Pay,13,96483.53,58,12,Under Treatment
PAT-52554,2023-01-26,Pediatrics,71,Male,B+,Elective,Private Insurance,15,21870.56,47,3,Recovered
PAT-52156,2023-01-27,Neurology,77,Male,A+,Outpatient,Self Pay,20,156506.54,70,10,Recovered
PAT-53420,2023-01-27,Pediatrics,79,Male,B-,Outpatient,Corporate Insurance,10,186147.98,80,4,Recovered
PAT-53292,2023-01-27,General Medicine,60,Male,O-,Elective,Self Pay,10,35551.28,42,4,Under Treatment
PAT-52262,2023-01-27,Dermatology,62,Other,O+,Emergency,Private Insurance,11,236994.33,73,10,Recovered
PAT-50792,2023-01-27,Orthopedics,7,Male,AB-,Outpatient,Self Pay,17,5907.13,60,10,Recovered
PAT-52599,2023-01-27,Pediatrics,23,Female,A-,Elective,Government Scheme,13,176144.85,80,11,Recovered
PAT-51370,2023-01-28,Cardiology,85,Male,A+,Emergency,Government Scheme,17,167409.09,83,10,Recovered
PAT-51446,2023-01-28,Dermatology,7,Male,A-,Outpatient,Self Pay,5,97801.49,87,13,Recovered
PAT-50999,2023-01-28,Orthopedics,48,Male,AB-,Elective,Government Scheme,7,235983.54,81,2,Recovered
PAT-50109,2023-01-28,Orthopedics,15,Female,B+,Elective,Corporate Insurance,16,162271.34,57,11,Under Treatment
PAT-52780,2023-01-28,Cardiology,83,Male,B+,Elective,Self Pay,19,158830.09,98,1,Recovered
PAT-52399,2023-01-28,Neurology,73,Male,O+,Outpatient,Private Insurance,14,157335.51,51,4,Referred
PAT-52584,2023-01-28,Pediatrics,41,Other,A+,Elective,Private Insurance,14,91720.93,62,7,Under Treatment
PAT-51364,2023-01-28,Neurology,55,Male,O-,Outpatient,Government Scheme,13,99343.26,55,6,Recovered
PAT-50374,2023-01-29,General Medicine,1,Male,O-,Emergency,Government Scheme,19,125784.54,50,11,Recovered
PAT-52255,2023-01-29,Cardiology,48,Male,AB-,Emergency,Corporate Insurance,9,93767.08,91,5,Discharged Against Advice
PAT-51803,2023-01-29,Pediatrics,38,Female,B-,Elective,Government Scheme,1,237155.13,52,9,Recovered
PAT-50647,2023-01-29,Neurology,22,Other,B-,Elective,Self Pay,14,64185.93,53,13,Recovered
PAT-51641,2023-01-30,Oncology,10,Female,AB-,Outpatient,Private Insurance,17,40522.91,97,10,Recovered
PAT-50161,2023-01-30,Oncology,19,Male,A+,Emergency,Corporate Insurance,16,54869.62,65,1,Recovered
PAT-52861,2023-01-30,Pediatrics,31,Female,O-,Outpatient,Corporate Insurance,16,156165.27,41,10,Recovered
PAT-50039,2023-01-30,ENT,9,Male,A+,Elective,Corporate Insurance,5,189223.93,44,13,Recovered
PAT-53411,2023-01-30,Orthopedics,45,Female,AB+,Emergency,Corporate Insurance,4,184629.3,52,11,Recovered
PAT-52378,2023-01-31,General Medicine,80,Male,A+,Outpatient,Government Scheme,6,201855.62,82,9,Referred
PAT-52977,2023-01-31,ENT,19,Female,AB+,Outpatient,Corporate Insurance,16,111690.56,73,6,Recovered
PAT-53497,2023-01-31,Cardiology,69,Female,B+,Emergency,Government Scheme,7,243691.15,64,5,Recovered
PAT-52547,2023-01-31,Oncology,78,Female,O-,Outpatient,Corporate Insurance,19,188416.2,73,12,Referred
PAT-51610,2023-02-01,ENT,70,Female,A-,Emergency,Government Scheme,11,47106.05,96,12,Recovered
PAT-52382,2023-02-01,ENT,17,Female,AB-,Emergency,Government Scheme,14,155561.57,88,4,Recovered
PAT-52314,2023-02-01,Neurology,56,Male,AB-,Emergency,Self Pay,13,232381.53,74,4,Recovered
PAT-51372,2023-02-01,Cardiology,50,Female,AB+,Emergency,Self Pay,1,176751.42,91,6,Under Treatment
PAT-52863,2023-02-01,Orthopedics,24,Male,AB+,Outpatient,Private Insurance,15,146324.15,61,10,Recovered
PAT-51499,2023-02-02,Neurology,81,Male,AB-,Outpatient,Private Insurance,14,118530.33,75,1,Recovered
PAT-52155,2023-02-02,Neurology,54,Male,O+,Emergency,Self Pay,12,90260.98,54,6,Recovered
PAT-52648,2023-02-02,Dermatology,31,Female,AB+,Outpatient,Government Scheme,4,79847.22,61,10,Recovered
PAT-50378,2023-02-02,Oncology,63,Male,O+,Elective,Government Scheme,14,105841.9,84,5,Under Treatment
PAT-52913,2023-02-02,General Medicine,89,Other,B+,Emergency,Corporate Insurance,17,46321.91,95,2,Recovered
PAT-52062,2023-02-03,Neurology,48,Female,A-,Emergency,Government Scheme,16,66524.85,92,7,Discharged Against Advice
PAT-52019,2023-02-03,Cardiology,76,Male,AB+,Elective,Government Scheme,7,90009.52,40,5,Recovered
PAT-52079,2023-02-03,Pediatrics,54,Female,A+,Emergency,Corporate Insurance,13,138776.65,87,3,Referred
PAT-51581,2023-02-03,Oncology,72,Female,O+,Outpatient,Self Pay,14,55618.05,58,4,Recovered
PAT-51617,2023-02-03,Oncology,78,Male,A-,Outpatient,Private Insurance,19,182294.1,75,10,Recovered
PAT-52693,2023-02-03,General Medicine,55,Male,O-,Outpatient,Corporate Insurance,13,90388.27,66,2,Recovered
PAT-53359,2023-02-04,Dermatology,89,Female,B-,Emergency,Corporate Insurance,9,96494.85,70,1,Under Treatment
PAT-51068,2023-02-04,Cardiology,60,Other,B-,Emergency,Self Pay,13,58013.27,65,5,Discharged Against Advice
PAT-51186,2023-02-04,Orthopedics,54,Male,B-,Elective,Self Pay,1,41113.7,78,10,Recovered
PAT-51421,2023-02-04,ENT,13,Male,AB-,Elective,Self Pay,4,127551.8,77,12,Recovered
PAT-52242,2023-02-05,Neurology,75,Female,O+,Outpatient,Self Pay,3,145934.58,55,1,Referred
PAT-50180,2023-02-05,Oncology,9,Female,A+,Elective,Self Pay,7,39619.03,77,1,Recovered
PAT-52229,2023-02-05,Oncology,79,Female,AB-,Outpatient,Corporate Insurance,9,58389.63,40,14,Recovered
PAT-52304,2023-02-05,Orthopedics,56,Other,O+,Outpatient,Private Insurance,19,96512.54,60,8,Recovered
PAT-53057,2023-02-05,Orthopedics,89,Female,B+,Elective,Government Scheme,12,76010.47,75,9,Recovered
PAT-50429,2023-02-06,Pediatrics,68,Female,O-,Elective,Private Insurance,12,198570.15,75,1,Referred
PAT-50470,2023-02-06,ENT,25,Female,AB+,Elective,Corporate Insurance,6,120514.41,84,5,Recovered
PAT-52206,2023-02-06,Dermatology,10,Female,AB+,Outpatient,Government Scheme,11,135773.03,64,14,Under Treatment
PAT-51002,2023-02-06,Orthopedics,80,Male,A+,Outpatient,Corporate Insurance,8,78030.09,56,7,Recovered
PAT-51775,2023-02-07,ENT,28,Male,A-,Outpatient,Self Pay,3,15004.82,82,8,Referred
PAT-50322,2023-02-07,Dermatology,78,Male,B+,Emergency,Self Pay,20,240588.98,46,14,Recovered
PAT-50548,2023-02-07,Dermatology,87,Male,AB-,Emergency,Government Scheme,12,106065.3,49,13,Under Treatment
PAT-50732,2023-02-08,Neurology,8,Female,A-,Elective,Private Insurance,12,124246.2,68,9,Recovered
PAT-52441,2023-02-08,Neurology,2,Female,B+,Outpatient,Self Pay,6,77013.03,59,4,Recovered
PAT-51247,2023-02-08,Pediatrics,81,Male,O+,Outpatient,Corporate Insurance,16,164515.42,47,7,Recovered
PAT-51898,2023-02-08,Orthopedics,44,Male,O-,Elective,Government Scheme,8,157620.59,51,9,Referred
PAT-51711,2023-02-08,General Medicine,74,Male,O-,Elective,Private Insurance,7,114444.06,92,12,Recovered
PAT-52364,2023-02-09,General Medicine,14,Female,AB-,Outpatient,Government Scheme,9,201052.59,51,6,Under Treatment
PAT-52205,2023-02-09,Pediatrics,54,Female,A-,Emergency,Government Scheme,20,128788.35,87,8,Recovered
PAT-53575,2023-02-10,Neurology,31,Female,O+,Elective,Corporate Insurance,13,91773.06,76,1,Recovered
PAT-52141,2023-02-10,Pediatrics,20,Other,B+,Elective,Corporate Insurance,19,96906.47,97,14,Recovered
PAT-51464,2023-02-11,Neurology,51,Male,AB+,Elective,Self Pay,4,6029.35,89,3,Recovered
PAT-50297,2023-02-11,ENT,57,Male,AB+,Elective,Government Scheme,4,152416.63,42,4,Recovered
PAT-53244,2023-02-11,Cardiology,30,Female,AB-,Emergency,Private Insurance,9,232927.51,76,11,Recovered
PAT-52791,2023-02-11,General Medicine,53,Female,O+,Elective,Corporate Insurance,3,20726.19,94,14,Recovered
PAT-51095,2023-02-11,Cardiology,46,Female,O+,Emergency,Government Scheme,1,243951.02,52,12,Recovered
PAT-52918,2023-02-11,Pediatrics,85,Male,O+,Emergency,Government Scheme,12,191297.38,80,11,Recovered
PAT-50120,2023-02-11,General Medicine,45,Female,B+,Elective,Self Pay,3,181055.18,82,11,Recovered
PAT-53487,2023-02-12,Orthopedics,72,Female,O+,Emergency,Corporate Insurance,12,165537.72,58,10,Recovered
PAT-52335,2023-02-12,General Medicine,18,Female,B+,Elective,Corporate Insurance,5,35704.0,70,7,Under Treatment
PAT-52743,2023-02-12,Cardiology,38,Female,O-,Elective,Corporate Insurance,4,238943.29,52,13,Recovered
PAT-51474,2023-02-12,Orthopedics,42,Female,B+,Outpatient,Self Pay,8,218585.54,79,5,Under Treatment
PAT-51658,2023-02-12,Dermatology,56,Female,B+,Emergency,Corporate Insurance,5,24656.01,73,10,Recovered
PAT-50578,2023-02-13,Pediatrics,73,Male,B+,Elective,Corporate Insurance,2,95610.13,66,8,Recovered
PAT-50546,2023-02-13,Dermatology,2,Female,B-,Emergency,Self Pay,13,206956.25,70,10,Recovered
PAT-51759,2023-02-13,Dermatology,58,Male,B-,Emergency,Self Pay,11,107703.45,43,7,Recovered
PAT-50980,2023-02-13,General Medicine,16,Male,A-,Outpatient,Private Insurance,7,74617.69,73,2,Recovered
PAT-52360,2023-02-13,Orthopedics,59,Male,AB-,Outpatient,Government Scheme,14,199326.09,81,5,Referred
PAT-53030,2023-02-14,Cardiology,8,Male,A+,Emergency,Corporate Insurance,20,120546.24,83,8,Recovered
PAT-51666,2023-02-14,Cardiology,63,Male,AB-,Outpatient,Self Pay,15,229072.99,47,7,Referred
PAT-50298,2023-02-14,General Medicine,52,Female,O+,Outpatient,Self Pay,14,103232.14,40,5,Under Treatment
PAT-51626,2023-02-14,Oncology,48,Female,A-,Outpatient,Private Insurance,1,110643.15,75,5,Recovered
PAT-52582,2023-02-14,Pediatrics,23,Female,B-,Elective,Corporate Insurance,7,150241.65,98,13,Recovered
PAT-52093,2023-02-14,Oncology,55,Female,A+,Elective,Government Scheme,9,118394.51,52,10,Recovered
PAT-50730,2023-02-14,Dermatology,80,Male,AB-,Emergency,Self Pay,4,38046.0,97,7,Recovered
PAT-52043,2023-02-14,General Medicine,20,Male,B-,Emergency,Self Pay,9,160196.48,89,2,Recovered
PAT-53299,2023-02-14,Oncology,86,Male,A-,Outpatient,Corporate Insurance,16,196618.23,43,12,Recovered
PAT-52416,2023-02-15,Oncology,18,Male,O+,Elective,Government Scheme,8,81731.96,65,13,Under Treatment
PAT-51386,2023-02-15,Oncology,3,Female,O+,Emergency,Government Scheme,11,110177.93,86,6,Recovered
PAT-51244,2023-02-15,Orthopedics,42,Female,B-,Emergency,Corporate Insurance,20,18556.4,74,14,Recovered
PAT-52625,2023-02-15,ENT,4,Male,O-,Emergency,Government Scheme,2,97882.17,49,14,Recovered
PAT-53201,2023-02-15,General Medicine,27,Male,A-,Outpatient,Corporate Insurance,19,12667.59,96,4,Discharged Against Advice
PAT-51296,2023-02-15,Neurology,46,Female,O+,Outpatient,Corporate Insurance,19,17489.16,41,7,Recovered
PAT-53295,2023-02-16,Neurology,50,Male,A-,Emergency,Private Insurance,11,1559.61,99,11,Recovered
PAT-53097,2023-02-16,Orthopedics,31,Other,AB-,Elective,Private Insurance,12,143820.59,74,5,Recovered
PAT-51414,2023-02-17,Orthopedics,2,Male,AB-,Emergency,Government Scheme,6,19080.43,99,14,Recovered
PAT-52873,2023-02-17,General Medicine,35,Female,A+,Emergency,Corporate Insurance,9,202811.2,43,14,Recovered
PAT-52566,2023-02-17,General Medicine,73,Female,B+,Outpatient,Government Scheme,2,65206.32,53,2,Recovered
PAT-52738,2023-02-17,Neurology,25,Female,B+,Elective,Corporate Insurance,13,95926.05,90,1,Recovered
PAT-51182,2023-02-17,Dermatology,35,Other,B-,Elective,Self Pay,2,134802.28,98,4,Recovered
PAT-51764,2023-02-17,General Medicine,42,Male,B-,Outpatient,Government Scheme,14,8339.91,69,6,Discharged Against Advice
PAT-50048,2023-02-17,General Medicine,78,Female,O-,Emergency,Self Pay,7,208826.99,55,12,Recovered
PAT-50554,2023-02-18,Pediatrics,82,Male,B-,Emergency,Government Scheme,12,39577.41,47,11,Recovered
PAT-52558,2023-02-18,Pediatrics,83,Male,AB+,Emergency,Private Insurance,10,99028.33,82,3,Under Treatment
PAT-51462,2023-02-19,General Medicine,66,Male,A-,Elective,Corporate Insurance,10,235502.97,88,6,Recovered
PAT-53344,2023-02-19,General Medicine,40,Male,AB+,Emergency,Corporate Insurance,11,134664.5,41,4,Recovered
PAT-51952,2023-02-20,Pediatrics,21,Male,O-,Outpatient,Government Scheme,19,104127.64,76,7,Recovered
PAT-52277,2023-02-20,Pediatrics,41,Female,A-,Emergency,Self Pay,19,146691.95,88,3,Recovered
PAT-50063,2023-02-20,Orthopedics,11,Female,B+,Outpatient,Government Scheme,17,92388.95,83,14,Under Treatment
PAT-52090,2023-02-21,Dermatology,56,Female,AB+,Outpatient,Government Scheme,10,170473.1,86,11,Recovered
PAT-50894,2023-02-21,Orthopedics,9,Female,B+,Elective,Private Insurance,19,205896.8,74,2,Recovered
PAT-52552,2023-02-21,Dermatology,86,Male,O-,Elective,Government Scheme,13,65816.32,75,1,Recovered
PAT-50360,2023-02-21,General Medicine,55,Female,O+,Emergency,Corporate Insurance,4,153952.34,56,12,Referred
PAT-53542,2023-02-21,Neurology,70,Female,A+,Emergency,Self Pay,10,125726.97,94,10,Recovered
PAT-53159,2023-02-22,Orthopedics,47,Male,AB+,Emergency,Corporate Insurance,2,19148.18,97,13,Recovered
PAT-53478,2023-02-22,Cardiology,72,Male,A-,Outpatient,Self Pay,12,68365.85,82,14,Recovered
PAT-51987,2023-02-22,Oncology,32,Female,AB-,Emergency,Private Insurance,5,174057.07,96,4,Under Treatment
PAT-50586,2023-02-23,ENT,29,Male,O-,Elective,Corporate Insurance,9,29371.15,95,2,Under Treatment
PAT-51142,2023-02-23,General Medicine,26,Male,AB+,Emergency,Self Pay,8,84216.75,53,5,Referred
PAT-52729,2023-02-23,General Medicine,4,Female,O+,Emergency,Self Pay,18,238797.02,61,2,Recovered
PAT-52996,2023-02-24,ENT,36,Male,AB-,Emergency,Corporate Insurance,20,181172.27,57,14,Recovered
PAT-50268,2023-02-24,Dermatology,84,Female,O+,Emergency,Corporate Insurance,12,15390.03,43,7,Under Treatment
PAT-52444,2023-02-24,Pediatrics,79,Male,AB+,Outpatient,Government Scheme,7,223151.67,49,2,Recovered
PAT-52278,2023-02-25,Orthopedics,63,Male,A+,Elective,Government Scheme,9,126904.25,54,4,Referred
PAT-51848,2023-02-25,Oncology,25,Male,O+,Emergency,Corporate Insurance,15,242258.77,41,6,Recovered
PAT-51449,2023-02-25,Pediatrics,5,Female,AB+,Outpatient,Self Pay,4,187894.29,60,5,Referred
PAT-50125,2023-02-25,Dermatology,14,Female,B+,Emergency,Private Insurance,1,214036.73,88,1,Under Treatment
PAT-51533,2023-02-25,Oncology,56,Female,O+,Outpatient,Corporate Insurance,4,204089.68,41,8,Recovered
PAT-53184,2023-02-26,Orthopedics,45,Male,B-,Elective,Private Insurance,19,220014.77,85,13,Recovered
PAT-50945,2023-02-26,Orthopedics,26,Male,O+,Elective,Self Pay,1,76920.16,51,9,Recovered
PAT-53141,2023-02-26,Neurology,53,Male,AB+,Outpatient,Government Scheme,16,10612.42,46,9,Recovered
PAT-53022,2023-02-26,Orthopedics,4,Female,O+,Outpatient,Self Pay,7,115947.04,83,10,Referred
PAT-53468,2023-02-26,Oncology,43,Male,B+,Emergency,Corporate Insurance,15,137263.98,55,7,Recovered
PAT-50977,2023-02-26,Oncology,39,Female,AB-,Outpatient,Private Insurance,2,26956.0,46,9,Recovered
PAT-50653,2023-02-26,ENT,48,Male,A-,Elective,Private Insurance,3,164505.83,40,11,Referred
PAT-51205,2023-02-26,Cardiology,47,Female,AB+,Elective,Government Scheme,18,10141.56,74,12,Recovered
PAT-52518,2023-02-27,Pediatrics,89,Male,AB-,Outpatient,Corporate Insurance,7,181534.54,52,9,Discharged Against Advice
PAT-51355,2023-02-27,Neurology,72,Male,AB-,Outpatient,Corporate Insurance,7,18975.58,55,13,Recovered
PAT-52590,2023-02-28,Neurology,37,Male,A-,Emergency,Private Insurance,18,189316.08,55,5,Recovered
PAT-52664,2023-03-01,Pediatrics,21,Male,O-,Outpatient,Private Insurance,7,160499.43,44,12,Recovered
PAT-50376,2023-03-01,Neurology,21,Male,A+,Emergency,Private Insurance,2,182835.94,55,10,Recovered
PAT-53490,2023-03-01,Dermatology,56,Female,AB-,Emergency,Government Scheme,4,99976.17,92,11,Under Treatment
PAT-53137,2023-03-01,Cardiology,13,Male,B-,Emergency,Private Insurance,17,94741.51,68,5,Under Treatment
PAT-52038,2023-03-01,Pediatrics,46,Male,B+,Outpatient,Government Scheme,8,204178.68,89,11,Recovered
PAT-51245,2023-03-02,Pediatrics,55,Male,O-,Outpatient,Self Pay,11,138744.3,96,2,Recovered
PAT-50492,2023-03-02,Orthopedics,18,Male,AB-,Outpatient,Self Pay,7,244389.96,88,3,Recovered
PAT-50864,2023-03-02,Cardiology,84,Male,B+,Elective,Government Scheme,19,33383.24,99,6,Recovered
PAT-52180,2023-03-02,General Medicine,5,Female,AB-,Elective,Private Insurance,12,45787.39,79,4,Recovered
PAT-52990,2023-03-02,General Medicine,40,Female,AB-,Elective,Government Scheme,16,177837.35,47,4,Recovered
PAT-51609,2023-03-03,Neurology,49,Male,AB+,Emergency,Self Pay,9,230247.91,96,13,Recovered
PAT-50463,2023-03-03,ENT,53,Male,A+,Elective,Self Pay,12,89480.02,58,3,Recovered
PAT-52658,2023-03-03,Oncology,6,Female,B-,Outpatient,Government Scheme,3,196989.16,73,4,Recovered
PAT-52311,2023-03-03,Cardiology,1,Male,B+,Elective,Private Insurance,16,190028.07,87,1,Recovered
PAT-53322,2023-03-03,Pediatrics,83,Female,A+,Emergency,Corporate Insurance,16,214436.05,65,13,Recovered
PAT-52816,2023-03-03,Cardiology,52,Female,O+,Outpatient,Self Pay,20,35758.65,89,12,Recovered
PAT-50910,2023-03-04,General Medicine,29,Female,B-,Emergency,Private Insurance,11,208362.98,66,5,Recovered
PAT-50207,2023-03-04,Cardiology,75,Male,A+,Elective,Corporate Insurance,3,58588.37,43,4,Recovered
PAT-51838,2023-03-04,Orthopedics,17,Male,A+,Emergency,Corporate Insurance,1,235554.52,68,3,Recovered
PAT-50921,2023-03-04,Neurology,27,Male,B-,Outpatient,Government Scheme,7,196198.39,79,10,Recovered
PAT-52395,2023-03-05,General Medicine,13,Female,AB+,Outpatient,Private Insurance,7,57621.19,88,11,Recovered
PAT-51655,2023-03-05,Pediatrics,62,Female,A+,Elective,Corporate Insurance,3,21255.08,88,2,Recovered
PAT-52647,2023-03-05,ENT,65,Male,A-,Elective,Private Insurance,15,3411.17,69,9,Under Treatment
PAT-51619,2023-03-05,Pediatrics,27,Male,AB-,Elective,Government Scheme,8,22414.83,93,4,Recovered
PAT-50684,2023-03-05,Oncology,39,Male,O+,Emergency,Self Pay,20,15109.72,56,11,Referred
PAT-52295,2023-03-06,Pediatrics,20,Female,AB-,Outpatient,Private Insurance,17,39172.42,48,4,Recovered
PAT-52336,2023-03-06,ENT,7,Male,O-,Outpatient,Self Pay,20,173976.45,41,9,Recovered
PAT-50062,2023-03-06,Dermatology,83,Female,AB+,Outpatient,Corporate Insurance,8,138680.29,54,2,Recovered
PAT-51675,2023-03-06,Pediatrics,19,Male,O+,Emergency,Private Insurance,4,73118.36,73,14,Recovered
PAT-53559,2023-03-06,Neurology,29,Male,B-,Outpatient,Self Pay,17,117556.41,95,9,Under Treatment
PAT-51519,2023-03-07,ENT,31,Male,O+,Elective,Self Pay,10,175524.21,76,6,Recovered
PAT-51055,2023-03-07,Pediatrics,47,Male,A-,Outpatient,Corporate Insurance,5,31046.57,70,10,Under Treatment
PAT-53385,2023-03-08,Orthopedics,35,Male,B+,Emergency,Self Pay,9,49398.65,40,2,Recovered
PAT-50656,2023-03-08,Dermatology,79,Female,B+,Elective,Corporate Insurance,13,225974.67,71,3,Recovered
PAT-52763,2023-03-08,Orthopedics,80,Male,O+,Outpatient,Corporate Insurance,14,81576.35,88,2,Recovered
PAT-50040,2023-03-08,ENT,30,Female,AB-,Outpatient,Corporate Insurance,19,55914.97,91,2,Discharged Against Advice
PAT-50044,2023-03-08,Cardiology,28,Female,B+,Outpatient,Self Pay,13,17271.13,42,3,Recovered
PAT-53314,2023-03-08,Orthopedics,42,Female,A-,Elective,Government Scheme,5,96282.98,97,6,Recovered
PAT-50553,2023-03-08,Cardiology,30,Male,B+,Outpatient,Self Pay,6,98213.31,77,11,Recovered
PAT-52703,2023-03-08,Oncology,83,Male,O+,Emergency,Private Insurance,6,151919.87,91,5,Recovered
PAT-51746,2023-03-08,Dermatology,77,Female,O-,Emergency,Government Scheme,15,37870.18,72,11,Recovered
PAT-52178,2023-03-08,Cardiology,67,Male,AB-,Outpatient,Government Scheme,19,80460.97,65,13,Recovered
PAT-52950,2023-03-09,ENT,81,Male,O+,Outpatient,Government Scheme,6,149433.82,77,9,Under Treatment
PAT-52396,2023-03-09,Dermatology,58,Male,AB+,Elective,Corporate Insurance,4,109918.69,77,8,Recovered
PAT-52260,2023-03-09,Dermatology,20,Male,A+,Elective,Self Pay,1,149999.49,72,12,Under Treatment
PAT-51992,2023-03-09,Oncology,23,Male,O-,Elective,Private Insurance,12,203000.5,76,14,Recovered
PAT-53142,2023-03-09,Orthopedics,86,Male,A+,Outpatient,Government Scheme,19,181716.04,69,12,Recovered
PAT-51007,2023-03-09,Oncology,18,Male,AB-,Emergency,Private Insurance,1,185200.59,61,11,Recovered
PAT-51139,2023-03-10,Cardiology,22,Male,O+,Elective,Corporate Insurance,13,69680.57,68,4,Recovered
PAT-52084,2023-03-10,Cardiology,84,Female,A-,Elective,Self Pay,15,18085.35,65,9,Under Treatment
PAT-51104,2023-03-10,Oncology,68,Male,AB-,Elective,Self Pay,4,83044.18,64,1,Recovered
PAT-53553,2023-03-10,Orthopedics,42,Male,A+,Outpatient,Corporate Insurance,6,114221.78,80,5,Recovered
PAT-53257,2023-03-10,Pediatrics,2,Female,B+,Outpatient,Corporate Insurance,13,182269.08,42,14,Recovered
PAT-50645,2023-03-11,Cardiology,7,Female,A+,Emergency,Government Scheme,17,16456.34,47,4,Referred
PAT-50192,2023-03-11,Oncology,70,Female,AB+,Elective,Corporate Insurance,5,4526.97,88,5,Recovered
PAT-51335,2023-03-11,General Medicine,59,Male,O-,Elective,Self Pay,13,51258.16,92,13,Recovered
PAT-50067,2023-03-11,Oncology,64,Female,O-,Elective,Corporate Insurance,14,215351.8,71,10,Referred
PAT-50815,2023-03-12,Cardiology,28,Female,AB+,Elective,Private Insurance,7,143613.4,69,4,Recovered
PAT-51031,2023-03-12,ENT,86,Female,B+,Elective,Government Scheme,18,243626.08,84,11,Under Treatment
PAT-53335,2023-03-12,Neurology,5,Male,A-,Outpatient,Corporate Insurance,4,104114.17,74,3,Recovered
PAT-52355,2023-03-13,Cardiology,5,Male,O+,Outpatient,Private Insurance,19,138553.66,67,7,Under Treatment
PAT-50152,2023-03-13,Neurology,45,Male,A-,Emergency,Government Scheme,4,192560.09,56,10,Recovered
PAT-53597,2023-03-13,General Medicine,57,Male,O-,Elective,Corporate Insurance,6,185799.35,99,1,Recovered
PAT-50440,2023-03-13,Dermatology,26,Female,AB-,Emergency,Private Insurance,1,67691.65,83,8,Under Treatment
PAT-52967,2023-03-13,Pediatrics,70,Female,B-,Elective,Corporate Insurance,13,6346.71,48,8,Recovered
PAT-51971,2023-03-13,General Medicine,44,Female,AB-,Outpatient,Government Scheme,1,171922.81,81,5,Recovered
PAT-51016,2023-03-13,Oncology,88,Female,AB-,Emergency,Private Insurance,2,247879.26,47,3,Recovered
PAT-51876,2023-03-13,Oncology,83,Male,O+,Outpatient,Private Insurance,3,103599.8,67,3,Referred
PAT-52241,2023-03-13,ENT,27,Female,AB+,Outpatient,Government Scheme,3,178590.58,88,14,Recovered
PAT-50642,2023-03-13,Pediatrics,84,Other,O-,Outpatient,Self Pay,3,147678.97,98,5,Recovered
PAT-51605,2023-03-13,General Medicine,79,Male,B-,Elective,Corporate Insurance,5,128116.59,87,1,Under Treatment
PAT-52585,2023-03-13,Orthopedics,28,Male,AB-,Emergency,Private Insurance,18,170481.17,85,5,Recovered
PAT-50404,2023-03-14,Pediatrics,13,Female,B-,Outpatient,Corporate Insurance,6,59746.74,49,7,Recovered
PAT-52895,2023-03-14,Pediatrics,14,Male,AB-,Elective,Government Scheme,16,2879.12,61,7,Recovered
PAT-52853,2023-03-14,Pediatrics,79,Female,A+,Emergency,Government Scheme,5,127770.45,91,7,Recovered
PAT-52587,2023-03-14,Dermatology,75,Other,A+,Elective,Self Pay,2,55012.64,85,14,Recovered
PAT-52339,2023-03-15,Orthopedics,81,Female,A-,Emergency,Corporate Insurance,6,204288.93,96,1,Discharged Against Advice
PAT-53116,2023-03-15,Orthopedics,54,Female,AB+,Emergency,Corporate Insurance,7,52779.46,87,9,Recovered
PAT-51398,2023-03-15,Neurology,29,Other,O-,Elective,Private Insurance,7,229385.35,86,4,Recovered
PAT-53422,2023-03-15,Pediatrics,70,Female,O-,Outpatient,Corporate Insurance,14,235562.77,59,5,Recovered
PAT-50465,2023-03-15,Dermatology,89,Female,AB-,Outpatient,Self Pay,6,152038.59,60,10,Recovered
PAT-53592,2023-03-15,General Medicine,3,Female,B+,Elective,Private Insurance,19,199874.37,65,2,Recovered
PAT-52674,2023-03-15,Dermatology,82,Male,O-,Outpatient,Self Pay,4,155737.08,40,7,Recovered
PAT-52715,2023-03-15,ENT,89,Male,AB+,Elective,Corporate Insurance,8,129487.9,49,10,Recovered
PAT-51797,2023-03-16,Pediatrics,88,Male,AB+,Elective,Government Scheme,17,63839.01,47,14,Recovered
PAT-52325,2023-03-16,Pediatrics,78,Female,A+,Emergency,Government Scheme,12,202279.17,49,1,Recovered
PAT-53051,2023-03-16,Orthopedics,13,Female,O-,Emergency,Corporate Insurance,13,245777.03,52,12,Referred
PAT-50259,2023-03-16,Cardiology,38,Male,A+,Emergency,Private Insurance,20,203195.82,50,5,Recovered
PAT-50801,2023-03-16,Cardiology,57,Male,O+,Elective,Corporate Insurance,17,119549.19,69,5,Recovered
PAT-50880,2023-03-16,Neurology,35,Female,O+,Emergency,Self Pay,5,48813.38,65,2,Under Treatment
PAT-50472,2023-03-16,Pediatrics,47,Male,B+,Emergency,Corporate Insurance,17,26037.48,87,12,Under Treatment
PAT-51632,2023-03-17,Neurology,84,Male,AB+,Outpatient,Self Pay,18,27388.43,96,1,Recovered
PAT-51549,2023-03-17,ENT,56,Female,AB-,Elective,Self Pay,20,106659.21,48,9,Recovered
PAT-52813,2023-03-17,Oncology,31,Female,O-,Emergency,Government Scheme,2,22951.62,48,12,Recovered
PAT-52111,2023-03-17,Cardiology,86,Male,B-,Emergency,Private Insurance,13,185210.21,69,14,Recovered
PAT-52066,2023-03-17,Orthopedics,88,Female,AB-,Emergency,Self Pay,2,131070.53,46,2,Under Treatment
PAT-53347,2023-03-17,Orthopedics,56,Female,O+,Emergency,Self Pay,15,213165.12,59,14,Recovered
PAT-53464,2023-03-18,Dermatology,10,Male,AB+,Emergency,Corporate Insurance,18,193616.97,96,3,Recovered
PAT-51933,2023-03-18,Orthopedics,13,Male,O-,Emergency,Corporate Insurance,18,200058.29,84,1,Recovered
PAT-50650,2023-03-18,Neurology,65,Female,AB-,Outpatient,Self Pay,9,242337.71,81,7,Recovered
PAT-53124,2023-03-19,Orthopedics,51,Male,A+,Emergency,Government Scheme,13,127948.59,61,14,Recovered
PAT-52493,2023-03-19,Pediatrics,19,Male,B+,Elective,Private Insurance,12,8559.58,63,5,Under Treatment
PAT-52088,2023-03-19,ENT,36,Male,AB+,Elective,Government Scheme,3,91721.93,48,6,Recovered
PAT-51078,2023-03-19,Pediatrics,87,Male,A-,Emergency,Self Pay,14,90863.62,53,14,Under Treatment
PAT-50018,2023-03-19,General Medicine,49,Male,O+,Outpatient,Private Insurance,6,130316.07,82,14,Recovered
PAT-53195,2023-03-19,General Medicine,49,Male,AB+,Emergency,Government Scheme,5,151729.24,48,1,Under Treatment
PAT-51690,2023-03-20,Dermatology,49,Male,O+,Elective,Government Scheme,7,172319.17,95,13,Recovered
PAT-53042,2023-03-20,General Medicine,89,Female,B-,Outpatient,Corporate Insurance,3,121306.02,94,5,Recovered
PAT-50859,2023-03-20,Oncology,65,Female,B+,Emergency,Corporate Insurance,19,20016.69,96,9,Recovered
PAT-52749,2023-03-20,General Medicine,69,Female,AB-,Emergency,Government Scheme,14,223417.51,89,8,Recovered
PAT-50302,2023-03-20,Dermatology,67,Male,B+,Emergency,Government Scheme,8,15668.46,71,10,Recovered
PAT-50486,2023-03-20,Oncology,77,Female,AB-,Emergency,Self Pay,2,11384.58,98,9,Recovered
PAT-51472,2023-03-21,Pediatrics,62,Female,A-,Elective,Government Scheme,4,35219.84,43,7,Recovered
PAT-53473,2023-03-21,Dermatology,74,Male,A+,Outpatient,Government Scheme,16,40912.63,68,11,Discharged Against Advice
PAT-51757,2023-03-21,Oncology,62,Male,B-,Outpatient,Corporate Insurance,12,192311.59,71,12,Referred
PAT-51765,2023-03-21,General Medicine,9,Male,AB+,Emergency,Government Scheme,2,219900.19,52,10,Recovered
PAT-52313,2023-03-21,Pediatrics,19,Female,B-,Outpatient,Corporate Insurance,15,129256.92,60,13,Recovered
PAT-52970,2023-03-22,Orthopedics,15,Female,B-,Outpatient,Government Scheme,15,52285.43,41,6,Discharged Against Advice
PAT-52006,2023-03-22,Cardiology,58,Male,AB+,Emergency,Self Pay,18,244049.69,40,6,Recovered
PAT-50643,2023-03-22,Dermatology,12,Male,AB-,Emergency,Corporate Insurance,7,122296.01,53,11,Under Treatment
PAT-51034,2023-03-23,ENT,88,Female,B+,Elective,Self Pay,14,116727.61,85,8,Under Treatment
PAT-50371,2023-03-23,Dermatology,89,Male,O+,Emergency,Private Insurance,14,132340.62,79,4,Under Treatment
PAT-53082,2023-03-23,Dermatology,58,Male,B+,Elective,Self Pay,16,5257.08,96,4,Recovered
PAT-53539,2023-03-23,Pediatrics,43,Female,AB+,Emergency,Corporate Insurance,2,121427.04,89,4,Recovered
PAT-53346,2023-03-24,Neurology,66,Male,AB-,Elective,Government Scheme,1,1832.65,91,14,Recovered
PAT-50069,2023-03-24,ENT,11,Female,AB-,Outpatient,Self Pay,13,152468.58,92,7,Recovered
PAT-50535,2023-03-24,Pediatrics,59,Male,O-,Outpatient,Corporate Insurance,19,4192.04,82,8,Recovered
PAT-50377,2023-03-24,Oncology,17,Female,B-,Elective,Self Pay,19,30303.62,51,9,Recovered
PAT-50728,2023-03-25,Dermatology,89,Female,B+,Outpatient,Government Scheme,18,88529.98,82,14,Under Treatment
PAT-53393,2023-03-25,General Medicine,34,Female,O-,Emergency,Corporate Insurance,15,155638.68,40,5,Recovered
PAT-52527,2023-03-25,Orthopedics,65,Female,B+,Emergency,Government Scheme,7,29738.21,73,8,Recovered
PAT-50329,2023-03-25,Cardiology,54,Male,AB+,Elective,Self Pay,16,20977.6,92,5,Recovered
PAT-52669,2023-03-25,Cardiology,81,Male,B+,Elective,Private Insurance,3,222571.54,45,6,Recovered
PAT-50223,2023-03-26,Neurology,36,Male,O+,Elective,Corporate Insurance,1,162274.22,89,13,Recovered
PAT-53068,2023-03-26,ENT,70,Female,B+,Outpatient,Private Insurance,8,150189.89,73,1,Under Treatment
PAT-53203,2023-03-26,Orthopedics,21,Female,A+,Emergency,Government Scheme,16,12890.41,99,8,Recovered
PAT-52073,2023-03-27,ENT,48,Male,AB+,Emergency,Government Scheme,17,232022.04,41,4,Recovered
PAT-51544,2023-03-27,Cardiology,9,Male,O-,Outpatient,Government Scheme,15,24991.96,93,2,Recovered
PAT-50879,2023-03-27,Neurology,20,Male,AB-,Elective,Self Pay,16,60738.91,45,9,Recovered
PAT-50766,2023-03-27,Oncology,44,Male,AB-,Outpatient,Government Scheme,12,58794.16,82,9,Recovered
PAT-51527,2023-03-27,Dermatology,9,Male,B+,Outpatient,Corporate Insurance,17,24534.67,71,10,Referred
PAT-52963,2023-03-28,Neurology,47,Male,A-,Elective,Self Pay,2,176454.65,62,5,Recovered
PAT-53242,2023-03-28,Pediatrics,83,Male,B-,Elective,Private Insurance,11,222760.9,61,1,Recovered
PAT-50745,2023-03-28,Pediatrics,42,Female,A-,Elective,Government Scheme,9,17512.41,54,11,Under Treatment
PAT-53508,2023-03-29,Neurology,35,Male,O+,Emergency,Corporate Insurance,19,105672.72,43,13,Recovered
PAT-52597,2023-03-29,Cardiology,70,Male,A+,Elective,Government Scheme,1,31100.24,58,5,Recovered
PAT-52346,2023-03-29,Cardiology,34,Male,O-,Elective,Corporate Insurance,3,243835.76,87,6,Recovered
PAT-51600,2023-03-30,Orthopedics,14,Male,B-,Outpatient,Government Scheme,1,94256.21,47,8,Recovered
PAT-52735,2023-03-31,Oncology,5,Female,A-,Outpatient,Corporate Insurance,10,164176.6,48,9,Under Treatment
PAT-52732,2023-03-31,Pediatrics,24,Male,AB+,Elective,Government Scheme,15,203997.3,89,9,Under Treatment
PAT-50347,2023-03-31,Orthopedics,51,Female,AB+,Outpatient,Self Pay,8,52651.92,66,11,Recovered
PAT-52641,2023-03-31,Neurology,22,Male,B-,Outpatient,Corporate Insurance,16,103352.52,56,1,Recovered
PAT-51237,2023-03-31,Orthopedics,82,Female,AB+,Elective,Government Scheme,6,64315.1,64,9,Under Treatment
PAT-53394,2023-03-31,Orthopedics,57,Male,O-,Outpatient,Corporate Insurance,16,94984.61,91,4,Recovered
PAT-51394,2023-03-31,Oncology,83,Male,O+,Emergency,Corporate Insurance,14,230508.22,94,1,Recovered
PAT-51673,2023-03-31,Orthopedics,63,Male,A+,Emergency,Self Pay,1,204942.6,45,4,Recovered
PAT-51660,2023-03-31,Dermatology,21,Other,O+,Outpatient,Self Pay,8,93993.01,98,12,Recovered
PAT-51912,2023-04-01,Orthopedics,23,Male,AB-,Outpatient,Self Pay,5,113413.77,55,5,Under Treatment
PAT-51376,2023-04-01,Oncology,28,Female,B+,Emergency,Self Pay,13,16573.12,49,4,Recovered
PAT-51277,2023-04-02,ENT,66,Female,A-,Outpatient,Private Insurance,18,23898.81,95,11,Recovered
PAT-53418,2023-04-03,General Medicine,64,Male,A-,Outpatient,Private Insurance,15,197500.05,68,3,Recovered
PAT-50272,2023-04-03,Dermatology,65,Other,B-,Outpatient,Private Insurance,3,7566.21,75,14,Recovered
PAT-51699,2023-04-03,Pediatrics,63,Male,AB-,Emergency,Private Insurance,9,155161.9,49,4,Recovered
PAT-50493,2023-04-03,Oncology,77,Female,A+,Emergency,Self Pay,1,180854.01,58,9,Recovered
PAT-51025,2023-04-03,ENT,73,Male,AB-,Emergency,Self Pay,8,145208.89,42,11,Recovered
PAT-51969,2023-04-03,ENT,4,Male,B+,Elective,Private Insurance,5,153994.51,89,4,Recovered
PAT-53210,2023-04-03,Dermatology,79,Male,A+,Elective,Private Insurance,17,168117.8,66,12,Recovered
PAT-51596,2023-04-04,Dermatology,40,Female,AB+,Elective,Corporate Insurance,3,177465.06,69,2,Recovered
PAT-52991,2023-04-04,Oncology,58,Female,B+,Elective,Private Insurance,17,109438.95,83,12,Recovered
PAT-50750,2023-04-04,Pediatrics,39,Male,B+,Emergency,Government Scheme,10,31913.03,88,1,Recovered
PAT-52718,2023-04-04,Pediatrics,4,Male,AB-,Emergency,Self Pay,3,62948.71,40,5,Under Treatment
PAT-52103,2023-04-05,Orthopedics,87,Female,O+,Outpatient,Corporate Insurance,19,222898.46,72,11,Recovered
PAT-52766,2023-04-05,ENT,33,Female,A+,Elective,Government Scheme,11,47039.75,53,2,Referred
PAT-50382,2023-04-05,Neurology,22,Male,AB-,Elective,Self Pay,14,222147.31,79,3,Referred
PAT-51501,2023-04-05,Oncology,18,Male,AB+,Emergency,Government Scheme,15,2789.09,93,7,Recovered
PAT-53386,2023-04-05,Dermatology,65,Female,A-,Emergency,Corporate Insurance,3,36683.52,70,10,Recovered
PAT-51729,2023-04-05,Dermatology,30,Male,AB+,Emergency,Self Pay,20,185742.88,43,6,Recovered
PAT-52783,2023-04-05,Orthopedics,50,Male,A-,Outpatient,Private Insurance,11,94000.07,75,2,Recovered
PAT-53333,2023-04-06,General Medicine,38,Male,O+,Emergency,Government Scheme,17,247796.09,93,6,Under Treatment
PAT-53303,2023-04-06,Orthopedics,46,Female,B+,Emergency,Corporate Insurance,10,92757.97,56,9,Recovered
PAT-52430,2023-04-06,Dermatology,34,Female,A+,Outpatient,Government Scheme,17,201891.27,50,3,Recovered
PAT-53125,2023-04-06,Orthopedics,11,Female,AB-,Outpatient,Corporate Insurance,1,74307.17,78,2,Recovered
PAT-52367,2023-04-07,General Medicine,77,Female,B+,Elective,Corporate Insurance,12,242297.25,62,5,Recovered
PAT-52539,2023-04-07,Orthopedics,19,Female,A+,Elective,Self Pay,12,224491.63,94,9,Recovered
PAT-52964,2023-04-07,Oncology,16,Male,A-,Emergency,Private Insurance,13,55595.26,98,12,Recovered
PAT-50798,2023-04-07,Orthopedics,59,Female,A-,Elective,Government Scheme,10,108955.39,97,4,Referred
PAT-52479,2023-04-07,Oncology,20,Male,AB+,Elective,Corporate Insurance,1,35118.97,86,13,Recovered
PAT-53363,2023-04-07,Pediatrics,61,Male,B+,Emergency,Corporate Insurance,11,123048.48,55,9,Recovered
PAT-53500,2023-04-07,Pediatrics,83,Male,A-,Elective,Self Pay,5,105302.87,82,7,Recovered
PAT-52688,2023-04-08,Neurology,69,Male,O-,Emergency,Government Scheme,10,73202.08,40,5,Recovered
PAT-52685,2023-04-08,Neurology,33,Female,B-,Outpatient,Corporate Insurance,5,83151.49,67,5,Recovered
PAT-53185,2023-04-08,Oncology,31,Male,B+,Elective,Government Scheme,17,52674.36,72,13,Referred
PAT-51688,2023-04-08,Neurology,21,Male,AB+,Outpatient,Government Scheme,12,36664.57,86,11,Recovered
PAT-51568,2023-04-08,Oncology,30,Male,A-,Outpatient,Self Pay,14,137302.93,46,5,Recovered
PAT-50197,2023-04-08,ENT,80,Female,B+,Elective,Corporate Insurance,7,161894.32,81,6,Referred
PAT-52169,2023-04-08,Cardiology,2,Female,B-,Elective,Private Insurance,11,18164.57,98,3,Under Treatment
PAT-51044,2023-04-09,General Medicine,36,Male,A-,Outpatient,Corporate Insurance,20,29087.96,87,7,Recovered
PAT-50991,2023-04-09,Orthopedics,76,Male,B-,Outpatient,Government Scheme,8,155554.92,42,12,Referred
PAT-52173,2023-04-10,Neurology,84,Male,O+,Emergency,Private Insurance,9,220485.02,46,7,Referred
PAT-50758,2023-04-11,Cardiology,68,Male,A+,Emergency,Government Scheme,6,44352.51,92,6,Under Treatment
PAT-51627,2023-04-11,Oncology,89,Female,AB-,Elective,Private Insurance,6,71544.58,79,5,Recovered
PAT-51576,2023-04-11,Neurology,29,Female,AB-,Emergency,Private Insurance,18,198864.02,70,13,Recovered
PAT-51835,2023-04-11,Oncology,68,Male,O+,Emergency,Corporate Insurance,8,198873.43,46,1,Under Treatment
PAT-50959,2023-04-11,Neurology,77,Female,B-,Elective,Government Scheme,1,14115.69,85,1,Recovered
PAT-52744,2023-04-11,ENT,37,Male,A-,Emergency,Corporate Insurance,13,192191.64,63,10,Recovered
PAT-50116,2023-04-11,Orthopedics,34,Female,B-,Outpatient,Private Insurance,1,134676.37,78,1,Recovered
PAT-52126,2023-04-12,Neurology,58,Female,O-,Outpatient,Self Pay,12,134159.3,52,12,Recovered
PAT-50934,2023-04-12,Oncology,79,Female,O-,Emergency,Corporate Insurance,15,34432.44,63,4,Referred
PAT-52472,2023-04-12,Oncology,42,Female,AB+,Outpatient,Corporate Insurance,6,157689.87,76,3,Recovered
PAT-51994,2023-04-12,Oncology,52,Male,O+,Elective,Private Insurance,4,134752.11,71,2,Recovered
PAT-50445,2023-04-12,Pediatrics,47,Female,A+,Elective,Self Pay,12,106223.76,89,5,Recovered
PAT-51781,2023-04-12,Cardiology,47,Male,AB-,Outpatient,Corporate Insurance,15,136830.84,47,4,Recovered
PAT-50970,2023-04-13,General Medicine,82,Other,A+,Elective,Government Scheme,12,122501.94,71,1,Recovered
PAT-50436,2023-04-13,Pediatrics,63,Female,O-,Elective,Self Pay,15,215436.28,52,11,Recovered
PAT-50159,2023-04-13,ENT,62,Male,O+,Elective,Government Scheme,19,48301.22,74,9,Recovered
PAT-52316,2023-04-13,Orthopedics,5,Male,A-,Emergency,Private Insurance,12,173085.66,74,4,Recovered
PAT-51408,2023-04-13,Pediatrics,61,Female,B+,Emergency,Private Insurance,3,196769.62,64,4,Recovered
PAT-53110,2023-04-14,Neurology,69,Female,O-,Outpatient,Government Scheme,9,143865.58,88,10,Recovered
PAT-51705,2023-04-14,Dermatology,81,Male,A+,Elective,Government Scheme,12,180689.64,45,11,Recovered
PAT-51159,2023-04-15,Orthopedics,28,Male,A+,Emergency,Corporate Insurance,15,126837.78,87,3,Recovered
PAT-53569,2023-04-15,Pediatrics,25,Female,O-,Outpatient,Private Insurance,5,129649.53,97,6,Recovered
PAT-53584,2023-04-15,Cardiology,13,Male,AB-,Outpatient,Government Scheme,7,200592.33,55,6,Referred
PAT-51024,2023-04-16,Cardiology,11,Male,B+,Elective,Corporate Insurance,7,9530.22,96,11,Recovered
PAT-50567,2023-04-16,Neurology,82,Female,A+,Elective,Corporate Insurance,12,171857.75,54,13,Recovered
PAT-52772,2023-04-16,General Medicine,9,Male,B+,Elective,Self Pay,3,40029.91,88,7,Recovered
PAT-52257,2023-04-16,Neurology,15,Female,B-,Emergency,Self Pay,15,63609.28,56,4,Recovered
PAT-50115,2023-04-16,Cardiology,88,Female,B+,Elective,Government Scheme,9,132938.83,58,8,Recovered
PAT-53285,2023-04-16,ENT,87,Female,O-,Outpatient,Private Insurance,17,170140.37,53,12,Recovered
PAT-51432,2023-04-16,Neurology,79,Male,AB+,Emergency,Self Pay,8,181125.95,58,12,Recovered
PAT-50597,2023-04-16,Dermatology,35,Female,AB-,Emergency,Government Scheme,15,142653.98,61,6,Recovered
PAT-52850,2023-04-17,Pediatrics,40,Female,O+,Outpatient,Self Pay,19,73375.2,76,13,Recovered
PAT-51812,2023-04-17,Oncology,86,Male,O-,Outpatient,Corporate Insurance,18,48511.11,46,4,Recovered
PAT-52072,2023-04-17,Oncology,37,Male,B-,Emergency,Private Insurance,3,52682.57,52,6,Recovered
PAT-52047,2023-04-18,Cardiology,34,Other,B+,Emergency,Government Scheme,11,214647.0,77,1,Under Treatment
PAT-51914,2023-04-18,Oncology,57,Female,AB-,Elective,Self Pay,8,38564.68,58,6,Recovered
PAT-51599,2023-04-18,ENT,17,Male,B+,Emergency,Corporate Insurance,12,222311.81,40,3,Referred
PAT-53033,2023-04-18,Neurology,26,Female,A-,Outpatient,Self Pay,1,196043.62,83,6,Recovered
PAT-52216,2023-04-18,ENT,49,Female,AB-,Elective,Corporate Insurance,20,205654.8,83,2,Recovered
PAT-51960,2023-04-18,General Medicine,68,Male,O+,Emergency,Government Scheme,8,203847.19,55,13,Recovered
PAT-50587,2023-04-18,Cardiology,89,Female,O-,Outpatient,Self Pay,16,67101.91,77,2,Referred
PAT-53501,2023-04-18,Orthopedics,88,Male,O+,Outpatient,Private Insurance,5,209384.96,43,5,Recovered
PAT-51762,2023-04-18,Pediatrics,29,Male,A+,Outpatient,Self Pay,1,145233.14,54,14,Under Treatment
PAT-53148,2023-04-18,Oncology,50,Male,AB-,Elective,Self Pay,3,76897.61,98,13,Recovered
PAT-51984,2023-04-18,Oncology,4,Female,AB+,Emergency,Corporate Insurance,5,173875.03,75,8,Recovered
PAT-52201,2023-04-18,Pediatrics,64,Male,AB-,Elective,Self Pay,18,134426.48,59,12,Recovered
PAT-53308,2023-04-19,Orthopedics,30,Female,A-,Emergency,Self Pay,2,241763.58,84,1,Discharged Against Advice
PAT-51847,2023-04-19,ENT,26,Female,O+,Elective,Self Pay,5,31180.38,95,5,Recovered
PAT-53366,2023-04-19,Pediatrics,15,Male,AB-,Outpatient,Government Scheme,2,161505.88,65,10,Recovered
PAT-52114,2023-04-19,Orthopedics,87,Female,O-,Elective,Government Scheme,5,165627.41,84,5,Recovered
PAT-52218,2023-04-19,General Medicine,11,Male,AB+,Outpatient,Corporate Insurance,17,32185.55,54,3,Recovered
PAT-51009,2023-04-20,Pediatrics,54,Male,O+,Emergency,Private Insurance,18,167376.75,44,5,Recovered
PAT-53092,2023-04-20,Oncology,4,Male,B+,Outpatient,Government Scheme,7,85984.8,80,7,Recovered
PAT-51875,2023-04-20,Orthopedics,54,Female,A+,Elective,Self Pay,12,68925.64,50,7,Referred
PAT-52702,2023-04-20,Dermatology,4,Other,A-,Elective,Corporate Insurance,6,236291.79,71,1,Recovered
PAT-51377,2023-04-20,Pediatrics,73,Male,AB+,Outpatient,Self Pay,19,224751.41,98,3,Recovered
PAT-51855,2023-04-21,Neurology,56,Female,A-,Outpatient,Self Pay,12,240113.9,82,7,Recovered
PAT-52912,2023-04-21,ENT,14,Female,A-,Outpatient,Private Insurance,13,230654.9,91,14,Discharged Against Advice
PAT-52236,2023-04-21,Orthopedics,2,Male,O-,Elective,Private Insurance,8,138545.84,75,5,Recovered
PAT-52948,2023-04-21,Pediatrics,31,Female,B-,Elective,Self Pay,5,214881.6,90,7,Recovered
PAT-51633,2023-04-22,Pediatrics,61,Female,O+,Emergency,Private Insurance,14,144001.75,97,14,Recovered
PAT-52423,2023-04-22,Orthopedics,3,Male,O-,Emergency,Self Pay,5,148176.76,60,9,Under Treatment
PAT-51730,2023-04-22,Oncology,45,Female,B-,Emergency,Private Insurance,10,72218.92,95,2,Under Treatment
PAT-50390,2023-04-22,Oncology,15,Female,O-,Emergency,Self Pay,1,68922.63,54,11,Recovered
PAT-52682,2023-04-23,Dermatology,84,Female,B-,Elective,Private Insurance,7,142188.33,94,2,Recovered
PAT-50314,2023-04-23,Cardiology,67,Other,O-,Elective,Private Insurance,14,228359.15,71,3,Referred
PAT-53390,2023-04-24,Neurology,79,Female,A+,Outpatient,Government Scheme,2,70411.47,99,4,Recovered
PAT-50820,2023-04-24,Dermatology,64,Male,B+,Emergency,Private Insurance,15,248257.21,41,6,Recovered
PAT-51112,2023-04-24,Dermatology,19,Female,O+,Emergency,Government Scheme,15,204808.2,46,11,Recovered
PAT-50415,2023-04-24,Oncology,15,Female,B-,Outpatient,Corporate Insurance,20,75927.69,97,3,Under Treatment
PAT-51116,2023-04-24,Orthopedics,42,Male,AB+,Elective,Government Scheme,7,190808.51,92,4,Discharged Against Advice
PAT-50974,2023-04-24,Orthopedics,20,Female,O+,Elective,Private Insurance,6,15326.41,52,3,Recovered
PAT-50501,2023-04-24,Dermatology,31,Female,B+,Outpatient,Corporate Insurance,15,21691.84,55,1,Recovered
PAT-52087,2023-04-24,Pediatrics,62,Female,AB+,Emergency,Government Scheme,3,132883.53,57,12,Under Treatment
PAT-50620,2023-04-25,Orthopedics,19,Male,O-,Elective,Corporate Insurance,7,197678.95,82,9,Recovered
PAT-51490,2023-04-25,Dermatology,74,Male,O+,Outpatient,Government Scheme,16,83974.25,58,8,Recovered
PAT-53454,2023-04-25,Pediatrics,55,Male,A+,Emergency,Private Insurance,6,145290.47,48,11,Recovered
PAT-51041,2023-04-25,Oncology,62,Male,B+,Elective,Government Scheme,1,113669.61,75,8,Recovered
PAT-51131,2023-04-25,General Medicine,5,Female,O-,Elective,Corporate Insurance,4,134352.93,80,6,Recovered
PAT-50532,2023-04-25,ENT,35,Female,A-,Outpatient,Self Pay,17,247101.93,84,6,Under Treatment
PAT-52809,2023-04-26,General Medicine,67,Male,B+,Emergency,Self Pay,8,56034.07,44,7,Recovered
PAT-53108,2023-04-27,Oncology,24,Female,AB-,Emergency,Government Scheme,12,5546.3,93,6,Recovered
PAT-52125,2023-04-27,Pediatrics,21,Male,AB+,Outpatient,Corporate Insurance,18,117960.73,99,14,Recovered
PAT-51884,2023-04-28,ENT,80,Male,O+,Elective,Government Scheme,17,145233.42,49,5,Recovered
PAT-51811,2023-04-28,Cardiology,15,Male,O-,Elective,Corporate Insurance,3,40057.68,66,7,Recovered
PAT-53113,2023-04-28,Pediatrics,43,Male,A-,Elective,Corporate Insurance,1,239948.72,52,8,Under Treatment
PAT-50208,2023-04-28,Oncology,25,Female,O+,Emergency,Corporate Insurance,20,14001.47,67,9,Recovered
PAT-52373,2023-04-28,ENT,15,Female,B-,Elective,Private Insurance,14,178711.72,47,11,Referred
PAT-51831,2023-04-28,Dermatology,74,Male,AB+,Elective,Self Pay,14,152245.26,47,10,Referred
PAT-52457,2023-04-29,General Medicine,70,Female,B+,Elective,Self Pay,19,67274.52,72,14,Under Treatment
PAT-50612,2023-04-29,Cardiology,9,Female,O+,Outpatient,Corporate Insurance,18,97119.53,64,10,Recovered
PAT-50814,2023-04-29,ENT,40,Male,A-,Outpatient,Government Scheme,5,142486.18,49,3,Recovered
PAT-52909,2023-04-30,Cardiology,20,Female,AB+,Elective,Private Insurance,12,103653.03,89,4,Under Treatment
PAT-52999,2023-04-30,Orthopedics,11,Male,O+,Emergency,Private Insurance,5,244783.21,97,4,Referred
PAT-53246,2023-05-01,Cardiology,42,Female,O-,Outpatient,Corporate Insurance,20,4720.05,74,2,Recovered
PAT-53541,2023-05-01,Dermatology,22,Female,AB+,Elective,Corporate Insurance,4,29292.54,93,10,Recovered
PAT-52975,2023-05-01,Oncology,39,Female,B-,Emergency,Self Pay,7,155397.36,78,3,Discharged Against Advice
PAT-50516,2023-05-01,Cardiology,36,Male,B+,Outpatient,Self Pay,8,47200.9,95,4,Recovered
PAT-50499,2023-05-01,ENT,10,Male,A-,Elective,Government Scheme,17,40265.11,80,7,Referred
PAT-51144,2023-05-02,Pediatrics,12,Female,AB-,Emergency,Government Scheme,7,188564.48,56,4,Recovered
PAT-52892,2023-05-02,ENT,72,Female,AB+,Elective,Self Pay,19,222724.85,75,10,Under Treatment
PAT-53176,2023-05-02,Pediatrics,28,Male,A+,Elective,Private Insurance,11,96548.21,69,1,Recovered
PAT-51424,2023-05-02,ENT,81,Female,AB+,Outpatient,Self Pay,14,194484.97,70,4,Recovered
PAT-50183,2023-05-02,Oncology,69,Female,A+,Emergency,Private Insurance,3,22406.66,50,12,Recovered
PAT-52583,2023-05-02,Neurology,43,Female,O+,Emergency,Government Scheme,18,183092.85,70,3,Under Treatment
PAT-52100,2023-05-02,ENT,22,Male,O+,Outpatient,Corporate Insurance,12,18837.46,68,3,Referred
PAT-50828,2023-05-02,General Medicine,1,Female,B+,Outpatient,Self Pay,15,7980.58,72,10,Recovered
PAT-50058,2023-05-03,Dermatology,87,Male,A-,Elective,Government Scheme,12,34205.13,46,11,Recovered
PAT-52588,2023-05-03,Oncology,66,Female,AB+,Emergency,Corporate Insurance,16,219816.32,92,8,Referred
PAT-50461,2023-05-03,General Medicine,9,Female,AB+,Emergency,Corporate Insurance,20,104062.58,72,7,Recovered
PAT-51877,2023-05-03,Oncology,41,Other,B+,Elective,Corporate Insurance,4,208733.51,86,5,Recovered
PAT-52380,2023-05-03,Pediatrics,2,Male,B-,Emergency,Corporate Insurance,1,135512.7,50,3,Recovered
PAT-53079,2023-05-03,ENT,1,Female,AB+,Emergency,Private Insurance,19,185764.93,41,9,Under Treatment
PAT-53421,2023-05-03,General Medicine,39,Male,AB+,Outpatient,Corporate Insurance,18,235482.44,83,14,Recovered
PAT-50349,2023-05-04,Cardiology,44,Male,A-,Emergency,Self Pay,10,188755.76,83,9,Recovered
PAT-52629,2023-05-04,Orthopedics,77,Female,O+,Emergency,Self Pay,4,11658.11,94,11,Recovered
PAT-51927,2023-05-04,ENT,69,Female,O-,Outpatient,Corporate Insurance,13,14025.74,81,2,Recovered
PAT-51779,2023-05-04,Neurology,86,Male,B+,Outpatient,Self Pay,20,45554.43,68,12,Recovered
PAT-52143,2023-05-04,Oncology,15,Female,O-,Outpatient,Self Pay,8,121064.73,55,1,Recovered
PAT-51267,2023-05-04,Cardiology,51,Male,AB+,Outpatient,Corporate Insurance,6,111600.91,87,11,Recovered
PAT-50996,2023-05-04,Neurology,81,Male,A+,Elective,Private Insurance,1,139988.96,74,13,Recovered
PAT-50484,2023-05-04,Orthopedics,52,Male,A+,Elective,Private Insurance,2,18997.18,83,8,Recovered
PAT-53196,2023-05-04,Dermatology,12,Male,AB+,Emergency,Government Scheme,19,185524.97,44,10,Recovered
PAT-52413,2023-05-05,Neurology,53,Female,A+,Outpatient,Self Pay,15,155173.07,53,9,Recovered
PAT-52815,2023-05-05,Orthopedics,50,Other,A+,Outpatient,Self Pay,3,198804.71,93,2,Recovered
PAT-52237,2023-05-05,Dermatology,74,Male,B+,Emergency,Corporate Insurance,7,27805.24,70,8,Recovered
PAT-52461,2023-05-05,Neurology,85,Male,O-,Emergency,Self Pay,13,49887.66,88,7,Recovered
PAT-50602,2023-05-05,Oncology,71,Male,B+,Outpatient,Corporate Insurance,2,79905.77,47,7,Recovered
PAT-50973,2023-05-05,Neurology,70,Male,B+,Outpatient,Corporate Insurance,10,32870.58,90,2,Recovered
PAT-51525,2023-05-06,Pediatrics,47,Female,A-,Emergency,Private Insurance,13,159884.48,50,11,Recovered
PAT-52782,2023-05-06,General Medicine,80,Male,O+,Outpatient,Government Scheme,6,153225.09,99,10,Recovered
PAT-52701,2023-05-06,Orthopedics,19,Female,AB+,Outpatient,Self Pay,1,55741.18,95,10,Discharged Against Advice
PAT-52526,2023-05-06,Dermatology,58,Male,A+,Emergency,Government Scheme,16,169885.17,94,14,Under Treatment
PAT-51951,2023-05-06,Oncology,81,Female,O+,Emergency,Government Scheme,20,209925.81,90,6,Recovered
PAT-51590,2023-05-07,Dermatology,39,Female,AB+,Elective,Corporate Insurance,15,165213.57,57,9,Under Treatment
PAT-51950,2023-05-07,ENT,10,Male,AB-,Outpatient,Government Scheme,8,102137.53,59,8,Recovered
PAT-51401,2023-05-07,ENT,16,Other,A+,Elective,Government Scheme,3,31956.63,59,10,Discharged Against Advice
PAT-53064,2023-05-07,Neurology,26,Other,O+,Emergency,Self Pay,6,72835.72,65,12,Recovered
PAT-50106,2023-05-08,Cardiology,82,Female,O+,Elective,Government Scheme,14,118656.68,95,6,Recovered
PAT-50929,2023-05-08,Cardiology,16,Female,A+,Outpatient,Private Insurance,20,107507.07,69,10,Recovered
PAT-53480,2023-05-09,Cardiology,72,Male,B-,Elective,Private Insurance,9,176544.53,57,3,Under Treatment
PAT-51885,2023-05-09,ENT,74,Male,O-,Outpatient,Government Scheme,19,89590.09,67,4,Recovered
PAT-50356,2023-05-09,Oncology,89,Male,B-,Emergency,Government Scheme,20,45624.11,56,9,Under Treatment
PAT-50004,2023-05-10,Dermatology,48,Female,AB+,Elective,Government Scheme,17,86197.97,48,5,Recovered
PAT-52923,2023-05-10,Orthopedics,36,Female,AB-,Emergency,Corporate Insurance,5,178933.56,40,9,Recovered
PAT-52330,2023-05-10,Cardiology,45,Male,B+,Outpatient,Private Insurance,5,165700.05,89,4,Under Treatment
PAT-50805,2023-05-10,Oncology,4,Male,AB-,Emergency,Self Pay,13,15765.75,74,10,Recovered
PAT-53169,2023-05-10,General Medicine,40,Male,A+,Emergency,Corporate Insurance,8,172346.63,77,4,Under Treatment
PAT-50747,2023-05-11,Cardiology,84,Male,AB+,Emergency,Government Scheme,20,74753.33,54,6,Recovered
PAT-52433,2023-05-11,Dermatology,17,Female,B+,Elective,Private Insurance,2,78745.38,41,8,Recovered
PAT-52332,2023-05-11,General Medicine,21,Male,AB+,Emergency,Corporate Insurance,2,119525.72,58,14,Referred
PAT-52445,2023-05-11,ENT,11,Male,AB+,Outpatient,Corporate Insurance,19,2134.26,69,2,Recovered
PAT-53011,2023-05-12,Pediatrics,89,Female,B-,Emergency,Self Pay,9,237983.41,59,6,Under Treatment
PAT-51580,2023-05-12,Neurology,88,Male,A-,Emergency,Government Scheme,17,68200.83,95,1,Referred
PAT-52490,2023-05-12,Pediatrics,73,Female,A+,Elective,Government Scheme,4,170179.13,50,11,Recovered
PAT-50664,2023-05-12,Neurology,20,Male,O-,Emergency,Corporate Insurance,12,235412.75,93,3,Under Treatment
PAT-50781,2023-05-12,ENT,84,Male,A+,Elective,Government Scheme,3,172814.67,46,5,Recovered
PAT-52502,2023-05-12,Orthopedics,89,Other,O-,Emergency,Corporate Insurance,10,210860.79,42,1,Recovered
PAT-53233,2023-05-12,ENT,25,Female,A-,Emergency,Government Scheme,14,158369.68,59,2,Recovered
PAT-50389,2023-05-12,Oncology,69,Male,A+,Outpatient,Corporate Insurance,20,41450.16,92,4,Recovered
PAT-53521,2023-05-13,Dermatology,60,Male,B-,Emergency,Government Scheme,9,247817.38,62,6,Recovered
PAT-52308,2023-05-13,Neurology,55,Other,A-,Emergency,Self Pay,7,142004.81,75,7,Recovered
PAT-50265,2023-05-13,Dermatology,58,Male,O-,Outpatient,Self Pay,16,97469.42,42,8,Recovered
PAT-52540,2023-05-13,Neurology,74,Male,O+,Emergency,Corporate Insurance,18,178256.21,79,3,Recovered
PAT-50606,2023-05-13,Orthopedics,32,Female,AB-,Emergency,Private Insurance,14,185692.35,44,5,Referred
PAT-51397,2023-05-13,Cardiology,23,Female,A+,Emergency,Private Insurance,12,229031.04,51,10,Recovered
PAT-50458,2023-05-13,Neurology,43,Female,B-,Emergency,Private Insurance,17,50161.82,75,13,Referred
PAT-52153,2023-05-13,Oncology,18,Male,AB+,Elective,Self Pay,11,218609.66,84,9,Recovered
PAT-52760,2023-05-14,Cardiology,30,Other,A+,Outpatient,Private Insurance,15,236538.34,43,8,Recovered
PAT-51405,2023-05-14,ENT,35,Other,A-,Elective,Private Insurance,20,114158.3,50,14,Recovered
PAT-53073,2023-05-14,Pediatrics,57,Female,O+,Elective,Private Insurance,12,152712.51,95,12,Recovered
PAT-50310,2023-05-14,Pediatrics,83,Female,AB+,Emergency,Self Pay,12,230555.81,44,2,Discharged Against Advice
PAT-51060,2023-05-14,Neurology,82,Female,A+,Outpatient,Government Scheme,1,194545.6,47,13,Recovered
PAT-51452,2023-05-15,General Medicine,25,Female,O-,Elective,Government Scheme,10,137504.6,91,11,Recovered
PAT-53452,2023-05-15,Dermatology,69,Female,AB+,Outpatient,Self Pay,17,96194.68,42,9,Recovered
PAT-51573,2023-05-15,Oncology,73,Female,A-,Elective,Government Scheme,2,91639.07,90,3,Recovered
PAT-52917,2023-05-15,Neurology,64,Male,O-,Outpatient,Corporate Insurance,18,109069.11,74,1,Referred
PAT-53581,2023-05-16,General Medicine,53,Female,AB+,Outpatient,Corporate Insurance,8,35602.72,44,8,Recovered
PAT-50531,2023-05-16,Oncology,70,Male,A-,Elective,Self Pay,9,203418.6,61,9,Recovered
PAT-50939,2023-05-17,Neurology,25,Female,O-,Outpatient,Corporate Insurance,15,233021.31,95,6,Referred
PAT-51579,2023-05-17,Dermatology,39,Female,A-,Elective,Corporate Insurance,6,222090.78,59,6,Under Treatment
PAT-51704,2023-05-17,Neurology,59,Female,O-,Outpatient,Private Insurance,6,46995.12,58,2,Recovered
PAT-50292,2023-05-17,Cardiology,88,Female,A-,Outpatient,Government Scheme,3,131233.58,49,2,Referred
PAT-51845,2023-05-17,Orthopedics,20,Male,O-,Outpatient,Self Pay,17,217056.48,74,13,Under Treatment
PAT-52224,2023-05-18,Pediatrics,55,Male,A+,Elective,Government Scheme,18,247738.28,75,9,Referred
PAT-53342,2023-05-18,General Medicine,67,Female,A-,Outpatient,Private Insurance,15,17225.18,69,14,Recovered
PAT-52617,2023-05-18,General Medicine,52,Female,AB-,Outpatient,Self Pay,9,132901.7,92,9,Recovered
PAT-51947,2023-05-20,Orthopedics,40,Male,A-,Emergency,Government Scheme,11,75789.19,42,14,Recovered
PAT-52759,2023-05-20,ENT,79,Female,A-,Outpatient,Private Insurance,16,55404.61,83,11,Recovered
PAT-50673,2023-05-20,Orthopedics,52,Female,A+,Elective,Private Insurance,3,20198.64,52,10,Recovered
PAT-51101,2023-05-20,General Medicine,5,Female,O+,Elective,Government Scheme,16,91373.85,56,4,Referred
PAT-50787,2023-05-20,General Medicine,88,Female,O+,Outpatient,Government Scheme,7,64565.63,55,7,Recovered
PAT-53531,2023-05-20,Dermatology,27,Female,B+,Elective,Private Insurance,20,232186.84,87,7,Discharged Against Advice
PAT-52786,2023-05-20,ENT,12,Female,A-,Outpatient,Government Scheme,4,198842.2,81,8,Recovered
PAT-50817,2023-05-20,ENT,61,Female,O-,Elective,Self Pay,8,79355.56,52,13,Recovered
PAT-52167,2023-05-20,ENT,29,Male,O-,Elective,Corporate Insurance,14,220601.73,77,13,Recovered
PAT-50782,2023-05-20,Orthopedics,84,Other,B-,Emergency,Self Pay,17,132039.32,46,8,Recovered
PAT-52952,2023-05-21,Orthopedics,26,Female,B-,Outpatient,Self Pay,15,21116.97,94,4,Recovered
PAT-51033,2023-05-21,Cardiology,67,Male,AB-,Emergency,Corporate Insurance,3,83981.96,52,11,Recovered
PAT-50846,2023-05-21,Oncology,10,Female,B+,Elective,Self Pay,4,152690.64,42,14,Recovered
PAT-52298,2023-05-22,Oncology,46,Female,O-,Elective,Private Insurance,8,125028.66,62,6,Recovered
PAT-51180,2023-05-22,Dermatology,32,Male,A+,Elective,Self Pay,8,66295.55,81,13,Recovered
PAT-50061,2023-05-22,Oncology,4,Female,B+,Outpatient,Private Insurance,16,98240.37,86,11,Recovered
PAT-51111,2023-05-22,Oncology,39,Male,A+,Elective,Self Pay,2,25194.34,78,8,Recovered
PAT-51338,2023-05-22,Neurology,38,Female,B+,Outpatient,Private Insurance,1,159284.31,94,8,Discharged Against Advice
PAT-51065,2023-05-23,Oncology,67,Female,A-,Elective,Government Scheme,4,8592.97,79,8,Discharged Against Advice
PAT-52268,2023-05-23,General Medicine,27,Female,A-,Emergency,Private Insurance,4,213801.62,72,9,Recovered
PAT-51423,2023-05-24,ENT,22,Female,B+,Emergency,Private Insurance,8,71981.04,80,8,Recovered
PAT-52432,2023-05-24,Dermatology,59,Female,B-,Elective,Government Scheme,11,152188.5,41,8,Recovered
PAT-52491,2023-05-24,Orthopedics,51,Female,B-,Elective,Corporate Insurance,9,248367.19,92,7,Under Treatment
PAT-53310,2023-05-24,ENT,45,Other,AB+,Elective,Corporate Insurance,9,40103.44,99,1,Recovered
PAT-52115,2023-05-24,General Medicine,30,Male,AB-,Emergency,Government Scheme,9,57604.67,40,14,Recovered
PAT-51851,2023-05-24,Neurology,64,Male,B+,Outpatient,Private Insurance,9,183585.37,89,11,Recovered
PAT-51396,2023-05-25,Cardiology,42,Male,O+,Emergency,Private Insurance,2,113422.43,56,12,Discharged Against Advice
PAT-53199,2023-05-25,Oncology,7,Female,B+,Emergency,Government Scheme,15,31430.9,57,9,Recovered
PAT-52021,2023-05-25,Oncology,72,Male,O+,Emergency,Government Scheme,7,227784.32,85,4,Referred
PAT-52571,2023-05-25,Neurology,73,Male,A+,Elective,Private Insurance,2,219631.63,71,2,Recovered
PAT-51063,2023-05-25,Pediatrics,24,Female,AB+,Emergency,Self Pay,1,175301.02,95,4,Recovered
PAT-53513,2023-05-25,Neurology,14,Male,AB+,Emergency,Corporate Insurance,3,113847.19,52,9,Discharged Against Advice
PAT-53088,2023-05-25,Cardiology,6,Male,A-,Emergency,Self Pay,4,35559.1,81,6,Recovered
PAT-51904,2023-05-26,Pediatrics,35,Male,B+,Emergency,Corporate Insurance,4,39112.82,45,2,Referred
PAT-53207,2023-05-26,General Medicine,51,Male,AB-,Outpatient,Self Pay,3,86393.79,53,13,Recovered
PAT-52342,2023-05-26,Pediatrics,22,Female,O-,Elective,Corporate Insurance,18,149161.55,53,2,Recovered
PAT-53519,2023-05-26,Neurology,88,Male,B+,Elective,Self Pay,14,131085.65,46,2,Recovered
PAT-52036,2023-05-27,Neurology,32,Male,AB-,Emergency,Private Insurance,7,74912.81,60,13,Recovered
PAT-51917,2023-05-27,ENT,64,Female,AB+,Outpatient,Self Pay,18,76821.83,90,2,Recovered
PAT-52219,2023-05-27,General Medicine,47,Female,O-,Outpatient,Government Scheme,1,151672.34,62,7,Recovered
PAT-51279,2023-05-27,Oncology,14,Male,O+,Emergency,Corporate Insurance,17,84001.72,64,2,Recovered
PAT-52883,2023-05-28,Orthopedics,31,Female,AB+,Elective,Self Pay,12,59176.42,72,10,Recovered
PAT-50851,2023-05-28,ENT,36,Female,O+,Emergency,Government Scheme,11,203639.45,85,3,Recovered
PAT-51763,2023-05-28,Oncology,16,Male,AB+,Outpatient,Self Pay,6,35305.94,51,13,Recovered
PAT-52107,2023-05-28,General Medicine,72,Male,B+,Outpatient,Corporate Insurance,13,2572.26,77,13,Recovered
PAT-50358,2023-05-28,Pediatrics,80,Female,B-,Outpatient,Self Pay,6,17567.5,93,7,Discharged Against Advice
PAT-51273,2023-05-29,General Medicine,33,Male,AB-,Elective,Private Insurance,9,229068.74,72,10,Referred
PAT-53520,2023-05-29,Oncology,42,Female,B-,Outpatient,Self Pay,9,217754.19,78,8,Recovered
PAT-51413,2023-05-30,General Medicine,37,Male,A+,Outpatient,Self Pay,17,150580.63,89,9,Recovered
PAT-50870,2023-05-30,Neurology,70,Female,A-,Elective,Self Pay,20,214631.39,50,14,Recovered
PAT-52568,2023-05-30,General Medicine,54,Male,B-,Elective,Corporate Insurance,5,190628.0,82,9,Recovered
PAT-51793,2023-05-30,Neurology,44,Other,O+,Outpatient,Self Pay,18,39819.17,70,12,Under Treatment
PAT-53168,2023-05-30,Cardiology,27,Male,B+,Elective,Government Scheme,20,150387.76,71,1,Recovered
PAT-52211,2023-06-01,Orthopedics,4,Male,O-,Elective,Corporate Insurance,8,53520.52,99,3,Recovered
PAT-50968,2023-06-01,ENT,62,Female,A-,Elective,Corporate Insurance,11,183588.61,97,10,Recovered
PAT-52572,2023-06-01,General Medicine,23,Female,A-,Elective,Self Pay,15,78891.21,46,3,Referred
PAT-52750,2023-06-01,Orthopedics,11,Female,AB-,Elective,Government Scheme,18,96088.46,47,4,Recovered
PAT-51146,2023-06-01,Cardiology,71,Female,B-,Emergency,Government Scheme,4,166736.11,63,2,Recovered
PAT-51719,2023-06-01,Dermatology,62,Male,AB+,Outpatient,Self Pay,7,211196.25,55,5,Recovered
PAT-50659,2023-06-02,ENT,21,Male,A-,Emergency,Self Pay,9,118842.75,79,4,Recovered
PAT-51497,2023-06-02,Orthopedics,49,Female,AB+,Outpatient,Government Scheme,1,80905.26,98,8,Recovered
PAT-51725,2023-06-03,Oncology,7,Female,B-,Elective,Government Scheme,13,160772.86,96,8,Recovered
PAT-51053,2023-06-03,Neurology,16,Female,A+,Emergency,Government Scheme,4,235532.02,59,13,Recovered
PAT-50890,2023-06-03,General Medicine,30,Female,A-,Elective,Corporate Insurance,13,202057.65,63,13,Referred
PAT-51682,2023-06-04,Oncology,78,Female,A+,Outpatient,Private Insurance,15,12806.39,66,4,Recovered
PAT-50689,2023-06-04,Cardiology,50,Female,B-,Outpatient,Government Scheme,6,134239.83,74,14,Recovered
PAT-51584,2023-06-04,Oncology,65,Male,A+,Outpatient,Self Pay,13,16799.11,54,6,Recovered
PAT-53109,2023-06-05,Orthopedics,46,Male,B+,Emergency,Corporate Insurance,11,205277.76,59,10,Recovered
PAT-52998,2023-06-05,Pediatrics,57,Male,A+,Emergency,Government Scheme,8,56645.38,46,7,Recovered
PAT-51222,2023-06-05,Oncology,42,Male,AB-,Emergency,Corporate Insurance,3,124592.26,51,13,Recovered
PAT-50427,2023-06-05,Oncology,19,Male,A+,Outpatient,Corporate Insurance,15,188781.53,56,8,Under Treatment
PAT-52785,2023-06-06,Oncology,30,Male,A+,Elective,Government Scheme,7,116035.08,76,14,Recovered
PAT-50853,2023-06-06,Neurology,33,Female,B+,Emergency,Private Insurance,3,57098.71,59,8,Recovered
PAT-52724,2023-06-06,Pediatrics,5,Male,O+,Outpatient,Private Insurance,6,85509.02,45,9,Discharged Against Advice
PAT-50601,2023-06-06,Cardiology,67,Male,AB+,Emergency,Government Scheme,2,214678.96,67,4,Recovered
PAT-51113,2023-06-06,Orthopedics,63,Female,AB+,Elective,Self Pay,15,141817.06,58,13,Under Treatment
PAT-50447,2023-06-07,Oncology,23,Male,B-,Outpatient,Private Insurance,16,118137.48,88,9,Under Treatment
PAT-50442,2023-06-07,Dermatology,50,Male,B-,Outpatient,Corporate Insurance,2,4521.4,48,11,Recovered
PAT-53218,2023-06-07,General Medicine,72,Male,B+,Emergency,Private Insurance,19,36951.79,99,6,Referred
PAT-50795,2023-06-07,Cardiology,74,Male,AB-,Outpatient,Self Pay,8,219071.61,80,8,Recovered
PAT-53529,2023-06-07,Dermatology,13,Female,AB+,Emergency,Self Pay,10,104364.95,78,3,Recovered
PAT-50866,2023-06-07,Neurology,13,Male,B-,Emergency,Government Scheme,20,211009.64,72,14,Recovered
PAT-50460,2023-06-08,Dermatology,57,Male,B+,Emergency,Corporate Insurance,9,178313.16,45,10,Under Treatment
PAT-52696,2023-06-08,Cardiology,6,Male,A-,Emergency,Private Insurance,9,46263.55,75,1,Recovered
PAT-50738,2023-06-09,Oncology,35,Male,AB+,Outpatient,Corporate Insurance,11,138992.83,86,11,Recovered
PAT-52756,2023-06-09,Cardiology,50,Male,B-,Outpatient,Self Pay,3,236305.93,59,3,Recovered
PAT-52405,2023-06-09,Dermatology,74,Male,AB+,Outpatient,Private Insurance,12,189326.22,67,8,Recovered
PAT-50123,2023-06-09,Cardiology,64,Male,AB-,Outpatient,Self Pay,6,145451.59,59,7,Recovered
PAT-51240,2023-06-09,Orthopedics,45,Female,O+,Outpatient,Private Insurance,17,172712.1,70,1,Under Treatment
PAT-52984,2023-06-09,Oncology,89,Male,A-,Emergency,Government Scheme,4,216238.09,41,14,Recovered
PAT-51028,2023-06-09,ENT,47,Female,A-,Outpatient,Private Insurance,19,120965.46,69,8,Recovered
PAT-50426,2023-06-09,Oncology,1,Male,AB+,Emergency,Government Scheme,12,211862.53,86,7,Recovered
PAT-50686,2023-06-09,Orthopedics,47,Male,O+,Emergency,Self Pay,20,143698.33,67,2,Recovered
PAT-51687,2023-06-10,Oncology,45,Male,O+,Elective,Government Scheme,20,119631.23,47,5,Recovered
PAT-51935,2023-06-10,Neurology,8,Other,A-,Elective,Self Pay,15,186860.53,60,2,Referred
PAT-52381,2023-06-10,General Medicine,70,Female,AB-,Emergency,Self Pay,4,184568.9,95,2,Recovered
PAT-53106,2023-06-10,Orthopedics,55,Male,B+,Outpatient,Corporate Insurance,17,234088.32,79,14,Recovered
PAT-50190,2023-06-10,Cardiology,40,Male,B-,Emergency,Corporate Insurance,1,170635.8,54,3,Recovered
PAT-50708,2023-06-10,General Medicine,26,Male,AB+,Outpatient,Corporate Insurance,2,204789.73,97,3,Referred
PAT-51143,2023-06-11,Neurology,28,Female,A-,Elective,Corporate Insurance,8,42536.74,48,14,Recovered
PAT-50600,2023-06-11,Oncology,4,Male,AB-,Emergency,Private Insurance,20,78455.34,78,6,Recovered
PAT-52538,2023-06-11,General Medicine,67,Male,AB-,Emergency,Government Scheme,3,18123.71,58,3,Referred
PAT-53476,2023-06-11,Neurology,33,Male,B+,Outpatient,Government Scheme,15,38747.21,44,14,Under Treatment
PAT-52761,2023-06-11,Neurology,87,Male,O-,Elective,Government Scheme,1,209629.5,46,6,Under Treatment
PAT-51879,2023-06-11,Oncology,27,Male,AB+,Elective,Corporate Insurance,17,227525.39,85,1,Recovered
PAT-53161,2023-06-12,Pediatrics,34,Male,B-,Emergency,Government Scheme,20,234366.05,72,3,Under Treatment
PAT-51269,2023-06-12,Cardiology,9,Female,AB-,Elective,Government Scheme,14,141869.34,85,11,Recovered
PAT-53236,2023-06-13,General Medicine,84,Female,A+,Elective,Self Pay,11,5514.59,44,4,Recovered
PAT-53425,2023-06-13,Pediatrics,41,Female,A+,Emergency,Government Scheme,4,175977.66,68,8,Recovered
PAT-52168,2023-06-13,Orthopedics,40,Male,O+,Outpatient,Government Scheme,15,20136.65,68,8,Under Treatment
PAT-50402,2023-06-14,Pediatrics,84,Male,B-,Elective,Self Pay,12,178348.03,57,6,Recovered
PAT-50903,2023-06-14,General Medicine,12,Male,A-,Emergency,Corporate Insurance,4,158174.3,96,14,Recovered
PAT-53151,2023-06-14,General Medicine,36,Female,B-,Emergency,Corporate Insurance,12,189600.41,59,9,Recovered
PAT-53020,2023-06-14,Cardiology,56,Male,B-,Elective,Corporate Insurance,1,113664.92,59,9,Recovered
PAT-52727,2023-06-14,General Medicine,38,Female,B+,Emergency,Self Pay,4,89776.83,91,4,Recovered
PAT-50281,2023-06-15,ENT,75,Other,O-,Outpatient,Self Pay,18,8557.47,72,10,Recovered
PAT-52401,2023-06-15,ENT,80,Male,O-,Elective,Corporate Insurance,10,99691.75,61,2,Recovered
PAT-52449,2023-06-15,Cardiology,33,Male,A+,Emergency,Corporate Insurance,1,234208.16,73,3,Referred
PAT-53119,2023-06-15,Oncology,50,Other,O+,Elective,Private Insurance,10,221397.23,61,5,Recovered
PAT-52348,2023-06-15,Neurology,56,Male,AB-,Emergency,Government Scheme,5,40793.67,46,12,Recovered
PAT-51215,2023-06-15,Cardiology,71,Female,B-,Outpatient,Self Pay,17,29463.76,89,8,Recovered
PAT-50917,2023-06-15,Orthopedics,44,Male,O-,Emergency,Self Pay,9,39088.44,62,11,Recovered
PAT-50266,2023-06-15,Neurology,6,Female,A-,Elective,Corporate Insurance,5,178507.32,40,12,Recovered
PAT-52386,2023-06-16,ENT,2,Male,AB+,Emergency,Government Scheme,13,249094.24,76,6,Recovered
PAT-51320,2023-06-16,Pediatrics,41,Female,A+,Emergency,Corporate Insurance,11,78942.13,79,12,Recovered
PAT-53283,2023-06-17,General Medicine,47,Male,A-,Emergency,Self Pay,19,39121.78,61,5,Recovered
PAT-51567,2023-06-17,ENT,46,Other,B-,Outpatient,Self Pay,14,37950.58,48,4,Recovered
PAT-52135,2023-06-17,Orthopedics,20,Male,O-,Elective,Corporate Insurance,6,194145.84,52,8,Recovered
PAT-52992,2023-06-17,General Medicine,21,Female,O-,Emergency,Private Insurance,9,195595.75,43,9,Recovered
PAT-51648,2023-06-17,Orthopedics,83,Male,B+,Emergency,Self Pay,1,222949.78,53,14,Recovered
PAT-52004,2023-06-17,ENT,28,Male,O+,Outpatient,Government Scheme,14,75891.22,98,11,Recovered
PAT-53445,2023-06-17,Cardiology,64,Female,AB+,Elective,Corporate Insurance,16,117933.13,57,4,Recovered
PAT-50330,2023-06-18,Orthopedics,14,Female,O-,Emergency,Private Insurance,9,226927.69,80,3,Recovered
PAT-50290,2023-06-18,ENT,20,Other,A+,Outpatient,Private Insurance,12,19130.89,56,13,Recovered
PAT-51541,2023-06-18,Neurology,66,Female,B-,Emergency,Corporate Insurance,6,75879.22,78,9,Recovered
PAT-52080,2023-06-18,Neurology,20,Male,AB+,Emergency,Private Insurance,8,62237.73,47,8,Recovered
PAT-52704,2023-06-19,ENT,56,Male,A+,Emergency,Corporate Insurance,15,127335.63,58,1,Referred
PAT-50663,2023-06-19,Dermatology,21,Male,A-,Outpatient,Corporate Insurance,18,41669.26,44,12,Recovered
PAT-53226,2023-06-19,Dermatology,84,Male,B-,Elective,Corporate Insurance,20,225869.79,79,8,Recovered
PAT-50132,2023-06-19,Pediatrics,54,Male,O-,Outpatient,Government Scheme,16,119118.59,84,4,Recovered
PAT-53019,2023-06-19,Orthopedics,80,Other,A-,Elective,Self Pay,12,8106.03,56,6,Under Treatment
PAT-52678,2023-06-19,Orthopedics,50,Male,A-,Outpatient,Private Insurance,10,115237.28,74,1,Referred
PAT-53138,2023-06-19,Cardiology,5,Female,A+,Outpatient,Corporate Insurance,17,19572.39,79,8,Recovered
PAT-52881,2023-06-20,Orthopedics,69,Female,O-,Elective,Self Pay,16,67845.97,42,8,Recovered
PAT-51061,2023-06-20,General Medicine,14,Female,A-,Emergency,Government Scheme,1,164013.62,74,8,Recovered
PAT-51897,2023-06-21,Oncology,72,Female,AB-,Emergency,Private Insurance,6,93134.24,72,1,Under Treatment
PAT-50713,2023-06-21,Pediatrics,11,Male,O-,Emergency,Government Scheme,18,198065.25,98,12,Under Treatment
PAT-53594,2023-06-21,Neurology,27,Female,B+,Elective,Private Insurance,10,149885.81,78,14,Recovered
PAT-52149,2023-06-21,Dermatology,47,Male,O-,Emergency,Private Insurance,13,130846.71,95,2,Under Treatment
PAT-50083,2023-06-22,ENT,34,Female,AB+,Outpatient,Government Scheme,20,202861.07,47,13,Recovered
PAT-52048,2023-06-22,General Medicine,16,Male,B-,Emergency,Self Pay,1,190329.43,42,12,Recovered
PAT-53206,2023-06-22,Pediatrics,6,Male,O+,Emergency,Government Scheme,5,11225.32,91,5,Recovered
PAT-52453,2023-06-22,Orthopedics,16,Male,A+,Emergency,Corporate Insurance,6,89645.54,57,10,Discharged Against Advice
PAT-50144,2023-06-22,Pediatrics,48,Female,AB+,Elective,Corporate Insurance,9,115652.18,54,10,Recovered
PAT-52542,2023-06-23,Orthopedics,32,Male,O-,Outpatient,Private Insurance,14,143261.94,57,11,Recovered
PAT-53504,2023-06-23,Oncology,64,Female,A+,Outpatient,Government Scheme,13,53998.78,52,1,Referred
PAT-51799,2023-06-23,General Medicine,13,Female,A+,Emergency,Private Insurance,12,38188.09,74,1,Recovered
PAT-53392,2023-06-23,Oncology,28,Male,O+,Outpatient,Government Scheme,3,28211.23,89,11,Recovered
PAT-53155,2023-06-23,Oncology,10,Male,AB+,Elective,Self Pay,12,22082.45,78,2,Referred
PAT-53591,2023-06-24,Oncology,1,Female,B-,Elective,Corporate Insurance,5,80851.22,70,12,Under Treatment
PAT-51202,2023-06-24,Oncology,76,Male,O+,Emergency,Self Pay,3,61498.47,53,4,Referred
PAT-51019,2023-06-24,Orthopedics,34,Female,A+,Elective,Government Scheme,19,57685.29,67,6,Under Treatment
PAT-52164,2023-06-24,Orthopedics,17,Other,O+,Outpatient,Self Pay,1,194195.14,91,4,Under Treatment
PAT-50435,2023-06-25,Neurology,12,Male,O-,Outpatient,Private Insurance,5,208473.65,73,5,Recovered
PAT-52530,2023-06-25,Cardiology,89,Female,B-,Outpatient,Corporate Insurance,1,56710.94,51,9,Recovered
PAT-52074,2023-06-25,Cardiology,34,Male,AB+,Emergency,Private Insurance,11,18132.83,59,4,Recovered
PAT-51786,2023-06-26,Pediatrics,58,Male,O+,Outpatient,Government Scheme,20,185239.36,73,9,Recovered
PAT-51200,2023-06-26,Dermatology,46,Female,A-,Emergency,Corporate Insurance,1,117902.72,92,4,Referred
PAT-51644,2023-06-26,Neurology,73,Male,B-,Elective,Self Pay,19,80049.63,43,13,Recovered
PAT-51378,2023-06-26,General Medicine,22,Female,B-,Emergency,Government Scheme,20,229806.56,74,11,Under Treatment
PAT-52637,2023-06-26,Orthopedics,34,Female,B-,Emergency,Corporate Insurance,10,157260.53,89,7,Recovered
PAT-50711,2023-06-26,Neurology,49,Male,B-,Outpatient,Corporate Insurance,7,103523.96,53,5,Discharged Against Advice
PAT-50927,2023-06-26,Orthopedics,67,Female,B-,Emergency,Corporate Insurance,13,244587.42,52,4,Under Treatment
PAT-51050,2023-06-26,Oncology,15,Male,B+,Outpatient,Corporate Insurance,15,161244.69,76,13,Recovered
PAT-50375,2023-06-27,ENT,30,Male,B-,Elective,Private Insurance,17,63462.94,43,2,Recovered
PAT-53266,2023-06-27,Dermatology,37,Female,AB-,Outpatient,Government Scheme,16,227046.58,64,2,Recovered
PAT-50895,2023-06-27,Cardiology,76,Male,A+,Emergency,Self Pay,11,211275.0,83,5,Recovered
PAT-50295,2023-06-27,Dermatology,18,Male,A-,Elective,Private Insurance,16,109710.28,62,9,Recovered
PAT-53365,2023-06-27,Dermatology,60,Female,A-,Emergency,Private Insurance,3,245497.17,95,12,Under Treatment
PAT-52426,2023-06-27,Oncology,66,Male,O+,Elective,Corporate Insurance,17,148183.44,75,6,Recovered
PAT-52882,2023-06-28,Cardiology,75,Female,AB-,Elective,Private Insurance,18,130069.43,60,3,Recovered
PAT-51771,2023-06-28,ENT,63,Male,A+,Elective,Self Pay,5,207405.46,57,4,Recovered
PAT-52662,2023-06-29,ENT,76,Male,A-,Elective,Private Insurance,3,188178.74,63,12,Recovered
PAT-53436,2023-06-29,Neurology,68,Other,A-,Elective,Private Insurance,8,148795.51,69,6,Recovered
PAT-50023,2023-06-29,Oncology,7,Other,B+,Elective,Corporate Insurance,12,89031.74,52,11,Under Treatment
PAT-52175,2023-06-29,Cardiology,75,Female,B-,Outpatient,Corporate Insurance,18,116977.5,93,12,Recovered
PAT-51325,2023-06-29,Pediatrics,29,Male,AB+,Emergency,Corporate Insurance,8,203011.5,49,2,Under Treatment
PAT-52626,2023-06-30,Neurology,88,Male,AB+,Outpatient,Private Insurance,8,104606.84,47,2,Referred
PAT-52866,2023-06-30,Orthopedics,18,Female,AB-,Outpatient,Government Scheme,3,24615.12,59,8,Recovered
PAT-52501,2023-06-30,Neurology,68,Female,B+,Emergency,Corporate Insurance,9,231629.06,73,14,Recovered
PAT-51717,2023-06-30,Dermatology,84,Male,AB-,Outpatient,Government Scheme,20,215453.7,40,6,Recovered
PAT-52253,2023-06-30,Orthopedics,75,Other,A-,Outpatient,Government Scheme,18,96615.03,61,4,Recovered
PAT-52606,2023-07-01,Cardiology,7,Female,AB+,Elective,Self Pay,8,210801.41,60,4,Recovered
PAT-53216,2023-07-01,Oncology,32,Female,A+,Outpatient,Corporate Insurance,16,169975.86,51,10,Recovered
PAT-53149,2023-07-01,Pediatrics,9,Male,AB+,Outpatient,Self Pay,11,207517.84,66,14,Recovered
PAT-51330,2023-07-01,General Medicine,68,Male,O+,Elective,Private Insurance,14,235628.44,72,13,Discharged Against Advice
PAT-52379,2023-07-01,ENT,20,Female,A-,Outpatient,Corporate Insurance,6,132574.76,62,3,Under Treatment
PAT-52500,2023-07-02,Oncology,41,Male,O+,Elective,Self Pay,16,96301.78,55,3,Under Treatment
PAT-50613,2023-07-02,Neurology,67,Male,O-,Outpatient,Private Insurance,5,91453.88,96,6,Under Treatment
PAT-50907,2023-07-03,Dermatology,50,Female,B+,Elective,Corporate Insurance,16,88816.55,68,6,Recovered
PAT-51718,2023-07-03,Cardiology,78,Female,O+,Outpatient,Private Insurance,20,142618.39,90,6,Recovered
PAT-51220,2023-07-03,Oncology,77,Male,O+,Outpatient,Self Pay,18,208930.1,62,1,Recovered
PAT-51889,2023-07-03,Dermatology,36,Male,B+,Outpatient,Self Pay,5,70248.11,63,13,Recovered
PAT-52829,2023-07-03,Dermatology,54,Male,B+,Emergency,Self Pay,14,58003.26,59,13,Recovered
PAT-53158,2023-07-03,Neurology,69,Male,O-,Elective,Private Insurance,16,187336.38,57,1,Recovered
PAT-52192,2023-07-03,Oncology,65,Male,B-,Outpatient,Government Scheme,3,88068.41,93,6,Recovered
PAT-52151,2023-07-03,Orthopedics,13,Male,O+,Elective,Corporate Insurance,19,91448.27,53,1,Recovered
PAT-52505,2023-07-03,General Medicine,74,Male,O+,Emergency,Government Scheme,3,199813.89,51,1,Recovered
PAT-51752,2023-07-04,Neurology,13,Female,B+,Outpatient,Self Pay,19,136654.99,89,11,Recovered
PAT-50065,2023-07-04,General Medicine,69,Female,A+,Emergency,Self Pay,13,226668.68,69,7,Recovered
PAT-52195,2023-07-04,Pediatrics,24,Female,B-,Outpatient,Corporate Insurance,19,15430.48,66,14,Recovered
PAT-52640,2023-07-04,Pediatrics,32,Female,O-,Emergency,Private Insurance,5,75918.04,91,3,Recovered
PAT-52569,2023-07-04,Pediatrics,77,Male,B+,Elective,Private Insurance,15,222575.66,59,7,Recovered
PAT-52116,2023-07-05,Neurology,28,Male,A+,Elective,Government Scheme,16,248075.34,77,3,Recovered
PAT-51753,2023-07-05,Oncology,73,Male,A-,Emergency,Government Scheme,10,205982.13,49,5,Referred
PAT-50205,2023-07-05,Pediatrics,49,Female,A-,Outpatient,Self Pay,2,68476.29,66,9,Recovered
PAT-50293,2023-07-06,General Medicine,83,Male,O+,Elective,Government Scheme,8,104259.54,70,3,Recovered
PAT-51129,2023-07-06,Oncology,63,Other,O-,Elective,Private Insurance,6,180716.58,86,1,Recovered
PAT-50139,2023-07-06,Dermatology,33,Female,O+,Elective,Private Insurance,2,171516.74,52,9,Recovered
PAT-50882,2023-07-06,Pediatrics,78,Female,AB+,Emergency,Government Scheme,6,119440.8,58,7,Under Treatment
PAT-51420,2023-07-06,Cardiology,29,Male,A+,Elective,Private Insurance,1,135720.54,75,2,Recovered
PAT-51594,2023-07-06,Cardiology,54,Male,A-,Outpatient,Self Pay,17,9122.86,96,6,Under Treatment
PAT-50462,2023-07-06,General Medicine,72,Female,AB-,Outpatient,Government Scheme,7,136600.7,81,12,Recovered
PAT-52246,2023-07-06,Cardiology,35,Male,B+,Emergency,Corporate Insurance,14,2380.32,66,5,Recovered
PAT-50307,2023-07-06,General Medicine,14,Female,B-,Elective,Self Pay,7,179690.08,74,4,Recovered
PAT-50133,2023-07-06,Cardiology,74,Female,B-,Emergency,Private Insurance,16,193224.46,86,13,Recovered
PAT-53178,2023-07-06,Neurology,47,Female,O+,Outpatient,Self Pay,13,120856.68,78,11,Recovered
PAT-50237,2023-07-06,Cardiology,2,Female,O-,Outpatient,Government Scheme,5,6006.14,79,14,Recovered
PAT-50513,2023-07-06,Neurology,59,Female,B+,Outpatient,Government Scheme,14,139772.47,91,10,Recovered
PAT-51074,2023-07-06,Pediatrics,87,Female,AB+,Emergency,Government Scheme,9,238913.07,94,13,Referred
PAT-52610,2023-07-07,Cardiology,57,Male,O+,Outpatient,Self Pay,13,81829.54,90,3,Discharged Against Advice
PAT-51280,2023-07-07,Cardiology,76,Female,A+,Emergency,Private Insurance,1,98968.14,83,7,Recovered
PAT-51534,2023-07-07,Cardiology,13,Female,B-,Emergency,Government Scheme,9,63291.0,62,13,Recovered
PAT-51014,2023-07-07,Oncology,42,Female,A-,Outpatient,Corporate Insurance,16,74864.21,84,6,Recovered
PAT-53549,2023-07-07,Neurology,78,Female,O+,Elective,Corporate Insurance,1,171655.86,43,6,Recovered
PAT-52683,2023-07-08,Neurology,75,Female,AB-,Emergency,Corporate Insurance,16,58994.11,93,4,Recovered
PAT-50219,2023-07-08,General Medicine,4,Female,AB+,Emergency,Private Insurance,18,26707.55,44,10,Recovered
PAT-50185,2023-07-08,General Medicine,6,Female,AB-,Outpatient,Self Pay,14,42667.91,52,12,Recovered
PAT-50834,2023-07-09,Orthopedics,40,Male,B+,Emergency,Private Insurance,10,95028.46,82,11,Recovered
PAT-50423,2023-07-09,Pediatrics,80,Male,AB-,Outpatient,Private Insurance,19,12250.32,87,14,Recovered
PAT-52094,2023-07-09,Orthopedics,10,Female,AB+,Elective,Corporate Insurance,2,83914.85,44,3,Discharged Against Advice
PAT-53021,2023-07-09,Pediatrics,42,Female,B+,Outpatient,Government Scheme,11,144167.57,52,1,Referred
PAT-53489,2023-07-09,ENT,45,Female,O+,Outpatient,Corporate Insurance,7,80486.38,85,7,Referred
PAT-51893,2023-07-10,Dermatology,26,Male,A-,Emergency,Corporate Insurance,6,23464.18,65,8,Under Treatment
PAT-50234,2023-07-10,Orthopedics,83,Male,AB+,Emergency,Government Scheme,14,14282.12,54,14,Recovered
PAT-51819,2023-07-10,Cardiology,87,Male,O-,Emergency,Self Pay,4,106698.77,46,5,Recovered
PAT-52670,2023-07-10,Orthopedics,42,Female,B+,Elective,Private Insurance,19,111845.99,87,4,Recovered
PAT-50774,2023-07-10,Pediatrics,34,Female,A+,Emergency,Self Pay,11,20355.64,69,5,Under Treatment
PAT-52454,2023-07-10,Dermatology,7,Female,AB+,Elective,Corporate Insurance,6,82933.48,75,2,Under Treatment
PAT-53107,2023-07-10,Neurology,66,Female,AB+,Outpatient,Private Insurance,18,226228.47,70,6,Referred
PAT-52924,2023-07-10,ENT,88,Female,A+,Emergency,Private Insurance,14,41316.51,48,8,Discharged Against Advice
PAT-51931,2023-07-11,Cardiology,87,Male,AB-,Emergency,Corporate Insurance,8,134321.15,65,12,Recovered
PAT-53307,2023-07-11,Neurology,32,Male,O+,Elective,Government Scheme,16,227337.23,92,8,Referred
PAT-52643,2023-07-11,ENT,89,Female,AB-,Emergency,Self Pay,9,57973.89,99,7,Recovered
PAT-53047,2023-07-11,Neurology,68,Female,A-,Outpatient,Private Insurance,17,137433.94,59,8,Referred
PAT-50169,2023-07-12,Orthopedics,54,Female,B+,Elective,Private Insurance,6,182329.35,81,8,Under Treatment
PAT-53200,2023-07-12,Dermatology,7,Female,B+,Outpatient,Corporate Insurance,10,147854.7,45,2,Recovered
PAT-51118,2023-07-12,Cardiology,6,Female,O-,Outpatient,Corporate Insurance,1,115110.36,77,9,Recovered
PAT-51988,2023-07-12,Cardiology,68,Male,B+,Elective,Government Scheme,20,79856.98,55,12,Referred
PAT-53374,2023-07-13,Pediatrics,47,Male,B+,Outpatient,Corporate Insurance,15,46792.33,97,13,Discharged Against Advice
PAT-53556,2023-07-13,Pediatrics,65,Female,O+,Emergency,Corporate Insurance,5,63235.42,79,12,Recovered
PAT-50562,2023-07-13,General Medicine,76,Female,B-,Outpatient,Self Pay,12,198750.06,49,13,Recovered
PAT-52819,2023-07-13,ENT,65,Female,AB+,Outpatient,Private Insurance,8,194213.07,63,12,Recovered
PAT-51854,2023-07-13,Neurology,87,Female,O+,Outpatient,Private Insurance,17,85631.99,75,1,Recovered
PAT-50733,2023-07-14,Cardiology,9,Female,AB+,Outpatient,Corporate Insurance,4,148760.29,76,12,Recovered
PAT-50932,2023-07-14,ENT,5,Male,A-,Emergency,Self Pay,17,155419.46,94,1,Discharged Against Advice
PAT-52858,2023-07-14,General Medicine,82,Male,O-,Emergency,Self Pay,1,222463.55,93,9,Recovered
PAT-53528,2023-07-14,Oncology,39,Male,O-,Outpatient,Self Pay,12,56594.71,84,1,Recovered
PAT-50552,2023-07-14,Dermatology,16,Male,A+,Emergency,Private Insurance,20,162054.63,44,14,Recovered
PAT-52596,2023-07-14,Oncology,68,Female,B+,Emergency,Self Pay,11,173284.36,96,13,Discharged Against Advice
PAT-51492,2023-07-15,Pediatrics,46,Female,AB+,Elective,Self Pay,16,49390.98,84,2,Recovered
PAT-50806,2023-07-15,Dermatology,33,Male,B+,Emergency,Self Pay,6,169173.42,81,13,Under Treatment
PAT-50913,2023-07-15,Dermatology,30,Female,A+,Outpatient,Private Insurance,10,97828.91,64,8,Recovered
PAT-53071,2023-07-15,Neurology,23,Female,AB-,Emergency,Private Insurance,9,18223.95,64,14,Under Treatment
PAT-50127,2023-07-15,ENT,3,Male,AB-,Outpatient,Government Scheme,2,55963.47,50,5,Recovered
PAT-53066,2023-07-15,Cardiology,58,Female,AB-,Elective,Private Insurance,19,215194.86,65,2,Under Treatment
PAT-51227,2023-07-15,ENT,5,Female,O-,Emergency,Private Insurance,12,8534.08,73,11,Recovered
PAT-53462,2023-07-15,ENT,33,Female,O+,Emergency,Private Insurance,1,214792.66,94,9,Recovered
PAT-51866,2023-07-16,General Medicine,9,Male,B-,Emergency,Self Pay,18,160172.74,84,13,Recovered
PAT-51556,2023-07-16,General Medicine,34,Male,A-,Emergency,Government Scheme,3,123642.02,74,2,Under Treatment
PAT-52290,2023-07-16,General Medicine,83,Female,O+,Outpatient,Corporate Insurance,14,234409.53,83,10,Recovered
PAT-53306,2023-07-16,Orthopedics,55,Female,A-,Outpatient,Corporate Insurance,17,129328.92,83,7,Recovered
PAT-52528,2023-07-17,Pediatrics,31,Female,O-,Elective,Self Pay,18,228334.75,92,5,Recovered
PAT-50282,2023-07-17,Neurology,81,Male,A-,Emergency,Private Insurance,12,1657.85,99,12,Under Treatment
PAT-50029,2023-07-17,Pediatrics,14,Female,O-,Emergency,Government Scheme,13,184402.71,79,4,Under Treatment
PAT-51918,2023-07-17,Cardiology,78,Male,O-,Outpatient,Self Pay,2,61218.35,69,8,Recovered
PAT-51915,2023-07-17,ENT,8,Male,O-,Elective,Government Scheme,18,37716.07,74,4,Recovered
PAT-50830,2023-07-17,Neurology,76,Female,B-,Elective,Self Pay,7,16624.0,62,7,Under Treatment
PAT-50165,2023-07-17,ENT,65,Female,B-,Elective,Self Pay,1,186713.71,87,7,Recovered
PAT-51616,2023-07-17,Pediatrics,79,Male,AB+,Emergency,Self Pay,14,97563.94,97,1,Recovered
PAT-51435,2023-07-17,Cardiology,89,Male,A+,Emergency,Corporate Insurance,19,163933.08,83,8,Recovered
PAT-52981,2023-07-17,Orthopedics,53,Male,B+,Emergency,Government Scheme,2,135212.91,87,7,Recovered
PAT-51601,2023-07-17,General Medicine,76,Female,O+,Emergency,Corporate Insurance,7,169765.61,54,8,Recovered
PAT-51005,2023-07-18,Dermatology,73,Female,AB+,Emergency,Private Insurance,14,105122.25,67,1,Recovered
PAT-50170,2023-07-18,Cardiology,78,Male,B-,Outpatient,Government Scheme,2,17284.37,75,9,Recovered
PAT-53577,2023-07-18,Cardiology,53,Male,O-,Emergency,Self Pay,2,187956.94,89,8,Recovered
PAT-53400,2023-07-18,Dermatology,84,Male,AB+,Elective,Corporate Insurance,19,231248.74,74,1,Referred
PAT-52652,2023-07-18,Pediatrics,69,Female,A-,Elective,Corporate Insurance,10,18967.96,82,12,Discharged Against Advice
PAT-50860,2023-07-19,Dermatology,44,Female,O-,Emergency,Corporate Insurance,14,25217.38,72,8,Referred
PAT-52504,2023-07-19,Orthopedics,71,Female,B+,Outpatient,Private Insurance,1,201400.76,44,13,Recovered
PAT-52551,2023-07-19,Orthopedics,73,Female,AB-,Elective,Private Insurance,3,197935.35,74,3,Referred
PAT-51585,2023-07-19,Neurology,65,Male,O-,Elective,Private Insurance,19,240492.72,83,14,Recovered
PAT-52410,2023-07-19,Cardiology,18,Male,A-,Outpatient,Corporate Insurance,16,156814.69,60,6,Under Treatment
PAT-53009,2023-07-19,ENT,69,Male,B+,Outpatient,Self Pay,6,174764.77,45,5,Recovered
PAT-52486,2023-07-19,General Medicine,32,Female,A-,Elective,Private Insurance,15,46584.09,75,1,Recovered
PAT-50759,2023-07-20,Orthopedics,11,Male,A+,Outpatient,Self Pay,13,21857.47,82,9,Recovered
PAT-50560,2023-07-21,Dermatology,45,Female,AB-,Emergency,Self Pay,4,240752.39,58,8,Under Treatment
PAT-51846,2023-07-21,Cardiology,86,Male,A-,Elective,Corporate Insurance,9,86922.21,80,3,Recovered
PAT-52354,2023-07-21,Dermatology,54,Male,B+,Emergency,Corporate Insurance,13,247338.16,68,4,Recovered
PAT-51603,2023-07-21,Dermatology,74,Female,O-,Emergency,Corporate Insurance,5,66500.27,41,1,Recovered
PAT-51517,2023-07-22,Pediatrics,7,Male,B-,Elective,Self Pay,17,236166.61,99,12,Recovered
PAT-52880,2023-07-22,Dermatology,13,Female,O+,Outpatient,Corporate Insurance,13,98689.63,83,8,Recovered
PAT-50384,2023-07-22,Orthopedics,87,Female,O+,Emergency,Self Pay,13,214381.34,99,8,Recovered
PAT-52429,2023-07-22,ENT,66,Male,A+,Outpatient,Private Insurance,18,135961.7,75,1,Under Treatment
PAT-53221,2023-07-22,Neurology,53,Male,O+,Outpatient,Private Insurance,1,2730.1,87,12,Recovered
PAT-51804,2023-07-22,Dermatology,63,Male,O-,Emergency,Government Scheme,3,32696.95,47,12,Discharged Against Advice
PAT-51772,2023-07-22,Pediatrics,17,Female,B-,Outpatient,Corporate Insurance,10,201188.57,75,6,Under Treatment
PAT-51093,2023-07-22,Neurology,23,Male,A+,Outpatient,Corporate Insurance,13,4680.93,49,10,Recovered
PAT-51650,2023-07-22,Orthopedics,67,Other,B-,Outpatient,Government Scheme,18,210630.79,64,8,Recovered
PAT-50098,2023-07-22,Neurology,75,Male,O-,Elective,Self Pay,6,33646.23,57,2,Recovered
PAT-53356,2023-07-23,General Medicine,29,Male,A+,Outpatient,Government Scheme,1,172829.32,62,3,Under Treatment
PAT-50474,2023-07-23,General Medicine,38,Female,O-,Elective,Corporate Insurance,12,127543.88,44,1,Referred
PAT-51643,2023-07-23,Neurology,61,Female,B-,Elective,Self Pay,13,91488.97,74,14,Recovered
PAT-50066,2023-07-23,General Medicine,2,Male,AB+,Elective,Corporate Insurance,3,225975.54,67,4,Recovered
PAT-50093,2023-07-24,Orthopedics,60,Male,O-,Outpatient,Corporate Insurance,6,37604.47,49,6,Recovered
PAT-53037,2023-07-24,Oncology,87,Female,A-,Outpatient,Self Pay,20,215971.83,74,12,Recovered
PAT-50211,2023-07-24,ENT,8,Female,AB+,Outpatient,Private Insurance,18,188652.33,82,11,Recovered
PAT-51493,2023-07-24,General Medicine,78,Female,AB+,Outpatient,Corporate Insurance,7,237230.43,53,12,Recovered
PAT-51403,2023-07-24,Oncology,74,Female,A-,Elective,Private Insurance,4,67806.33,81,4,Recovered
PAT-52731,2023-07-25,Pediatrics,84,Male,B-,Outpatient,Government Scheme,15,230733.46,74,9,Recovered
PAT-50071,2023-07-25,Orthopedics,53,Female,B-,Elective,Government Scheme,18,148040.21,85,6,Recovered
PAT-52741,2023-07-25,Pediatrics,4,Female,B-,Elective,Corporate Insurance,6,162660.15,91,14,Recovered
PAT-50229,2023-07-25,Neurology,2,Female,O+,Outpatient,Private Insurance,15,17324.85,71,12,Recovered
PAT-50248,2023-07-25,Pediatrics,49,Male,O+,Elective,Government Scheme,8,161399.76,69,12,Referred
PAT-52234,2023-07-26,Neurology,7,Male,A+,Elective,Corporate Insurance,17,244202.97,77,9,Recovered
PAT-53162,2023-07-26,General Medicine,33,Male,A+,Emergency,Corporate Insurance,20,19724.39,67,10,Discharged Against Advice
PAT-50070,2023-07-26,Pediatrics,25,Female,B+,Elective,Self Pay,7,88922.29,86,9,Recovered
PAT-50449,2023-07-26,General Medicine,11,Male,A+,Outpatient,Self Pay,19,182597.43,46,4,Recovered
PAT-50522,2023-07-26,General Medicine,73,Female,AB-,Outpatient,Corporate Insurance,2,49838.18,92,3,Recovered
PAT-53446,2023-07-26,Oncology,46,Female,A+,Emergency,Self Pay,19,109782.97,70,7,Recovered
PAT-52186,2023-07-27,ENT,2,Female,AB-,Outpatient,Self Pay,15,6851.46,70,6,Under Treatment
PAT-51450,2023-07-27,Neurology,74,Female,B-,Emergency,Private Insurance,1,150384.33,79,1,Under Treatment
PAT-52045,2023-07-27,ENT,5,Female,AB+,Outpatient,Corporate Insurance,18,66864.19,95,10,Under Treatment
PAT-51284,2023-07-28,Cardiology,39,Male,AB+,Emergency,Corporate Insurance,1,179279.45,62,9,Under Treatment
PAT-51164,2023-07-28,Pediatrics,88,Female,O-,Elective,Private Insurance,8,109900.03,88,10,Recovered
PAT-50128,2023-07-28,ENT,45,Female,AB+,Elective,Private Insurance,19,93296.24,75,14,Recovered
PAT-53434,2023-07-28,Neurology,27,Male,O+,Emergency,Corporate Insurance,11,41834.28,43,4,Recovered
PAT-51859,2023-07-28,Oncology,28,Female,B+,Emergency,Government Scheme,4,154099.62,84,10,Recovered
PAT-51964,2023-07-28,Neurology,68,Female,AB-,Outpatient,Self Pay,6,179494.03,78,13,Discharged Against Advice
PAT-53495,2023-07-29,ENT,22,Female,AB+,Elective,Private Insurance,4,224806.3,87,5,Recovered
PAT-52016,2023-07-29,Neurology,79,Female,A+,Elective,Government Scheme,3,27392.93,71,7,Recovered
PAT-50013,2023-07-29,Pediatrics,37,Female,A-,Outpatient,Corporate Insurance,6,20531.49,83,4,Recovered
PAT-53253,2023-07-29,Dermatology,60,Male,A+,Elective,Government Scheme,17,163424.34,52,7,Under Treatment
PAT-52742,2023-07-29,Dermatology,45,Other,O+,Elective,Government Scheme,9,211046.02,77,5,Recovered
PAT-53545,2023-07-29,General Medicine,1,Male,O-,Outpatient,Private Insurance,1,187930.97,80,12,Recovered
PAT-53560,2023-07-29,Neurology,69,Other,B+,Elective,Private Insurance,6,236477.39,77,2,Under Treatment
PAT-51956,2023-07-30,Dermatology,65,Other,O-,Elective,Self Pay,15,118671.84,97,10,Recovered
PAT-52132,2023-07-30,Pediatrics,70,Male,AB-,Outpatient,Government Scheme,20,170912.25,99,11,Recovered
PAT-52535,2023-07-30,Dermatology,22,Male,O+,Emergency,Government Scheme,9,168371.38,88,6,Recovered
PAT-51589,2023-07-30,Cardiology,53,Female,A+,Outpatient,Government Scheme,17,113319.99,80,6,Recovered
PAT-51701,2023-07-31,ENT,24,Male,B-,Outpatient,Self Pay,3,149697.64,64,2,Discharged Against Advice
PAT-51003,2023-07-31,Dermatology,42,Male,A-,Emergency,Government Scheme,20,227784.25,68,5,Recovered
PAT-50176,2023-07-31,ENT,11,Male,AB+,Outpatient,Government Scheme,18,145499.5,65,12,Under Treatment
PAT-52402,2023-08-01,Cardiology,35,Male,A-,Elective,Self Pay,16,49499.1,73,1,Discharged Against Advice
PAT-52711,2023-08-01,Pediatrics,60,Male,O+,Outpatient,Self Pay,3,15057.18,44,12,Recovered
PAT-50841,2023-08-01,Orthopedics,25,Male,B+,Emergency,Private Insurance,15,129032.54,94,3,Recovered
PAT-51365,2023-08-01,General Medicine,49,Other,O-,Emergency,Self Pay,20,58957.7,69,12,Recovered
PAT-51996,2023-08-02,General Medicine,60,Female,AB+,Elective,Government Scheme,16,224914.79,86,2,Recovered
PAT-52627,2023-08-02,General Medicine,24,Female,O-,Outpatient,Private Insurance,5,119426.61,71,4,Recovered
PAT-51436,2023-08-02,Orthopedics,39,Female,B-,Emergency,Private Insurance,5,92529.63,59,10,Recovered
PAT-50940,2023-08-02,Oncology,43,Male,B-,Elective,Corporate Insurance,19,71473.36,61,8,Recovered
PAT-53409,2023-08-02,General Medicine,79,Female,AB+,Emergency,Government Scheme,3,87239.89,57,4,Recovered
PAT-53182,2023-08-03,Cardiology,76,Female,B-,Outpatient,Corporate Insurance,14,44843.52,83,14,Recovered
PAT-50361,2023-08-03,General Medicine,74,Male,AB-,Outpatient,Government Scheme,12,91568.52,86,13,Under Treatment
PAT-50651,2023-08-03,Oncology,20,Male,AB-,Emergency,Corporate Insurance,7,181549.46,57,10,Referred
PAT-50811,2023-08-04,Pediatrics,66,Male,A+,Elective,Private Insurance,20,35807.54,86,5,Under Treatment
PAT-50960,2023-08-04,Neurology,67,Male,A-,Elective,Self Pay,14,22466.41,40,8,Recovered
PAT-52466,2023-08-04,Dermatology,85,Male,O+,Outpatient,Government Scheme,6,92296.92,95,6,Discharged Against Advice
PAT-50574,2023-08-04,Pediatrics,11,Female,A+,Emergency,Self Pay,13,21002.04,64,9,Recovered
PAT-50056,2023-08-04,Dermatology,77,Female,O+,Emergency,Government Scheme,4,206558.12,60,2,Referred
PAT-51004,2023-08-04,ENT,60,Male,A+,Emergency,Corporate Insurance,20,162261.29,64,5,Recovered
PAT-51672,2023-08-04,Pediatrics,78,Other,O-,Elective,Self Pay,13,194575.42,75,6,Recovered
PAT-51324,2023-08-05,Pediatrics,7,Female,B-,Emergency,Government Scheme,17,227761.26,98,3,Recovered
PAT-52619,2023-08-05,Cardiology,65,Female,A+,Outpatient,Government Scheme,2,200162.24,98,2,Recovered
PAT-51806,2023-08-05,General Medicine,9,Female,B-,Outpatient,Private Insurance,8,179923.47,70,13,Recovered
PAT-51018,2023-08-05,Neurology,81,Male,AB+,Outpatient,Private Insurance,8,20567.08,53,6,Recovered
PAT-52059,2023-08-06,General Medicine,16,Female,B+,Emergency,Government Scheme,7,92175.17,51,1,Recovered
PAT-50050,2023-08-06,ENT,43,Female,O-,Elective,Private Insurance,11,161231.3,61,10,Recovered
PAT-53548,2023-08-07,Neurology,72,Female,AB+,Elective,Private Insurance,7,5094.24,62,1,Recovered
PAT-51615,2023-08-07,ENT,41,Male,O-,Elective,Self Pay,3,186089.75,70,9,Recovered
PAT-53424,2023-08-07,General Medicine,24,Male,AB+,Elective,Government Scheme,8,17086.72,83,14,Recovered
PAT-52212,2023-08-07,Neurology,81,Male,O+,Emergency,Self Pay,2,55201.67,44,11,Recovered
PAT-50041,2023-08-07,Dermatology,41,Male,B+,Emergency,Corporate Insurance,15,172767.54,56,4,Under Treatment
PAT-50428,2023-08-07,Oncology,4,Male,O+,Outpatient,Corporate Insurance,10,64368.87,62,9,Recovered
PAT-50845,2023-08-07,Dermatology,28,Female,A-,Outpatient,Self Pay,15,119615.68,72,12,Recovered
PAT-52190,2023-08-07,Pediatrics,88,Female,B-,Outpatient,Corporate Insurance,1,36218.89,65,6,Recovered
PAT-51484,2023-08-08,Dermatology,43,Male,A+,Emergency,Government Scheme,10,235085.29,88,1,Recovered
PAT-50022,2023-08-08,Pediatrics,79,Male,B+,Emergency,Government Scheme,7,190203.59,74,2,Recovered
PAT-52370,2023-08-08,General Medicine,42,Male,B-,Outpatient,Government Scheme,18,3452.64,59,10,Recovered
PAT-52049,2023-08-08,Neurology,8,Female,AB+,Emergency,Government Scheme,18,88284.68,71,14,Recovered
PAT-50523,2023-08-09,Cardiology,83,Male,AB-,Elective,Private Insurance,15,26939.82,84,8,Recovered
PAT-52986,2023-08-09,Dermatology,82,Male,A-,Elective,Self Pay,13,211186.31,75,7,Recovered
PAT-50326,2023-08-09,ENT,55,Male,AB+,Outpatient,Corporate Insurance,12,180318.64,84,4,Recovered
PAT-51505,2023-08-09,General Medicine,40,Male,AB-,Outpatient,Private Insurance,5,143885.67,63,2,Recovered
PAT-53188,2023-08-09,Oncology,74,Female,B-,Emergency,Private Insurance,3,184584.36,89,11,Recovered
PAT-50446,2023-08-09,Neurology,64,Female,A+,Elective,Corporate Insurance,9,1835.83,66,8,Recovered
PAT-50090,2023-08-09,Pediatrics,25,Female,A-,Emergency,Corporate Insurance,9,11196.86,65,7,Under Treatment
PAT-53305,2023-08-09,Dermatology,23,Male,B+,Elective,Private Insurance,12,187518.57,80,2,Recovered
PAT-51692,2023-08-09,Orthopedics,1,Male,A-,Elective,Self Pay,6,128090.15,89,9,Recovered
PAT-51782,2023-08-09,Oncology,35,Female,B-,Outpatient,Government Scheme,19,155513.64,63,4,Recovered
PAT-51231,2023-08-10,Dermatology,26,Female,B+,Outpatient,Corporate Insurance,11,163769.79,68,4,Recovered
PAT-52393,2023-08-10,ENT,19,Male,AB+,Emergency,Self Pay,10,68376.99,91,6,Recovered
PAT-51072,2023-08-10,ENT,74,Male,O-,Emergency,Corporate Insurance,3,231809.64,51,8,Recovered
PAT-50902,2023-08-10,Dermatology,59,Female,A-,Outpatient,Private Insurance,4,72417.89,58,9,Under Treatment
PAT-53555,2023-08-10,Cardiology,66,Female,A-,Outpatient,Self Pay,15,213163.03,98,11,Recovered
PAT-53547,2023-08-11,Dermatology,30,Male,B+,Outpatient,Private Insurance,14,3115.72,88,7,Recovered
PAT-51864,2023-08-11,Dermatology,28,Female,A+,Elective,Corporate Insurance,5,146301.99,51,12,Recovered
PAT-51393,2023-08-11,Neurology,5,Female,AB+,Elective,Private Insurance,6,68175.7,48,13,Recovered
PAT-51895,2023-08-12,Oncology,22,Male,B-,Elective,Self Pay,9,180718.37,95,3,Recovered
PAT-51467,2023-08-12,Neurology,61,Other,O+,Elective,Corporate Insurance,15,167531.23,52,4,Recovered
PAT-53348,2023-08-12,Pediatrics,11,Female,O-,Outpatient,Self Pay,7,94900.3,64,4,Referred
PAT-52677,2023-08-12,Pediatrics,21,Male,B-,Outpatient,Corporate Insurance,6,102847.11,64,13,Referred
PAT-52954,2023-08-12,ENT,37,Female,O+,Elective,Self Pay,17,168425.35,73,10,Recovered
PAT-50201,2023-08-12,General Medicine,84,Male,AB-,Outpatient,Corporate Insurance,3,148097.61,86,9,Recovered
PAT-50639,2023-08-12,Neurology,85,Male,O+,Outpatient,Corporate Insurance,17,88387.37,74,1,Recovered
PAT-50995,2023-08-12,Neurology,47,Other,A-,Outpatient,Government Scheme,6,215953.96,71,9,Recovered
PAT-53450,2023-08-13,ENT,20,Male,B-,Elective,Private Insurance,3,168550.93,66,3,Under Treatment
PAT-51332,2023-08-13,Oncology,47,Male,B+,Elective,Self Pay,7,87531.25,83,2,Referred
PAT-50086,2023-08-13,Cardiology,65,Male,O+,Outpatient,Self Pay,14,206433.56,70,14,Recovered
PAT-52136,2023-08-14,Neurology,4,Male,O-,Outpatient,Private Insurance,1,216202.45,46,7,Recovered
PAT-51661,2023-08-14,Dermatology,81,Male,A-,Outpatient,Government Scheme,13,144545.04,77,7,Recovered
PAT-51920,2023-08-14,Neurology,38,Male,B-,Elective,Corporate Insurance,10,126891.55,52,8,Recovered
PAT-50244,2023-08-14,ENT,68,Female,A-,Outpatient,Private Insurance,1,5480.15,74,4,Referred
PAT-53431,2023-08-14,Neurology,47,Male,B-,Elective,Corporate Insurance,2,185607.74,42,5,Recovered
PAT-52469,2023-08-14,Neurology,75,Female,O+,Emergency,Private Insurance,19,125906.66,65,10,Recovered
PAT-52642,2023-08-15,General Medicine,10,Female,O+,Emergency,Government Scheme,10,34029.89,68,9,Under Treatment
PAT-50025,2023-08-15,Dermatology,2,Male,B-,Elective,Corporate Insurance,6,239948.26,51,3,Recovered
PAT-50432,2023-08-15,Pediatrics,12,Female,AB+,Emergency,Self Pay,8,135064.84,74,14,Referred
PAT-50935,2023-08-15,Cardiology,40,Male,B+,Emergency,Private Insurance,2,191821.03,44,4,Under Treatment
PAT-52832,2023-08-15,Oncology,39,Male,AB+,Emergency,Government Scheme,12,171076.53,77,13,Referred
PAT-51318,2023-08-15,General Medicine,58,Female,A-,Emergency,Corporate Insurance,20,242627.43,87,13,Recovered
PAT-52110,2023-08-16,Neurology,26,Female,AB+,Emergency,Private Insurance,7,106356.47,99,13,Recovered
PAT-50911,2023-08-16,Cardiology,63,Female,AB+,Outpatient,Self Pay,12,144024.89,59,8,Under Treatment
PAT-50443,2023-08-16,Dermatology,17,Male,O-,Outpatient,Government Scheme,3,154230.46,95,8,Recovered
PAT-51248,2023-08-16,Dermatology,86,Female,B-,Outpatient,Corporate Insurance,18,95504.52,65,9,Recovered
PAT-51572,2023-08-16,Orthopedics,30,Female,AB-,Emergency,Self Pay,1,33457.29,93,4,Under Treatment
PAT-52940,2023-08-17,General Medicine,11,Male,A-,Elective,Corporate Insurance,5,155699.8,52,13,Recovered
PAT-52188,2023-08-17,Oncology,38,Female,A-,Outpatient,Government Scheme,1,245657.81,88,10,Recovered
PAT-51107,2023-08-17,Oncology,41,Male,AB-,Outpatient,Government Scheme,6,166702.53,75,9,Under Treatment
PAT-50740,2023-08-17,Cardiology,43,Female,A-,Emergency,Private Insurance,17,228704.32,41,4,Recovered
PAT-53060,2023-08-17,Cardiology,10,Female,AB+,Elective,Private Insurance,6,202568.39,95,8,Recovered
PAT-50666,2023-08-17,Pediatrics,83,Female,AB-,Emergency,Corporate Insurance,3,227586.3,95,12,Under Treatment
PAT-51293,2023-08-17,Neurology,72,Female,AB-,Emergency,Corporate Insurance,11,110390.59,55,13,Recovered
PAT-50010,2023-08-18,Dermatology,28,Male,AB-,Outpatient,Government Scheme,6,215081.23,89,3,Recovered
PAT-52086,2023-08-18,Pediatrics,55,Male,B-,Emergency,Government Scheme,11,209365.76,70,12,Recovered
PAT-50717,2023-08-18,Orthopedics,36,Female,B-,Elective,Corporate Insurance,19,75168.57,42,5,Recovered
PAT-50862,2023-08-18,Cardiology,70,Male,A-,Elective,Self Pay,15,68540.82,81,2,Recovered
PAT-51586,2023-08-19,Cardiology,83,Male,B+,Emergency,Corporate Insurance,4,209374.53,85,11,Recovered
PAT-50861,2023-08-19,Cardiology,66,Female,A-,Outpatient,Self Pay,7,21482.55,49,7,Under Treatment
PAT-52318,2023-08-19,ENT,59,Male,O-,Emergency,Self Pay,8,32474.9,42,7,Recovered
PAT-52533,2023-08-19,Neurology,27,Male,B+,Outpatient,Self Pay,5,219286.83,79,1,Recovered
PAT-50114,2023-08-19,General Medicine,21,Female,B-,Outpatient,Private Insurance,3,57192.08,93,2,Recovered
PAT-52808,2023-08-19,Oncology,58,Female,O+,Emergency,Private Insurance,13,200946.66,43,1,Under Treatment
PAT-52988,2023-08-19,Neurology,28,Female,B+,Outpatient,Government Scheme,5,126893.02,71,3,Recovered
PAT-50703,2023-08-20,General Medicine,53,Male,B+,Outpatient,Private Insurance,6,82980.18,40,9,Under Treatment
PAT-51656,2023-08-20,Oncology,34,Male,B-,Outpatient,Self Pay,16,242901.1,68,1,Recovered
PAT-51422,2023-08-20,Neurology,59,Male,O+,Emergency,Government Scheme,6,12604.24,81,12,Recovered
PAT-52014,2023-08-20,Cardiology,51,Male,AB-,Elective,Government Scheme,6,45116.38,71,10,Recovered
PAT-51822,2023-08-20,ENT,24,Other,A+,Emergency,Private Insurance,2,189168.83,94,13,Recovered
PAT-50763,2023-08-20,Dermatology,4,Female,B-,Elective,Corporate Insurance,4,135046.98,73,1,Recovered
PAT-53358,2023-08-20,ENT,59,Male,A-,Elective,Private Insurance,11,41297.47,97,11,Under Treatment
PAT-50158,2023-08-20,Neurology,40,Male,O+,Emergency,Corporate Insurance,17,197031.53,49,10,Recovered
PAT-53103,2023-08-20,Neurology,74,Male,A-,Emergency,Government Scheme,9,126878.1,41,9,Recovered
PAT-53127,2023-08-21,Neurology,23,Female,AB-,Emergency,Corporate Insurance,14,32885.05,45,14,Under Treatment
PAT-53537,2023-08-21,Pediatrics,70,Male,AB-,Elective,Private Insurance,7,242943.78,51,1,Discharged Against Advice
PAT-50253,2023-08-21,General Medicine,8,Male,O+,Elective,Corporate Insurance,4,73294.29,47,8,Recovered
PAT-52499,2023-08-21,Pediatrics,74,Male,A+,Outpatient,Corporate Insurance,9,88461.73,42,13,Discharged Against Advice
PAT-52223,2023-08-22,Oncology,2,Female,B+,Elective,Self Pay,12,200376.38,62,2,Recovered
PAT-52108,2023-08-22,Neurology,84,Male,A+,Emergency,Government Scheme,10,74292.97,60,3,Under Treatment
PAT-52040,2023-08-22,General Medicine,35,Female,AB+,Outpatient,Corporate Insurance,13,214033.55,40,1,Under Treatment
PAT-53566,2023-08-22,Cardiology,61,Male,B-,Outpatient,Self Pay,1,231771.42,77,14,Recovered
PAT-50386,2023-08-22,Neurology,16,Female,AB+,Emergency,Government Scheme,13,124747.5,86,10,Recovered
PAT-52908,2023-08-24,ENT,17,Female,A-,Elective,Private Insurance,15,33339.07,72,1,Recovered
PAT-50873,2023-08-24,Orthopedics,75,Female,B+,Outpatient,Self Pay,20,196918.35,65,8,Discharged Against Advice
PAT-53341,2023-08-24,Pediatrics,35,Male,B-,Elective,Corporate Insurance,15,157571.99,97,3,Recovered
PAT-51770,2023-08-24,Cardiology,34,Male,AB+,Emergency,Government Scheme,4,176208.12,84,9,Under Treatment
PAT-51840,2023-08-24,Pediatrics,86,Female,AB-,Outpatient,Corporate Insurance,10,36529.6,81,13,Recovered
PAT-51691,2023-08-24,Neurology,28,Male,AB-,Outpatient,Self Pay,17,140901.69,45,1,Under Treatment
PAT-51252,2023-08-24,Neurology,2,Female,A+,Outpatient,Self Pay,15,2193.23,52,10,Referred
PAT-50357,2023-08-25,General Medicine,31,Female,A-,Outpatient,Self Pay,3,127340.31,68,5,Recovered
PAT-52874,2023-08-25,General Medicine,5,Male,B-,Emergency,Government Scheme,16,237619.02,85,7,Referred
PAT-53384,2023-08-25,General Medicine,64,Male,B+,Outpatient,Private Insurance,16,45382.55,74,8,Recovered
PAT-50835,2023-08-26,General Medicine,53,Male,O+,Emergency,Self Pay,2,28768.13,59,4,Discharged Against Advice
PAT-52553,2023-08-26,Cardiology,18,Female,O-,Emergency,Self Pay,1,129159.77,42,6,Under Treatment
PAT-51976,2023-08-26,Neurology,83,Male,B+,Elective,Self Pay,20,13287.65,66,13,Recovered
PAT-53277,2023-08-26,Pediatrics,67,Male,B+,Outpatient,Corporate Insurance,4,135789.79,91,4,Referred
PAT-53586,2023-08-26,Dermatology,53,Male,O+,Elective,Private Insurance,6,142630.24,61,4,Under Treatment
PAT-51388,2023-08-27,Dermatology,20,Female,B+,Outpatient,Government Scheme,10,151715.73,86,10,Recovered
PAT-51115,2023-08-27,ENT,37,Male,B+,Elective,Self Pay,9,191375.41,90,3,Referred
PAT-50625,2023-08-28,ENT,27,Female,A+,Outpatient,Corporate Insurance,7,63139.31,80,14,Recovered
PAT-52654,2023-08-28,Orthopedics,65,Female,AB-,Emergency,Private Insurance,9,28076.77,56,14,Recovered
PAT-50893,2023-08-29,ENT,88,Male,O+,Emergency,Self Pay,16,64039.39,91,6,Recovered
PAT-53004,2023-08-29,Orthopedics,39,Female,A-,Emergency,Government Scheme,10,140365.73,98,7,Recovered
PAT-51444,2023-08-30,Dermatology,23,Male,A-,Elective,Government Scheme,14,6119.42,67,13,Under Treatment
PAT-52840,2023-08-30,Orthopedics,38,Female,O+,Emergency,Corporate Insurance,9,67477.28,58,3,Referred
PAT-53263,2023-08-30,Pediatrics,40,Female,O-,Outpatient,Government Scheme,19,135132.75,69,6,Recovered
PAT-52714,2023-08-30,General Medicine,49,Female,B+,Elective,Private Insurance,3,61982.42,45,11,Recovered
PAT-53412,2023-08-30,Neurology,25,Male,AB-,Elective,Self Pay,1,14181.04,95,14,Referred
PAT-52118,2023-08-30,Cardiology,60,Male,O+,Emergency,Government Scheme,19,85086.99,70,2,Recovered
PAT-51262,2023-08-30,Neurology,12,Male,A-,Outpatient,Corporate Insurance,16,245889.55,72,11,Discharged Against Advice
PAT-50545,2023-08-30,General Medicine,83,Male,B+,Outpatient,Corporate Insurance,15,177450.39,40,2,Under Treatment
PAT-52193,2023-08-30,Neurology,79,Other,O+,Elective,Corporate Insurance,16,35269.66,89,3,Under Treatment
PAT-50262,2023-08-31,Orthopedics,69,Male,A-,Elective,Private Insurance,1,29432.65,92,8,Recovered
PAT-50693,2023-08-31,Cardiology,5,Male,A-,Outpatient,Self Pay,2,197433.64,67,10,Recovered
PAT-52817,2023-08-31,Orthopedics,4,Male,AB-,Elective,Corporate Insurance,15,116458.68,70,1,Under Treatment
PAT-50228,2023-08-31,Neurology,31,Female,AB-,Outpatient,Self Pay,19,211659.09,63,2,Referred
PAT-50081,2023-08-31,Oncology,63,Male,A-,Outpatient,Corporate Insurance,11,52363.52,47,5,Under Treatment
PAT-51458,2023-09-01,ENT,69,Other,O+,Elective,Self Pay,20,137867.88,87,7,Under Treatment
PAT-53320,2023-09-01,Oncology,10,Male,A+,Elective,Private Insurance,20,229823.21,88,11,Recovered
PAT-52317,2023-09-01,Oncology,42,Female,B+,Outpatient,Self Pay,3,1758.92,51,11,Recovered
PAT-50251,2023-09-01,Orthopedics,12,Female,A-,Emergency,Corporate Insurance,3,191199.08,83,9,Recovered
PAT-53122,2023-09-01,ENT,13,Female,B-,Elective,Self Pay,12,45660.87,70,10,Recovered
PAT-51297,2023-09-01,Neurology,75,Female,B-,Emergency,Self Pay,18,87578.74,97,8,Under Treatment
PAT-51667,2023-09-01,General Medicine,76,Male,B+,Emergency,Self Pay,5,1610.36,87,12,Recovered
PAT-51029,2023-09-02,General Medicine,33,Male,AB+,Elective,Corporate Insurance,14,231911.62,90,10,Recovered
PAT-50793,2023-09-02,General Medicine,7,Female,A+,Emergency,Private Insurance,9,136400.51,62,13,Recovered
PAT-52240,2023-09-03,Pediatrics,85,Female,A+,Emergency,Corporate Insurance,6,130220.04,70,14,Under Treatment
PAT-52910,2023-09-03,Oncology,62,Male,AB+,Emergency,Private Insurance,2,246407.89,96,14,Recovered
PAT-52351,2023-09-03,Cardiology,44,Male,AB-,Outpatient,Private Insurance,19,83407.97,89,4,Recovered
PAT-51096,2023-09-03,General Medicine,61,Male,A+,Elective,Corporate Insurance,9,45163.93,42,8,Under Treatment
PAT-51695,2023-09-03,Dermatology,43,Female,B-,Outpatient,Corporate Insurance,2,125678.61,75,4,Recovered
PAT-52002,2023-09-03,Oncology,6,Female,O+,Outpatient,Corporate Insurance,2,4540.74,73,12,Referred
PAT-52015,2023-09-03,Orthopedics,21,Male,AB+,Emergency,Private Insurance,14,32717.75,76,10,Recovered
PAT-50595,2023-09-04,Pediatrics,68,Female,O-,Emergency,Self Pay,19,167833.5,59,12,Recovered
PAT-50411,2023-09-04,Oncology,78,Male,O+,Elective,Self Pay,17,162208.71,67,13,Recovered
PAT-52751,2023-09-04,Dermatology,37,Female,O-,Emergency,Private Insurance,19,208855.06,41,5,Recovered
PAT-50742,2023-09-04,Dermatology,79,Male,O-,Elective,Private Insurance,17,237536.99,83,6,Recovered
PAT-53133,2023-09-04,Oncology,64,Male,A-,Outpatient,Private Insurance,3,46459.21,91,10,Recovered
PAT-53373,2023-09-04,Cardiology,68,Male,B-,Outpatient,Self Pay,13,2493.97,57,5,Under Treatment
PAT-52487,2023-09-05,Dermatology,85,Male,A-,Emergency,Corporate Insurance,6,233494.44,95,2,Recovered
PAT-53231,2023-09-05,General Medicine,88,Female,AB+,Outpatient,Self Pay,13,77744.34,57,11,Recovered
PAT-51767,2023-09-05,Pediatrics,56,Male,B-,Outpatient,Private Insurance,8,13784.44,69,4,Recovered
PAT-51438,2023-09-05,Oncology,47,Female,O-,Outpatient,Corporate Insurance,11,33009.54,43,1,Recovered
PAT-52483,2023-09-05,Oncology,10,Male,B-,Emergency,Private Insurance,5,143749.44,43,10,Recovered
PAT-50104,2023-09-05,Pediatrics,41,Female,B-,Emergency,Self Pay,12,39555.55,70,8,Recovered
PAT-51425,2023-09-05,Dermatology,31,Female,B-,Elective,Private Insurance,8,23908.59,94,14,Under Treatment
PAT-52730,2023-09-06,Orthopedics,45,Female,A-,Emergency,Self Pay,11,178196.59,65,10,Discharged Against Advice
PAT-52779,2023-09-06,Oncology,25,Female,O-,Emergency,Self Pay,1,67977.93,46,3,Recovered
PAT-50393,2023-09-07,General Medicine,34,Female,O-,Emergency,Corporate Insurance,13,166036.01,51,9,Recovered
PAT-50623,2023-09-07,Pediatrics,49,Male,O-,Elective,Corporate Insurance,5,116112.51,66,5,Recovered
PAT-52400,2023-09-07,Dermatology,84,Male,O+,Emergency,Government Scheme,6,232070.7,73,1,Referred
PAT-52258,2023-09-08,Orthopedics,45,Female,B-,Emergency,Private Insurance,11,13103.51,66,9,Recovered
PAT-50611,2023-09-08,Dermatology,48,Female,A+,Elective,Self Pay,3,58235.29,41,1,Under Treatment
PAT-52109,2023-09-08,Pediatrics,48,Female,A-,Emergency,Self Pay,13,219732.11,67,11,Recovered
PAT-52939,2023-09-08,General Medicine,34,Female,A-,Outpatient,Private Insurance,9,122665.55,53,7,Recovered
PAT-50075,2023-09-08,Oncology,14,Other,A+,Emergency,Corporate Insurance,20,107241.12,50,4,Referred
PAT-50026,2023-09-08,Orthopedics,42,Male,A+,Outpatient,Government Scheme,6,38807.14,51,10,Under Treatment
PAT-52194,2023-09-08,Oncology,56,Female,A+,Elective,Private Insurance,9,194242.08,56,3,Recovered
PAT-53048,2023-09-08,Dermatology,70,Male,B-,Elective,Self Pay,5,17846.39,72,13,Recovered
PAT-50529,2023-09-08,ENT,48,Male,A-,Elective,Private Insurance,5,1940.68,89,5,Discharged Against Advice
PAT-50020,2023-09-08,Dermatology,15,Female,A-,Elective,Private Insurance,8,64526.93,56,14,Referred
PAT-53544,2023-09-09,Oncology,11,Female,B-,Outpatient,Private Insurance,9,219654.1,88,11,Recovered
PAT-50216,2023-09-09,Cardiology,27,Male,A+,Emergency,Corporate Insurance,3,37746.26,81,2,Recovered
PAT-52398,2023-09-09,Dermatology,75,Female,AB-,Elective,Self Pay,11,21373.08,44,10,Recovered
PAT-53370,2023-09-09,Orthopedics,52,Other,A+,Outpatient,Private Insurance,17,46722.73,43,4,Under Treatment
PAT-53323,2023-09-09,Orthopedics,45,Male,O-,Emergency,Corporate Insurance,15,44436.72,88,3,Recovered
PAT-52865,2023-09-10,General Medicine,83,Male,O-,Outpatient,Corporate Insurance,14,88450.38,87,4,Recovered
PAT-51651,2023-09-10,General Medicine,33,Female,O+,Outpatient,Government Scheme,20,50271.08,45,2,Recovered
PAT-50479,2023-09-10,Pediatrics,58,Male,O-,Elective,Self Pay,3,27817.68,59,14,Referred
PAT-50215,2023-09-10,Dermatology,81,Female,B+,Elective,Corporate Insurance,2,203345.66,43,9,Recovered
PAT-53479,2023-09-11,Neurology,87,Female,O-,Emergency,Government Scheme,3,222092.44,54,13,Recovered
PAT-50359,2023-09-11,Cardiology,52,Male,AB+,Outpatient,Corporate Insurance,15,176112.22,82,4,Under Treatment
PAT-50088,2023-09-11,Pediatrics,48,Other,B-,Outpatient,Private Insurance,14,229737.75,65,10,Under Treatment
PAT-50836,2023-09-11,ENT,10,Female,AB+,Elective,Corporate Insurance,12,81615.67,72,3,Referred
PAT-53396,2023-09-11,Pediatrics,33,Male,O+,Emergency,Government Scheme,15,40985.54,69,7,Recovered
PAT-50953,2023-09-12,Cardiology,19,Female,B-,Outpatient,Government Scheme,18,183412.42,96,13,Recovered
PAT-52560,2023-09-12,Orthopedics,40,Female,AB-,Emergency,Corporate Insurance,14,242728.89,93,12,Under Treatment
PAT-53172,2023-09-12,Neurology,1,Male,A-,Outpatient,Self Pay,3,168725.66,98,12,Referred
PAT-51120,2023-09-13,Oncology,41,Female,AB-,Emergency,Private Insurance,14,237622.77,82,7,Recovered
PAT-50031,2023-09-13,Cardiology,7,Male,AB-,Outpatient,Self Pay,14,234426.64,48,2,Recovered
PAT-50839,2023-09-13,General Medicine,86,Male,O-,Elective,Government Scheme,1,204761.5,83,8,Recovered
PAT-50355,2023-09-13,Cardiology,83,Female,O-,Elective,Self Pay,4,184815.53,49,14,Recovered
PAT-52495,2023-09-13,ENT,58,Male,AB-,Emergency,Private Insurance,19,70670.23,64,13,Referred
PAT-52898,2023-09-13,Pediatrics,67,Female,B+,Emergency,Government Scheme,15,14809.94,89,4,Recovered
PAT-53343,2023-09-13,Orthopedics,20,Female,B-,Emergency,Self Pay,4,173242.81,77,5,Referred
PAT-50726,2023-09-13,Dermatology,63,Male,A+,Outpatient,Private Insurance,5,142563.2,71,5,Recovered
PAT-52818,2023-09-14,Pediatrics,59,Female,O+,Elective,Government Scheme,7,191622.46,55,12,Recovered
PAT-51361,2023-09-14,Oncology,17,Male,O+,Elective,Corporate Insurance,10,146200.08,80,1,Recovered
PAT-53153,2023-09-14,ENT,39,Female,O+,Outpatient,Private Insurance,4,47818.98,85,13,Recovered
PAT-50156,2023-09-14,Pediatrics,29,Female,A-,Elective,Private Insurance,5,91251.37,64,11,Referred
PAT-51049,2023-09-14,Neurology,28,Female,O-,Outpatient,Private Insurance,7,8810.03,41,14,Recovered
PAT-51514,2023-09-15,Pediatrics,11,Male,O-,Outpatient,Self Pay,11,181503.97,89,14,Recovered
PAT-51922,2023-09-15,General Medicine,30,Male,O-,Outpatient,Self Pay,18,156721.51,64,7,Recovered
PAT-50016,2023-09-15,Neurology,18,Female,O-,Elective,Private Insurance,9,32931.24,87,3,Recovered
PAT-52797,2023-09-15,General Medicine,5,Male,O-,Emergency,Self Pay,16,177259.35,96,3,Recovered
PAT-52213,2023-09-15,Orthopedics,62,Male,AB-,Emergency,Private Insurance,19,120996.07,71,11,Under Treatment
PAT-51698,2023-09-16,ENT,26,Female,A+,Elective,Government Scheme,1,117004.12,45,13,Recovered
PAT-50344,2023-09-16,Pediatrics,62,Male,B-,Emergency,Government Scheme,17,217734.37,96,6,Recovered
PAT-53229,2023-09-17,Orthopedics,83,Male,B+,Outpatient,Corporate Insurance,2,222478.02,65,8,Referred
PAT-51089,2023-09-17,Oncology,26,Male,B-,Elective,Self Pay,14,88466.31,93,2,Recovered
PAT-50042,2023-09-17,ENT,15,Male,B-,Outpatient,Government Scheme,11,6556.87,59,13,Recovered
PAT-51263,2023-09-18,Neurology,4,Female,AB+,Elective,Government Scheme,18,200406.52,65,12,Recovered
PAT-51813,2023-09-19,Pediatrics,40,Female,A+,Outpatient,Private Insurance,12,99605.75,58,14,Referred
PAT-52957,2023-09-19,Orthopedics,55,Male,B+,Outpatient,Private Insurance,5,157862.84,49,13,Recovered
PAT-50652,2023-09-19,Cardiology,85,Male,B+,Emergency,Private Insurance,1,205995.7,76,2,Under Treatment
PAT-50707,2023-09-19,ENT,83,Female,B-,Elective,Self Pay,16,213766.41,73,14,Recovered
PAT-52618,2023-09-19,Dermatology,2,Female,O-,Elective,Corporate Insurance,13,47699.74,46,10,Recovered
PAT-51443,2023-09-19,Pediatrics,22,Male,B+,Outpatient,Private Insurance,7,74518.16,52,4,Recovered
PAT-52271,2023-09-19,Cardiology,31,Male,B-,Outpatient,Government Scheme,16,35974.76,83,7,Referred
PAT-51193,2023-09-19,General Medicine,7,Female,O-,Elective,Self Pay,16,167127.59,85,5,Recovered
PAT-51114,2023-09-20,Oncology,40,Female,AB-,Outpatient,Self Pay,5,112148.61,71,12,Discharged Against Advice
PAT-51177,2023-09-20,General Medicine,8,Male,B+,Elective,Government Scheme,13,241024.05,95,12,Recovered
PAT-50126,2023-09-20,Cardiology,16,Female,B-,Elective,Self Pay,18,176073.31,98,12,Recovered
PAT-53249,2023-09-21,Oncology,13,Female,A-,Emergency,Private Insurance,11,102557.61,63,7,Recovered
PAT-51140,2023-09-21,Pediatrics,53,Female,O+,Outpatient,Government Scheme,5,161624.62,99,12,Recovered
PAT-53438,2023-09-21,Pediatrics,52,Male,B+,Emergency,Corporate Insurance,9,180465.38,56,8,Referred
PAT-51105,2023-09-21,Cardiology,23,Male,AB+,Emergency,Private Insurance,19,121727.31,82,11,Recovered
PAT-50335,2023-09-21,Cardiology,82,Male,A+,Elective,Private Insurance,13,13636.12,65,8,Recovered
PAT-50210,2023-09-22,Neurology,67,Male,B+,Outpatient,Corporate Insurance,17,220882.27,72,1,Recovered
PAT-50118,2023-09-22,Neurology,31,Male,AB-,Emergency,Self Pay,4,214654.3,52,3,Recovered
PAT-50855,2023-09-22,ENT,46,Female,A-,Outpatient,Corporate Insurance,18,31338.57,88,7,Recovered
PAT-52639,2023-09-23,Oncology,14,Female,AB-,Outpatient,Private Insurance,8,177960.26,40,14,Under Treatment
PAT-50727,2023-09-23,ENT,68,Female,B-,Elective,Self Pay,11,107825.47,48,12,Recovered
PAT-50381,2023-09-23,Oncology,29,Female,O+,Elective,Corporate Insurance,10,125532.66,40,12,Recovered
PAT-52022,2023-09-24,Neurology,37,Male,A-,Emergency,Self Pay,13,97551.76,56,8,Recovered
PAT-53191,2023-09-24,Oncology,20,Male,AB-,Outpatient,Private Insurance,11,226872.99,93,2,Recovered
PAT-52822,2023-09-24,Orthopedics,28,Female,B+,Outpatient,Private Insurance,1,63806.33,95,9,Recovered
PAT-51642,2023-09-24,Dermatology,41,Male,B-,Emergency,Private Insurance,16,221718.77,53,5,Recovered
PAT-51187,2023-09-25,Neurology,83,Female,B-,Elective,Government Scheme,5,174080.18,76,12,Recovered
PAT-50439,2023-09-25,General Medicine,50,Female,B-,Outpatient,Private Insurance,17,33251.72,91,13,Recovered
PAT-52894,2023-09-25,Cardiology,83,Female,AB+,Outpatient,Corporate Insurance,9,185268.94,42,10,Under Treatment
PAT-52645,2023-09-25,Neurology,67,Male,A+,Elective,Private Insurance,13,162267.28,47,6,Recovered
PAT-51268,2023-09-26,Orthopedics,6,Female,O+,Emergency,Corporate Insurance,12,109458.6,61,11,Recovered
PAT-51689,2023-09-26,Oncology,85,Female,AB+,Elective,Private Insurance,11,55603.51,95,2,Recovered
PAT-50767,2023-09-26,General Medicine,46,Female,AB+,Emergency,Corporate Insurance,20,8671.83,44,2,Referred
PAT-51026,2023-09-26,Oncology,2,Male,B+,Emergency,Self Pay,12,77311.73,77,7,Recovered
PAT-52451,2023-09-27,Dermatology,9,Female,A+,Outpatient,Self Pay,5,80167.28,96,10,Referred
PAT-52548,2023-09-27,General Medicine,5,Male,O+,Outpatient,Self Pay,17,40855.05,95,11,Recovered
PAT-51301,2023-09-27,Neurology,58,Other,O-,Outpatient,Private Insurance,4,88409.56,68,1,Referred
PAT-52748,2023-09-27,Orthopedics,28,Female,A+,Emergency,Private Insurance,16,236375.55,55,14,Discharged Against Advice
PAT-53355,2023-09-27,Oncology,20,Female,O+,Elective,Government Scheme,16,66421.53,90,13,Referred
PAT-53399,2023-09-27,Cardiology,42,Female,B+,Emergency,Government Scheme,2,174737.17,47,13,Under Treatment
PAT-51471,2023-09-27,Pediatrics,74,Male,A-,Emergency,Corporate Insurance,19,23722.57,51,9,Recovered
PAT-53134,2023-09-28,Orthopedics,26,Male,A+,Emergency,Private Insurance,10,6165.74,50,4,Recovered
PAT-52183,2023-09-28,Cardiology,28,Male,AB+,Elective,Self Pay,4,37447.71,71,8,Recovered
PAT-50134,2023-09-28,Dermatology,68,Other,O-,Emergency,Self Pay,4,16756.73,80,2,Under Treatment
PAT-52872,2023-09-28,Neurology,34,Female,AB+,Emergency,Self Pay,17,13854.25,82,3,Recovered
PAT-50236,2023-09-29,Oncology,58,Female,A+,Outpatient,Corporate Insurance,10,114404.56,80,9,Discharged Against Advice
PAT-50775,2023-09-29,Pediatrics,70,Male,A+,Elective,Corporate Insurance,6,3473.52,98,1,Under Treatment
PAT-52847,2023-09-29,ENT,61,Male,B+,Outpatient,Private Insurance,13,187208.81,86,9,Under Treatment
PAT-50676,2023-09-29,Cardiology,52,Male,O-,Elective,Self Pay,9,12187.76,70,4,Recovered
PAT-53136,2023-09-29,Oncology,18,Female,AB-,Emergency,Government Scheme,5,107242.7,42,6,Under Treatment
PAT-52286,2023-09-29,Oncology,33,Female,A+,Emergency,Self Pay,10,60040.48,45,7,Recovered
PAT-51945,2023-09-30,Oncology,65,Male,AB-,Elective,Self Pay,4,249510.69,98,6,Recovered
PAT-52679,2023-09-30,Orthopedics,21,Male,A+,Emergency,Self Pay,13,41138.16,65,10,Recovered
PAT-52228,2023-09-30,Orthopedics,67,Male,B+,Elective,Self Pay,7,223958.81,77,2,Recovered
PAT-52611,2023-09-30,Oncology,12,Other,A-,Emergency,Government Scheme,15,181472.79,80,9,Recovered
PAT-51076,2023-09-30,Orthopedics,26,Female,O-,Outpatient,Self Pay,10,136557.13,69,6,Recovered
PAT-53326,2023-09-30,Orthopedics,81,Male,AB-,Emergency,Private Insurance,11,163619.7,95,3,Recovered
PAT-52667,2023-09-30,Pediatrics,64,Male,AB-,Outpatient,Private Insurance,20,198773.13,64,12,Recovered
PAT-51249,2023-10-01,Cardiology,75,Male,AB-,Elective,Corporate Insurance,15,163055.71,86,5,Recovered
PAT-50301,2023-10-01,Cardiology,36,Female,A+,Emergency,Private Insurance,2,99580.61,61,8,Recovered
PAT-52041,2023-10-01,Orthopedics,11,Male,O-,Elective,Private Insurance,2,73334.98,48,3,Under Treatment
PAT-52406,2023-10-01,General Medicine,15,Female,B+,Outpatient,Corporate Insurance,20,228538.61,78,8,Recovered
PAT-51901,2023-10-02,General Medicine,82,Male,AB+,Elective,Corporate Insurance,11,201228.28,45,10,Referred
PAT-51571,2023-10-02,Orthopedics,10,Male,B-,Outpatient,Corporate Insurance,10,227743.94,55,2,Recovered
PAT-50469,2023-10-02,ENT,34,Male,A+,Emergency,Private Insurance,15,84642.56,60,7,Referred
PAT-53202,2023-10-02,Dermatology,30,Female,O+,Emergency,Private Insurance,15,108019.63,63,13,Under Treatment
PAT-51329,2023-10-03,General Medicine,75,Female,AB-,Emergency,Self Pay,18,248965.68,55,12,Recovered
PAT-51015,2023-10-03,Oncology,22,Female,A-,Emergency,Corporate Insurance,18,186539.73,51,1,Under Treatment
PAT-50199,2023-10-03,Pediatrics,61,Male,B-,Emergency,Corporate Insurance,13,79321.02,62,2,Under Treatment
PAT-50323,2023-10-03,Neurology,56,Male,AB+,Outpatient,Government Scheme,6,43614.28,86,5,Recovered
PAT-52695,2023-10-04,ENT,76,Female,B+,Outpatient,Self Pay,4,94041.34,76,1,Recovered
PAT-52769,2023-10-04,Orthopedics,53,Male,B-,Outpatient,Corporate Insurance,1,180898.9,47,12,Referred
PAT-52844,2023-10-04,Orthopedics,23,Male,B+,Outpatient,Government Scheme,11,134609.78,73,7,Referred
PAT-50189,2023-10-04,Cardiology,38,Female,AB-,Emergency,Private Insurance,9,248917.15,76,4,Recovered
PAT-50888,2023-10-04,Orthopedics,88,Female,O+,Elective,Corporate Insurance,10,246440.46,64,5,Recovered
PAT-52800,2023-10-04,ENT,76,Female,B+,Emergency,Private Insurance,7,197983.17,65,10,Recovered
PAT-52204,2023-10-04,Neurology,52,Female,O+,Elective,Private Insurance,13,19831.04,72,8,Recovered
PAT-52428,2023-10-04,Orthopedics,63,Male,AB+,Outpatient,Private Insurance,11,166661.94,98,10,Recovered
PAT-50035,2023-10-04,Cardiology,22,Female,O+,Elective,Corporate Insurance,4,186764.98,51,11,Referred
PAT-51712,2023-10-05,Pediatrics,56,Male,O-,Emergency,Corporate Insurance,14,147367.69,80,11,Referred
PAT-50744,2023-10-05,Orthopedics,7,Male,B-,Emergency,Corporate Insurance,2,214299.7,69,3,Referred
PAT-51428,2023-10-05,Oncology,55,Female,O-,Outpatient,Private Insurance,14,50209.3,94,3,Under Treatment
PAT-50833,2023-10-05,Pediatrics,12,Female,AB-,Emergency,Corporate Insurance,17,103886.32,98,9,Recovered
PAT-51722,2023-10-05,Orthopedics,39,Male,O+,Emergency,Corporate Insurance,8,67021.11,40,11,Recovered
PAT-52831,2023-10-05,Pediatrics,28,Male,AB-,Outpatient,Self Pay,11,42629.4,90,5,Recovered
PAT-51108,2023-10-05,Dermatology,1,Female,O-,Outpatient,Corporate Insurance,20,164728.46,75,11,Recovered
PAT-51174,2023-10-05,ENT,51,Male,AB+,Emergency,Private Insurance,5,191619.86,60,5,Recovered
PAT-52564,2023-10-05,Pediatrics,36,Female,A+,Elective,Corporate Insurance,14,30250.12,53,10,Recovered
PAT-51354,2023-10-06,Cardiology,6,Male,A+,Outpatient,Private Insurance,14,129884.72,55,3,Recovered
PAT-50964,2023-10-06,Orthopedics,8,Female,O+,Elective,Private Insurance,19,156910.78,84,7,Recovered
PAT-51307,2023-10-06,ENT,89,Male,AB+,Outpatient,Self Pay,2,70778.66,82,7,Recovered
PAT-51214,2023-10-07,ENT,50,Male,B+,Elective,Self Pay,4,201810.94,92,12,Recovered
PAT-53455,2023-10-07,ENT,88,Female,O+,Elective,Self Pay,2,142442.23,48,4,Recovered
PAT-52124,2023-10-07,General Medicine,35,Male,A-,Outpatient,Government Scheme,12,115449.21,56,12,Recovered
PAT-51486,2023-10-07,Dermatology,76,Male,AB+,Outpatient,Government Scheme,20,76574.18,45,7,Referred
PAT-52605,2023-10-07,Oncology,33,Female,O-,Outpatient,Self Pay,6,111760.64,61,9,Recovered
PAT-51944,2023-10-07,Orthopedics,76,Female,O-,Elective,Corporate Insurance,2,30495.31,82,8,Referred
PAT-51844,2023-10-07,Pediatrics,72,Female,A+,Elective,Government Scheme,10,38165.93,66,3,Recovered
PAT-51466,2023-10-07,Pediatrics,26,Female,B-,Emergency,Self Pay,13,15867.36,45,4,Recovered
PAT-51817,2023-10-08,Neurology,82,Male,AB+,Elective,Self Pay,16,8293.74,48,14,Recovered
PAT-51429,2023-10-08,Dermatology,76,Male,AB-,Outpatient,Private Insurance,20,205896.88,96,12,Recovered
PAT-51778,2023-10-08,Neurology,45,Male,O+,Emergency,Self Pay,3,144070.5,80,4,Referred
PAT-53443,2023-10-08,ENT,54,Male,O-,Emergency,Self Pay,10,13971.41,81,1,Referred
PAT-50905,2023-10-08,Oncology,8,Female,B+,Emergency,Government Scheme,5,128459.12,49,1,Recovered
PAT-52971,2023-10-09,ENT,57,Female,O+,Emergency,Government Scheme,16,233091.51,54,6,Recovered
PAT-52519,2023-10-10,Cardiology,46,Male,B+,Outpatient,Corporate Insurance,11,240075.97,42,14,Recovered
PAT-52146,2023-10-10,Oncology,77,Other,B-,Emergency,Private Insurance,8,22455.34,82,2,Recovered
PAT-51054,2023-10-11,General Medicine,36,Male,O-,Elective,Private Insurance,3,213387.8,45,12,Referred
PAT-50280,2023-10-11,Oncology,82,Female,B-,Elective,Corporate Insurance,7,197469.34,95,7,Recovered
PAT-50721,2023-10-12,ENT,43,Female,A+,Emergency,Self Pay,12,57030.34,58,8,Recovered
PAT-51344,2023-10-12,Dermatology,67,Female,A+,Outpatient,Private Insurance,6,202654.08,71,13,Under Treatment
PAT-50131,2023-10-12,Orthopedics,36,Male,A-,Emergency,Government Scheme,1,119813.69,97,6,Under Treatment
PAT-53551,2023-10-12,ENT,84,Female,AB+,Emergency,Government Scheme,5,179243.34,66,3,Recovered
PAT-51481,2023-10-13,Cardiology,30,Male,B-,Emergency,Self Pay,7,247559.8,73,1,Recovered
PAT-50027,2023-10-13,Pediatrics,11,Male,AB+,Emergency,Private Insurance,12,152372.33,46,3,Recovered
PAT-51241,2023-10-13,Neurology,20,Female,O+,Emergency,Self Pay,20,167169.38,92,2,Recovered
PAT-53485,2023-10-13,Neurology,67,Female,A-,Emergency,Self Pay,11,12540.0,47,8,Recovered
PAT-52377,2023-10-13,ENT,62,Female,O-,Emergency,Government Scheme,10,149266.82,95,4,Recovered
PAT-52979,2023-10-14,Pediatrics,46,Female,O+,Outpatient,Government Scheme,16,32474.69,49,6,Recovered
PAT-50832,2023-10-14,ENT,32,Male,B+,Outpatient,Private Insurance,9,42285.55,64,13,Recovered
PAT-50354,2023-10-14,Cardiology,45,Other,AB-,Elective,Government Scheme,7,133234.17,64,5,Recovered
PAT-51137,2023-10-14,Cardiology,54,Female,A+,Elective,Self Pay,5,123449.99,79,5,Discharged Against Advice
PAT-51288,2023-10-14,General Medicine,44,Female,B-,Outpatient,Private Insurance,2,208935.77,61,4,Recovered
PAT-51502,2023-10-15,Cardiology,16,Male,O-,Outpatient,Self Pay,14,16554.29,44,3,Referred
PAT-53428,2023-10-15,Dermatology,62,Male,A-,Outpatient,Private Insurance,6,31298.27,89,6,Recovered
PAT-51709,2023-10-15,Cardiology,19,Male,AB-,Emergency,Government Scheme,2,211835.28,75,14,Recovered
PAT-50826,2023-10-15,Cardiology,16,Male,A-,Emergency,Self Pay,1,174860.33,57,4,Recovered
PAT-50491,2023-10-15,Oncology,46,Male,A+,Emergency,Corporate Insurance,14,210304.01,82,10,Recovered
PAT-52899,2023-10-16,Orthopedics,10,Male,AB+,Outpatient,Self Pay,18,46506.49,92,6,Recovered
PAT-52936,2023-10-17,Cardiology,61,Male,B-,Emergency,Corporate Insurance,13,121269.0,76,2,Under Treatment
PAT-51387,2023-10-17,ENT,67,Male,A+,Outpatient,Self Pay,2,93785.48,73,8,Recovered
PAT-52179,2023-10-17,General Medicine,7,Male,O+,Outpatient,Corporate Insurance,19,175229.43,42,9,Recovered
PAT-52660,2023-10-17,General Medicine,26,Male,O-,Elective,Private Insurance,9,95007.11,86,14,Recovered
PAT-51747,2023-10-18,Orthopedics,20,Male,A+,Emergency,Corporate Insurance,20,232769.03,66,12,Recovered
PAT-51905,2023-10-18,Dermatology,55,Female,A-,Outpatient,Private Insurance,14,141258.81,42,10,Under Treatment
PAT-50886,2023-10-18,Pediatrics,24,Female,O+,Elective,Self Pay,11,85339.74,49,8,Recovered
PAT-53401,2023-10-18,Dermatology,50,Female,AB+,Outpatient,Self Pay,16,40950.08,70,1,Recovered
PAT-50135,2023-10-18,ENT,8,Other,A+,Elective,Self Pay,17,175559.31,55,6,Discharged Against Advice
PAT-50626,2023-10-18,Neurology,33,Male,B-,Emergency,Private Insurance,16,25288.44,45,1,Recovered
PAT-50671,2023-10-18,General Medicine,20,Female,O+,Emergency,Government Scheme,14,5869.76,54,13,Referred
PAT-52614,2023-10-18,Dermatology,85,Male,AB-,Emergency,Corporate Insurance,14,79936.05,74,1,Recovered
PAT-50577,2023-10-19,Oncology,47,Male,B+,Elective,Government Scheme,14,244104.83,94,8,Recovered
PAT-51749,2023-10-19,General Medicine,88,Female,B-,Outpatient,Corporate Insurance,6,238508.16,85,7,Recovered
PAT-50153,2023-10-19,ENT,47,Female,O+,Outpatient,Corporate Insurance,8,226306.23,70,5,Recovered
PAT-53524,2023-10-19,General Medicine,14,Male,B-,Emergency,Corporate Insurance,4,84064.33,46,6,Recovered
PAT-53534,2023-10-20,Cardiology,49,Female,A-,Outpatient,Private Insurance,20,78897.54,65,8,Recovered
PAT-50770,2023-10-20,Neurology,75,Female,B-,Outpatient,Self Pay,20,180406.16,65,7,Recovered
PAT-50898,2023-10-20,Oncology,33,Female,O+,Emergency,Corporate Insurance,12,164479.56,83,3,Recovered
PAT-52390,2023-10-20,Oncology,51,Female,A-,Outpatient,Self Pay,12,170337.86,56,10,Recovered
PAT-50284,2023-10-20,Pediatrics,72,Female,B+,Emergency,Private Insurance,11,153795.01,48,2,Under Treatment
PAT-50680,2023-10-20,Cardiology,83,Male,B+,Elective,Corporate Insurance,15,75606.71,93,6,Recovered
PAT-51841,2023-10-20,Neurology,13,Male,A-,Outpatient,Self Pay,4,49831.33,82,1,Recovered
PAT-50416,2023-10-20,Pediatrics,57,Male,O+,Emergency,Self Pay,8,112165.26,66,11,Recovered
PAT-51404,2023-10-21,Pediatrics,7,Male,AB-,Outpatient,Self Pay,6,241915.1,48,10,Recovered
PAT-51242,2023-10-21,ENT,24,Female,A-,Emergency,Private Insurance,11,123836.77,84,11,Recovered
PAT-50467,2023-10-21,ENT,56,Male,O-,Elective,Government Scheme,17,137774.1,77,8,Under Treatment
PAT-53171,2023-10-21,Oncology,87,Female,O-,Elective,Self Pay,1,35605.7,83,10,Recovered
PAT-53554,2023-10-21,Orthopedics,68,Male,O-,Outpatient,Private Insurance,3,188411.83,87,11,Recovered
PAT-50162,2023-10-21,General Medicine,7,Male,B+,Outpatient,Government Scheme,12,134167.58,58,12,Recovered
PAT-50852,2023-10-22,Cardiology,20,Female,AB-,Elective,Self Pay,2,76968.59,68,10,Recovered
PAT-51356,2023-10-22,Cardiology,54,Female,B-,Outpatient,Corporate Insurance,19,39197.89,88,12,Recovered
PAT-52726,2023-10-22,Cardiology,30,Female,O+,Emergency,Self Pay,13,224905.51,40,11,Recovered
PAT-50644,2023-10-22,ENT,62,Male,AB-,Elective,Corporate Insurance,13,9932.29,87,2,Under Treatment
PAT-50646,2023-10-23,ENT,69,Female,O+,Outpatient,Self Pay,16,144817.14,83,6,Discharged Against Advice
PAT-51939,2023-10-23,Oncology,26,Male,AB-,Emergency,Private Insurance,6,145892.95,69,8,Recovered
PAT-52225,2023-10-23,Oncology,1,Female,A-,Emergency,Corporate Insurance,18,104478.44,70,8,Recovered
PAT-52802,2023-10-24,Cardiology,61,Female,AB+,Emergency,Private Insurance,5,159198.64,68,11,Recovered
PAT-51963,2023-10-24,Oncology,37,Male,B+,Elective,Corporate Insurance,13,38701.24,79,1,Recovered
PAT-51907,2023-10-24,Pediatrics,49,Female,B-,Outpatient,Self Pay,1,110928.46,97,1,Recovered
PAT-53530,2023-10-25,Dermatology,38,Female,A+,Emergency,Corporate Insurance,8,44048.93,50,9,Recovered
PAT-53023,2023-10-25,General Medicine,2,Male,A-,Elective,Corporate Insurance,11,247305.41,57,7,Recovered
PAT-50672,2023-10-25,Pediatrics,5,Female,A+,Outpatient,Self Pay,8,100558.65,74,4,Under Treatment
PAT-53404,2023-10-25,Dermatology,71,Male,A+,Emergency,Self Pay,4,126762.28,63,12,Under Treatment
PAT-50341,2023-10-25,General Medicine,61,Female,A-,Elective,Government Scheme,1,232360.75,94,11,Recovered
PAT-51958,2023-10-25,Orthopedics,65,Male,O-,Emergency,Corporate Insurance,16,228874.79,52,4,Recovered
PAT-50143,2023-10-25,Dermatology,64,Male,A+,Outpatient,Self Pay,11,124521.82,61,7,Recovered
PAT-51787,2023-10-25,Pediatrics,54,Male,B-,Emergency,Corporate Insurance,10,158379.86,58,6,Under Treatment
PAT-50186,2023-10-26,Neurology,45,Female,AB-,Elective,Corporate Insurance,19,84212.29,81,2,Recovered
PAT-52856,2023-10-26,Oncology,74,Male,A+,Emergency,Private Insurance,10,146527.97,84,4,Referred
PAT-53304,2023-10-26,Dermatology,74,Female,B-,Elective,Corporate Insurance,15,26611.39,96,12,Recovered
PAT-51832,2023-10-26,Dermatology,9,Male,AB+,Emergency,Private Insurance,14,6163.51,60,13,Discharged Against Advice
PAT-50316,2023-10-27,Cardiology,54,Male,B-,Elective,Self Pay,19,198203.97,82,11,Recovered
PAT-51275,2023-10-27,Orthopedics,80,Male,A+,Outpatient,Corporate Insurance,14,70233.57,90,6,Recovered
PAT-51057,2023-10-27,Cardiology,31,Female,O-,Outpatient,Private Insurance,6,207025.81,70,10,Recovered
PAT-51780,2023-10-27,Oncology,11,Male,AB-,Emergency,Corporate Insurance,15,26744.29,80,13,Recovered
PAT-50107,2023-10-27,General Medicine,78,Male,B+,Outpatient,Private Insurance,1,81489.51,77,11,Referred
PAT-50433,2023-10-27,Pediatrics,9,Female,A+,Elective,Government Scheme,2,60700.54,42,7,Recovered
PAT-51860,2023-10-28,ENT,24,Female,A+,Emergency,Government Scheme,17,126528.91,46,10,Under Treatment
PAT-52281,2023-10-28,Cardiology,39,Female,AB-,Outpatient,Self Pay,9,210101.75,63,6,Recovered
PAT-51815,2023-10-28,Cardiology,51,Female,O-,Outpatient,Government Scheme,17,231682.49,81,11,Discharged Against Advice
PAT-51123,2023-10-29,Pediatrics,34,Female,B+,Emergency,Private Insurance,1,229533.24,62,6,Recovered
PAT-51476,2023-10-29,Pediatrics,81,Female,B+,Elective,Corporate Insurance,15,107785.4,77,9,Recovered
PAT-51122,2023-10-29,Pediatrics,59,Female,A+,Emergency,Self Pay,20,186644.86,59,4,Recovered
PAT-52885,2023-10-29,Pediatrics,3,Male,A+,Outpatient,Government Scheme,11,106168.8,89,14,Recovered
PAT-53156,2023-10-29,Dermatology,62,Female,A+,Elective,Corporate Insurance,14,211910.02,82,14,Recovered
PAT-50168,2023-10-29,ENT,69,Female,B+,Emergency,Government Scheme,4,193832.64,93,3,Recovered
PAT-50616,2023-10-29,Cardiology,52,Female,AB+,Elective,Corporate Insurance,13,139369.18,77,3,Referred
PAT-50489,2023-10-30,ENT,72,Male,A+,Emergency,Private Insurance,14,135378.53,89,2,Recovered
PAT-52113,2023-10-30,Orthopedics,25,Male,O+,Emergency,Government Scheme,2,39149.38,86,2,Recovered
PAT-51306,2023-10-30,Cardiology,34,Female,O+,Outpatient,Government Scheme,18,60544.52,49,8,Recovered
PAT-51056,2023-10-30,Neurology,36,Male,AB+,Outpatient,Government Scheme,13,121050.58,75,3,Recovered
PAT-51993,2023-10-30,Neurology,1,Female,A-,Outpatient,Private Insurance,17,181588.22,59,4,Recovered
PAT-51300,2023-10-31,Orthopedics,6,Male,A-,Emergency,Corporate Insurance,6,157794.98,83,6,Referred
PAT-53321,2023-10-31,General Medicine,80,Female,AB+,Emergency,Corporate Insurance,12,169208.8,74,3,Recovered
PAT-53240,2023-10-31,Dermatology,80,Other,O-,Emergency,Private Insurance,3,198658.84,72,4,Recovered
PAT-51283,2023-10-31,Cardiology,50,Female,O-,Emergency,Corporate Insurance,9,199378.98,97,12,Recovered
PAT-51331,2023-10-31,Cardiology,46,Female,B-,Outpatient,Corporate Insurance,13,7318.96,84,3,Recovered
PAT-51967,2023-11-01,ENT,16,Male,AB+,Elective,Self Pay,12,28362.09,85,9,Recovered
PAT-53397,2023-11-01,Orthopedics,11,Female,B-,Emergency,Self Pay,15,86460.01,71,11,Recovered
PAT-53194,2023-11-01,Cardiology,42,Female,AB-,Emergency,Government Scheme,10,24469.33,54,3,Recovered
PAT-50502,2023-11-01,Neurology,11,Male,B+,Emergency,Government Scheme,17,155571.42,75,6,Recovered
PAT-51190,2023-11-01,Neurology,56,Male,B-,Outpatient,Private Insurance,3,156733.39,81,7,Recovered
PAT-52851,2023-11-01,Dermatology,77,Male,O+,Elective,Private Insurance,12,55731.12,87,9,Referred
PAT-53100,2023-11-02,Cardiology,84,Male,B+,Outpatient,Government Scheme,13,196928.79,60,13,Under Treatment
PAT-53337,2023-11-02,Dermatology,17,Male,A+,Elective,Corporate Insurance,10,33047.32,80,9,Recovered
PAT-51743,2023-11-02,Pediatrics,46,Male,AB+,Emergency,Corporate Insurance,15,23294.35,41,6,Recovered
PAT-51700,2023-11-02,ENT,79,Male,O-,Elective,Government Scheme,10,102932.51,77,4,Recovered
PAT-52261,2023-11-02,General Medicine,80,Female,A-,Emergency,Corporate Insurance,1,175402.1,72,13,Recovered
PAT-51868,2023-11-03,Pediatrics,70,Male,AB+,Emergency,Self Pay,20,173506.29,93,3,Recovered
PAT-52409,2023-11-03,Oncology,20,Male,O-,Elective,Corporate Insurance,17,105075.87,50,3,Recovered
PAT-52638,2023-11-03,ENT,15,Female,AB+,Outpatient,Self Pay,11,191507.59,49,1,Recovered
PAT-51012,2023-11-04,ENT,6,Male,AB+,Elective,Self Pay,20,224086.51,80,14,Under Treatment
PAT-50588,2023-11-04,Neurology,21,Male,A-,Elective,Corporate Insurance,17,150707.36,49,5,Recovered
PAT-50150,2023-11-04,Dermatology,45,Male,AB+,Emergency,Self Pay,11,247575.56,46,8,Recovered
PAT-51839,2023-11-05,Cardiology,33,Male,AB-,Elective,Corporate Insurance,19,221362.32,52,6,Under Treatment
PAT-50889,2023-11-05,General Medicine,70,Other,AB+,Outpatient,Self Pay,15,126911.92,97,4,Under Treatment
PAT-51250,2023-11-05,Oncology,69,Female,AB+,Elective,Self Pay,6,134049.59,77,9,Recovered
PAT-53063,2023-11-05,Oncology,20,Male,AB+,Outpatient,Corporate Insurance,17,226816.11,63,14,Recovered
PAT-50665,2023-11-05,Dermatology,50,Female,AB+,Elective,Private Insurance,18,248076.41,43,3,Under Treatment
PAT-50784,2023-11-06,Orthopedics,15,Other,O-,Emergency,Corporate Insurance,10,249085.81,47,10,Recovered
PAT-51255,2023-11-06,Pediatrics,69,Female,B-,Elective,Private Insurance,2,173039.74,54,6,Recovered
PAT-53031,2023-11-06,ENT,51,Female,O-,Elective,Self Pay,15,230316.54,49,12,Referred
PAT-53093,2023-11-06,Pediatrics,5,Female,AB-,Outpatient,Self Pay,2,32960.44,60,1,Under Treatment
PAT-52096,2023-11-06,Orthopedics,19,Male,O+,Elective,Private Insurance,1,196176.25,93,2,Under Treatment
PAT-52097,2023-11-06,Dermatology,26,Male,A+,Elective,Self Pay,9,1842.35,76,3,Recovered
PAT-51837,2023-11-06,General Medicine,85,Male,O-,Elective,Private Insurance,11,142934.4,59,4,Recovered
PAT-52374,2023-11-06,Cardiology,3,Male,O-,Elective,Corporate Insurance,13,93038.92,44,7,Under Treatment
PAT-53300,2023-11-06,Dermatology,37,Male,A-,Outpatient,Government Scheme,19,110908.4,96,10,Recovered
PAT-53503,2023-11-06,Pediatrics,21,Male,AB-,Emergency,Government Scheme,6,38706.97,71,6,Recovered
PAT-51913,2023-11-06,ENT,56,Female,A+,Outpatient,Corporate Insurance,19,181190.87,46,3,Recovered
PAT-52746,2023-11-06,Orthopedics,19,Male,AB-,Outpatient,Corporate Insurance,3,128568.19,67,3,Recovered
PAT-51362,2023-11-07,Orthopedics,37,Female,A+,Emergency,Self Pay,2,27188.38,98,8,Recovered
PAT-53279,2023-11-07,Neurology,21,Male,AB-,Outpatient,Self Pay,13,150292.94,45,4,Recovered
PAT-53302,2023-11-07,ENT,17,Female,B+,Elective,Government Scheme,19,21152.44,49,13,Discharged Against Advice
PAT-51818,2023-11-07,ENT,15,Male,B+,Elective,Government Scheme,6,18448.79,64,9,Recovered
PAT-52450,2023-11-07,Neurology,81,Male,B+,Elective,Private Insurance,12,213206.27,52,6,Recovered
PAT-53167,2023-11-08,General Medicine,37,Female,AB+,Elective,Corporate Insurance,12,67739.83,67,14,Recovered
PAT-50984,2023-11-08,ENT,38,Male,B+,Elective,Corporate Insurance,11,60439.92,50,3,Recovered
PAT-50345,2023-11-08,Pediatrics,83,Female,AB+,Emergency,Government Scheme,9,128213.51,70,9,Discharged Against Advice
PAT-52365,2023-11-08,Cardiology,48,Female,A+,Emergency,Government Scheme,6,199270.57,49,8,Recovered
PAT-51808,2023-11-08,Oncology,83,Male,A-,Outpatient,Self Pay,14,154241.18,43,7,Recovered
PAT-52953,2023-11-08,Neurology,70,Male,AB+,Elective,Government Scheme,13,141825.58,57,5,Recovered
PAT-51289,2023-11-08,Dermatology,33,Female,O-,Elective,Government Scheme,8,241985.68,91,14,Referred
PAT-50279,2023-11-08,Dermatology,4,Other,B+,Outpatient,Private Insurance,18,35465.13,63,11,Recovered
PAT-50396,2023-11-08,Neurology,20,Female,O-,Outpatient,Corporate Insurance,2,218707.9,94,9,Recovered
PAT-53588,2023-11-08,Dermatology,47,Female,AB+,Emergency,Corporate Insurance,13,98351.16,89,12,Recovered
PAT-50414,2023-11-09,General Medicine,64,Female,B+,Outpatient,Private Insurance,16,111552.49,70,1,Recovered
PAT-52911,2023-11-09,Orthopedics,27,Male,AB-,Elective,Self Pay,6,42687.79,55,2,Recovered
PAT-50743,2023-11-09,Cardiology,14,Male,A-,Elective,Private Insurance,3,186705.19,46,2,Recovered
PAT-50754,2023-11-09,Dermatology,69,Female,O+,Elective,Government Scheme,12,144872.56,41,1,Recovered
PAT-50688,2023-11-10,Oncology,51,Female,O+,Outpatient,Government Scheme,12,153974.24,69,6,Recovered
PAT-50675,2023-11-10,Oncology,35,Female,A-,Outpatient,Private Insurance,1,7043.9,40,5,Recovered
PAT-51555,2023-11-10,Orthopedics,46,Male,B-,Emergency,Government Scheme,8,57243.61,61,8,Recovered
PAT-51902,2023-11-10,Dermatology,16,Male,A+,Emergency,Corporate Insurance,14,129140.42,66,12,Recovered
PAT-53593,2023-11-11,General Medicine,26,Male,O-,Outpatient,Corporate Insurance,20,74027.51,58,4,Recovered
PAT-51154,2023-11-11,Orthopedics,79,Female,B+,Emergency,Corporate Insurance,1,119996.08,99,1,Recovered
PAT-50746,2023-11-11,Dermatology,19,Female,AB+,Outpatient,Government Scheme,19,138092.0,50,10,Recovered
PAT-51359,2023-11-11,ENT,21,Female,O-,Outpatient,Private Insurance,2,116427.06,57,13,Under Treatment
PAT-51312,2023-11-12,ENT,22,Male,O-,Outpatient,Government Scheme,12,156242.77,69,3,Recovered
PAT-52740,2023-11-12,General Medicine,63,Female,B-,Elective,Private Insurance,4,128569.46,80,3,Referred
PAT-51416,2023-11-12,Oncology,64,Male,A-,Emergency,Self Pay,17,133166.27,65,7,Recovered
PAT-52736,2023-11-12,Pediatrics,81,Male,A+,Elective,Self Pay,18,135892.25,62,13,Under Treatment
PAT-50074,2023-11-12,Orthopedics,2,Male,A+,Outpatient,Government Scheme,6,29434.68,64,2,Recovered
PAT-51507,2023-11-12,Dermatology,80,Male,A-,Emergency,Corporate Insurance,16,42046.7,95,11,Under Treatment
PAT-50965,2023-11-13,Neurology,30,Female,A+,Elective,Self Pay,11,14416.51,72,14,Under Treatment
PAT-50238,2023-11-13,Cardiology,34,Male,AB+,Outpatient,Corporate Insurance,8,216808.88,41,12,Recovered
PAT-53351,2023-11-13,Cardiology,78,Female,A+,Emergency,Government Scheme,12,160840.17,72,1,Recovered
PAT-51657,2023-11-13,Pediatrics,15,Female,AB-,Outpatient,Self Pay,4,171929.0,74,10,Under Treatment
PAT-51309,2023-11-13,General Medicine,53,Male,O-,Outpatient,Government Scheme,9,121005.9,51,2,Recovered
PAT-51366,2023-11-13,General Medicine,40,Male,B-,Elective,Government Scheme,3,190980.51,51,4,Referred
PAT-50401,2023-11-14,Cardiology,44,Male,AB+,Outpatient,Government Scheme,11,246583.64,66,7,Recovered
PAT-51758,2023-11-14,Cardiology,20,Male,A-,Elective,Private Insurance,4,192478.85,64,6,Referred
PAT-52534,2023-11-15,General Medicine,71,Female,O+,Outpatient,Government Scheme,19,159010.55,74,1,Recovered
PAT-53395,2023-11-15,Neurology,85,Female,O-,Outpatient,Self Pay,6,225775.14,43,14,Recovered
PAT-52349,2023-11-15,Orthopedics,51,Male,A-,Outpatient,Private Insurance,14,195817.36,44,6,Recovered
PAT-50049,2023-11-15,Dermatology,70,Male,B-,Outpatient,Private Insurance,12,39798.24,87,2,Recovered
PAT-52185,2023-11-16,Dermatology,64,Male,B-,Emergency,Self Pay,11,50457.1,57,6,Referred
PAT-51127,2023-11-16,General Medicine,88,Male,AB-,Outpatient,Government Scheme,1,41712.05,67,3,Recovered
PAT-51570,2023-11-16,Orthopedics,5,Female,B-,Elective,Self Pay,3,212525.21,47,8,Recovered
PAT-53423,2023-11-16,General Medicine,40,Male,A-,Outpatient,Self Pay,9,129461.84,68,13,Recovered
PAT-52520,2023-11-16,General Medicine,77,Female,O-,Outpatient,Self Pay,20,222673.94,73,13,Recovered
PAT-53054,2023-11-17,Dermatology,50,Female,A-,Elective,Corporate Insurance,20,189618.76,63,2,Discharged Against Advice
PAT-52154,2023-11-17,Oncology,52,Other,A-,Elective,Private Insurance,6,136663.69,71,1,Recovered
PAT-52995,2023-11-17,General Medicine,49,Female,AB+,Emergency,Self Pay,6,88203.11,75,11,Under Treatment
PAT-50138,2023-11-17,ENT,74,Other,B+,Elective,Private Insurance,18,162610.7,45,6,Referred
PAT-52315,2023-11-18,Neurology,25,Female,B-,Elective,Private Insurance,15,206064.77,40,11,Recovered
PAT-51513,2023-11-18,Dermatology,23,Female,B+,Outpatient,Government Scheme,20,208873.01,63,7,Recovered
PAT-50896,2023-11-18,Oncology,41,Male,B-,Emergency,Government Scheme,8,243077.2,53,5,Under Treatment
PAT-50633,2023-11-18,Cardiology,85,Female,O+,Outpatient,Self Pay,3,94243.38,72,5,Recovered
PAT-51271,2023-11-18,Orthopedics,12,Female,O+,Emergency,Private Insurance,12,158384.82,62,6,Recovered
PAT-50196,2023-11-19,Pediatrics,52,Female,AB+,Emergency,Corporate Insurance,7,165272.62,78,3,Recovered
PAT-52280,2023-11-19,Pediatrics,72,Female,A-,Elective,Government Scheme,2,150854.76,78,6,Referred
PAT-53259,2023-11-19,Dermatology,68,Male,O+,Emergency,Government Scheme,16,12862.23,60,11,Recovered
PAT-52138,2023-11-19,Pediatrics,49,Male,B+,Elective,Government Scheme,6,46497.02,73,9,Recovered
PAT-52189,2023-11-20,General Medicine,15,Female,B+,Elective,Corporate Insurance,2,73107.54,92,7,Recovered
PAT-53055,2023-11-20,General Medicine,73,Male,O+,Elective,Government Scheme,11,173550.27,59,8,Recovered
PAT-50350,2023-11-20,Oncology,84,Female,B+,Elective,Corporate Insurance,14,158321.04,75,2,Recovered
PAT-52515,2023-11-20,Oncology,64,Male,A-,Elective,Self Pay,15,160269.76,79,3,Referred
PAT-50102,2023-11-21,Dermatology,43,Female,A-,Elective,Self Pay,19,98928.94,84,10,Recovered
PAT-53296,2023-11-21,Pediatrics,52,Male,B+,Elective,Private Insurance,1,94723.43,73,6,Referred
PAT-52273,2023-11-21,ENT,76,Male,O+,Outpatient,Corporate Insurance,19,72601.86,46,5,Referred
PAT-52612,2023-11-21,Neurology,26,Male,AB-,Emergency,Self Pay,11,148897.52,70,8,Recovered
PAT-53112,2023-11-21,Orthopedics,69,Male,A-,Outpatient,Corporate Insurance,18,45763.91,45,11,Referred
PAT-51883,2023-11-21,Orthopedics,49,Male,AB+,Outpatient,Private Insurance,19,6459.07,78,14,Recovered
PAT-53268,2023-11-22,Dermatology,4,Female,B+,Emergency,Government Scheme,1,11313.43,93,12,Recovered
PAT-51039,2023-11-22,ENT,68,Female,A+,Emergency,Private Insurance,4,219498.92,93,5,Recovered
PAT-52077,2023-11-22,Orthopedics,54,Female,A-,Emergency,Corporate Insurance,7,215272.19,53,12,Referred
PAT-50178,2023-11-22,ENT,17,Male,A-,Emergency,Corporate Insurance,16,165590.94,58,3,Recovered
PAT-50568,2023-11-23,Pediatrics,3,Female,AB-,Emergency,Self Pay,20,231238.47,86,6,Recovered
PAT-52104,2023-11-23,ENT,21,Male,O+,Outpatient,Private Insurance,5,216782.62,65,11,Referred
PAT-50241,2023-11-23,Dermatology,76,Male,A+,Elective,Self Pay,1,16859.75,40,10,Recovered
PAT-50668,2023-11-23,Pediatrics,26,Female,B+,Emergency,Corporate Insurance,3,5957.46,81,2,Recovered
PAT-53439,2023-11-24,Cardiology,10,Female,B+,Outpatient,Self Pay,19,170463.04,83,7,Discharged Against Advice
PAT-53040,2023-11-24,Neurology,36,Female,B-,Outpatient,Government Scheme,7,160449.52,63,10,Recovered
PAT-52274,2023-11-24,ENT,51,Female,B-,Elective,Government Scheme,10,92339.91,88,12,Discharged Against Advice
PAT-53336,2023-11-24,General Medicine,66,Female,AB+,Outpatient,Corporate Insurance,5,91752.94,61,13,Referred
PAT-51075,2023-11-24,Cardiology,27,Male,AB-,Outpatient,Private Insurance,9,200222.29,80,11,Under Treatment
PAT-52300,2023-11-25,General Medicine,64,Male,AB-,Elective,Corporate Insurance,4,196554.32,88,4,Under Treatment
PAT-53286,2023-11-25,Orthopedics,82,Male,B+,Elective,Government Scheme,15,16631.36,66,1,Recovered
PAT-50263,2023-11-25,Cardiology,13,Female,O+,Outpatient,Corporate Insurance,11,189398.88,56,8,Under Treatment
PAT-51243,2023-11-25,Orthopedics,53,Male,O-,Emergency,Corporate Insurance,6,27043.43,87,3,Recovered
PAT-51800,2023-11-25,Neurology,78,Female,AB-,Elective,Government Scheme,1,102514.64,88,7,Recovered
PAT-51554,2023-11-25,Pediatrics,87,Female,B+,Elective,Government Scheme,13,41224.49,76,6,Referred
PAT-51886,2023-11-25,ENT,6,Male,AB-,Outpatient,Self Pay,19,11776.98,46,12,Recovered
PAT-50937,2023-11-26,Orthopedics,42,Female,B-,Elective,Government Scheme,4,100700.96,52,11,Recovered
PAT-52876,2023-11-26,Neurology,72,Male,A+,Elective,Private Insurance,20,64490.03,82,13,Recovered
PAT-50751,2023-11-26,Orthopedics,6,Female,A-,Outpatient,Private Insurance,11,213276.36,97,3,Under Treatment
PAT-50884,2023-11-26,Oncology,68,Female,B+,Outpatient,Private Insurance,15,229142.52,57,14,Under Treatment
PAT-51357,2023-11-27,ENT,80,Female,A+,Emergency,Private Insurance,8,124952.48,47,11,Recovered
PAT-50045,2023-11-27,General Medicine,84,Male,O+,Outpatient,Self Pay,18,190330.58,58,9,Recovered
PAT-53477,2023-11-27,ENT,45,Male,A+,Outpatient,Private Insurance,15,114562.02,63,8,Recovered
PAT-52615,2023-11-28,Orthopedics,35,Female,O-,Emergency,Corporate Insurance,10,205727.08,91,5,Recovered
PAT-50177,2023-11-28,Cardiology,49,Female,B-,Elective,Government Scheme,13,105455.56,54,8,Recovered
PAT-50677,2023-11-28,Cardiology,54,Female,A+,Elective,Private Insurance,19,191168.52,81,4,Referred
PAT-53484,2023-11-29,General Medicine,62,Male,B-,Elective,Corporate Insurance,6,124162.99,64,6,Under Treatment
PAT-51375,2023-11-29,Dermatology,60,Female,A+,Outpatient,Private Insurance,11,81717.71,44,7,Recovered
PAT-52522,2023-11-29,Dermatology,47,Female,B-,Elective,Government Scheme,15,78825.67,53,6,Recovered
PAT-53367,2023-11-29,Pediatrics,13,Other,O+,Emergency,Government Scheme,8,221017.8,85,7,Recovered
PAT-51560,2023-11-29,ENT,85,Male,AB-,Emergency,Self Pay,15,86481.42,49,13,Recovered
PAT-52163,2023-11-30,Cardiology,35,Female,O+,Elective,Private Insurance,6,23775.87,70,6,Recovered
PAT-52306,2023-11-30,Cardiology,47,Male,A+,Emergency,Self Pay,17,198264.0,62,7,Recovered
PAT-53433,2023-11-30,Neurology,60,Female,O-,Emergency,Self Pay,18,174487.73,51,1,Referred
PAT-51968,2023-11-30,Neurology,24,Male,AB+,Elective,Corporate Insurance,9,29895.56,56,4,Under Treatment
PAT-51888,2023-11-30,General Medicine,83,Female,O+,Emergency,Private Insurance,5,174409.56,45,11,Recovered
PAT-53269,2023-12-01,General Medicine,18,Male,O-,Outpatient,Self Pay,2,180207.02,60,9,Recovered
PAT-50353,2023-12-01,ENT,81,Male,A+,Elective,Government Scheme,12,213809.1,78,1,Recovered
PAT-50174,2023-12-01,ENT,20,Male,O+,Outpatient,Private Insurance,4,33864.26,42,10,Under Treatment
PAT-52868,2023-12-01,ENT,26,Male,O-,Elective,Government Scheme,20,17377.66,85,8,Under Treatment
PAT-51097,2023-12-01,Pediatrics,13,Female,A+,Emergency,Corporate Insurance,16,89205.08,65,14,Recovered
PAT-50163,2023-12-02,Neurology,4,Female,AB+,Outpatient,Private Insurance,6,93695.65,79,2,Recovered
PAT-51790,2023-12-02,Dermatology,63,Male,O-,Emergency,Private Insurance,18,202033.41,43,11,Recovered
PAT-51891,2023-12-02,Pediatrics,11,Male,A+,Outpatient,Corporate Insurance,10,207633.92,83,8,Recovered
PAT-53262,2023-12-02,Dermatology,70,Male,B+,Outpatient,Private Insurance,15,182416.96,85,14,Recovered
PAT-52471,2023-12-02,ENT,53,Female,O-,Outpatient,Private Insurance,12,56644.51,89,1,Recovered
PAT-51621,2023-12-02,Orthopedics,13,Female,A+,Elective,Self Pay,16,185296.74,65,4,Recovered
PAT-52383,2023-12-02,Neurology,47,Male,AB-,Outpatient,Private Insurance,19,92829.99,40,12,Recovered
PAT-50246,2023-12-03,ENT,45,Female,O-,Elective,Self Pay,2,25201.27,54,3,Referred
PAT-51036,2023-12-03,Neurology,18,Female,B+,Emergency,Private Insurance,9,199865.85,84,7,Under Treatment
PAT-52653,2023-12-03,Orthopedics,47,Female,A-,Elective,Corporate Insurance,8,53438.55,61,1,Recovered
PAT-51867,2023-12-03,Neurology,45,Male,B-,Elective,Private Insurance,11,123187.05,79,13,Under Treatment
PAT-50630,2023-12-03,Dermatology,77,Female,AB-,Outpatient,Government Scheme,17,74129.04,55,4,Recovered
PAT-52498,2023-12-03,General Medicine,10,Male,B+,Outpatient,Government Scheme,15,80790.3,81,12,Recovered
PAT-51281,2023-12-03,Cardiology,2,Female,AB-,Outpatient,Corporate Insurance,5,230746.31,62,10,Referred
PAT-52770,2023-12-03,Cardiology,45,Male,A-,Emergency,Self Pay,19,170581.46,82,6,Recovered
PAT-51588,2023-12-03,Oncology,7,Male,A-,Emergency,Corporate Insurance,10,190853.67,93,10,Under Treatment
PAT-50778,2023-12-03,Orthopedics,67,Female,AB+,Emergency,Corporate Insurance,17,132792.16,78,7,Recovered
PAT-52713,2023-12-04,Cardiology,27,Male,O+,Emergency,Government Scheme,2,135598.78,60,9,Recovered
PAT-50883,2023-12-04,Oncology,66,Male,A-,Elective,Government Scheme,19,211410.7,48,9,Under Treatment
PAT-52208,2023-12-04,Cardiology,79,Male,AB-,Elective,Private Insurance,16,27212.53,59,6,Under Treatment
PAT-53094,2023-12-04,Oncology,7,Male,AB+,Emergency,Private Insurance,5,59084.65,66,11,Recovered
PAT-53041,2023-12-05,Cardiology,3,Male,AB+,Outpatient,Corporate Insurance,9,223650.02,62,7,Under Treatment
PAT-52473,2023-12-05,General Medicine,69,Male,AB+,Emergency,Self Pay,3,246593.28,87,14,Recovered
PAT-51006,2023-12-05,Dermatology,89,Female,O-,Outpatient,Private Insurance,20,111293.03,64,2,Under Treatment
PAT-50885,2023-12-05,Dermatology,23,Male,AB+,Elective,Corporate Insurance,2,79096.03,74,3,Recovered
PAT-50687,2023-12-05,Neurology,67,Female,B+,Outpatient,Self Pay,3,28298.8,44,9,Under Treatment
PAT-52458,2023-12-06,Dermatology,79,Female,AB-,Elective,Government Scheme,13,116296.82,46,5,Referred
PAT-51348,2023-12-06,General Medicine,41,Male,O+,Outpatient,Government Scheme,8,181235.09,74,8,Recovered
PAT-50078,2023-12-06,Pediatrics,22,Female,AB-,Outpatient,Government Scheme,4,126149.04,41,7,Recovered
PAT-50988,2023-12-06,Orthopedics,78,Female,AB+,Emergency,Self Pay,6,28942.82,49,5,Under Treatment
PAT-52053,2023-12-06,Cardiology,65,Female,O+,Emergency,Government Scheme,13,74958.0,77,4,Recovered
PAT-50332,2023-12-06,ENT,10,Female,O-,Emergency,Self Pay,17,249870.27,84,14,Under Treatment
PAT-50312,2023-12-07,Orthopedics,80,Female,B-,Elective,Private Insurance,18,41677.69,89,8,Recovered
PAT-52474,2023-12-07,General Medicine,62,Female,B+,Outpatient,Government Scheme,16,93426.89,59,4,Recovered
PAT-51676,2023-12-07,Orthopedics,74,Male,AB-,Outpatient,Corporate Insurance,11,148188.9,51,12,Recovered
PAT-52437,2023-12-07,ENT,51,Other,B+,Emergency,Private Insurance,10,245607.14,99,8,Recovered
PAT-52492,2023-12-07,ENT,57,Male,O-,Outpatient,Government Scheme,10,237263.54,92,4,Recovered
PAT-53331,2023-12-07,General Medicine,47,Female,A+,Elective,Private Insurance,18,72869.69,46,10,Recovered
PAT-50017,2023-12-08,ENT,10,Male,AB-,Elective,Government Scheme,12,122296.92,80,11,Recovered
PAT-50760,2023-12-08,General Medicine,36,Male,AB+,Emergency,Private Insurance,9,113669.97,40,5,Recovered
PAT-51748,2023-12-08,Pediatrics,11,Female,O-,Outpatient,Corporate Insurance,19,91248.4,56,12,Discharged Against Advice
PAT-53065,2023-12-09,Pediatrics,44,Male,B+,Elective,Government Scheme,13,156513.52,67,11,Recovered
PAT-51191,2023-12-09,Orthopedics,83,Male,AB-,Emergency,Government Scheme,9,192588.91,81,2,Recovered
PAT-53509,2023-12-09,Neurology,87,Female,B-,Outpatient,Corporate Insurance,3,115567.52,72,2,Recovered
PAT-52592,2023-12-09,ENT,84,Female,O+,Outpatient,Corporate Insurance,8,73087.68,92,2,Recovered
PAT-51260,2023-12-10,Neurology,47,Male,A+,Elective,Government Scheme,15,87344.84,81,8,Recovered
PAT-51680,2023-12-10,Orthopedics,67,Other,AB-,Outpatient,Corporate Insurance,3,181914.39,85,3,Recovered
PAT-50547,2023-12-10,Pediatrics,46,Female,AB-,Elective,Private Insurance,19,117086.87,43,9,Referred
PAT-52877,2023-12-10,Cardiology,60,Male,O-,Emergency,Private Insurance,13,232245.7,52,6,Recovered
PAT-50993,2023-12-11,Oncology,54,Female,A-,Elective,Corporate Insurance,7,206547.9,45,4,Recovered
PAT-52836,2023-12-11,Neurology,67,Female,AB-,Outpatient,Government Scheme,20,218002.13,53,7,Recovered
PAT-53053,2023-12-11,General Medicine,59,Male,B+,Outpatient,Government Scheme,12,52408.9,77,11,Recovered
PAT-52361,2023-12-11,Neurology,46,Male,A+,Emergency,Government Scheme,7,54714.48,69,12,Under Treatment
PAT-51636,2023-12-11,Pediatrics,70,Female,B-,Emergency,Self Pay,8,174115.96,71,14,Recovered
PAT-51531,2023-12-11,Cardiology,76,Male,AB-,Emergency,Private Insurance,5,248249.94,93,12,Recovered
PAT-50772,2023-12-11,Dermatology,68,Female,B-,Emergency,Self Pay,12,208821.88,73,14,Recovered
PAT-52078,2023-12-12,Neurology,45,Male,O+,Elective,Government Scheme,18,178880.77,47,6,Recovered
PAT-52392,2023-12-12,Neurology,70,Female,B-,Emergency,Private Insurance,11,56371.64,58,10,Recovered
PAT-52489,2023-12-12,ENT,16,Male,AB+,Elective,Private Insurance,3,28182.8,47,2,Recovered
PAT-50771,2023-12-12,General Medicine,4,Female,A+,Outpatient,Private Insurance,15,49787.85,55,6,Recovered
PAT-52081,2023-12-12,General Medicine,65,Other,A-,Outpatient,Government Scheme,13,47367.05,49,6,Recovered
PAT-53251,2023-12-13,Cardiology,59,Female,AB+,Emergency,Government Scheme,14,101290.69,68,4,Recovered
PAT-52796,2023-12-13,General Medicine,26,Female,A+,Outpatient,Private Insurance,16,94038.87,48,9,Recovered
PAT-51659,2023-12-13,Oncology,76,Male,AB-,Outpatient,Government Scheme,14,16480.74,83,8,Recovered
PAT-51925,2023-12-14,Dermatology,12,Female,A-,Outpatient,Self Pay,10,183521.71,94,11,Under Treatment
PAT-52720,2023-12-14,General Medicine,12,Female,O-,Elective,Corporate Insurance,11,11623.09,88,6,Recovered
PAT-53507,2023-12-14,Dermatology,29,Female,A+,Outpatient,Corporate Insurance,9,208547.74,97,9,Recovered
PAT-51728,2023-12-14,Oncology,59,Male,AB-,Outpatient,Private Insurance,4,198394.27,59,6,Under Treatment
PAT-53032,2023-12-14,Neurology,76,Male,O+,Emergency,Self Pay,9,34473.89,60,6,Recovered
PAT-50773,2023-12-15,General Medicine,66,Female,A+,Outpatient,Corporate Insurance,1,111766.16,51,3,Recovered
PAT-52565,2023-12-15,Orthopedics,7,Female,B-,Outpatient,Government Scheme,19,248817.09,83,1,Recovered
PAT-53256,2023-12-15,General Medicine,27,Female,O+,Elective,Self Pay,18,20782.83,58,5,Discharged Against Advice
PAT-50566,2023-12-15,Dermatology,32,Female,O+,Outpatient,Private Insurance,9,173873.68,68,4,Recovered
PAT-52897,2023-12-15,Orthopedics,30,Female,A-,Elective,Self Pay,14,49318.31,85,13,Recovered
PAT-53018,2023-12-16,Neurology,21,Male,B-,Outpatient,Government Scheme,17,82899.35,69,13,Referred
PAT-50245,2023-12-17,Orthopedics,40,Male,AB-,Outpatient,Self Pay,7,40172.19,79,14,Recovered
PAT-50752,2023-12-17,General Medicine,33,Male,O+,Elective,Self Pay,19,219027.9,53,7,Referred
PAT-52460,2023-12-17,Dermatology,7,Male,A+,Elective,Corporate Insurance,6,133673.28,47,3,Recovered
PAT-51638,2023-12-17,Neurology,53,Female,A-,Outpatient,Government Scheme,5,98820.67,74,3,Recovered
PAT-51614,2023-12-17,Oncology,68,Male,O-,Elective,Government Scheme,12,72324.93,40,3,Recovered
PAT-52285,2023-12-17,ENT,51,Male,AB+,Outpatient,Self Pay,9,172654.28,69,11,Referred
PAT-51294,2023-12-18,Neurology,76,Female,AB-,Outpatient,Corporate Insurance,17,234114.43,62,14,Recovered
PAT-51130,2023-12-18,Orthopedics,2,Female,B-,Elective,Government Scheme,6,167920.23,76,1,Recovered
PAT-53312,2023-12-18,Pediatrics,37,Female,O+,Outpatient,Self Pay,7,112335.17,43,12,Recovered
PAT-51882,2023-12-19,Cardiology,1,Female,A-,Elective,Government Scheme,1,81692.14,53,13,Under Treatment
PAT-50918,2023-12-19,Neurology,55,Male,B+,Outpatient,Private Insurance,15,39714.71,68,3,Recovered
PAT-50270,2023-12-19,Cardiology,44,Female,O+,Outpatient,Self Pay,13,166700.81,87,3,Recovered
PAT-50906,2023-12-19,Cardiology,54,Female,O-,Outpatient,Government Scheme,12,177690.8,80,10,Discharged Against Advice
PAT-52131,2023-12-20,Neurology,71,Female,O+,Emergency,Corporate Insurance,3,124615.07,60,4,Recovered
PAT-50695,2023-12-20,Dermatology,46,Male,AB-,Outpatient,Self Pay,20,43766.89,44,14,Recovered
PAT-51508,2023-12-20,ENT,85,Female,AB-,Elective,Private Insurance,16,219379.26,68,14,Under Treatment
PAT-50388,2023-12-20,Pediatrics,41,Male,O-,Emergency,Private Insurance,10,216953.03,99,10,Under Treatment
PAT-52291,2023-12-20,Dermatology,65,Female,AB+,Elective,Corporate Insurance,17,225075.88,43,10,Recovered
PAT-51955,2023-12-20,Dermatology,83,Male,O-,Elective,Government Scheme,18,28309.33,43,1,Recovered
PAT-52245,2023-12-20,Oncology,11,Male,B-,Elective,Private Insurance,5,34734.65,40,1,Recovered
PAT-52709,2023-12-20,Cardiology,43,Male,A+,Elective,Self Pay,3,196698.38,79,5,Recovered
PAT-52946,2023-12-20,Cardiology,2,Female,B-,Elective,Government Scheme,10,197341.83,90,13,Referred
PAT-53517,2023-12-20,Orthopedics,8,Female,A-,Emergency,Private Insurance,5,12297.06,42,3,Under Treatment
PAT-50972,2023-12-21,Pediatrics,89,Male,A+,Elective,Corporate Insurance,1,74429.38,85,13,Recovered
PAT-50111,2023-12-21,Pediatrics,32,Female,A-,Outpatient,Private Insurance,18,220767.68,92,6,Recovered
PAT-52820,2023-12-21,Oncology,43,Female,B-,Emergency,Corporate Insurance,2,45096.97,96,6,Recovered
PAT-52152,2023-12-21,Pediatrics,72,Female,B+,Outpatient,Self Pay,18,177579.66,45,7,Recovered
PAT-51830,2023-12-21,Pediatrics,13,Male,B-,Emergency,Corporate Insurance,7,229774.38,47,4,Recovered
PAT-51612,2023-12-21,Pediatrics,52,Male,AB-,Outpatient,Self Pay,20,138345.18,47,7,Referred
PAT-51461,2023-12-22,Orthopedics,11,Male,B-,Emergency,Corporate Insurance,19,138252.82,42,2,Referred
PAT-51871,2023-12-22,Neurology,77,Female,O+,Outpatient,Private Insurance,20,34937.06,67,5,Recovered
PAT-50278,2023-12-22,General Medicine,21,Male,O-,Outpatient,Private Insurance,1,5658.82,45,14,Under Treatment
PAT-51392,2023-12-23,Orthopedics,63,Male,A-,Emergency,Corporate Insurance,4,56533.55,86,13,Recovered
PAT-50319,2023-12-23,Oncology,63,Female,O-,Elective,Government Scheme,20,131916.58,70,5,Recovered
PAT-50724,2023-12-23,ENT,3,Male,A-,Outpatient,Private Insurance,4,129630.49,40,9,Recovered
PAT-50706,2023-12-23,Oncology,71,Male,A-,Emergency,Government Scheme,12,220322.36,90,13,Recovered
PAT-50521,2023-12-23,Neurology,51,Female,AB+,Emergency,Corporate Insurance,10,172088.33,59,5,Discharged Against Advice
PAT-53466,2023-12-24,General Medicine,28,Male,B+,Elective,Private Insurance,14,64523.73,62,9,Discharged Against Advice
PAT-52018,2023-12-24,Cardiology,83,Female,A-,Emergency,Private Insurance,8,46753.91,57,6,Under Treatment
PAT-51696,2023-12-25,Orthopedics,15,Female,B-,Emergency,Self Pay,9,89465.68,83,8,Discharged Against Advice
PAT-50887,2023-12-25,Oncology,32,Female,A-,Elective,Government Scheme,5,105973.56,90,8,Under Treatment
PAT-51919,2023-12-26,Cardiology,18,Female,AB+,Emergency,Government Scheme,17,223940.37,83,9,Recovered
PAT-50448,2023-12-26,Dermatology,38,Female,A+,Outpatient,Private Insurance,18,152651.54,44,6,Discharged Against Advice
PAT-53091,2023-12-26,Pediatrics,46,Other,B+,Emergency,Corporate Insurance,20,151008.12,83,14,Recovered
PAT-53235,2023-12-26,Dermatology,73,Male,B-,Outpatient,Self Pay,10,43360.71,61,8,Under Treatment
PAT-53105,2023-12-26,Pediatrics,25,Female,B+,Emergency,Corporate Insurance,17,190350.43,90,8,Recovered
PAT-51319,2023-12-26,ENT,45,Male,B+,Outpatient,Government Scheme,4,182245.7,86,4,Recovered
PAT-52972,2023-12-26,Pediatrics,59,Female,B-,Elective,Private Insurance,20,11262.7,81,8,Under Treatment
PAT-52633,2023-12-27,Dermatology,52,Female,O-,Outpatient,Private Insurance,17,170918.98,73,3,Referred
PAT-51852,2023-12-27,General Medicine,22,Female,A-,Emergency,Corporate Insurance,7,93011.58,64,6,Recovered
PAT-50256,2023-12-27,ENT,7,Male,AB-,Outpatient,Self Pay,7,120540.24,70,11,Recovered
PAT-50804,2023-12-28,Dermatology,3,Female,O-,Outpatient,Corporate Insurance,9,122966.6,69,14,Recovered
PAT-53234,2023-12-28,Oncology,82,Female,A+,Outpatient,Corporate Insurance,18,77560.01,76,13,Recovered
PAT-51080,2023-12-28,Neurology,75,Male,AB+,Emergency,Government Scheme,18,140367.29,89,5,Under Treatment
PAT-50621,2023-12-28,Oncology,39,Female,B+,Elective,Self Pay,13,39298.27,62,2,Recovered
PAT-52691,2023-12-28,Orthopedics,85,Other,AB-,Elective,Private Insurance,18,23097.29,92,11,Recovered
PAT-53090,2023-12-28,Neurology,88,Female,O+,Emergency,Private Insurance,11,68511.11,57,3,Recovered
PAT-51483,2023-12-28,ENT,83,Female,O-,Emergency,Private Insurance,8,142516.78,43,9,Recovered
PAT-50218,2023-12-29,General Medicine,41,Male,AB+,Elective,Private Insurance,20,78545.88,99,4,Recovered
PAT-53086,2023-12-29,General Medicine,51,Male,B-,Emergency,Private Insurance,20,12600.7,71,14,Recovered
PAT-51634,2023-12-30,Orthopedics,51,Female,AB-,Elective,Corporate Insurance,13,86527.72,69,9,Recovered
PAT-51604,2023-12-30,ENT,9,Female,B+,Elective,Self Pay,20,246886.03,53,14,Recovered
PAT-50213,2023-12-30,General Medicine,36,Male,AB+,Emergency,Corporate Insurance,13,63745.62,57,13,Recovered
PAT-51390,2023-12-30,Orthopedics,88,Male,A+,Elective,Government Scheme,12,36537.28,72,7,Under Treatment
PAT-52309,2023-12-30,General Medicine,71,Male,AB+,Emergency,Corporate Insurance,3,40964.76,97,5,Recovered
PAT-52191,2023-12-31,Neurology,63,Male,A-,Emergency,Corporate Insurance,20,66166.16,83,8,Recovered
PAT-52353,2023-12-31,Oncology,58,Female,A+,Outpatient,Private Insurance,12,214353.71,61,14,Recovered
PAT-50348,2023-12-31,ENT,44,Male,AB+,Elective,Private Insurance,13,194023.54,61,8,Recovered
PAT-53596,2024-01-01,ENT,24,Other,B-,Outpatient,Corporate Insurance,9,111758.54,70,7,Recovered
PAT-53192,2024-01-01,Dermatology,2,Male,AB-,Elective,Private Insurance,18,94611.49,52,8,Recovered
PAT-52232,2024-01-01,Pediatrics,88,Female,O-,Emergency,Self Pay,20,66598.06,90,11,Recovered
PAT-52010,2024-01-02,Dermatology,79,Male,B-,Elective,Private Insurance,20,172691.56,91,1,Recovered
PAT-51468,2024-01-02,Neurology,10,Male,B+,Elective,Government Scheme,7,87274.19,88,9,Recovered
PAT-52112,2024-01-02,ENT,56,Other,B+,Outpatient,Government Scheme,11,191801.55,86,14,Recovered
PAT-50173,2024-01-02,Pediatrics,76,Male,AB+,Outpatient,Self Pay,4,155036.58,77,13,Recovered
PAT-50403,2024-01-02,Cardiology,71,Female,B-,Emergency,Corporate Insurance,19,12405.19,70,11,Recovered
PAT-53498,2024-01-02,Oncology,26,Male,O+,Emergency,Private Insurance,10,160282.7,78,11,Recovered
PAT-52823,2024-01-03,Cardiology,63,Male,AB-,Elective,Private Insurance,12,145844.04,58,10,Recovered
PAT-50286,2024-01-03,Cardiology,28,Male,A+,Elective,Corporate Insurance,7,132725.67,45,10,Recovered
PAT-53211,2024-01-03,Dermatology,60,Male,B-,Outpatient,Private Insurance,9,186916.25,98,8,Recovered
PAT-53177,2024-01-04,Pediatrics,73,Female,O+,Emergency,Corporate Insurance,2,164334.02,89,10,Recovered
PAT-50622,2024-01-04,General Medicine,66,Female,O+,Elective,Government Scheme,4,208319.66,62,13,Recovered
PAT-53062,2024-01-04,Dermatology,28,Female,A+,Outpatient,Corporate Insurance,15,70708.19,66,7,Under Treatment
PAT-50148,2024-01-04,Cardiology,18,Male,B-,Outpatient,Private Insurance,16,54206.72,66,11,Referred
PAT-53535,2024-01-04,Dermatology,34,Female,A+,Elective,Government Scheme,14,94193.86,67,2,Recovered
PAT-50001,2024-01-05,Oncology,51,Female,O+,Outpatient,Private Insurance,8,92954.55,96,11,Under Treatment
PAT-52446,2024-01-05,Neurology,63,Male,B+,Elective,Corporate Insurance,12,202592.66,93,6,Recovered
PAT-52937,2024-01-06,Dermatology,49,Female,A-,Emergency,Self Pay,7,192159.84,61,10,Recovered
PAT-50096,2024-01-06,Cardiology,24,Male,O+,Emergency,Self Pay,14,86676.88,51,8,Recovered
PAT-53460,2024-01-06,Pediatrics,31,Female,O+,Outpatient,Private Insurance,2,55035.93,67,13,Under Treatment
PAT-50112,2024-01-06,Orthopedics,46,Male,O-,Outpatient,Corporate Insurance,16,12973.41,89,14,Recovered
PAT-50451,2024-01-06,Cardiology,28,Male,AB-,Elective,Self Pay,2,177696.1,76,3,Recovered
PAT-50508,2024-01-07,Dermatology,12,Male,O-,Emergency,Self Pay,8,137671.6,60,4,Referred
PAT-53523,2024-01-07,Dermatology,82,Female,B-,Elective,Self Pay,12,151303.66,75,13,Discharged Against Advice
PAT-52775,2024-01-07,Pediatrics,69,Female,B+,Outpatient,Private Insurance,16,160349.96,97,7,Recovered
PAT-53043,2024-01-07,Cardiology,72,Male,B+,Elective,Corporate Insurance,6,17089.85,45,3,Recovered
PAT-53147,2024-01-07,Dermatology,56,Female,A+,Elective,Self Pay,18,215205.33,96,10,Recovered
PAT-53538,2024-01-07,Pediatrics,32,Other,A-,Outpatient,Corporate Insurance,1,203426.59,46,1,Discharged Against Advice
PAT-53329,2024-01-08,ENT,27,Female,O-,Outpatient,Government Scheme,10,212682.06,74,3,Under Treatment
PAT-51162,2024-01-08,Oncology,31,Female,AB-,Emergency,Private Insurance,13,190183.69,80,2,Referred
PAT-50092,2024-01-08,Neurology,63,Female,B+,Elective,Government Scheme,9,190232.18,82,12,Recovered
PAT-52344,2024-01-08,Orthopedics,43,Female,A-,Elective,Government Scheme,19,168151.87,53,1,Recovered
PAT-52867,2024-01-08,Cardiology,63,Female,O+,Emergency,Self Pay,20,159522.39,49,3,Recovered
PAT-51683,2024-01-08,Neurology,35,Male,B+,Emergency,Corporate Insurance,14,235111.06,50,1,Recovered
PAT-52906,2024-01-08,Dermatology,70,Male,O-,Outpatient,Government Scheme,10,54133.4,63,11,Recovered
PAT-50059,2024-01-09,Pediatrics,87,Female,AB-,Emergency,Government Scheme,6,39425.69,90,11,Recovered
PAT-51606,2024-01-09,Oncology,78,Female,O+,Emergency,Self Pay,3,106056.16,96,5,Recovered
PAT-52037,2024-01-09,Oncology,22,Female,AB-,Emergency,Self Pay,18,193084.78,68,10,Recovered
PAT-52916,2024-01-09,Oncology,80,Female,AB+,Emergency,Government Scheme,15,85196.13,83,11,Recovered
PAT-52659,2024-01-09,Neurology,70,Female,AB-,Outpatient,Private Insurance,9,225622.02,45,6,Recovered
PAT-51737,2024-01-09,Dermatology,7,Male,O-,Elective,Government Scheme,11,156550.39,47,5,Recovered
PAT-50209,2024-01-09,Pediatrics,86,Male,B+,Elective,Self Pay,13,198539.3,87,13,Recovered
PAT-51322,2024-01-09,Orthopedics,45,Female,A-,Elective,Government Scheme,6,46966.13,50,3,Recovered
PAT-53449,2024-01-09,Dermatology,79,Male,O-,Emergency,Corporate Insurance,7,98066.74,99,12,Discharged Against Advice
PAT-50154,2024-01-10,Neurology,35,Female,A-,Emergency,Private Insurance,11,83392.01,91,3,Recovered
PAT-50914,2024-01-10,Cardiology,78,Male,AB-,Emergency,Government Scheme,4,129147.09,99,3,Recovered
PAT-50590,2024-01-10,Orthopedics,52,Female,A+,Elective,Corporate Insurance,12,183206.48,47,12,Referred
PAT-50005,2024-01-10,Dermatology,33,Male,A+,Elective,Self Pay,6,19472.63,95,2,Referred
PAT-53579,2024-01-10,Pediatrics,50,Female,B+,Emergency,Government Scheme,7,64974.21,56,5,Recovered
PAT-52327,2024-01-11,ENT,71,Male,B+,Emergency,Government Scheme,2,22332.03,75,13,Recovered
PAT-52680,2024-01-12,Oncology,11,Male,A+,Outpatient,Government Scheme,15,79747.11,86,5,Referred
PAT-50315,2024-01-12,Neurology,89,Female,O-,Outpatient,Corporate Insurance,5,143510.38,52,8,Recovered
PAT-51175,2024-01-12,Oncology,66,Female,AB+,Emergency,Private Insurance,7,141908.77,76,14,Recovered
PAT-52091,2024-01-12,Pediatrics,45,Male,A+,Emergency,Government Scheme,13,152333.21,90,13,Recovered
PAT-51843,2024-01-12,Oncology,62,Male,AB+,Elective,Private Insurance,3,48680.33,98,4,Discharged Against Advice
PAT-52930,2024-01-12,Oncology,5,Other,B-,Outpatient,Self Pay,20,241427.81,81,7,Recovered
PAT-50187,2024-01-12,ENT,89,Female,B-,Outpatient,Self Pay,8,16296.91,85,1,Recovered
PAT-53451,2024-01-13,Oncology,41,Female,A+,Emergency,Corporate Insurance,5,174336.85,47,2,Under Treatment
PAT-50802,2024-01-13,Pediatrics,41,Male,AB-,Emergency,Corporate Insurance,18,230233.95,52,14,Recovered
PAT-50897,2024-01-13,Orthopedics,49,Male,AB-,Emergency,Government Scheme,10,149423.21,79,4,Recovered
PAT-51903,2024-01-13,General Medicine,24,Female,O-,Elective,Self Pay,17,135407.78,88,4,Recovered
PAT-50372,2024-01-13,Orthopedics,4,Male,B-,Emergency,Self Pay,5,239664.82,76,9,Recovered
PAT-52482,2024-01-13,Oncology,31,Male,B-,Emergency,Corporate Insurance,9,176123.15,54,10,Recovered
PAT-53472,2024-01-13,Orthopedics,82,Other,B+,Elective,Government Scheme,10,167793.0,61,7,Recovered
PAT-52230,2024-01-13,ENT,38,Male,A+,Emergency,Private Insurance,5,182935.4,90,14,Recovered
PAT-52404,2024-01-13,ENT,58,Male,A+,Outpatient,Private Insurance,15,41753.89,91,5,Recovered
PAT-51975,2024-01-14,Neurology,13,Female,A+,Emergency,Corporate Insurance,6,221133.23,88,7,Discharged Against Advice
PAT-51304,2024-01-14,Cardiology,54,Male,B+,Emergency,Private Insurance,16,191074.12,83,9,Recovered
PAT-52698,2024-01-14,Neurology,27,Male,AB-,Outpatient,Private Insurance,18,81079.02,92,4,Recovered
PAT-50478,2024-01-15,Orthopedics,79,Female,B+,Outpatient,Corporate Insurance,17,123709.18,62,7,Recovered
PAT-51896,2024-01-15,Oncology,79,Other,AB+,Emergency,Corporate Insurance,4,243941.83,43,2,Recovered
PAT-50250,2024-01-15,Oncology,86,Female,O+,Outpatient,Government Scheme,6,10364.09,52,10,Recovered
PAT-53144,2024-01-15,Cardiology,45,Male,B+,Outpatient,Government Scheme,1,201572.55,63,14,Recovered
PAT-51082,2024-01-15,Dermatology,26,Female,A+,Outpatient,Self Pay,8,190846.18,98,12,Recovered
PAT-52944,2024-01-15,Orthopedics,77,Female,O+,Outpatient,Corporate Insurance,9,14763.03,95,5,Recovered
PAT-50718,2024-01-15,General Medicine,46,Male,A+,Emergency,Self Pay,2,138738.94,41,4,Under Treatment
PAT-51816,2024-01-16,ENT,17,Male,A+,Emergency,Corporate Insurance,19,62369.07,98,1,Recovered
PAT-51482,2024-01-16,Neurology,84,Female,B+,Elective,Corporate Insurance,16,9502.68,73,10,Recovered
PAT-52728,2024-01-16,Dermatology,30,Male,B+,Outpatient,Private Insurance,3,82272.07,81,10,Referred
PAT-51047,2024-01-16,Cardiology,35,Female,O+,Emergency,Private Insurance,13,62098.94,92,3,Recovered
PAT-51217,2024-01-16,ENT,69,Male,O-,Emergency,Government Scheme,14,234510.44,49,1,Recovered
PAT-52591,2024-01-16,Oncology,33,Female,A+,Elective,Self Pay,15,237542.81,58,6,Recovered
PAT-52076,2024-01-16,Neurology,32,Female,B+,Elective,Government Scheme,9,128112.08,91,2,Recovered
PAT-53317,2024-01-17,Cardiology,55,Female,AB-,Elective,Private Insurance,6,54206.94,58,9,Recovered
PAT-51734,2024-01-17,ENT,2,Female,A+,Emergency,Private Insurance,5,180456.59,50,11,Referred
PAT-50777,2024-01-17,Orthopedics,63,Male,A-,Outpatient,Corporate Insurance,18,74503.68,79,10,Under Treatment
PAT-51991,2024-01-18,Oncology,40,Other,AB-,Elective,Self Pay,18,222954.5,74,3,Recovered
PAT-51334,2024-01-18,General Medicine,42,Female,AB+,Elective,Government Scheme,7,205222.81,96,1,Recovered
PAT-53583,2024-01-18,Neurology,40,Male,O-,Outpatient,Corporate Insurance,9,213572.27,54,5,Recovered
PAT-50729,2024-01-18,General Medicine,2,Male,O-,Emergency,Self Pay,6,63663.75,82,2,Recovered
PAT-50722,2024-01-18,Pediatrics,1,Male,A+,Elective,Self Pay,7,142147.27,89,1,Recovered
PAT-53010,2024-01-18,Dermatology,88,Female,AB-,Elective,Private Insurance,10,232189.77,74,2,Under Treatment
PAT-50379,2024-01-18,General Medicine,25,Female,AB-,Outpatient,Corporate Insurance,19,60657.57,63,11,Recovered
PAT-53095,2024-01-19,Orthopedics,76,Male,AB-,Outpatient,Self Pay,10,248236.58,89,11,Recovered
PAT-51328,2024-01-19,Neurology,30,Female,B-,Outpatient,Corporate Insurance,20,60154.94,42,4,Recovered
PAT-50222,2024-01-19,General Medicine,77,Male,A-,Emergency,Private Insurance,12,173073.96,40,11,Recovered
PAT-50539,2024-01-19,Dermatology,15,Female,A-,Emergency,Private Insurance,17,241553.72,76,9,Recovered
PAT-52161,2024-01-20,Orthopedics,8,Female,AB-,Elective,Private Insurance,1,187927.77,76,4,Referred
PAT-53258,2024-01-20,Dermatology,5,Male,AB-,Emergency,Corporate Insurance,8,148804.01,45,14,Under Treatment
PAT-50481,2024-01-20,ENT,74,Female,O+,Outpatient,Corporate Insurance,11,109697.17,65,5,Recovered
PAT-51794,2024-01-20,General Medicine,13,Male,AB+,Emergency,Corporate Insurance,5,17678.41,42,12,Referred
PAT-52008,2024-01-20,Oncology,69,Female,AB+,Emergency,Government Scheme,18,153119.34,67,13,Under Treatment
PAT-51457,2024-01-20,Dermatology,41,Female,AB-,Elective,Corporate Insurance,16,191702.86,98,7,Recovered
PAT-52508,2024-01-20,Dermatology,22,Male,O+,Outpatient,Self Pay,17,49160.26,70,4,Recovered
PAT-51664,2024-01-20,Orthopedics,82,Male,A-,Outpatient,Private Insurance,8,81394.79,64,7,Under Treatment
PAT-53515,2024-01-20,General Medicine,5,Female,AB+,Emergency,Government Scheme,16,205372.14,52,2,Recovered
PAT-51785,2024-01-20,Oncology,34,Female,O+,Outpatient,Corporate Insurance,14,105973.88,67,1,Referred
PAT-52130,2024-01-20,General Medicine,38,Male,AB-,Emergency,Private Insurance,16,66398.03,62,1,Recovered
PAT-52187,2024-01-20,General Medicine,24,Female,AB+,Outpatient,Self Pay,18,162420.45,51,7,Recovered
PAT-50249,2024-01-21,Pediatrics,82,Male,B-,Elective,Government Scheme,4,66360.11,95,3,Under Treatment
PAT-52408,2024-01-21,Dermatology,15,Male,A-,Emergency,Corporate Insurance,15,182793.62,50,4,Referred
PAT-50872,2024-01-22,Pediatrics,5,Male,AB-,Emergency,Self Pay,3,149245.92,65,14,Recovered
PAT-51974,2024-01-22,Oncology,7,Male,B+,Outpatient,Private Insurance,7,124123.65,41,8,Recovered
PAT-51069,2024-01-22,Cardiology,55,Female,O+,Emergency,Government Scheme,12,79897.22,47,11,Recovered
PAT-52835,2024-01-22,Cardiology,14,Female,O-,Elective,Government Scheme,10,176530.26,95,3,Recovered
PAT-50206,2024-01-22,Orthopedics,56,Male,B-,Elective,Government Scheme,1,225989.11,76,11,Recovered
PAT-52025,2024-01-22,Dermatology,42,Female,A+,Emergency,Self Pay,3,202795.21,54,2,Under Treatment
PAT-50823,2024-01-23,Oncology,2,Male,O+,Elective,Government Scheme,11,241080.39,59,10,Discharged Against Advice
PAT-53098,2024-01-23,Orthopedics,43,Male,O+,Emergency,Government Scheme,12,66859.68,54,4,Recovered
PAT-53061,2024-01-24,Dermatology,27,Male,A-,Emergency,Self Pay,2,125889.52,91,2,Recovered
PAT-52673,2024-01-24,Orthopedics,17,Female,B+,Emergency,Self Pay,12,17887.22,75,3,Recovered
PAT-50796,2024-01-24,General Medicine,19,Male,A-,Elective,Self Pay,17,228476.94,48,10,Recovered
PAT-50794,2024-01-24,Neurology,81,Female,A-,Elective,Private Insurance,1,22922.33,67,2,Recovered
PAT-50254,2024-01-25,Neurology,83,Female,A-,Outpatient,Self Pay,11,7952.68,89,12,Recovered
PAT-52825,2024-01-25,Dermatology,23,Female,AB-,Outpatient,Corporate Insurance,9,192074.57,97,6,Recovered
PAT-51195,2024-01-25,Pediatrics,14,Male,O-,Elective,Corporate Insurance,20,45119.88,89,2,Recovered
PAT-52616,2024-01-25,Cardiology,11,Female,A-,Outpatient,Government Scheme,4,201108.74,52,8,Recovered
PAT-51491,2024-01-25,General Medicine,12,Female,B+,Emergency,Private Insurance,4,122740.37,98,9,Recovered
PAT-52247,2024-01-25,Oncology,60,Male,A-,Emergency,Self Pay,14,41804.97,82,14,Recovered
PAT-50617,2024-01-25,Neurology,60,Male,AB+,Emergency,Corporate Insurance,2,27683.39,49,2,Referred
PAT-51979,2024-01-25,Orthopedics,16,Male,O-,Emergency,Self Pay,10,141517.45,43,4,Recovered
PAT-53208,2024-01-25,Oncology,15,Female,AB-,Elective,Government Scheme,11,231428.61,96,2,Recovered
PAT-52665,2024-01-25,Cardiology,33,Male,A-,Elective,Self Pay,9,95183.42,50,3,Recovered
PAT-51010,2024-01-26,Cardiology,67,Male,AB+,Emergency,Government Scheme,14,234169.84,42,8,Recovered
PAT-53562,2024-01-26,Oncology,44,Male,A+,Outpatient,Corporate Insurance,11,152952.56,55,1,Recovered
PAT-52177,2024-01-26,Dermatology,51,Female,AB-,Outpatient,Private Insurance,7,65377.61,86,4,Recovered
PAT-51870,2024-01-26,Orthopedics,48,Female,B+,Elective,Private Insurance,13,245666.69,47,2,Recovered
PAT-52243,2024-01-27,Neurology,50,Male,A+,Elective,Self Pay,20,222361.02,71,12,Discharged Against Advice
PAT-52793,2024-01-27,ENT,35,Male,O-,Emergency,Self Pay,15,108577.62,61,4,Recovered
PAT-53432,2024-01-27,Dermatology,41,Female,B-,Emergency,Private Insurance,16,186202.27,77,13,Recovered
PAT-51052,2024-01-27,Orthopedics,22,Male,A+,Emergency,Government Scheme,6,192170.36,89,5,Recovered
PAT-52098,2024-01-27,Pediatrics,79,Female,B-,Emergency,Private Insurance,4,209406.21,40,13,Recovered
PAT-53598,2024-01-27,Dermatology,86,Male,AB+,Emergency,Self Pay,16,226464.35,97,12,Recovered
PAT-51805,2024-01-28,ENT,43,Male,AB-,Emergency,Self Pay,14,111432.27,92,9,Under Treatment
PAT-51183,2024-01-28,Cardiology,14,Male,B-,Emergency,Government Scheme,16,173712.44,48,12,Recovered
PAT-51172,2024-01-28,Cardiology,18,Male,A-,Outpatient,Government Scheme,10,175685.3,58,8,Recovered
PAT-51523,2024-01-28,ENT,84,Male,AB-,Emergency,Self Pay,19,155018.92,90,4,Recovered
PAT-52634,2024-01-28,Cardiology,64,Female,A-,Outpatient,Government Scheme,7,153775.3,92,13,Recovered
PAT-50214,2024-01-29,Cardiology,1,Male,O-,Outpatient,Private Insurance,17,22602.78,77,12,Recovered
PAT-52965,2024-01-29,Orthopedics,64,Female,B+,Emergency,Corporate Insurance,8,217067.89,62,1,Recovered
PAT-50691,2024-01-29,Dermatology,39,Male,B-,Elective,Self Pay,5,178813.06,84,8,Under Treatment
PAT-52172,2024-01-30,Dermatology,12,Female,O-,Elective,Self Pay,20,205124.14,44,7,Recovered
PAT-50407,2024-01-30,Cardiology,83,Female,O+,Elective,Private Insurance,7,182851.28,45,12,Under Treatment
PAT-50638,2024-01-30,Neurology,8,Male,B+,Emergency,Private Insurance,11,195717.64,87,9,Under Treatment
PAT-52372,2024-01-31,ENT,6,Male,B+,Outpatient,Corporate Insurance,8,194467.56,77,6,Recovered
PAT-53247,2024-01-31,General Medicine,48,Male,AB-,Outpatient,Corporate Insurance,19,86855.53,54,2,Recovered
PAT-51201,2024-01-31,Orthopedics,29,Male,AB+,Elective,Government Scheme,6,131942.13,49,9,Recovered
PAT-51773,2024-01-31,Orthopedics,24,Male,B+,Emergency,Private Insurance,1,229885.12,75,8,Recovered
PAT-52321,2024-01-31,ENT,71,Male,AB+,Elective,Government Scheme,11,239660.88,98,5,Recovered
PAT-53260,2024-02-01,Pediatrics,65,Female,AB-,Outpatient,Private Insurance,16,224879.73,68,2,Recovered
PAT-52009,2024-02-01,Pediatrics,76,Male,B+,Elective,Private Insurance,4,212930.21,95,11,Recovered
PAT-52197,2024-02-01,Orthopedics,54,Female,O+,Elective,Government Scheme,15,99476.22,65,9,Referred
PAT-52644,2024-02-01,Cardiology,13,Male,B-,Emergency,Corporate Insurance,11,73929.15,62,13,Recovered
PAT-53255,2024-02-01,Cardiology,82,Female,O+,Emergency,Self Pay,6,228505.56,71,14,Recovered
PAT-51924,2024-02-02,Dermatology,60,Male,A-,Emergency,Self Pay,4,120302.37,71,7,Recovered
PAT-50487,2024-02-02,Orthopedics,14,Male,B-,Emergency,Corporate Insurance,9,129439.6,77,8,Under Treatment
PAT-51226,2024-02-02,Neurology,63,Other,AB+,Outpatient,Corporate Insurance,6,117535.52,80,11,Recovered
PAT-51230,2024-02-02,Cardiology,17,Male,A+,Elective,Corporate Insurance,15,223630.24,63,3,Recovered
PAT-50618,2024-02-02,General Medicine,41,Female,AB-,Outpatient,Self Pay,2,31365.43,54,14,Under Treatment
PAT-50753,2024-02-02,Orthopedics,62,Female,O+,Emergency,Self Pay,2,55438.74,81,8,Recovered
PAT-50803,2024-02-02,Orthopedics,41,Female,A-,Emergency,Corporate Insurance,18,8882.32,91,3,Recovered
PAT-52573,2024-02-02,Dermatology,25,Male,A+,Emergency,Government Scheme,11,100307.38,80,6,Recovered
PAT-51795,2024-02-02,Cardiology,31,Male,AB+,Outpatient,Corporate Insurance,4,151686.67,78,7,Recovered
PAT-50141,2024-02-03,ENT,45,Male,AB-,Elective,Self Pay,9,126004.08,68,10,Recovered
PAT-52635,2024-02-03,General Medicine,21,Female,B+,Elective,Self Pay,10,10004.79,74,5,Recovered
PAT-53081,2024-02-03,Dermatology,37,Male,AB+,Elective,Self Pay,14,147567.82,82,1,Under Treatment
PAT-53290,2024-02-03,Dermatology,27,Male,A-,Outpatient,Government Scheme,13,32130.75,57,10,Recovered
PAT-51427,2024-02-03,Pediatrics,37,Female,AB+,Emergency,Self Pay,2,200912.99,75,1,Referred
PAT-52546,2024-02-04,General Medicine,8,Female,O-,Emergency,Corporate Insurance,16,167279.11,89,6,Referred
PAT-51418,2024-02-04,Neurology,4,Male,O-,Outpatient,Self Pay,3,212007.87,76,12,Recovered
PAT-53102,2024-02-05,Neurology,19,Female,O+,Outpatient,Corporate Insurance,12,7755.84,78,8,Recovered
PAT-51677,2024-02-05,General Medicine,34,Female,B+,Outpatient,Private Insurance,16,197906.25,74,6,Discharged Against Advice
PAT-52075,2024-02-05,ENT,24,Male,O+,Emergency,Government Scheme,12,195492.61,65,10,Recovered
PAT-51498,2024-02-05,Neurology,66,Male,A-,Emergency,Self Pay,13,92332.88,91,13,Recovered
PAT-50151,2024-02-07,ENT,11,Female,O+,Emergency,Private Insurance,9,214920.64,77,3,Under Treatment
PAT-53580,2024-02-07,ENT,33,Female,A-,Outpatient,Self Pay,11,122807.92,80,13,Under Treatment
PAT-51980,2024-02-07,Cardiology,6,Male,A+,Outpatient,Self Pay,17,74395.76,50,8,Under Treatment
PAT-52478,2024-02-07,ENT,78,Female,O+,Emergency,Private Insurance,1,137947.84,96,9,Under Treatment
PAT-52879,2024-02-07,General Medicine,17,Male,AB-,Emergency,Private Insurance,13,46411.89,92,13,Under Treatment
PAT-52545,2024-02-08,Dermatology,49,Male,AB-,Emergency,Corporate Insurance,14,129479.49,56,9,Recovered
PAT-53332,2024-02-08,Orthopedics,44,Male,B-,Emergency,Private Insurance,11,2922.86,95,12,Recovered
PAT-51030,2024-02-08,Dermatology,70,Female,AB+,Outpatient,Corporate Insurance,5,216061.94,42,6,Referred
PAT-52302,2024-02-09,Dermatology,69,Female,B-,Emergency,Government Scheme,11,118715.94,66,1,Recovered
PAT-52686,2024-02-09,Pediatrics,14,Male,A-,Elective,Self Pay,16,99543.32,66,13,Recovered
PAT-50670,2024-02-09,General Medicine,82,Male,O+,Elective,Government Scheme,13,14896.82,81,1,Recovered
PAT-53274,2024-02-09,Pediatrics,39,Female,B+,Emergency,Private Insurance,1,128899.38,59,11,Recovered
PAT-52958,2024-02-10,Pediatrics,16,Other,AB-,Emergency,Private Insurance,1,216884.24,98,5,Recovered
PAT-50015,2024-02-10,ENT,44,Female,O-,Outpatient,Private Insurance,14,37405.12,84,4,Under Treatment
PAT-51595,2024-02-10,Pediatrics,16,Female,O-,Elective,Self Pay,18,46939.93,60,13,Under Treatment
PAT-51087,2024-02-10,General Medicine,72,Male,AB+,Elective,Government Scheme,14,216613.37,97,8,Referred
PAT-51000,2024-02-11,Pediatrics,20,Female,B-,Emergency,Private Insurance,2,101520.29,69,8,Recovered
PAT-51861,2024-02-11,Dermatology,41,Male,AB-,Elective,Corporate Insurance,17,83634.24,94,2,Discharged Against Advice
PAT-51147,2024-02-11,General Medicine,48,Female,O+,Elective,Self Pay,16,79574.36,41,5,Recovered
PAT-51645,2024-02-11,Cardiology,69,Female,A-,Elective,Government Scheme,2,204188.29,53,3,Recovered
PAT-52884,2024-02-11,Neurology,9,Male,B-,Outpatient,Corporate Insurance,1,135150.38,67,13,Recovered
PAT-51021,2024-02-11,Dermatology,78,Female,AB-,Elective,Corporate Insurance,4,153211.39,63,4,Recovered
PAT-52821,2024-02-11,Neurology,12,Female,B+,Emergency,Private Insurance,20,5381.11,69,3,Recovered
PAT-51809,2024-02-12,Orthopedics,72,Male,A+,Outpatient,Corporate Insurance,13,47369.98,62,8,Recovered
PAT-51663,2024-02-12,Cardiology,66,Male,O+,Outpatient,Private Insurance,17,172928.93,77,1,Recovered
PAT-51083,2024-02-12,General Medicine,74,Male,O-,Elective,Self Pay,9,68072.15,74,13,Recovered
PAT-51102,2024-02-12,Cardiology,21,Female,AB+,Emergency,Government Scheme,6,113921.58,77,13,Referred
PAT-52128,2024-02-13,ENT,4,Female,A-,Emergency,Corporate Insurance,11,91660.73,43,2,Recovered
PAT-51285,2024-02-13,ENT,64,Female,AB-,Outpatient,Government Scheme,15,237268.5,80,13,Recovered
PAT-52768,2024-02-13,Neurology,35,Female,A-,Emergency,Private Insurance,14,179874.68,96,1,Recovered
PAT-52305,2024-02-13,Dermatology,59,Male,AB+,Emergency,Government Scheme,3,98899.23,69,6,Recovered
PAT-50255,2024-02-14,Cardiology,31,Male,AB+,Elective,Self Pay,1,137415.12,71,7,Referred
PAT-50466,2024-02-14,Cardiology,35,Female,AB-,Outpatient,Corporate Insurance,3,117690.57,99,1,Discharged Against Advice
PAT-51317,2024-02-14,Pediatrics,66,Male,B-,Elective,Corporate Insurance,1,177890.34,88,8,Recovered
PAT-52033,2024-02-14,Dermatology,9,Male,AB+,Outpatient,Self Pay,16,181692.53,49,5,Recovered
PAT-52181,2024-02-14,General Medicine,52,Female,A-,Outpatient,Government Scheme,1,168199.85,54,13,Recovered
PAT-52477,2024-02-14,Oncology,4,Female,A-,Outpatient,Private Insurance,19,209750.95,49,3,Recovered
PAT-50756,2024-02-14,Orthopedics,57,Female,O+,Outpatient,Private Insurance,16,83828.3,84,4,Under Treatment
PAT-52123,2024-02-15,Cardiology,8,Female,O+,Outpatient,Government Scheme,13,78491.85,69,13,Recovered
PAT-50527,2024-02-15,Pediatrics,54,Male,AB+,Emergency,Government Scheme,13,2149.59,98,12,Recovered
PAT-51188,2024-02-16,Cardiology,64,Female,AB-,Outpatient,Government Scheme,18,224636.85,83,12,Referred
PAT-51789,2024-02-16,Oncology,79,Female,B-,Outpatient,Private Insurance,12,112801.95,68,3,Recovered
PAT-50072,2024-02-16,Dermatology,70,Female,A+,Outpatient,Corporate Insurance,17,38080.92,83,2,Under Treatment
PAT-51225,2024-02-17,Orthopedics,30,Male,AB-,Outpatient,Private Insurance,7,37990.69,41,2,Recovered
PAT-52580,2024-02-17,Pediatrics,81,Female,AB+,Outpatient,Corporate Insurance,2,111524.43,92,5,Recovered
PAT-50333,2024-02-18,Oncology,47,Female,B-,Outpatient,Private Insurance,12,130145.34,83,8,Referred
PAT-53536,2024-02-18,Orthopedics,20,Male,AB-,Outpatient,Self Pay,3,168634.8,88,7,Recovered
PAT-51760,2024-02-18,Cardiology,45,Female,AB-,Emergency,Self Pay,2,207876.91,50,7,Recovered
PAT-51407,2024-02-18,Cardiology,11,Other,AB+,Emergency,Self Pay,9,18899.17,71,13,Recovered
PAT-50003,2024-02-18,Orthopedics,67,Male,A+,Elective,Private Insurance,2,136433.76,46,14,Recovered
PAT-53238,2024-02-18,Pediatrics,28,Male,O+,Elective,Government Scheme,18,47855.36,89,10,Recovered
PAT-51099,2024-02-18,General Medicine,86,Male,AB-,Elective,Corporate Insurance,5,207373.2,92,11,Recovered
PAT-53029,2024-02-18,Dermatology,49,Female,AB+,Elective,Government Scheme,14,121188.88,84,9,Recovered
PAT-50808,2024-02-19,Oncology,59,Female,B+,Outpatient,Self Pay,18,148935.64,57,1,Recovered
PAT-53154,2024-02-19,Dermatology,61,Male,B+,Elective,Government Scheme,17,116108.94,89,7,Recovered
PAT-50971,2024-02-19,Oncology,52,Male,A-,Elective,Government Scheme,9,176924.84,66,11,Under Treatment
PAT-51536,2024-02-19,ENT,77,Female,AB-,Elective,Government Scheme,11,91122.5,93,8,Recovered
PAT-51878,2024-02-19,Neurology,47,Other,O+,Outpatient,Corporate Insurance,9,169362.82,67,7,Recovered
PAT-50667,2024-02-19,Oncology,76,Male,B+,Elective,Private Insurance,6,233449.09,55,10,Recovered
PAT-51943,2024-02-19,Oncology,28,Female,AB-,Outpatient,Corporate Insurance,19,224563.53,88,5,Recovered
PAT-52593,2024-02-20,Cardiology,44,Male,AB-,Elective,Self Pay,7,63373.0,92,7,Discharged Against Advice
PAT-50011,2024-02-20,Dermatology,82,Female,AB+,Emergency,Corporate Insurance,14,152522.75,95,9,Recovered
PAT-51559,2024-02-20,Orthopedics,30,Female,A+,Outpatient,Self Pay,16,119395.05,87,14,Recovered
PAT-50405,2024-02-20,Orthopedics,46,Female,AB+,Outpatient,Private Insurance,19,24816.19,92,10,Recovered
PAT-50269,2024-02-20,General Medicine,5,Male,O-,Outpatient,Self Pay,13,239863.43,76,11,Discharged Against Advice
PAT-53114,2024-02-21,General Medicine,5,Female,A+,Elective,Private Insurance,5,26958.23,87,11,Recovered
PAT-51850,2024-02-21,General Medicine,26,Male,AB+,Outpatient,Private Insurance,1,81081.76,95,7,Referred
PAT-51179,2024-02-21,ENT,57,Female,A-,Emergency,Corporate Insurance,13,133311.06,43,3,Recovered
PAT-52221,2024-02-21,Pediatrics,22,Male,A-,Elective,Self Pay,17,55137.31,53,9,Referred
PAT-50422,2024-02-21,Cardiology,81,Male,B-,Emergency,Government Scheme,15,8982.46,47,13,Recovered
PAT-52710,2024-02-21,Dermatology,9,Female,O+,Elective,Self Pay,13,81358.01,79,6,Recovered
PAT-50235,2024-02-21,Dermatology,2,Male,AB+,Emergency,Corporate Insurance,16,100441.47,48,4,Recovered
PAT-53205,2024-02-22,General Medicine,13,Other,B-,Emergency,Self Pay,11,247125.4,72,14,Recovered
PAT-51727,2024-02-22,Oncology,68,Male,AB-,Elective,Government Scheme,7,140338.59,47,12,Recovered
PAT-53567,2024-02-22,Oncology,8,Male,B+,Emergency,Self Pay,11,170671.73,63,10,Recovered
PAT-51631,2024-02-22,Oncology,87,Male,B-,Elective,Private Insurance,18,105949.29,60,5,Under Treatment
PAT-53104,2024-02-22,General Medicine,50,Other,O+,Emergency,Self Pay,19,65606.04,40,7,Recovered
PAT-51342,2024-02-22,Orthopedics,25,Male,A-,Outpatient,Government Scheme,1,79812.83,42,2,Under Treatment
PAT-52810,2024-02-22,Orthopedics,59,Female,B-,Outpatient,Corporate Insurance,9,174975.72,89,2,Recovered
PAT-52421,2024-02-22,Neurology,34,Female,O+,Emergency,Government Scheme,12,171501.0,43,12,Recovered
PAT-51733,2024-02-22,Cardiology,31,Female,AB-,Outpatient,Private Insurance,2,55639.88,99,9,Under Treatment
PAT-52828,2024-02-22,ENT,70,Male,AB+,Outpatient,Self Pay,15,155090.93,61,1,Referred
PAT-52509,2024-02-22,Cardiology,13,Female,B+,Emergency,Government Scheme,14,177209.9,79,14,Recovered
PAT-50558,2024-02-22,Neurology,80,Female,B+,Emergency,Government Scheme,5,168732.84,97,12,Recovered
PAT-52550,2024-02-22,ENT,77,Male,A-,Emergency,Government Scheme,13,245160.71,43,8,Recovered
PAT-53568,2024-02-23,ENT,12,Other,B+,Outpatient,Government Scheme,20,63492.72,45,10,Recovered
PAT-52925,2024-02-23,Orthopedics,29,Male,AB-,Outpatient,Corporate Insurance,20,104788.13,94,5,Recovered
PAT-50635,2024-02-23,Cardiology,47,Male,AB+,Elective,Government Scheme,12,174372.51,43,6,Recovered
PAT-51110,2024-02-23,Cardiology,44,Other,A-,Outpatient,Self Pay,9,74238.48,64,14,Recovered
PAT-50087,2024-02-23,ENT,55,Female,B-,Outpatient,Self Pay,8,39104.32,52,13,Recovered
PAT-50441,2024-02-23,General Medicine,69,Female,AB+,Elective,Self Pay,3,202351.99,67,4,Recovered
PAT-50195,2024-02-23,Cardiology,75,Female,B-,Outpatient,Corporate Insurance,1,67987.65,66,8,Recovered
PAT-53074,2024-02-23,ENT,85,Female,AB+,Emergency,Private Insurance,8,38257.83,72,9,Recovered
PAT-50097,2024-02-23,Neurology,66,Female,AB-,Elective,Corporate Insurance,2,164798.3,76,1,Recovered
PAT-51367,2024-02-23,Oncology,67,Male,O+,Emergency,Corporate Insurance,19,244527.55,81,10,Recovered
PAT-50969,2024-02-24,Orthopedics,32,Female,A-,Elective,Corporate Insurance,4,62875.11,57,11,Recovered
PAT-51385,2024-02-24,Pediatrics,2,Male,AB+,Outpatient,Self Pay,19,166000.11,57,13,Recovered
PAT-53565,2024-02-25,ENT,15,Male,A-,Elective,Corporate Insurance,6,140778.65,98,5,Recovered
PAT-50488,2024-02-25,General Medicine,18,Male,A-,Outpatient,Government Scheme,9,192788.19,53,6,Recovered
PAT-52646,2024-02-26,Pediatrics,50,Female,O+,Emergency,Corporate Insurance,6,40881.05,51,12,Recovered
PAT-53380,2024-02-26,Cardiology,64,Male,O-,Emergency,Private Insurance,17,210283.09,81,14,Recovered
PAT-53324,2024-02-26,Dermatology,30,Male,B-,Elective,Government Scheme,16,175669.22,47,11,Under Treatment
PAT-50438,2024-02-26,Oncology,89,Male,A+,Emergency,Government Scheme,18,41453.21,63,2,Recovered
PAT-52989,2024-02-27,Oncology,77,Female,A-,Elective,Private Insurance,1,37691.09,55,12,Recovered
PAT-50992,2024-02-27,General Medicine,52,Male,A-,Outpatient,Corporate Insurance,3,151204.53,84,5,Recovered
PAT-52905,2024-02-28,Oncology,85,Male,B+,Outpatient,Government Scheme,14,162683.88,64,6,Recovered
PAT-52893,2024-02-28,Oncology,40,Female,AB-,Elective,Corporate Insurance,13,38066.04,88,13,Referred
PAT-52878,2024-02-28,Cardiology,2,Male,O-,Emergency,Private Insurance,7,244058.18,56,2,Under Treatment
PAT-51810,2024-02-28,Orthopedics,65,Male,O+,Elective,Government Scheme,13,69705.74,90,6,Recovered
PAT-51264,2024-02-28,Cardiology,12,Female,A-,Elective,Government Scheme,1,121924.86,47,5,Referred
PAT-52869,2024-02-28,Oncology,43,Male,O-,Elective,Self Pay,4,212061.68,88,7,Referred
PAT-51814,2024-02-28,Dermatology,13,Female,O+,Outpatient,Government Scheme,14,142181.38,73,12,Discharged Against Advice
PAT-52329,2024-02-28,Pediatrics,17,Female,A-,Outpatient,Self Pay,3,45950.16,72,10,Recovered
PAT-50336,2024-02-29,Oncology,12,Female,A-,Emergency,Private Insurance,5,91231.7,89,3,Recovered
PAT-50200,2024-03-01,General Medicine,65,Female,O-,Emergency,Private Insurance,19,92447.75,95,11,Under Treatment
PAT-52058,2024-03-01,ENT,83,Male,B+,Outpatient,Self Pay,10,72971.38,93,12,Referred
PAT-51155,2024-03-01,Cardiology,32,Female,B+,Elective,Government Scheme,16,242501.4,41,1,Referred
PAT-53440,2024-03-01,General Medicine,51,Female,O+,Emergency,Government Scheme,6,97769.49,80,14,Recovered
PAT-53189,2024-03-02,Dermatology,38,Female,AB-,Emergency,Government Scheme,5,173370.67,64,11,Recovered
PAT-50720,2024-03-02,General Medicine,11,Male,A-,Emergency,Self Pay,14,2442.01,48,7,Recovered
PAT-50640,2024-03-02,Oncology,26,Male,B+,Outpatient,Private Insurance,9,91980.19,86,11,Recovered
PAT-50334,2024-03-02,Oncology,40,Female,AB-,Emergency,Corporate Insurance,13,168854.44,80,3,Recovered
PAT-50510,2024-03-02,Cardiology,80,Male,O-,Outpatient,Corporate Insurance,2,230107.78,42,10,Recovered
PAT-52320,2024-03-02,Pediatrics,11,Female,AB+,Elective,Corporate Insurance,13,59919.1,84,13,Under Treatment
PAT-52604,2024-03-02,ENT,65,Male,O+,Emergency,Private Insurance,3,149481.06,77,12,Referred
PAT-52525,2024-03-02,Dermatology,20,Male,A+,Emergency,Government Scheme,15,60332.46,71,3,Under Treatment
PAT-51500,2024-03-03,Cardiology,3,Female,A+,Elective,Private Insurance,20,95867.94,53,7,Under Treatment
PAT-53381,2024-03-03,ENT,9,Female,A+,Elective,Government Scheme,10,138891.3,99,8,Under Treatment
PAT-52159,2024-03-03,Oncology,74,Male,AB-,Elective,Self Pay,14,171093.26,88,10,Recovered
PAT-52890,2024-03-03,General Medicine,25,Female,O-,Elective,Private Insurance,14,17488.49,56,13,Recovered
PAT-50807,2024-03-03,ENT,63,Female,AB-,Emergency,Private Insurance,18,192020.19,49,11,Recovered
PAT-51013,2024-03-03,General Medicine,19,Other,AB-,Outpatient,Private Insurance,18,88034.98,53,3,Recovered
PAT-50053,2024-03-03,Orthopedics,40,Female,O-,Elective,Government Scheme,12,225604.85,72,11,Recovered
PAT-52708,2024-03-04,General Medicine,68,Other,O+,Elective,Government Scheme,14,220618.08,79,14,Recovered
PAT-51998,2024-03-04,Neurology,52,Female,AB+,Outpatient,Self Pay,9,6675.42,44,13,Recovered
PAT-51873,2024-03-04,Neurology,73,Male,A-,Elective,Private Insurance,4,201401.72,91,8,Under Treatment
PAT-50537,2024-03-04,Neurology,41,Male,A+,Emergency,Self Pay,10,76229.6,98,10,Recovered
PAT-53298,2024-03-04,Pediatrics,38,Female,B-,Emergency,Government Scheme,17,145050.21,93,9,Recovered
PAT-51299,2024-03-05,General Medicine,62,Female,A+,Outpatient,Government Scheme,8,107324.44,64,1,Recovered
PAT-51345,2024-03-05,Neurology,12,Male,A-,Outpatient,Self Pay,6,59132.95,87,12,Recovered
PAT-51001,2024-03-05,ENT,46,Male,A-,Outpatient,Corporate Insurance,16,174587.58,72,11,Under Treatment
PAT-50054,2024-03-05,Cardiology,3,Male,A-,Emergency,Government Scheme,6,199069.95,91,2,Referred
PAT-51409,2024-03-06,Dermatology,64,Female,B+,Elective,Government Scheme,4,11551.75,47,2,Recovered
PAT-51532,2024-03-06,ENT,7,Male,B+,Outpatient,Corporate Insurance,7,186233.46,84,14,Recovered
PAT-50504,2024-03-07,Orthopedics,43,Female,AB-,Elective,Government Scheme,6,43505.08,50,11,Recovered
PAT-50242,2024-03-07,Orthopedics,55,Male,AB-,Emergency,Private Insurance,17,173349.54,76,2,Recovered
PAT-52160,2024-03-07,Pediatrics,75,Male,A-,Elective,Private Insurance,7,54858.11,67,14,Recovered
PAT-50457,2024-03-08,Orthopedics,73,Female,B-,Emergency,Private Insurance,6,171655.91,82,13,Recovered
PAT-50701,2024-03-08,Pediatrics,72,Male,B+,Emergency,Self Pay,12,211553.91,81,13,Under Treatment
PAT-51937,2024-03-08,Cardiology,3,Female,B-,Elective,Self Pay,5,86251.64,50,13,Under Treatment
PAT-50585,2024-03-08,Cardiology,44,Female,B+,Emergency,Corporate Insurance,3,111871.75,98,2,Recovered
PAT-51635,2024-03-08,General Medicine,40,Male,O+,Outpatient,Corporate Insurance,12,234273.92,51,2,Recovered
PAT-50556,2024-03-08,Dermatology,31,Other,A-,Elective,Government Scheme,11,83427.54,65,7,Under Treatment
PAT-50243,2024-03-09,Dermatology,5,Male,A-,Elective,Private Insurance,19,74925.65,61,8,Recovered
PAT-50073,2024-03-09,ENT,10,Male,O-,Outpatient,Private Insurance,14,91684.63,67,11,Recovered
PAT-52681,2024-03-09,General Medicine,70,Female,A-,Elective,Government Scheme,15,27830.44,40,2,Under Treatment
PAT-52039,2024-03-09,Cardiology,24,Male,O-,Elective,Corporate Insurance,1,173654.4,96,14,Recovered
PAT-51092,2024-03-09,Oncology,25,Male,A-,Emergency,Private Insurance,10,38773.36,90,7,Recovered
PAT-50475,2024-03-09,Orthopedics,24,Female,AB-,Elective,Self Pay,16,10661.89,63,14,Recovered
PAT-51035,2024-03-10,ENT,50,Female,A+,Elective,Self Pay,16,169629.38,81,7,Referred
PAT-50982,2024-03-10,Orthopedics,70,Male,O-,Elective,Self Pay,2,188704.67,89,3,Under Treatment
PAT-50421,2024-03-10,Pediatrics,70,Male,A+,Outpatient,Corporate Insurance,3,214255.55,45,12,Recovered
PAT-51048,2024-03-10,Orthopedics,74,Female,A-,Emergency,Government Scheme,3,206007.79,96,14,Discharged Against Advice
PAT-52121,2024-03-10,Pediatrics,73,Male,A+,Emergency,Corporate Insurance,5,205097.11,67,9,Recovered
PAT-52217,2024-03-10,Neurology,72,Male,O+,Elective,Self Pay,13,54028.58,42,11,Recovered
PAT-52755,2024-03-11,Orthopedics,11,Female,AB-,Elective,Private Insurance,18,52028.73,66,14,Recovered
PAT-50410,2024-03-11,Cardiology,25,Male,A+,Emergency,Private Insurance,20,127857.39,73,7,Under Treatment
PAT-52251,2024-03-11,Pediatrics,36,Female,B-,Outpatient,Government Scheme,17,89711.31,67,1,Recovered
PAT-50697,2024-03-11,General Medicine,88,Male,O+,Elective,Self Pay,8,155603.64,56,2,Referred
PAT-52440,2024-03-11,Neurology,51,Female,AB+,Emergency,Government Scheme,18,137515.65,44,4,Recovered
PAT-50367,2024-03-11,Neurology,19,Male,O+,Outpatient,Corporate Insurance,13,125256.96,96,5,Recovered
PAT-52834,2024-03-11,Oncology,54,Female,B+,Emergency,Corporate Insurance,15,96631.73,52,11,Under Treatment
PAT-51399,2024-03-11,Oncology,63,Male,A-,Elective,Corporate Insurance,13,202065.72,65,8,Recovered
PAT-53442,2024-03-12,General Medicine,53,Female,O+,Outpatient,Government Scheme,19,144859.94,78,7,Recovered
PAT-51894,2024-03-12,Dermatology,66,Male,B+,Outpatient,Government Scheme,14,20766.83,60,13,Under Treatment
PAT-52737,2024-03-12,Cardiology,9,Female,A-,Elective,Self Pay,14,244557.51,68,4,Recovered
PAT-52051,2024-03-12,Orthopedics,30,Other,A-,Outpatient,Corporate Insurance,10,202557.95,56,6,Recovered
PAT-51086,2024-03-13,Pediatrics,7,Other,A-,Elective,Self Pay,1,77242.62,62,1,Recovered
PAT-51639,2024-03-13,Dermatology,61,Female,AB-,Emergency,Private Insurance,18,166728.08,70,5,Recovered
PAT-52799,2024-03-13,ENT,27,Male,A-,Emergency,Self Pay,15,45440.55,61,1,Referred
PAT-50055,2024-03-13,General Medicine,75,Male,AB-,Emergency,Private Insurance,11,165696.83,40,3,Recovered
PAT-51829,2024-03-13,Cardiology,8,Male,O+,Outpatient,Self Pay,7,24542.73,47,10,Recovered
PAT-50311,2024-03-13,Oncology,44,Male,B+,Emergency,Government Scheme,20,22907.25,45,5,Recovered
PAT-53118,2024-03-13,ENT,84,Female,B+,Outpatient,Corporate Insurance,9,92252.91,53,14,Recovered
PAT-51219,2024-03-14,Dermatology,38,Male,B+,Elective,Self Pay,7,120104.54,76,12,Recovered
PAT-51371,2024-03-14,Cardiology,61,Male,O+,Emergency,Self Pay,18,191716.96,88,8,Under Treatment
PAT-52411,2024-03-14,Cardiology,73,Female,AB-,Elective,Self Pay,8,70226.71,96,2,Recovered
PAT-52859,2024-03-14,General Medicine,87,Male,AB-,Elective,Corporate Insurance,15,116896.04,42,5,Recovered
PAT-51694,2024-03-14,General Medicine,35,Male,O-,Elective,Self Pay,2,148226.58,50,8,Recovered
PAT-51124,2024-03-14,ENT,33,Female,B-,Elective,Private Insurance,8,29027.7,67,14,Recovered
PAT-52496,2024-03-14,Dermatology,3,Male,A-,Outpatient,Government Scheme,7,86381.13,54,14,Recovered
PAT-52734,2024-03-14,Neurology,24,Female,B+,Outpatient,Corporate Insurance,10,152696.99,83,3,Recovered
PAT-51591,2024-03-15,ENT,45,Female,B+,Emergency,Self Pay,2,207899.6,84,4,Recovered
PAT-52162,2024-03-15,Oncology,45,Male,B+,Elective,Government Scheme,12,105839.53,83,3,Under Treatment
PAT-50464,2024-03-15,Pediatrics,26,Female,AB-,Elective,Corporate Insurance,4,172759.44,54,14,Recovered
PAT-53044,2024-03-15,Neurology,41,Male,A+,Elective,Corporate Insurance,7,248075.23,67,14,Recovered
PAT-53025,2024-03-16,Pediatrics,53,Female,A+,Elective,Private Insurance,1,245493.05,78,4,Recovered
PAT-50924,2024-03-16,ENT,10,Other,O-,Outpatient,Corporate Insurance,17,156229.72,98,13,Under Treatment
PAT-51145,2024-03-16,Pediatrics,74,Male,A-,Outpatient,Private Insurance,19,83727.82,68,7,Recovered
PAT-52839,2024-03-16,Oncology,25,Male,O+,Elective,Government Scheme,19,207726.05,70,7,Recovered
PAT-50024,2024-03-16,ENT,13,Male,B+,Elective,Government Scheme,11,144409.65,87,2,Under Treatment
PAT-53471,2024-03-17,Pediatrics,50,Female,A-,Emergency,Private Insurance,4,73225.94,57,2,Recovered
PAT-50875,2024-03-17,General Medicine,67,Other,B+,Emergency,Self Pay,7,189920.15,48,9,Recovered
PAT-50952,2024-03-17,Pediatrics,35,Female,A-,Emergency,Self Pay,4,116299.04,41,1,Recovered
PAT-53261,2024-03-17,Orthopedics,72,Female,O-,Outpatient,Self Pay,1,68283.57,65,10,Recovered
PAT-50276,2024-03-17,Neurology,20,Male,B-,Elective,Private Insurance,1,6352.18,94,1,Recovered
PAT-50637,2024-03-18,ENT,59,Male,O+,Emergency,Private Insurance,11,130590.24,70,4,Recovered
PAT-51496,2024-03-18,ENT,32,Female,B-,Outpatient,Private Insurance,16,101210.92,73,11,Under Treatment
PAT-51023,2024-03-19,Neurology,19,Female,O+,Elective,Self Pay,19,2229.39,42,6,Recovered
PAT-51582,2024-03-19,Dermatology,84,Female,AB+,Outpatient,Private Insurance,9,236266.38,90,1,Referred
PAT-51637,2024-03-19,Pediatrics,70,Female,O+,Emergency,Corporate Insurance,20,162768.01,69,6,Recovered
PAT-50520,2024-03-19,Pediatrics,61,Male,AB-,Outpatient,Self Pay,8,245567.32,55,4,Discharged Against Advice
PAT-52689,2024-03-20,Pediatrics,66,Male,AB-,Outpatient,Government Scheme,17,80910.76,64,9,Recovered
PAT-51569,2024-03-20,Dermatology,65,Female,A+,Outpatient,Government Scheme,16,192441.13,97,8,Recovered
PAT-52338,2024-03-20,Orthopedics,11,Female,B+,Emergency,Corporate Insurance,18,183714.86,81,13,Referred
PAT-53461,2024-03-20,Cardiology,60,Male,O-,Emergency,Corporate Insurance,17,178434.21,73,3,Recovered
PAT-50425,2024-03-20,Orthopedics,8,Female,B+,Outpatient,Private Insurance,13,87117.23,99,8,Recovered
PAT-51448,2024-03-20,General Medicine,76,Female,B+,Outpatient,Government Scheme,14,99995.67,53,6,Recovered
PAT-51336,2024-03-21,ENT,23,Male,O+,Emergency,Corporate Insurance,11,205575.32,54,11,Recovered
PAT-51957,2024-03-21,General Medicine,16,Male,AB-,Outpatient,Government Scheme,6,247879.98,86,8,Recovered
PAT-52341,2024-03-21,Oncology,4,Female,AB+,Elective,Corporate Insurance,2,16456.84,45,11,Referred
PAT-53284,2024-03-21,Pediatrics,20,Female,AB+,Elective,Self Pay,13,178344.48,91,4,Discharged Against Advice
PAT-50019,2024-03-21,Pediatrics,27,Male,A-,Emergency,Corporate Insurance,4,33956.66,65,2,Recovered
PAT-53414,2024-03-22,Pediatrics,4,Female,AB-,Elective,Private Insurance,20,21995.9,51,10,Referred
PAT-52464,2024-03-22,Pediatrics,14,Female,A+,Outpatient,Government Scheme,3,205038.34,91,12,Recovered
PAT-52896,2024-03-22,Orthopedics,2,Female,A-,Elective,Corporate Insurance,11,27573.75,47,1,Recovered
PAT-51156,2024-03-22,Cardiology,19,Male,AB-,Elective,Private Insurance,3,150119.19,64,9,Recovered
PAT-50580,2024-03-22,Neurology,31,Female,AB-,Emergency,Government Scheme,19,97677.75,97,3,Under Treatment
PAT-53318,2024-03-22,ENT,21,Male,A-,Emergency,Government Scheme,18,15484.74,67,13,Recovered
PAT-53388,2024-03-22,Pediatrics,35,Female,A-,Elective,Government Scheme,2,206547.8,71,8,Recovered
PAT-52388,2024-03-22,Cardiology,55,Female,O-,Outpatient,Government Scheme,15,54761.99,89,2,Recovered
PAT-52210,2024-03-22,Cardiology,35,Male,A+,Emergency,Self Pay,9,54495.73,43,2,Recovered
PAT-53372,2024-03-23,Pediatrics,23,Female,B+,Emergency,Government Scheme,12,142901.26,97,1,Recovered
PAT-51880,2024-03-23,Cardiology,34,Female,AB-,Elective,Self Pay,20,86915.95,44,14,Recovered
PAT-51954,2024-03-23,Oncology,17,Female,O+,Emergency,Corporate Insurance,20,212629.12,98,7,Recovered
PAT-53456,2024-03-24,Orthopedics,83,Male,A-,Elective,Private Insurance,8,107421.6,59,12,Under Treatment
PAT-50517,2024-03-24,Cardiology,36,Female,AB-,Elective,Corporate Insurance,20,206857.43,53,7,Recovered
PAT-51208,2024-03-24,Neurology,29,Male,B-,Outpatient,Government Scheme,5,149186.92,49,8,Discharged Against Advice
PAT-51192,2024-03-25,Neurology,73,Male,O+,Emergency,Corporate Insurance,18,119581.53,61,3,Recovered
PAT-51316,2024-03-25,ENT,53,Male,O+,Elective,Self Pay,3,246381.98,94,2,Recovered
PAT-50485,2024-03-25,Oncology,29,Female,AB-,Elective,Government Scheme,19,92314.42,54,8,Recovered
PAT-51233,2024-03-25,Dermatology,62,Male,B-,Emergency,Private Insurance,13,68948.01,83,5,Recovered
PAT-50009,2024-03-25,General Medicine,32,Female,AB-,Emergency,Private Insurance,5,122495.1,44,3,Under Treatment
PAT-53131,2024-03-25,General Medicine,75,Female,AB-,Emergency,Government Scheme,6,205399.6,50,11,Recovered
PAT-50498,2024-03-25,Cardiology,1,Male,B+,Outpatient,Corporate Insurance,11,165244.09,61,5,Recovered
PAT-51169,2024-03-26,Dermatology,26,Female,O-,Elective,Corporate Insurance,14,215520.89,84,1,Under Treatment
PAT-53008,2024-03-26,Pediatrics,5,Female,O-,Emergency,Government Scheme,3,124613.65,86,5,Recovered
PAT-51259,2024-03-26,ENT,52,Male,AB-,Elective,Corporate Insurance,9,166657.86,86,11,Discharged Against Advice
PAT-50091,2024-03-26,ENT,31,Female,O+,Emergency,Self Pay,18,45335.29,64,12,Recovered
PAT-52684,2024-03-27,Cardiology,48,Female,O-,Elective,Self Pay,10,16245.53,79,4,Recovered
PAT-51477,2024-03-27,Dermatology,56,Female,AB+,Elective,Corporate Insurance,15,52730.71,52,14,Recovered
PAT-50576,2024-03-27,Oncology,20,Male,O-,Elective,Corporate Insurance,12,95991.07,71,1,Recovered
PAT-50605,2024-03-27,Oncology,43,Male,B+,Emergency,Private Insurance,12,188644.29,81,7,Recovered
PAT-52001,2024-03-27,Dermatology,39,Female,AB-,Emergency,Government Scheme,20,178975.33,44,9,Referred
PAT-51548,2024-03-28,Cardiology,60,Female,AB-,Outpatient,Self Pay,18,135379.25,89,2,Recovered
PAT-50274,2024-03-28,Pediatrics,20,Female,AB-,Emergency,Self Pay,13,9248.34,71,10,Recovered
PAT-51796,2024-03-28,ENT,11,Male,B-,Outpatient,Self Pay,5,182058.72,80,5,Recovered
PAT-52099,2024-03-29,Orthopedics,79,Female,O-,Emergency,Corporate Insurance,2,233394.52,47,7,Recovered
PAT-50483,2024-03-30,Neurology,6,Female,A-,Emergency,Government Scheme,7,68973.54,67,6,Discharged Against Advice
PAT-51761,2024-03-30,Pediatrics,64,Female,A+,Emergency,Self Pay,3,197412.08,55,7,Recovered
PAT-52497,2024-03-30,General Medicine,51,Female,A+,Elective,Government Scheme,14,160426.93,63,11,Recovered
PAT-50233,2024-03-30,ENT,44,Male,A+,Emergency,Self Pay,1,88351.33,78,9,Recovered
PAT-50264,2024-03-30,Dermatology,19,Male,AB-,Elective,Corporate Insurance,13,21672.03,59,8,Recovered
PAT-50051,2024-03-31,Orthopedics,83,Male,O+,Elective,Private Insurance,16,20169.56,46,13,Recovered
PAT-50962,2024-03-31,Oncology,44,Female,B+,Outpatient,Corporate Insurance,1,87235.12,94,11,Referred
PAT-50129,2024-03-31,Neurology,27,Female,A-,Elective,Government Scheme,8,112451.93,68,2,Recovered
PAT-50731,2024-04-01,General Medicine,27,Other,B-,Emergency,Self Pay,8,47976.2,46,14,Under Treatment
PAT-50655,2024-04-01,Oncology,2,Male,A+,Outpatient,Government Scheme,2,151977.13,76,4,Recovered
PAT-52888,2024-04-01,Pediatrics,83,Male,AB+,Elective,Corporate Insurance,18,130604.37,41,5,Recovered
PAT-53272,2024-04-01,Orthopedics,48,Male,O+,Emergency,Corporate Insurance,11,82642.96,73,1,Recovered
PAT-50989,2024-04-01,Dermatology,9,Male,A+,Emergency,Government Scheme,12,213140.83,53,4,Recovered
PAT-52602,2024-04-01,Dermatology,26,Male,O+,Emergency,Corporate Insurance,15,216120.18,43,9,Recovered
PAT-50380,2024-04-01,ENT,63,Female,B+,Outpatient,Government Scheme,5,203037.24,61,2,Recovered
PAT-51671,2024-04-02,Oncology,45,Female,A-,Emergency,Government Scheme,11,17511.11,89,4,Recovered
PAT-52431,2024-04-02,Cardiology,42,Male,O-,Elective,Government Scheme,11,143489.87,67,2,Under Treatment
PAT-52747,2024-04-02,General Medicine,71,Other,O+,Outpatient,Corporate Insurance,13,240976.23,64,10,Recovered
PAT-51440,2024-04-02,Oncology,35,Other,AB-,Outpatient,Government Scheme,7,136602.59,89,12,Recovered
PAT-50444,2024-04-03,Orthopedics,10,Male,AB+,Emergency,Private Insurance,1,119618.28,82,14,Referred
PAT-52919,2024-04-03,Dermatology,4,Female,O-,Elective,Self Pay,9,112796.58,97,3,Recovered
PAT-53278,2024-04-03,Pediatrics,61,Male,A+,Emergency,Private Insurance,11,188794.54,87,12,Under Treatment
PAT-52636,2024-04-04,Cardiology,2,Male,A-,Elective,Private Insurance,10,79575.86,92,5,Recovered
PAT-51198,2024-04-04,Cardiology,21,Male,O-,Elective,Private Insurance,19,210799.53,40,7,Recovered
PAT-53197,2024-04-04,Dermatology,49,Female,A+,Outpatient,Government Scheme,5,131836.84,98,5,Recovered
PAT-52005,2024-04-04,Pediatrics,28,Male,A-,Outpatient,Private Insurance,12,140542.76,70,8,Recovered
PAT-51203,2024-04-05,Dermatology,12,Female,O-,Outpatient,Self Pay,10,10268.57,64,12,Recovered
PAT-51238,2024-04-05,Dermatology,66,Male,AB+,Emergency,Self Pay,8,165924.67,56,11,Recovered
PAT-52795,2024-04-05,General Medicine,38,Female,A+,Outpatient,Self Pay,12,47486.09,78,13,Under Treatment
PAT-50776,2024-04-05,General Medicine,13,Male,O+,Elective,Government Scheme,11,136155.65,57,2,Recovered
PAT-52559,2024-04-05,Pediatrics,36,Female,B-,Emergency,Private Insurance,9,128681.53,68,11,Recovered
PAT-51936,2024-04-05,Oncology,37,Female,A-,Outpatient,Corporate Insurance,11,200743.68,52,14,Recovered
PAT-51166,2024-04-06,Cardiology,69,Male,B+,Outpatient,Self Pay,6,162274.01,76,10,Referred
PAT-50536,2024-04-06,Dermatology,22,Female,A+,Outpatient,Government Scheme,2,114067.03,85,1,Under Treatment
PAT-53271,2024-04-07,Neurology,7,Female,AB+,Outpatient,Self Pay,9,188611.16,81,1,Referred
PAT-50258,2024-04-07,Dermatology,23,Male,B-,Elective,Corporate Insurance,10,128262.14,46,10,Referred
PAT-53180,2024-04-07,General Medicine,32,Female,A+,Outpatient,Private Insurance,11,126407.18,50,8,Recovered
PAT-52283,2024-04-08,General Medicine,74,Male,O+,Emergency,Self Pay,7,245729.07,41,8,Recovered
PAT-52510,2024-04-08,Pediatrics,88,Other,AB+,Emergency,Corporate Insurance,5,109478.38,72,13,Recovered
PAT-52833,2024-04-08,General Medicine,12,Male,O-,Outpatient,Self Pay,15,164316.07,72,6,Recovered
PAT-50608,2024-04-08,Oncology,86,Male,AB-,Outpatient,Corporate Insurance,4,83169.08,69,8,Under Treatment
PAT-51126,2024-04-09,Cardiology,21,Female,AB+,Elective,Self Pay,5,243058.85,59,8,Recovered
PAT-52231,2024-04-09,ENT,73,Male,A-,Elective,Private Insurance,1,167667.95,51,1,Recovered
PAT-53398,2024-04-10,Dermatology,37,Female,B+,Outpatient,Government Scheme,4,35178.83,80,10,Recovered
PAT-52846,2024-04-10,General Medicine,3,Male,AB+,Emergency,Private Insurance,20,44508.01,73,14,Recovered
PAT-52035,2024-04-10,Dermatology,41,Female,O+,Outpatient,Self Pay,20,128038.78,69,4,Recovered
PAT-53429,2024-04-10,Dermatology,51,Female,O-,Elective,Corporate Insurance,7,235499.31,41,5,Recovered
PAT-53360,2024-04-10,ENT,47,Male,O-,Emergency,Self Pay,19,73297.27,96,12,Recovered
PAT-51339,2024-04-11,Neurology,29,Male,AB-,Elective,Corporate Insurance,13,126228.55,64,1,Recovered
PAT-50364,2024-04-11,ENT,85,Female,A-,Emergency,Self Pay,5,169862.62,60,14,Recovered
PAT-53117,2024-04-11,Dermatology,46,Male,O+,Elective,Private Insurance,17,238396.74,95,11,Recovered
PAT-50108,2024-04-11,General Medicine,27,Male,A-,Outpatient,Private Insurance,15,51551.38,91,8,Recovered
PAT-50202,2024-04-11,Pediatrics,61,Male,AB+,Emergency,Corporate Insurance,19,185004.84,57,10,Recovered
PAT-53291,2024-04-12,Oncology,21,Female,A-,Outpatient,Government Scheme,14,168504.88,65,2,Recovered
PAT-51454,2024-04-12,Pediatrics,12,Female,O+,Emergency,Corporate Insurance,10,35577.88,85,2,Recovered
PAT-52385,2024-04-12,Neurology,14,Male,A+,Emergency,Private Insurance,10,64872.44,81,13,Recovered
PAT-52227,2024-04-12,Orthopedics,44,Female,O-,Outpatient,Private Insurance,10,206215.27,66,6,Referred
PAT-52256,2024-04-12,General Medicine,38,Male,B-,Outpatient,Corporate Insurance,18,132573.65,45,9,Recovered
PAT-52068,2024-04-13,Oncology,88,Male,A+,Elective,Corporate Insurance,10,68763.59,70,5,Recovered
PAT-50657,2024-04-13,Cardiology,30,Male,B-,Outpatient,Private Insurance,10,81108.14,66,3,Recovered
PAT-53059,2024-04-13,Pediatrics,82,Male,AB-,Outpatient,Government Scheme,17,192911.73,72,13,Referred
PAT-50240,2024-04-13,Cardiology,67,Male,AB+,Elective,Self Pay,15,224598.66,79,7,Under Treatment
PAT-51256,2024-04-13,General Medicine,2,Female,AB+,Elective,Corporate Insurance,16,15928.02,90,11,Under Treatment
PAT-51473,2024-04-14,ENT,59,Male,A+,Outpatient,Government Scheme,20,234677.31,98,1,Recovered
PAT-52215,2024-04-14,Oncology,28,Female,B+,Outpatient,Private Insurance,16,230712.52,74,8,Recovered
PAT-53453,2024-04-14,Oncology,53,Male,B+,Outpatient,Corporate Insurance,14,141207.0,55,3,Recovered
PAT-50696,2024-04-14,Orthopedics,40,Male,AB+,Outpatient,Government Scheme,14,238638.47,89,3,Recovered
PAT-52292,2024-04-15,ENT,84,Female,B-,Emergency,Government Scheme,8,26342.98,51,13,Recovered
PAT-52934,2024-04-15,Cardiology,53,Female,AB-,Emergency,Private Insurance,9,182285.58,89,1,Recovered
PAT-50958,2024-04-15,Pediatrics,89,Male,O+,Outpatient,Government Scheme,4,44086.24,70,14,Recovered
PAT-50867,2024-04-15,Orthopedics,40,Other,O+,Elective,Government Scheme,11,143464.43,59,5,Recovered
PAT-50398,2024-04-15,Pediatrics,27,Female,O-,Elective,Corporate Insurance,19,205090.22,41,11,Recovered
PAT-51825,2024-04-16,General Medicine,27,Male,O+,Emergency,Government Scheme,7,201117.89,42,14,Recovered
PAT-50967,2024-04-16,General Medicine,86,Male,A+,Emergency,Corporate Insurance,15,162306.96,93,7,Recovered
PAT-52436,2024-04-16,Pediatrics,44,Male,O-,Outpatient,Corporate Insurance,9,86410.83,50,5,Recovered
PAT-51909,2024-04-16,Neurology,2,Female,B-,Outpatient,Private Insurance,16,130719.95,43,1,Recovered
PAT-50203,2024-04-16,Orthopedics,89,Female,O-,Emergency,Private Insurance,19,202561.69,66,11,Referred
PAT-52907,2024-04-16,Dermatology,19,Female,B+,Emergency,Self Pay,12,73261.33,73,2,Recovered
PAT-50838,2024-04-16,Dermatology,3,Female,O-,Outpatient,Corporate Insurance,7,240292.04,62,9,Under Treatment
PAT-51662,2024-04-16,General Medicine,31,Female,O+,Elective,Corporate Insurance,16,79911.12,80,9,Under Treatment
PAT-51184,2024-04-16,Orthopedics,45,Female,O-,Emergency,Corporate Insurance,6,142369.2,57,2,Recovered
PAT-51769,2024-04-17,Cardiology,54,Male,A-,Emergency,Private Insurance,2,110763.79,79,9,Under Treatment
PAT-53067,2024-04-17,Dermatology,70,Other,B+,Outpatient,Self Pay,1,30019.36,70,5,Under Treatment
PAT-52943,2024-04-17,Pediatrics,77,Male,AB-,Emergency,Self Pay,8,130402.43,57,4,Under Treatment
PAT-52288,2024-04-17,Cardiology,70,Female,AB+,Emergency,Private Insurance,8,226333.87,79,13,Recovered
PAT-51593,2024-04-17,Orthopedics,39,Female,AB-,Outpatient,Government Scheme,8,101710.71,52,12,Recovered
PAT-50496,2024-04-17,Dermatology,72,Male,AB+,Elective,Private Insurance,12,235608.55,70,11,Recovered
PAT-51194,2024-04-17,Dermatology,6,Male,A-,Emergency,Self Pay,8,41782.32,82,8,Recovered
PAT-51539,2024-04-17,Cardiology,62,Male,O+,Elective,Private Insurance,19,16841.64,64,9,Recovered
PAT-52287,2024-04-18,General Medicine,89,Female,B+,Elective,Corporate Insurance,3,238683.27,69,1,Recovered
PAT-52889,2024-04-18,Oncology,85,Male,A-,Elective,Corporate Insurance,7,129465.93,93,10,Recovered
PAT-53576,2024-04-18,Orthopedics,47,Male,AB+,Emergency,Private Insurance,19,86307.08,65,3,Recovered
PAT-53072,2024-04-18,Oncology,31,Female,O-,Outpatient,Private Insurance,13,237475.88,97,4,Recovered
PAT-50881,2024-04-19,ENT,82,Female,B-,Elective,Government Scheme,13,56234.43,80,5,Referred
PAT-50346,2024-04-19,General Medicine,68,Female,O-,Emergency,Self Pay,5,178079.83,63,2,Recovered
PAT-52003,2024-04-19,Neurology,21,Male,A-,Outpatient,Corporate Insurance,13,98285.09,64,9,Under Treatment
PAT-52331,2024-04-19,Neurology,42,Male,AB+,Emergency,Government Scheme,16,79918.57,95,12,Recovered
PAT-51495,2024-04-20,ENT,60,Male,A-,Elective,Private Insurance,3,112737.07,95,4,Recovered
PAT-50012,2024-04-20,ENT,24,Male,O+,Outpatient,Self Pay,5,86552.4,73,13,Referred
PAT-50453,2024-04-20,Neurology,58,Male,A-,Elective,Corporate Insurance,11,13533.3,89,5,Discharged Against Advice
PAT-51620,2024-04-20,Pediatrics,32,Female,A+,Emergency,Private Insurance,10,243313.21,44,9,Recovered
PAT-52363,2024-04-20,Pediatrics,81,Female,O-,Outpatient,Corporate Insurance,5,111614.77,62,5,Under Treatment
PAT-51261,2024-04-20,Neurology,24,Female,A-,Emergency,Self Pay,20,247636.15,41,3,Recovered
PAT-53129,2024-04-20,Neurology,72,Female,B+,Emergency,Private Insurance,13,41188.86,98,14,Recovered
PAT-50869,2024-04-20,Neurology,57,Female,O-,Outpatient,Private Insurance,16,76245.25,59,11,Recovered
PAT-53410,2024-04-21,Oncology,54,Female,B-,Outpatient,Self Pay,14,101260.76,40,9,Recovered
PAT-52765,2024-04-21,Cardiology,3,Male,B-,Elective,Corporate Insurance,19,150361.24,48,8,Recovered
PAT-53413,2024-04-21,Oncology,76,Male,B+,Elective,Self Pay,15,6612.67,47,5,Recovered
PAT-50412,2024-04-21,Orthopedics,76,Female,AB+,Outpatient,Government Scheme,19,175254.98,49,6,Recovered
PAT-50583,2024-04-21,Neurology,22,Female,B+,Outpatient,Private Insurance,12,54949.76,64,9,Recovered
PAT-51547,2024-04-22,Neurology,18,Male,AB+,Emergency,Self Pay,2,73600.49,60,10,Recovered
PAT-51235,2024-04-22,Dermatology,61,Female,AB+,Outpatient,Corporate Insurance,6,87692.6,85,10,Discharged Against Advice
PAT-52650,2024-04-22,Pediatrics,21,Female,AB-,Emergency,Private Insurance,6,229815.47,86,8,Discharged Against Advice
PAT-50990,2024-04-22,Dermatology,60,Female,AB-,Elective,Private Insurance,15,188029.62,86,4,Recovered
PAT-51135,2024-04-22,Dermatology,1,Male,A-,Elective,Self Pay,5,47653.57,43,14,Referred
PAT-52412,2024-04-22,Dermatology,19,Female,AB+,Outpatient,Government Scheme,3,104527.28,56,1,Recovered
PAT-52960,2024-04-22,ENT,8,Other,AB+,Elective,Private Insurance,13,12300.88,61,6,Recovered
PAT-52263,2024-04-23,Pediatrics,39,Male,AB+,Emergency,Private Insurance,4,40622.26,69,10,Recovered
PAT-51236,2024-04-23,Dermatology,79,Male,O+,Elective,Government Scheme,4,63928.5,83,14,Recovered
PAT-51286,2024-04-23,ENT,29,Female,O+,Outpatient,Government Scheme,6,130003.1,47,12,Recovered
PAT-50057,2024-04-24,Dermatology,73,Male,A+,Elective,Corporate Insurance,20,220746.0,99,11,Referred
PAT-51828,2024-04-24,Oncology,63,Female,AB-,Outpatient,Private Insurance,14,151356.81,79,12,Under Treatment
PAT-51022,2024-04-24,Cardiology,2,Male,B-,Outpatient,Corporate Insurance,11,211881.84,68,10,Recovered
PAT-50119,2024-04-24,General Medicine,80,Male,A+,Elective,Self Pay,20,213892.93,51,2,Recovered
PAT-51340,2024-04-25,Cardiology,41,Female,A-,Elective,Corporate Insurance,8,236931.63,59,8,Recovered
PAT-53328,2024-04-25,Dermatology,11,Female,A-,Elective,Corporate Insurance,1,226134.77,85,8,Recovered
PAT-50328,2024-04-25,Orthopedics,38,Female,O-,Elective,Government Scheme,12,234571.33,53,9,Under Treatment
PAT-53582,2024-04-25,Cardiology,61,Female,AB+,Emergency,Private Insurance,9,41803.61,49,4,Discharged Against Advice
PAT-50900,2024-04-25,Dermatology,43,Female,B+,Elective,Corporate Insurance,20,229932.52,82,13,Recovered
PAT-53382,2024-04-25,General Medicine,36,Male,O-,Emergency,Corporate Insurance,18,199958.75,93,5,Recovered
PAT-52403,2024-04-25,ENT,67,Female,B+,Elective,Private Insurance,15,124068.07,49,1,Recovered
PAT-51216,2024-04-26,ENT,59,Female,O-,Elective,Self Pay,19,249329.24,73,9,Recovered
PAT-51353,2024-04-26,ENT,67,Other,B+,Outpatient,Private Insurance,2,214153.52,65,14,Recovered
PAT-50391,2024-04-26,Oncology,76,Female,AB-,Emergency,Corporate Insurance,6,105710.38,95,7,Recovered
PAT-52171,2024-04-26,Neurology,14,Female,AB+,Elective,Self Pay,20,74927.82,70,6,Recovered
PAT-52303,2024-04-26,Pediatrics,1,Male,AB-,Elective,Self Pay,20,111343.41,60,2,Recovered
PAT-53415,2024-04-26,Pediatrics,50,Female,A-,Outpatient,Self Pay,12,38850.93,81,3,Recovered
PAT-51150,2024-04-26,ENT,24,Female,B+,Outpatient,Self Pay,15,90570.86,52,7,Recovered
PAT-52762,2024-04-26,Pediatrics,37,Male,B-,Emergency,Self Pay,16,159767.93,98,7,Recovered
PAT-51323,2024-04-27,Cardiology,27,Female,B-,Elective,Private Insurance,18,212113.88,80,9,Referred
PAT-52085,2024-04-27,Cardiology,65,Male,A+,Emergency,Self Pay,11,158484.5,75,14,Referred
PAT-53075,2024-04-27,ENT,67,Male,AB+,Elective,Government Scheme,13,41758.1,89,4,Discharged Against Advice
PAT-53150,2024-04-27,Pediatrics,45,Male,O+,Emergency,Private Insurance,20,75829.09,48,9,Recovered
PAT-51768,2024-04-27,Neurology,60,Female,AB+,Outpatient,Corporate Insurance,14,199451.17,41,3,Under Treatment
PAT-50951,2024-04-27,Orthopedics,81,Female,AB-,Emergency,Corporate Insurance,5,214823.12,84,9,Recovered
PAT-52777,2024-04-28,Neurology,49,Female,AB+,Outpatient,Self Pay,15,123696.07,79,2,Recovered
PAT-51783,2024-04-28,Orthopedics,76,Other,A-,Emergency,Private Insurance,6,228843.82,49,8,Under Treatment
PAT-52870,2024-04-28,Dermatology,22,Female,AB+,Elective,Corporate Insurance,14,213493.47,46,4,Recovered
PAT-52322,2024-04-28,Dermatology,41,Male,O-,Elective,Corporate Insurance,6,142168.4,68,2,Recovered
PAT-51607,2024-04-28,Dermatology,10,Female,AB-,Outpatient,Private Insurance,9,223750.46,50,9,Referred
PAT-50863,2024-04-29,ENT,10,Female,AB+,Emergency,Government Scheme,19,48442.03,80,11,Recovered
PAT-52512,2024-04-29,General Medicine,39,Female,B-,Elective,Government Scheme,19,51945.87,73,2,Under Treatment
PAT-50424,2024-04-29,Orthopedics,89,Female,B-,Outpatient,Private Insurance,14,223145.31,72,5,Recovered
PAT-52921,2024-04-29,ENT,60,Female,B+,Elective,Self Pay,20,51638.45,57,1,Recovered
PAT-50998,2024-04-29,ENT,19,Male,A-,Emergency,Corporate Insurance,4,86168.5,49,12,Referred
PAT-50941,2024-04-29,Neurology,25,Male,B-,Elective,Government Scheme,9,189974.3,67,4,Recovered
PAT-52914,2024-04-30,General Medicine,77,Male,O+,Elective,Private Insurance,6,167891.72,48,10,Recovered
PAT-53570,2024-04-30,General Medicine,52,Male,A+,Emergency,Self Pay,10,202100.32,99,14,Under Treatment
PAT-51777,2024-04-30,Oncology,42,Female,O-,Elective,Government Scheme,7,173885.52,46,12,Recovered
PAT-51982,2024-04-30,ENT,49,Female,O-,Emergency,Corporate Insurance,13,151316.61,62,8,Recovered
PAT-51948,2024-04-30,Orthopedics,9,Male,A+,Outpatient,Government Scheme,14,36746.87,67,2,Recovered
PAT-50829,2024-04-30,Cardiology,64,Female,AB+,Outpatient,Corporate Insurance,3,183692.81,99,1,Recovered
PAT-52628,2024-04-30,Neurology,37,Male,AB-,Elective,Self Pay,6,22055.85,67,5,Recovered
PAT-52259,2024-04-30,ENT,25,Female,B-,Emergency,Self Pay,7,203002.47,88,8,Recovered
PAT-52269,2024-05-01,Oncology,52,Male,A+,Elective,Private Insurance,20,199178.76,59,13,Under Treatment
PAT-52532,2024-05-01,ENT,40,Male,A-,Elective,Self Pay,5,199286.17,88,13,Recovered
PAT-51406,2024-05-02,Neurology,66,Female,O+,Elective,Private Insurance,18,154610.99,58,1,Referred
PAT-53505,2024-05-02,Orthopedics,25,Female,AB+,Emergency,Private Insurance,10,116786.12,82,5,Recovered
PAT-50076,2024-05-02,Dermatology,88,Female,O+,Outpatient,Private Insurance,3,97061.04,53,13,Recovered
PAT-51836,2024-05-02,Orthopedics,74,Male,AB+,Elective,Private Insurance,1,4202.9,79,13,Recovered
PAT-50631,2024-05-02,Neurology,38,Male,A+,Emergency,Corporate Insurance,13,5631.31,77,6,Recovered
PAT-50036,2024-05-03,Oncology,6,Female,A+,Elective,Self Pay,4,239360.88,80,7,Recovered
PAT-50352,2024-05-03,General Medicine,51,Female,AB-,Outpatient,Private Insurance,20,217648.66,52,13,Recovered
PAT-51292,2024-05-03,General Medicine,58,Female,B+,Emergency,Corporate Insurance,2,188046.86,96,6,Recovered
PAT-50581,2024-05-04,Cardiology,18,Male,O-,Emergency,Private Insurance,10,129441.33,97,12,Discharged Against Advice
PAT-50239,2024-05-04,Pediatrics,28,Female,AB-,Outpatient,Self Pay,17,160751.0,49,4,Under Treatment
PAT-50395,2024-05-04,General Medicine,80,Female,A-,Emergency,Corporate Insurance,19,152775.72,73,12,Recovered
PAT-50303,2024-05-04,Orthopedics,50,Female,A+,Elective,Self Pay,20,18005.0,49,13,Recovered
PAT-52207,2024-05-05,ENT,43,Male,A-,Elective,Government Scheme,16,209248.89,84,5,Recovered
PAT-51702,2024-05-05,ENT,87,Female,B-,Emergency,Corporate Insurance,17,66551.25,86,4,Recovered
PAT-51218,2024-05-05,ENT,42,Female,B+,Emergency,Corporate Insurance,14,190085.36,94,8,Recovered
PAT-52962,2024-05-05,Oncology,65,Female,A+,Elective,Private Insurance,15,88972.45,58,10,Recovered
PAT-51892,2024-05-05,Dermatology,13,Other,AB-,Outpatient,Private Insurance,14,137524.42,56,4,Referred
PAT-52790,2024-05-05,Pediatrics,80,Male,B-,Elective,Self Pay,10,237122.12,89,11,Discharged Against Advice
PAT-53444,2024-05-05,General Medicine,55,Female,B-,Emergency,Self Pay,16,124572.02,63,11,Recovered
PAT-53550,2024-05-05,ENT,17,Male,A-,Emergency,Self Pay,6,84244.71,86,13,Recovered
PAT-53587,2024-05-05,Neurology,60,Female,O+,Elective,Private Insurance,8,233226.45,94,14,Recovered
PAT-52632,2024-05-06,General Medicine,56,Male,B-,Outpatient,Government Scheme,16,102148.99,48,7,Recovered
PAT-51791,2024-05-06,Cardiology,68,Male,O-,Elective,Self Pay,4,100864.96,84,10,Recovered
PAT-50101,2024-05-06,Oncology,54,Other,A-,Elective,Corporate Insurance,14,108233.01,57,1,Under Treatment
PAT-52488,2024-05-06,ENT,5,Female,O+,Emergency,Private Insurance,20,92367.89,61,3,Recovered
PAT-52419,2024-05-07,ENT,30,Female,B+,Elective,Government Scheme,11,165319.86,75,7,Recovered
PAT-52052,2024-05-07,Neurology,51,Male,A-,Elective,Self Pay,17,179125.22,84,4,Recovered
PAT-51899,2024-05-07,Orthopedics,68,Male,O+,Elective,Private Insurance,4,165085.66,83,5,Recovered
PAT-51908,2024-05-07,Neurology,67,Male,B+,Outpatient,Private Insurance,12,42262.73,56,10,Recovered
PAT-52631,2024-05-07,Pediatrics,15,Male,A+,Outpatient,Government Scheme,18,148798.98,72,13,Recovered
PAT-50840,2024-05-07,Orthopedics,72,Female,O-,Emergency,Private Insurance,18,36353.16,68,8,Under Treatment
PAT-50669,2024-05-07,Orthopedics,36,Male,A+,Elective,Self Pay,15,17884.12,41,7,Recovered
PAT-50737,2024-05-08,Cardiology,81,Male,B+,Elective,Self Pay,19,96729.85,74,5,Recovered
PAT-50226,2024-05-08,Orthopedics,40,Other,B-,Outpatient,Government Scheme,5,171979.52,52,3,Under Treatment
PAT-53087,2024-05-08,Cardiology,49,Female,AB-,Emergency,Self Pay,1,233544.42,65,14,Recovered
PAT-52601,2024-05-08,Orthopedics,3,Male,B-,Outpatient,Government Scheme,1,183202.6,86,6,Recovered
PAT-52581,2024-05-08,General Medicine,37,Female,AB-,Elective,Corporate Insurance,5,233144.91,60,5,Recovered
PAT-50512,2024-05-09,General Medicine,30,Male,AB+,Outpatient,Government Scheme,9,248790.37,44,1,Recovered
PAT-50533,2024-05-09,General Medicine,78,Male,O-,Elective,Self Pay,7,85683.92,63,13,Recovered
PAT-51849,2024-05-10,Pediatrics,56,Female,A+,Outpatient,Government Scheme,10,73452.74,80,7,Recovered
PAT-50573,2024-05-10,Oncology,79,Female,B+,Outpatient,Corporate Insurance,19,142883.34,76,12,Recovered
PAT-50155,2024-05-10,Pediatrics,73,Female,A+,Emergency,Private Insurance,20,88025.88,86,6,Recovered
PAT-51592,2024-05-10,General Medicine,36,Female,B+,Outpatient,Government Scheme,19,232636.22,82,3,Recovered
PAT-53099,2024-05-11,Pediatrics,83,Other,A+,Elective,Corporate Insurance,19,127483.4,43,12,Recovered
PAT-53563,2024-05-11,Cardiology,23,Male,A+,Outpatient,Government Scheme,1,173821.13,61,1,Discharged Against Advice
PAT-52481,2024-05-11,Neurology,48,Female,AB-,Emergency,Corporate Insurance,17,3041.61,54,1,Recovered
PAT-52452,2024-05-11,Neurology,75,Male,O-,Elective,Private Insurance,18,245997.64,44,12,Recovered
PAT-52811,2024-05-11,ENT,47,Male,AB-,Emergency,Private Insurance,5,188733.81,68,4,Recovered
PAT-51161,2024-05-11,Cardiology,4,Female,A-,Emergency,Government Scheme,14,140350.1,95,11,Under Treatment
PAT-51792,2024-05-11,Dermatology,42,Female,AB-,Elective,Government Scheme,12,44491.49,41,9,Under Treatment
PAT-51167,2024-05-11,Oncology,49,Male,A-,Emergency,Self Pay,16,226402.85,72,6,Referred
PAT-51524,2024-05-12,Cardiology,70,Male,AB+,Elective,Government Scheme,17,208772.87,67,4,Recovered
PAT-52369,2024-05-12,Cardiology,75,Male,A-,Outpatient,Corporate Insurance,9,189426.11,94,10,Recovered
PAT-51623,2024-05-12,Orthopedics,19,Male,A+,Elective,Private Insurance,3,87352.65,49,12,Recovered
PAT-52158,2024-05-12,Dermatology,74,Female,O+,Elective,Corporate Insurance,10,4167.22,68,11,Under Treatment
PAT-53540,2024-05-12,ENT,71,Female,O+,Emergency,Private Insurance,10,173528.11,98,14,Recovered
PAT-51168,2024-05-13,ENT,6,Female,A-,Emergency,Corporate Insurance,6,148263.03,46,12,Recovered
PAT-50570,2024-05-13,Dermatology,63,Male,AB-,Emergency,Self Pay,13,205256.27,58,7,Recovered
PAT-51433,2024-05-13,ENT,79,Male,O-,Emergency,Government Scheme,6,180463.74,94,7,Recovered
PAT-52420,2024-05-14,Orthopedics,40,Female,A-,Outpatient,Self Pay,20,44478.77,61,3,Recovered
PAT-53076,2024-05-14,Cardiology,9,Male,B-,Emergency,Government Scheme,16,180376.83,97,1,Discharged Against Advice
PAT-51916,2024-05-14,Oncology,5,Female,O+,Outpatient,Private Insurance,6,70518.32,50,2,Discharged Against Advice
PAT-52456,2024-05-15,Cardiology,45,Female,B+,Outpatient,Government Scheme,2,78802.34,78,8,Recovered
PAT-52904,2024-05-15,Neurology,26,Female,AB-,Outpatient,Government Scheme,11,220038.01,98,5,Under Treatment
PAT-52717,2024-05-15,Cardiology,58,Other,AB+,Outpatient,Corporate Insurance,4,63488.53,79,4,Recovered
PAT-50679,2024-05-15,Dermatology,70,Female,A-,Outpatient,Corporate Insurance,3,148518.94,76,11,Recovered
PAT-50408,2024-05-15,Neurology,67,Male,A+,Elective,Self Pay,13,33520.2,46,10,Recovered
PAT-52824,2024-05-15,ENT,86,Male,AB-,Elective,Government Scheme,5,66407.85,90,10,Recovered
PAT-53357,2024-05-15,Neurology,75,Male,B-,Elective,Self Pay,20,167509.87,92,4,Recovered
PAT-51463,2024-05-15,ENT,86,Female,AB+,Elective,Self Pay,3,173651.25,80,2,Recovered
PAT-51736,2024-05-15,Pediatrics,53,Male,AB-,Outpatient,Private Insurance,14,146270.68,55,5,Recovered
PAT-50224,2024-05-15,Cardiology,72,Female,A-,Elective,Self Pay,7,156876.26,50,7,Under Treatment
PAT-50599,2024-05-16,Oncology,74,Female,O+,Elective,Corporate Insurance,1,237579.51,66,12,Recovered
PAT-52805,2024-05-16,Neurology,75,Male,B+,Emergency,Government Scheme,3,18031.31,69,12,Recovered
PAT-51962,2024-05-16,ENT,16,Female,O+,Elective,Private Insurance,2,2295.59,95,3,Recovered
PAT-51157,2024-05-16,Oncology,67,Female,B+,Emergency,Private Insurance,7,83956.46,58,11,Under Treatment
PAT-50614,2024-05-17,Dermatology,56,Female,A-,Outpatient,Government Scheme,3,138738.85,48,1,Recovered
PAT-50591,2024-05-17,General Medicine,78,Female,B-,Outpatient,Private Insurance,3,141786.31,82,13,Recovered
PAT-50698,2024-05-17,Dermatology,17,Male,A+,Elective,Private Insurance,6,211253.25,86,12,Recovered
PAT-53017,2024-05-17,General Medicine,6,Female,B+,Elective,Private Insurance,13,142902.57,52,3,Recovered
PAT-50085,2024-05-17,Cardiology,33,Female,B-,Emergency,Self Pay,20,41715.55,65,2,Recovered
PAT-52622,2024-05-17,Pediatrics,87,Male,A+,Emergency,Corporate Insurance,20,118579.65,70,6,Discharged Against Advice
PAT-53005,2024-05-18,Oncology,18,Male,B-,Outpatient,Government Scheme,9,230035.05,58,3,Discharged Against Advice
PAT-51479,2024-05-18,Oncology,71,Male,O+,Outpatient,Government Scheme,7,14980.42,48,4,Recovered
PAT-50028,2024-05-18,General Medicine,84,Female,O+,Outpatient,Self Pay,10,118963.2,73,3,Recovered
PAT-51132,2024-05-18,Neurology,83,Male,O+,Outpatient,Private Insurance,15,18955.34,67,1,Under Treatment
PAT-52239,2024-05-19,Orthopedics,36,Male,O-,Elective,Corporate Insurance,15,217510.87,58,9,Recovered
PAT-52203,2024-05-19,Oncology,69,Female,O+,Elective,Government Scheme,20,8025.01,57,7,Recovered
PAT-53186,2024-05-19,Orthopedics,13,Female,AB+,Emergency,Corporate Insurance,13,183309.56,61,9,Under Treatment
PAT-51521,2024-05-19,ENT,38,Male,A+,Emergency,Self Pay,14,72508.12,66,7,Recovered
PAT-52485,2024-05-19,Orthopedics,7,Female,B-,Emergency,Self Pay,17,129328.62,69,9,Under Treatment
PAT-53139,2024-05-20,Pediatrics,61,Male,O-,Elective,Government Scheme,17,221006.21,83,3,Recovered
PAT-50084,2024-05-20,ENT,42,Male,AB+,Elective,Corporate Insurance,20,170124.92,61,5,Recovered
PAT-51926,2024-05-20,Dermatology,68,Male,A+,Outpatient,Government Scheme,15,66914.9,45,6,Recovered
PAT-50188,2024-05-20,Neurology,6,Female,AB+,Outpatient,Government Scheme,20,243760.68,63,4,Recovered
PAT-53000,2024-05-20,Orthopedics,28,Male,B+,Elective,Government Scheme,18,231502.21,61,8,Recovered
PAT-51064,2024-05-20,Dermatology,20,Male,AB+,Emergency,Self Pay,12,205700.38,88,3,Under Treatment
PAT-52050,2024-05-21,Orthopedics,34,Male,A+,Elective,Government Scheme,15,204768.19,88,3,Recovered
PAT-50034,2024-05-21,Neurology,6,Female,AB-,Emergency,Corporate Insurance,4,155261.21,59,1,Under Treatment
PAT-51128,2024-05-21,ENT,29,Female,O-,Elective,Private Insurance,3,89272.32,53,3,Recovered
PAT-53077,2024-05-21,Dermatology,15,Female,A+,Elective,Self Pay,18,19773.05,97,8,Discharged Against Advice
PAT-51380,2024-05-22,Cardiology,39,Female,O-,Emergency,Private Insurance,16,199869.09,79,8,Recovered
PAT-51566,2024-05-22,Dermatology,37,Male,B+,Emergency,Government Scheme,9,135255.84,71,6,Recovered
PAT-53491,2024-05-22,Orthopedics,35,Male,A-,Outpatient,Self Pay,9,84486.58,62,14,Under Treatment
PAT-52826,2024-05-22,ENT,76,Female,B+,Elective,Private Insurance,5,189731.95,64,14,Under Treatment
PAT-51311,2024-05-22,ENT,32,Female,A-,Emergency,Private Insurance,18,149123.54,61,5,Referred
PAT-50658,2024-05-23,Dermatology,78,Male,A-,Outpatient,Private Insurance,4,149809.41,70,6,Recovered
PAT-53230,2024-05-23,Dermatology,50,Other,O+,Emergency,Private Insurance,2,87003.12,59,1,Recovered
PAT-53013,2024-05-23,Neurology,13,Female,AB+,Emergency,Self Pay,18,44446.22,73,5,Recovered
PAT-51640,2024-05-24,Cardiology,45,Female,A-,Elective,Self Pay,7,82020.76,41,1,Recovered
PAT-52089,2024-05-24,Dermatology,15,Female,B+,Emergency,Self Pay,19,103289.44,71,13,Recovered
PAT-51857,2024-05-24,Cardiology,17,Male,O+,Emergency,Government Scheme,19,123866.07,84,5,Recovered
PAT-53058,2024-05-24,Oncology,67,Male,B-,Emergency,Self Pay,20,194615.08,80,11,Recovered
PAT-52623,2024-05-24,ENT,59,Female,B+,Emergency,Corporate Insurance,5,162418.45,87,11,Recovered
PAT-51973,2024-05-25,ENT,25,Male,B-,Emergency,Private Insurance,15,90623.29,90,14,Referred
PAT-52814,2024-05-26,ENT,24,Female,A-,Emergency,Government Scheme,2,69224.94,58,9,Recovered
PAT-51522,2024-05-26,Pediatrics,82,Male,A+,Outpatient,Private Insurance,4,19511.51,59,10,Recovered
PAT-51732,2024-05-26,ENT,11,Female,B-,Outpatient,Corporate Insurance,10,73998.59,90,10,Recovered
PAT-52983,2024-05-26,Neurology,87,Male,A+,Emergency,Self Pay,17,179308.32,77,12,Recovered
PAT-51088,2024-05-26,Cardiology,42,Male,B+,Elective,Corporate Insurance,15,123515.15,44,2,Recovered
PAT-50343,2024-05-26,Pediatrics,39,Male,O-,Emergency,Private Insurance,13,152178.52,53,10,Recovered
PAT-52600,2024-05-26,Oncology,82,Male,AB+,Elective,Government Scheme,12,19313.18,67,12,Recovered
PAT-52764,2024-05-26,ENT,57,Female,O+,Outpatient,Private Insurance,10,143802.45,77,6,Recovered
PAT-52323,2024-05-26,Cardiology,19,Female,B-,Emergency,Self Pay,1,198875.31,69,13,Recovered
PAT-50824,2024-05-27,Oncology,47,Male,A+,Elective,Self Pay,19,151875.81,92,4,Recovered
PAT-52864,2024-05-27,General Medicine,17,Female,AB+,Emergency,Government Scheme,17,85658.15,43,10,Recovered
PAT-50950,2024-05-27,ENT,22,Female,O+,Emergency,Corporate Insurance,12,48233.48,83,10,Recovered
PAT-52792,2024-05-27,Orthopedics,69,Female,AB-,Outpatient,Self Pay,1,115840.89,72,14,Recovered
PAT-51526,2024-05-28,Dermatology,30,Female,AB-,Outpatient,Self Pay,19,50541.22,53,8,Recovered
PAT-51561,2024-05-28,Oncology,19,Male,O-,Emergency,Self Pay,10,54096.59,56,12,Under Treatment
PAT-50043,2024-05-28,ENT,84,Male,AB-,Emergency,Private Insurance,5,58327.97,82,7,Recovered
PAT-52000,2024-05-28,Orthopedics,40,Male,O-,Outpatient,Corporate Insurance,2,12865.91,95,5,Under Treatment
PAT-50716,2024-05-28,Orthopedics,83,Female,O-,Elective,Government Scheme,3,59683.77,98,10,Recovered
PAT-50812,2024-05-28,Orthopedics,29,Female,A-,Outpatient,Private Insurance,3,31791.91,84,3,Recovered
PAT-52575,2024-05-28,General Medicine,60,Male,AB+,Emergency,Government Scheme,5,83952.63,59,12,Recovered
PAT-50736,2024-05-28,Pediatrics,18,Male,B+,Emergency,Government Scheme,14,49891.6,86,6,Recovered
PAT-52891,2024-05-28,General Medicine,12,Male,O-,Outpatient,Government Scheme,20,235767.41,73,3,Recovered
PAT-53294,2024-05-28,ENT,34,Other,AB+,Outpatient,Corporate Insurance,5,26531.13,99,9,Discharged Against Advice
PAT-50365,2024-05-29,Cardiology,63,Female,A-,Emergency,Self Pay,10,73515.82,84,10,Recovered
PAT-51821,2024-05-29,ENT,48,Female,AB+,Emergency,Government Scheme,18,67509.43,60,3,Recovered
PAT-51415,2024-05-29,ENT,79,Female,A+,Elective,Private Insurance,8,16660.62,78,14,Recovered
PAT-53319,2024-05-29,ENT,77,Female,A+,Emergency,Corporate Insurance,12,156113.1,60,12,Recovered
PAT-52092,2024-05-29,Neurology,27,Male,B-,Emergency,Government Scheme,1,200044.75,61,13,Recovered
PAT-51480,2024-05-29,Pediatrics,22,Other,O+,Emergency,Government Scheme,12,137649.14,79,3,Discharged Against Advice
PAT-53369,2024-05-30,Neurology,32,Male,AB-,Outpatient,Private Insurance,5,118690.71,51,7,Recovered
PAT-52903,2024-05-30,Neurology,76,Female,O+,Emergency,Corporate Insurance,4,2501.41,89,11,Recovered
PAT-50121,2024-05-30,Cardiology,16,Male,A-,Outpatient,Government Scheme,3,72203.03,61,4,Recovered
PAT-53039,2024-05-30,ENT,62,Male,AB+,Emergency,Private Insurance,2,200394.2,96,14,Discharged Against Advice
PAT-53190,2024-05-30,Dermatology,27,Male,B+,Outpatient,Self Pay,19,39728.79,44,13,Recovered
PAT-51106,2024-05-30,ENT,89,Male,AB+,Emergency,Self Pay,13,104155.97,58,10,Recovered
PAT-52254,2024-05-30,ENT,9,Female,O-,Outpatient,Private Insurance,16,134295.65,89,12,Under Treatment
PAT-50800,2024-05-31,Neurology,46,Female,B-,Elective,Corporate Insurance,11,34444.8,51,8,Under Treatment
PAT-52391,2024-05-31,Oncology,23,Male,B+,Emergency,Private Insurance,1,143641.49,94,14,Recovered
PAT-53179,2024-06-01,ENT,27,Female,AB-,Outpatient,Government Scheme,3,192370.24,57,8,Recovered
PAT-53403,2024-06-02,Dermatology,16,Female,B+,Elective,Private Insurance,17,123712.14,45,4,Recovered
PAT-51552,2024-06-02,Cardiology,57,Male,O-,Emergency,Self Pay,16,105909.96,83,6,Under Treatment
PAT-52767,2024-06-02,General Medicine,38,Other,AB+,Emergency,Government Scheme,12,33913.42,77,8,Recovered
PAT-51550,2024-06-03,Dermatology,61,Female,AB+,Emergency,Private Insurance,19,241617.89,50,2,Recovered
PAT-50674,2024-06-03,Cardiology,70,Male,AB+,Emergency,Self Pay,10,229215.08,66,3,Recovered
PAT-52042,2024-06-03,Oncology,12,Male,AB+,Outpatient,Self Pay,3,61214.55,44,5,Recovered
PAT-52384,2024-06-03,Dermatology,18,Male,O+,Emergency,Government Scheme,8,174073.52,49,5,Recovered
PAT-52328,2024-06-03,ENT,54,Male,A+,Outpatient,Self Pay,8,46852.98,86,12,Recovered
PAT-50628,2024-06-04,Neurology,81,Male,O-,Emergency,Government Scheme,19,86576.43,99,5,Recovered
PAT-52511,2024-06-04,ENT,41,Male,O+,Emergency,Self Pay,3,198433.74,55,14,Recovered
PAT-50383,2024-06-04,Oncology,82,Female,B-,Outpatient,Private Insurance,16,46003.5,79,1,Recovered
PAT-50550,2024-06-04,Orthopedics,1,Male,B+,Outpatient,Private Insurance,1,16907.24,63,11,Referred
PAT-50797,2024-06-04,General Medicine,46,Female,O+,Outpatient,Self Pay,2,219808.33,46,5,Recovered
PAT-50749,2024-06-05,General Medicine,4,Female,AB+,Elective,Self Pay,3,247791.24,49,6,Recovered
PAT-52024,2024-06-05,Cardiology,41,Male,A-,Elective,Government Scheme,16,174363.43,48,4,Recovered
PAT-52069,2024-06-05,ENT,11,Female,AB-,Outpatient,Self Pay,17,24198.1,67,7,Referred
PAT-50922,2024-06-05,ENT,5,Female,AB+,Outpatient,Self Pay,1,155612.55,65,14,Recovered
PAT-52376,2024-06-05,General Medicine,38,Male,O+,Elective,Self Pay,1,212439.04,91,6,Recovered
PAT-52804,2024-06-06,Pediatrics,57,Female,A-,Elective,Self Pay,17,56694.85,60,10,Referred
PAT-50555,2024-06-06,Cardiology,30,Male,O-,Emergency,Government Scheme,11,170129.59,61,3,Recovered
PAT-53465,2024-06-06,Neurology,58,Male,A+,Elective,Self Pay,20,152340.78,78,4,Under Treatment
PAT-51341,2024-06-06,Cardiology,11,Female,B-,Emergency,Corporate Insurance,1,24816.11,90,13,Recovered
PAT-52202,2024-06-06,General Medicine,11,Female,B-,Elective,Corporate Insurance,9,131038.34,90,11,Recovered
PAT-51051,2024-06-06,Oncology,74,Male,O-,Outpatient,Corporate Insurance,3,97761.63,75,5,Recovered
PAT-51350,2024-06-07,Neurology,5,Male,O+,Outpatient,Self Pay,20,209986.5,57,1,Recovered
PAT-52556,2024-06-07,ENT,84,Female,B-,Emergency,Corporate Insurance,10,142076.71,71,14,Recovered
PAT-51563,2024-06-07,Cardiology,29,Female,A+,Elective,Self Pay,7,168911.12,77,14,Under Treatment
PAT-50179,2024-06-07,ENT,17,Female,AB-,Emergency,Self Pay,4,206688.69,48,14,Recovered
PAT-51295,2024-06-07,Dermatology,10,Male,O-,Emergency,Corporate Insurance,5,206532.06,84,9,Under Treatment
PAT-51426,2024-06-07,Neurology,76,Male,O-,Elective,Self Pay,20,155584.22,91,9,Referred
PAT-51043,2024-06-07,Oncology,76,Male,B+,Outpatient,Private Insurance,9,154291.75,65,13,Recovered
PAT-51379,2024-06-07,Dermatology,78,Male,B-,Emergency,Private Insurance,18,246157.79,55,12,Recovered
PAT-51308,2024-06-08,ENT,57,Female,O+,Emergency,Government Scheme,16,124213.32,69,13,Under Treatment
PAT-51037,2024-06-08,Orthopedics,40,Female,AB-,Outpatient,Government Scheme,8,122238.55,79,1,Recovered
PAT-50437,2024-06-08,Neurology,11,Male,A+,Emergency,Private Insurance,12,166958.09,54,12,Recovered
PAT-53330,2024-06-08,Neurology,78,Female,B-,Outpatient,Private Insurance,6,81593.39,71,12,Recovered
PAT-50582,2024-06-09,Cardiology,74,Male,B-,Outpatient,Self Pay,14,70877.89,92,12,Recovered
PAT-53187,2024-06-09,Orthopedics,23,Male,AB+,Outpatient,Government Scheme,14,69922.77,98,9,Recovered
PAT-51706,2024-06-09,General Medicine,27,Female,B+,Emergency,Government Scheme,13,97887.96,85,4,Recovered
PAT-50099,2024-06-09,Oncology,84,Female,B+,Emergency,Government Scheme,18,28150.74,98,13,Recovered
PAT-52063,2024-06-09,Neurology,78,Male,B+,Elective,Government Scheme,7,20330.11,40,3,Recovered
PAT-50456,2024-06-09,Neurology,76,Female,B+,Elective,Government Scheme,19,158592.25,77,3,Under Treatment
PAT-51363,2024-06-09,ENT,44,Male,B-,Outpatient,Self Pay,14,36405.85,65,9,Recovered
PAT-52978,2024-06-10,Pediatrics,3,Female,B-,Outpatient,Self Pay,19,173147.98,96,12,Recovered
PAT-52222,2024-06-10,Orthopedics,61,Female,B+,Elective,Self Pay,1,133277.92,62,13,Recovered
PAT-53522,2024-06-10,Cardiology,39,Female,AB+,Emergency,Government Scheme,7,144364.91,57,11,Recovered
PAT-50417,2024-06-10,Oncology,29,Male,A-,Elective,Self Pay,12,170804.76,51,2,Recovered
PAT-51929,2024-06-10,Cardiology,89,Male,B-,Outpatient,Corporate Insurance,1,53721.96,73,1,Recovered
PAT-50764,2024-06-10,General Medicine,66,Male,AB+,Outpatient,Self Pay,10,11681.95,60,8,Recovered
PAT-52848,2024-06-10,ENT,69,Male,AB-,Outpatient,Government Scheme,4,29413.36,66,2,Discharged Against Advice
PAT-52947,2024-06-10,Dermatology,79,Female,A+,Emergency,Government Scheme,12,226695.03,78,6,Recovered
PAT-52148,2024-06-10,Pediatrics,57,Female,AB-,Outpatient,Private Insurance,11,249723.49,97,9,Recovered
PAT-52561,2024-06-11,Orthopedics,58,Female,O+,Outpatient,Self Pay,11,113005.17,48,10,Recovered
PAT-52046,2024-06-11,Neurology,57,Female,B-,Elective,Self Pay,14,236795.93,86,12,Recovered
PAT-52425,2024-06-11,Cardiology,11,Female,AB-,Emergency,Government Scheme,17,99524.94,72,2,Recovered
PAT-53389,2024-06-11,Cardiology,40,Female,AB-,Outpatient,Private Insurance,18,234682.54,76,11,Recovered
PAT-51724,2024-06-11,General Medicine,42,Male,B-,Outpatient,Private Insurance,18,195135.8,85,4,Recovered
PAT-52265,2024-06-12,Pediatrics,8,Female,O+,Elective,Corporate Insurance,13,88063.54,51,6,Recovered
PAT-53252,2024-06-12,ENT,4,Female,B+,Emergency,Corporate Insurance,7,194373.87,64,8,Recovered
PAT-50544,2024-06-12,Neurology,81,Male,AB-,Outpatient,Self Pay,16,238117.5,78,4,Recovered
PAT-53546,2024-06-12,Oncology,9,Female,A-,Emergency,Corporate Insurance,8,5925.18,58,7,Recovered
PAT-50519,2024-06-12,Dermatology,50,Male,AB-,Outpatient,Private Insurance,10,236055.82,60,7,Recovered
PAT-52150,2024-06-12,Neurology,59,Female,A+,Outpatient,Government Scheme,15,112395.44,40,3,Recovered
PAT-50149,2024-06-12,Oncology,80,Male,O+,Emergency,Government Scheme,10,248555.38,74,4,Recovered
PAT-51455,2024-06-13,Dermatology,32,Male,AB-,Elective,Private Insurance,17,43505.94,45,11,Recovered
PAT-53239,2024-06-13,Cardiology,63,Female,O+,Outpatient,Corporate Insurance,17,182519.4,59,6,Recovered
PAT-52806,2024-06-13,General Medicine,36,Female,B-,Elective,Self Pay,6,128581.55,96,2,Recovered
PAT-51668,2024-06-13,General Medicine,72,Male,O+,Emergency,Corporate Insurance,7,142599.62,54,6,Recovered
PAT-53006,2024-06-13,Orthopedics,11,Male,B-,Elective,Corporate Insurance,5,37278.17,84,2,Recovered
PAT-51978,2024-06-13,General Medicine,30,Male,B-,Emergency,Corporate Insurance,12,171775.32,60,3,Recovered
PAT-51506,2024-06-13,Cardiology,47,Male,A-,Elective,Corporate Insurance,19,47630.58,66,3,Under Treatment
PAT-52352,2024-06-13,Dermatology,48,Female,O-,Emergency,Corporate Insurance,14,206560.4,53,8,Under Treatment
PAT-52531,2024-06-13,Dermatology,47,Female,B-,Outpatient,Corporate Insurance,10,138882.64,58,5,Recovered
PAT-51751,2024-06-14,Pediatrics,54,Female,AB-,Elective,Corporate Insurance,18,180836.67,64,14,Recovered
PAT-52951,2024-06-14,Dermatology,22,Female,A+,Outpatient,Corporate Insurance,12,96965.56,56,4,Recovered
PAT-50327,2024-06-14,Cardiology,88,Female,B+,Emergency,Self Pay,15,218750.89,78,8,Recovered
PAT-50406,2024-06-14,Pediatrics,32,Female,AB+,Elective,Corporate Insurance,5,11625.43,47,2,Discharged Against Advice
PAT-51447,2024-06-14,Pediatrics,85,Female,B-,Elective,Government Scheme,19,143464.89,58,9,Recovered
PAT-53254,2024-06-15,General Medicine,72,Female,B-,Elective,Self Pay,5,245765.81,53,8,Recovered
PAT-50769,2024-06-15,Orthopedics,18,Male,O-,Emergency,Private Insurance,9,206660.55,40,9,Recovered
PAT-52462,2024-06-15,General Medicine,6,Female,AB+,Elective,Corporate Insurance,1,206733.89,82,8,Under Treatment
PAT-52700,2024-06-15,Orthopedics,41,Female,B+,Outpatient,Government Scheme,6,173075.61,54,14,Recovered
PAT-52945,2024-06-15,Oncology,82,Female,B-,Elective,Private Insurance,18,230664.14,60,2,Recovered
PAT-53481,2024-06-15,Neurology,38,Male,O+,Emergency,Government Scheme,17,184205.8,68,3,Recovered
PAT-50699,2024-06-15,Neurology,47,Male,AB+,Elective,Government Scheme,2,157284.33,40,2,Recovered
PAT-53578,2024-06-16,Dermatology,73,Female,A+,Outpatient,Government Scheme,7,10007.4,41,9,Under Treatment
PAT-50592,2024-06-16,Dermatology,84,Female,A-,Outpatient,Corporate Insurance,9,59073.79,55,13,Recovered
PAT-50419,2024-06-16,Neurology,11,Male,AB-,Emergency,Self Pay,1,184027.63,44,10,Referred
PAT-51511,2024-06-16,Cardiology,56,Male,O-,Elective,Corporate Insurance,3,88225.82,74,4,Recovered
PAT-53371,2024-06-16,Cardiology,68,Female,A-,Outpatient,Self Pay,10,56844.65,64,7,Under Treatment
PAT-50137,2024-06-16,Neurology,64,Male,O+,Emergency,Government Scheme,9,213892.99,81,3,Recovered
PAT-51119,2024-06-16,Neurology,45,Female,A+,Elective,Corporate Insurance,1,102383.35,66,8,Recovered
PAT-53391,2024-06-17,Orthopedics,2,Female,O-,Emergency,Self Pay,8,217010.27,42,4,Under Treatment
PAT-50816,2024-06-17,Pediatrics,35,Female,O-,Outpatient,Corporate Insurance,12,21802.63,69,13,Recovered
PAT-50397,2024-06-17,Neurology,54,Male,A+,Outpatient,Self Pay,7,231202.82,58,10,Recovered
PAT-52117,2024-06-17,ENT,40,Other,B-,Outpatient,Government Scheme,9,45335.42,85,8,Recovered
PAT-51181,2024-06-18,Orthopedics,66,Female,O-,Emergency,Self Pay,3,175208.8,77,8,Recovered
PAT-53213,2024-06-18,ENT,32,Male,A-,Emergency,Self Pay,13,73370.0,57,2,Under Treatment
PAT-53001,2024-06-18,Oncology,45,Male,B+,Outpatient,Government Scheme,6,122830.09,78,5,Recovered
PAT-50221,2024-06-18,Pediatrics,14,Female,B+,Elective,Government Scheme,20,195925.92,92,13,Recovered
PAT-53126,2024-06-18,Neurology,56,Male,B-,Outpatient,Corporate Insurance,4,14671.71,82,6,Recovered
PAT-51740,2024-06-18,Orthopedics,56,Female,B+,Elective,Government Scheme,20,159961.36,76,8,Recovered
PAT-51125,2024-06-18,Dermatology,15,Female,A+,Elective,Corporate Insurance,15,218174.46,46,8,Under Treatment
PAT-50891,2024-06-18,ENT,14,Female,A+,Outpatient,Corporate Insurance,12,31646.03,86,9,Recovered
PAT-52356,2024-06-19,ENT,12,Female,O-,Emergency,Private Insurance,19,227219.08,71,4,Under Treatment
PAT-52467,2024-06-19,Pediatrics,54,Female,O+,Outpatient,Corporate Insurance,20,139134.48,70,2,Recovered
PAT-53288,2024-06-19,Oncology,26,Male,A+,Elective,Private Insurance,20,108555.88,83,13,Recovered
PAT-53316,2024-06-19,Dermatology,24,Female,O-,Outpatient,Corporate Insurance,5,37930.23,76,3,Recovered
PAT-52275,2024-06-20,Cardiology,60,Male,O+,Outpatient,Private Insurance,14,76247.29,70,6,Under Treatment
PAT-50843,2024-06-20,Neurology,46,Male,A+,Emergency,Self Pay,1,152071.71,75,13,Recovered
PAT-51707,2024-06-20,Dermatology,87,Female,B+,Elective,Corporate Insurance,6,9387.68,67,8,Recovered
PAT-52987,2024-06-20,Pediatrics,24,Female,A+,Outpatient,Corporate Insurance,8,242920.13,72,13,Under Treatment
PAT-51042,2024-06-20,Neurology,25,Male,B-,Elective,Private Insurance,12,95720.91,75,6,Recovered
PAT-52969,2024-06-20,Oncology,66,Female,B+,Elective,Corporate Insurance,13,159270.36,55,12,Recovered
PAT-50704,2024-06-20,General Medicine,88,Male,A-,Elective,Corporate Insurance,11,235518.53,86,3,Recovered
PAT-51881,2024-06-20,Orthopedics,58,Male,A-,Emergency,Government Scheme,3,96122.65,88,7,Recovered
PAT-53130,2024-06-20,Orthopedics,69,Female,A-,Elective,Self Pay,1,12961.68,44,6,Recovered
PAT-51756,2024-06-20,Orthopedics,42,Male,AB+,Emergency,Self Pay,16,89459.03,97,3,Recovered
PAT-51510,2024-06-20,Dermatology,1,Other,A-,Elective,Government Scheme,4,91012.72,63,4,Recovered
PAT-52294,2024-06-21,General Medicine,85,Male,AB+,Outpatient,Government Scheme,3,225631.49,87,9,Recovered
PAT-52347,2024-06-21,General Medicine,17,Male,AB+,Elective,Government Scheme,12,244465.36,75,10,Recovered
PAT-52455,2024-06-21,ENT,42,Male,B+,Outpatient,Private Insurance,10,239688.12,53,10,Recovered
PAT-51542,2024-06-21,Neurology,64,Male,AB+,Outpatient,Corporate Insurance,12,110815.46,97,13,Recovered
PAT-52060,2024-06-21,Oncology,20,Other,AB-,Elective,Self Pay,11,40326.01,69,9,Recovered
PAT-50184,2024-06-21,ENT,64,Male,B-,Emergency,Corporate Insurance,7,155370.59,98,5,Recovered
PAT-53143,2024-06-22,Neurology,28,Male,AB+,Outpatient,Private Insurance,5,242090.7,58,5,Recovered
PAT-50604,2024-06-22,Orthopedics,19,Male,B-,Outpatient,Self Pay,16,71772.79,71,6,Recovered
PAT-52366,2024-06-22,Neurology,63,Male,A-,Emergency,Corporate Insurance,13,115980.89,70,12,Under Treatment
PAT-50930,2024-06-23,Neurology,48,Male,O-,Emergency,Corporate Insurance,18,218184.73,62,14,Referred
PAT-52630,2024-06-23,Pediatrics,62,Male,B-,Emergency,Corporate Insurance,10,109321.81,99,2,Recovered
PAT-52716,2024-06-24,General Medicine,12,Female,B+,Elective,Corporate Insurance,5,148540.23,40,8,Recovered
PAT-50232,2024-06-24,Cardiology,5,Male,A-,Elective,Private Insurance,4,133086.09,90,8,Recovered
PAT-51872,2024-06-24,ENT,25,Male,AB+,Emergency,Corporate Insurance,11,17806.4,52,12,Referred
PAT-52753,2024-06-24,Cardiology,57,Female,AB-,Outpatient,Corporate Insurance,15,138691.81,68,8,Under Treatment
PAT-52031,2024-06-24,ENT,68,Female,A+,Outpatient,Corporate Insurance,2,192535.34,68,5,Recovered
PAT-52589,2024-06-24,Neurology,5,Female,O-,Emergency,Self Pay,6,84159.03,44,12,Recovered
PAT-51516,2024-06-24,General Medicine,32,Female,A-,Emergency,Corporate Insurance,4,160995.55,77,5,Recovered
PAT-51587,2024-06-25,Oncology,19,Male,AB+,Emergency,Self Pay,10,25953.16,98,5,Recovered
PAT-52594,2024-06-25,Orthopedics,46,Female,A-,Elective,Self Pay,16,45379.58,49,2,Recovered
PAT-50790,2024-06-25,Cardiology,70,Female,B+,Emergency,Corporate Insurance,17,129993.81,46,10,Recovered
PAT-53275,2024-06-25,Cardiology,9,Male,O+,Outpatient,Private Insurance,14,62851.19,98,12,Recovered
PAT-50710,2024-06-25,Dermatology,58,Female,A-,Emergency,Private Insurance,1,60507.26,57,6,Recovered
PAT-51669,2024-06-25,Neurology,53,Female,O+,Elective,Self Pay,9,117940.06,43,13,Recovered
PAT-52961,2024-06-26,Oncology,34,Female,A-,Elective,Private Insurance,18,196686.75,61,13,Under Treatment
PAT-51708,2024-06-26,ENT,58,Male,AB-,Elective,Corporate Insurance,19,44566.95,53,11,Recovered
PAT-50983,2024-06-27,Dermatology,60,Male,AB-,Elective,Government Scheme,7,201497.66,81,10,Recovered
PAT-53101,2024-06-27,Neurology,45,Female,O-,Outpatient,Private Insurance,5,52726.87,79,11,Recovered
PAT-52579,2024-06-27,Dermatology,38,Female,O-,Emergency,Self Pay,5,136444.08,63,6,Recovered
PAT-52071,2024-06-27,Oncology,41,Male,O-,Outpatient,Self Pay,6,17788.02,94,10,Recovered
PAT-53405,2024-06-27,Cardiology,62,Male,A-,Elective,Government Scheme,3,89748.51,65,10,Discharged Against Advice
PAT-50340,2024-06-27,General Medicine,63,Female,A+,Elective,Corporate Insurance,14,80372.95,73,1,Recovered
PAT-50511,2024-06-27,Oncology,8,Male,B-,Emergency,Government Scheme,6,88349.75,84,11,Recovered
PAT-52248,2024-06-28,Dermatology,66,Female,AB-,Elective,Private Insurance,16,26835.71,44,10,Recovered
PAT-53173,2024-06-28,Dermatology,69,Male,O+,Emergency,Private Insurance,1,54934.33,93,12,Recovered
PAT-51017,2024-06-28,Orthopedics,1,Female,B-,Outpatient,Private Insurance,3,136816.55,48,1,Under Treatment
PAT-51212,2024-06-28,Pediatrics,45,Male,O+,Elective,Government Scheme,10,162690.71,89,12,Recovered
PAT-51084,2024-06-29,Orthopedics,75,Male,O+,Elective,Government Scheme,1,30302.2,70,10,Recovered
PAT-50942,2024-06-29,ENT,71,Male,A-,Outpatient,Private Insurance,20,182246.04,85,2,Recovered
PAT-50110,2024-06-29,Neurology,42,Female,A+,Elective,Private Insurance,10,159356.2,70,1,Referred
PAT-53036,2024-06-30,ENT,34,Male,AB+,Emergency,Self Pay,8,83510.66,76,8,Recovered
PAT-51834,2024-06-30,Dermatology,59,Female,B+,Outpatient,Government Scheme,13,230431.93,81,10,Recovered
PAT-51801,2024-06-30,Orthopedics,85,Female,B-,Outpatient,Government Scheme,16,35221.56,71,14,Recovered
PAT-53289,2024-06-30,Cardiology,47,Female,AB+,Emergency,Government Scheme,6,42029.4,92,8,Recovered
PAT-52931,2024-07-01,Neurology,16,Other,A-,Elective,Corporate Insurance,9,21635.59,94,11,Recovered
PAT-50856,2024-07-01,ENT,14,Female,A+,Emergency,Self Pay,15,21873.98,51,12,Recovered
PAT-53084,2024-07-01,ENT,78,Male,AB-,Elective,Private Insurance,7,249361.35,87,3,Recovered
PAT-50299,2024-07-02,Orthopedics,76,Male,O+,Elective,Private Insurance,1,208992.28,47,10,Recovered
PAT-51557,2024-07-02,Cardiology,2,Female,O+,Elective,Self Pay,15,85586.0,97,9,Recovered
PAT-52196,2024-07-02,General Medicine,14,Male,B+,Emergency,Private Insurance,1,80471.41,43,13,Recovered
PAT-53475,2024-07-02,Orthopedics,29,Male,O+,Outpatient,Private Insurance,3,79281.92,86,4,Recovered
PAT-51755,2024-07-02,Pediatrics,62,Female,B-,Outpatient,Government Scheme,4,218481.49,40,13,Recovered
PAT-50603,2024-07-03,Pediatrics,47,Female,O+,Elective,Corporate Insurance,9,68641.15,61,14,Discharged Against Advice
PAT-51228,2024-07-03,Dermatology,31,Male,B+,Emergency,Private Insurance,1,130200.6,62,14,Recovered
PAT-50748,2024-07-03,Neurology,15,Female,O+,Elective,Government Scheme,18,132532.92,49,14,Recovered
PAT-51460,2024-07-04,Neurology,14,Male,O+,Outpatient,Private Insurance,10,45224.0,68,1,Recovered
PAT-52651,2024-07-04,Dermatology,79,Male,B-,Emergency,Private Insurance,19,14081.4,81,6,Recovered
PAT-53227,2024-07-04,Oncology,73,Female,O-,Emergency,Self Pay,9,68434.6,87,9,Discharged Against Advice
PAT-50105,2024-07-04,Orthopedics,72,Female,A-,Emergency,Private Insurance,18,101394.16,47,3,Recovered
PAT-50368,2024-07-04,General Medicine,49,Female,AB-,Elective,Corporate Insurance,2,232864.6,83,10,Recovered
PAT-51199,2024-07-04,Cardiology,27,Female,B-,Emergency,Private Insurance,13,108362.29,56,8,Recovered
PAT-53441,2024-07-04,ENT,36,Female,O+,Emergency,Government Scheme,18,162695.86,54,12,Recovered
PAT-53345,2024-07-04,Cardiology,48,Male,O-,Elective,Self Pay,15,49365.16,93,9,Recovered
PAT-52238,2024-07-04,Pediatrics,72,Female,B-,Elective,Private Insurance,17,137178.42,40,14,Recovered
PAT-50182,2024-07-04,ENT,25,Female,B+,Emergency,Self Pay,14,235184.46,83,1,Recovered
PAT-50418,2024-07-05,Pediatrics,79,Female,B+,Elective,Corporate Insurance,17,108144.27,67,6,Recovered
PAT-50385,2024-07-05,Neurology,52,Male,B+,Emergency,Self Pay,11,150967.5,67,2,Recovered
PAT-50629,2024-07-05,Orthopedics,79,Female,A-,Elective,Private Insurance,10,74951.62,54,1,Recovered
PAT-52147,2024-07-06,ENT,12,Male,A-,Emergency,Self Pay,18,184986.0,77,1,Recovered
PAT-52875,2024-07-06,Dermatology,75,Female,AB-,Emergency,Private Insurance,18,68758.5,88,10,Recovered
PAT-53078,2024-07-06,General Medicine,68,Male,AB-,Outpatient,Government Scheme,4,68981.5,54,9,Referred
PAT-52064,2024-07-06,ENT,68,Male,B+,Elective,Self Pay,16,13723.46,69,3,Recovered
PAT-52252,2024-07-06,Pediatrics,63,Male,AB-,Emergency,Corporate Insurance,14,27778.48,91,11,Recovered
PAT-52438,2024-07-07,Dermatology,18,Male,B+,Outpatient,Government Scheme,16,194435.03,67,4,Recovered
PAT-50002,2024-07-07,Cardiology,73,Male,B-,Emergency,Government Scheme,18,49086.17,82,2,Recovered
PAT-50809,2024-07-07,Neurology,63,Male,O-,Emergency,Government Scheme,10,189047.44,52,9,Recovered
PAT-52754,2024-07-07,Oncology,44,Female,B-,Outpatient,Self Pay,7,101080.25,84,3,Recovered
PAT-51011,2024-07-07,Neurology,61,Male,A+,Emergency,Private Insurance,7,218569.94,97,3,Recovered
PAT-52773,2024-07-07,Dermatology,13,Male,B+,Emergency,Self Pay,5,172584.72,74,4,Recovered
PAT-52776,2024-07-08,Orthopedics,78,Female,O+,Elective,Government Scheme,18,18888.01,79,4,Recovered
PAT-53248,2024-07-08,Orthopedics,87,Female,AB-,Elective,Self Pay,16,124370.24,82,6,Under Treatment
PAT-50780,2024-07-08,ENT,15,Female,A-,Outpatient,Private Insurance,11,146358.89,81,14,Recovered
PAT-50735,2024-07-08,General Medicine,65,Female,B+,Elective,Government Scheme,5,168780.47,85,7,Recovered
PAT-51788,2024-07-08,Dermatology,48,Male,O-,Elective,Private Insurance,10,63433.19,58,12,Recovered
PAT-50480,2024-07-08,Dermatology,28,Female,AB-,Outpatient,Government Scheme,17,196956.62,56,9,Recovered
PAT-52567,2024-07-08,Neurology,4,Male,A-,Elective,Self Pay,14,66055.01,83,8,Referred
PAT-52517,2024-07-08,Dermatology,48,Male,B-,Emergency,Government Scheme,14,147464.45,40,13,Recovered
PAT-52607,2024-07-08,Dermatology,7,Male,AB-,Outpatient,Private Insurance,13,175189.72,40,8,Recovered
PAT-50540,2024-07-09,Dermatology,25,Male,B-,Emergency,Self Pay,2,112088.43,57,5,Discharged Against Advice
PAT-51032,2024-07-09,General Medicine,54,Female,O-,Elective,Self Pay,14,141085.19,49,13,Recovered
PAT-50765,2024-07-09,Cardiology,21,Female,A-,Elective,Government Scheme,19,41511.83,55,5,Recovered
PAT-52106,2024-07-09,Dermatology,28,Male,O-,Emergency,Government Scheme,4,2868.82,56,11,Recovered
PAT-50948,2024-07-09,Pediatrics,60,Female,O+,Elective,Self Pay,4,5589.74,80,5,Recovered
PAT-50130,2024-07-09,ENT,64,Female,B+,Elective,Corporate Insurance,17,167802.56,94,10,Recovered
PAT-51070,2024-07-10,Cardiology,82,Male,A-,Elective,Self Pay,4,5451.86,93,14,Referred
PAT-50810,2024-07-10,Dermatology,1,Male,O-,Elective,Self Pay,20,241176.03,99,8,Recovered
PAT-52375,2024-07-10,Orthopedics,13,Male,A+,Outpatient,Private Insurance,12,246972.15,89,12,Recovered
PAT-53280,2024-07-10,ENT,3,Female,AB+,Elective,Corporate Insurance,4,17482.98,88,4,Under Treatment
PAT-51475,2024-07-11,General Medicine,80,Male,B+,Emergency,Corporate Insurance,2,126061.17,54,3,Discharged Against Advice
PAT-50818,2024-07-11,General Medicine,73,Male,A+,Elective,Corporate Insurance,13,163134.88,78,11,Recovered
PAT-50038,2024-07-11,Oncology,75,Female,AB+,Elective,Government Scheme,10,166580.39,57,3,Recovered
PAT-53273,2024-07-11,Oncology,5,Male,A+,Emergency,Government Scheme,14,72983.76,41,8,Recovered
PAT-53338,2024-07-11,Pediatrics,6,Male,AB-,Emergency,Government Scheme,12,161155.12,44,7,Recovered
PAT-50300,2024-07-12,Dermatology,6,Female,B+,Elective,Private Insurance,2,167213.91,63,3,Recovered
PAT-52296,2024-07-12,ENT,89,Male,A+,Elective,Self Pay,1,107785.25,56,7,Recovered
PAT-51148,2024-07-12,Oncology,22,Female,A+,Elective,Government Scheme,18,228216.08,46,4,Recovered
PAT-52337,2024-07-12,Orthopedics,87,Male,B-,Elective,Private Insurance,6,45467.02,51,7,Referred
PAT-51494,2024-07-12,Pediatrics,41,Female,A-,Emergency,Corporate Insurance,7,12496.38,73,12,Discharged Against Advice
PAT-51073,2024-07-12,Neurology,4,Female,A+,Emergency,Government Scheme,19,139781.21,48,14,Under Treatment
PAT-53214,2024-07-12,ENT,72,Male,A-,Emergency,Corporate Insurance,20,93880.61,51,2,Referred
PAT-52705,2024-07-12,Dermatology,88,Male,AB+,Outpatient,Corporate Insurance,3,28827.75,92,1,Under Treatment
PAT-50610,2024-07-12,Cardiology,42,Male,B+,Elective,Private Insurance,20,112226.68,78,1,Recovered
PAT-50594,2024-07-12,Cardiology,50,Male,AB+,Outpatient,Government Scheme,16,112732.46,70,3,Recovered
PAT-52529,2024-07-12,Cardiology,32,Female,B-,Emergency,Corporate Insurance,19,228515.95,44,1,Recovered
PAT-51739,2024-07-13,General Medicine,58,Female,A+,Emergency,Corporate Insurance,8,51209.58,85,5,Recovered
PAT-51741,2024-07-13,Neurology,22,Male,O+,Elective,Private Insurance,2,127064.72,43,11,Recovered
PAT-52649,2024-07-13,Oncology,2,Male,A+,Outpatient,Government Scheme,14,103309.59,52,10,Recovered
PAT-50431,2024-07-13,Cardiology,70,Female,A-,Emergency,Government Scheme,9,123627.64,89,1,Recovered
PAT-52516,2024-07-13,Dermatology,86,Female,B+,Emergency,Private Insurance,13,240825.69,82,10,Under Treatment
PAT-52055,2024-07-13,Oncology,67,Female,O-,Emergency,Corporate Insurance,1,179806.04,73,1,Recovered
PAT-51077,2024-07-13,Pediatrics,20,Female,AB-,Outpatient,Government Scheme,1,240625.24,71,10,Under Treatment
PAT-50217,2024-07-13,Orthopedics,34,Male,B+,Elective,Corporate Insurance,12,175535.76,53,13,Referred
PAT-51045,2024-07-14,Pediatrics,9,Female,B-,Emergency,Private Insurance,7,234698.91,68,5,Recovered
PAT-52672,2024-07-14,General Medicine,11,Male,AB+,Emergency,Corporate Insurance,10,248800.61,84,4,Recovered
PAT-51716,2024-07-14,Cardiology,26,Male,O-,Outpatient,Self Pay,1,161864.17,84,2,Recovered
PAT-51565,2024-07-14,Neurology,42,Male,B-,Elective,Private Insurance,2,16439.77,74,5,Recovered
PAT-52176,2024-07-15,Pediatrics,49,Male,O-,Elective,Private Insurance,15,201364.03,44,4,Recovered
PAT-51302,2024-07-15,ENT,60,Female,B+,Emergency,Self Pay,6,174227.37,76,7,Recovered
PAT-50080,2024-07-15,Cardiology,53,Female,O-,Outpatient,Private Insurance,13,248464.29,79,1,Recovered
PAT-53297,2024-07-15,Neurology,86,Male,B-,Elective,Corporate Insurance,19,163946.55,52,5,Under Treatment
PAT-52555,2024-07-16,Dermatology,53,Male,O-,Elective,Private Insurance,17,30498.49,40,11,Recovered
PAT-51373,2024-07-16,Cardiology,25,Male,O+,Outpatient,Corporate Insurance,13,27966.81,97,11,Recovered
PAT-50757,2024-07-16,ENT,85,Male,O+,Outpatient,Corporate Insurance,12,12862.04,69,13,Recovered
PAT-52494,2024-07-16,Oncology,85,Female,O-,Elective,Corporate Insurance,6,160729.47,45,5,Recovered
PAT-51434,2024-07-16,ENT,20,Female,B+,Emergency,Self Pay,13,119514.27,75,14,Recovered
PAT-50324,2024-07-16,Pediatrics,13,Male,AB+,Emergency,Self Pay,5,159647.34,56,7,Recovered
PAT-50103,2024-07-16,General Medicine,46,Male,AB-,Emergency,Self Pay,12,189235.01,79,3,Recovered
PAT-50089,2024-07-16,Dermatology,11,Female,B-,Outpatient,Self Pay,3,205428.28,61,9,Recovered
PAT-52854,2024-07-17,Dermatology,16,Other,AB-,Outpatient,Corporate Insurance,4,50556.92,81,14,Recovered
PAT-50337,2024-07-17,General Medicine,71,Male,O+,Outpatient,Corporate Insurance,2,213205.27,88,5,Recovered
PAT-52949,2024-07-17,General Medicine,48,Female,B-,Outpatient,Corporate Insurance,16,182487.17,66,3,Recovered
PAT-51221,2024-07-17,Dermatology,28,Male,O+,Elective,Self Pay,17,179710.14,98,3,Discharged Against Advice
PAT-51744,2024-07-18,Cardiology,60,Male,AB+,Emergency,Corporate Insurance,19,87630.58,42,10,Recovered
PAT-51141,2024-07-18,Pediatrics,16,Female,B+,Emergency,Private Insurance,7,80534.53,54,1,Recovered
PAT-51038,2024-07-18,Pediatrics,56,Male,O+,Outpatient,Corporate Insurance,1,241680.79,94,6,Recovered
PAT-51824,2024-07-18,General Medicine,46,Male,O+,Elective,Self Pay,6,198353.05,97,13,Recovered
PAT-50494,2024-07-18,Oncology,2,Female,O+,Outpatient,Self Pay,18,142233.25,93,7,Referred
PAT-51853,2024-07-18,Neurology,71,Male,AB+,Outpatient,Private Insurance,1,69361.96,68,11,Recovered
PAT-53340,2024-07-18,Oncology,42,Male,O-,Elective,Private Insurance,16,42873.23,83,11,Under Treatment
PAT-51921,2024-07-19,General Medicine,79,Female,AB+,Elective,Self Pay,10,238166.62,57,4,Recovered
PAT-53135,2024-07-19,Neurology,23,Male,AB+,Emergency,Self Pay,20,102480.4,90,14,Under Treatment
PAT-53052,2024-07-19,Neurology,82,Female,B+,Emergency,Corporate Insurance,5,194715.67,51,12,Recovered
PAT-52142,2024-07-19,Dermatology,61,Male,B+,Emergency,Corporate Insurance,1,18001.78,56,1,Recovered
PAT-53467,2024-07-20,Neurology,25,Female,O-,Elective,Private Insurance,7,97498.98,93,13,Recovered
PAT-53056,2024-07-20,Neurology,86,Male,B+,Emergency,Government Scheme,9,55665.18,97,3,Recovered
PAT-50037,2024-07-20,Cardiology,50,Female,A+,Outpatient,Corporate Insurance,7,226631.34,60,4,Recovered
PAT-53516,2024-07-20,Oncology,44,Male,O-,Elective,Corporate Insurance,17,59396.35,89,11,Referred
PAT-50515,2024-07-20,Cardiology,18,Male,O+,Emergency,Private Insurance,12,242425.15,53,7,Recovered
PAT-50032,2024-07-20,Pediatrics,40,Female,B-,Outpatient,Government Scheme,18,37162.05,74,11,Recovered
PAT-51678,2024-07-20,Neurology,66,Female,AB-,Outpatient,Self Pay,12,133380.3,77,6,Recovered
PAT-53518,2024-07-21,Cardiology,6,Female,A-,Emergency,Self Pay,15,210478.06,97,11,Recovered
PAT-52941,2024-07-21,Oncology,84,Female,AB-,Emergency,Self Pay,13,70225.89,75,5,Recovered
PAT-50252,2024-07-21,Oncology,56,Male,AB-,Elective,Government Scheme,16,68889.39,42,12,Recovered
PAT-51062,2024-07-21,Cardiology,12,Male,B+,Outpatient,Private Insurance,20,85429.52,63,3,Recovered
PAT-50865,2024-07-21,Neurology,46,Female,AB-,Emergency,Self Pay,9,168967.63,66,9,Recovered
PAT-53379,2024-07-21,Neurology,31,Other,A-,Elective,Government Scheme,17,54335.08,59,6,Recovered
PAT-51900,2024-07-21,Pediatrics,57,Male,AB+,Elective,Private Insurance,1,21479.31,69,8,Under Treatment
PAT-50077,2024-07-22,ENT,60,Male,A+,Emergency,Private Insurance,20,87916.4,86,10,Referred
PAT-51941,2024-07-22,General Medicine,38,Female,O-,Emergency,Government Scheme,12,15325.85,68,1,Under Treatment
PAT-53007,2024-07-22,Cardiology,41,Male,B+,Outpatient,Private Insurance,8,43397.24,77,9,Recovered
PAT-52855,2024-07-22,Neurology,18,Other,O+,Elective,Self Pay,12,17202.29,69,12,Recovered
PAT-51224,2024-07-22,Cardiology,74,Female,AB-,Outpatient,Private Insurance,11,36996.08,91,3,Recovered
PAT-50557,2024-07-23,Cardiology,35,Male,AB+,Emergency,Government Scheme,14,222027.71,90,10,Recovered
PAT-53483,2024-07-23,General Medicine,59,Female,AB-,Outpatient,Self Pay,6,249433.3,78,12,Referred
PAT-50925,2024-07-23,Oncology,48,Female,A-,Outpatient,Self Pay,5,64754.65,88,7,Recovered
PAT-51649,2024-07-23,ENT,85,Female,O+,Elective,Self Pay,20,185727.89,80,9,Recovered
PAT-51189,2024-07-23,Pediatrics,49,Male,B+,Elective,Private Insurance,11,208100.59,41,6,Referred
PAT-50225,2024-07-24,Dermatology,60,Male,A-,Emergency,Private Insurance,10,124537.56,82,3,Recovered
PAT-53049,2024-07-24,General Medicine,20,Male,O+,Elective,Private Insurance,2,25203.75,92,6,Recovered
PAT-51343,2024-07-24,Oncology,51,Male,O-,Elective,Self Pay,20,209553.07,90,6,Recovered
PAT-52119,2024-07-24,Dermatology,53,Female,AB-,Elective,Corporate Insurance,1,89350.09,99,13,Recovered
PAT-51441,2024-07-24,Pediatrics,32,Female,B-,Elective,Government Scheme,3,75534.49,49,12,Recovered
PAT-50528,2024-07-24,Dermatology,42,Female,A+,Emergency,Self Pay,20,97625.25,99,7,Under Treatment
PAT-52862,2024-07-24,Pediatrics,34,Male,B+,Elective,Government Scheme,7,7994.4,92,7,Recovered
PAT-50117,2024-07-25,Cardiology,78,Female,B+,Outpatient,Government Scheme,11,77360.31,49,6,Recovered
PAT-51258,2024-07-25,Pediatrics,49,Male,AB+,Elective,Corporate Insurance,18,142784.09,90,2,Recovered
PAT-50788,2024-07-25,Pediatrics,27,Male,AB-,Outpatient,Self Pay,5,106590.23,63,14,Under Treatment
PAT-51679,2024-07-25,Oncology,49,Female,B+,Elective,Self Pay,1,211846.58,54,12,Recovered
PAT-50247,2024-07-25,Dermatology,76,Male,O+,Elective,Self Pay,14,225301.39,62,6,Recovered
PAT-51997,2024-07-26,General Medicine,61,Male,AB+,Outpatient,Government Scheme,5,143491.45,76,9,Recovered
PAT-52852,2024-07-26,Dermatology,34,Female,B-,Outpatient,Private Insurance,13,155737.95,53,4,Under Treatment
PAT-50850,2024-07-26,Cardiology,47,Female,B+,Outpatient,Corporate Insurance,14,205739.54,82,2,Recovered
PAT-52170,2024-07-26,Oncology,15,Other,A-,Elective,Government Scheme,14,158110.18,78,14,Under Treatment
PAT-53181,2024-07-27,Pediatrics,8,Male,A-,Emergency,Self Pay,8,82132.83,99,6,Recovered
PAT-50916,2024-07-27,Pediatrics,14,Female,O-,Outpatient,Government Scheme,14,156845.36,46,11,Recovered
PAT-51693,2024-07-27,ENT,32,Female,AB+,Elective,Private Insurance,17,152825.71,68,13,Recovered
PAT-51488,2024-07-27,Oncology,36,Male,A-,Emergency,Self Pay,8,63020.15,65,10,Recovered
PAT-52932,2024-07-28,General Medicine,67,Male,AB-,Elective,Self Pay,4,59163.23,58,2,Recovered
PAT-51611,2024-07-28,Pediatrics,26,Male,AB+,Elective,Corporate Insurance,1,239233.23,96,12,Under Treatment
PAT-51079,2024-07-28,Oncology,47,Female,O+,Emergency,Corporate Insurance,20,140223.79,86,8,Under Treatment
PAT-51946,2024-07-28,Neurology,57,Male,A+,Emergency,Private Insurance,11,54690.18,79,5,Discharged Against Advice
PAT-52307,2024-07-29,Oncology,6,Male,A-,Emergency,Corporate Insurance,18,190174.88,79,7,Recovered
PAT-51287,2024-07-29,Cardiology,29,Male,B-,Emergency,Corporate Insurance,13,133889.1,57,11,Recovered
PAT-53350,2024-07-29,Cardiology,85,Female,AB-,Elective,Corporate Insurance,4,164140.71,88,14,Recovered
PAT-53527,2024-07-29,Neurology,28,Female,A-,Elective,Government Scheme,13,19584.63,85,1,Under Treatment
PAT-52781,2024-07-30,ENT,61,Male,AB-,Outpatient,Corporate Insurance,5,242510.48,54,6,Recovered
PAT-52927,2024-07-30,Orthopedics,20,Male,B-,Emergency,Self Pay,5,122558.62,67,7,Recovered
PAT-51726,2024-07-30,Neurology,12,Male,B-,Emergency,Self Pay,19,121903.8,84,12,Recovered
PAT-53506,2024-07-30,General Medicine,10,Male,AB+,Emergency,Corporate Insurance,13,240335.64,52,2,Discharged Against Advice
PAT-52418,2024-07-30,Pediatrics,34,Female,B-,Outpatient,Private Insurance,9,56232.68,94,8,Recovered
PAT-52706,2024-07-30,Orthopedics,81,Female,AB+,Emergency,Government Scheme,18,205837.53,50,3,Recovered
PAT-50956,2024-07-30,Pediatrics,31,Female,B+,Emergency,Corporate Insurance,9,116054.33,93,8,Recovered
PAT-52484,2024-07-31,Oncology,48,Male,B-,Elective,Corporate Insurance,19,227463.58,60,5,Recovered
PAT-51178,2024-07-31,General Medicine,67,Female,B+,Outpatient,Private Insurance,14,179897.51,89,11,Recovered
PAT-51381,2024-07-31,Neurology,84,Female,B-,Outpatient,Government Scheme,17,194248.84,73,12,Recovered
PAT-50871,2024-07-31,Oncology,35,Male,B+,Emergency,Self Pay,11,153016.24,63,1,Recovered
PAT-50394,2024-07-31,Orthopedics,89,Male,B+,Elective,Government Scheme,8,82014.58,66,5,Recovered
PAT-51820,2024-07-31,ENT,45,Female,B-,Emergency,Private Insurance,15,44247.39,68,5,Referred
PAT-52012,2024-07-31,Cardiology,77,Female,O+,Emergency,Government Scheme,2,61383.48,88,3,Recovered
PAT-50876,2024-08-01,Pediatrics,46,Male,O+,Emergency,Self Pay,19,212367.7,55,9,Recovered
PAT-52026,2024-08-01,Pediatrics,23,Male,AB+,Outpatient,Corporate Insurance,5,106888.67,76,13,Discharged Against Advice
PAT-52687,2024-08-01,Cardiology,66,Male,B+,Outpatient,Government Scheme,14,103020.69,82,4,Recovered
PAT-51981,2024-08-01,Oncology,4,Female,A+,Elective,Government Scheme,9,146216.55,80,2,Recovered
PAT-52745,2024-08-01,Cardiology,38,Male,B+,Outpatient,Corporate Insurance,15,137467.18,76,13,Recovered
PAT-52562,2024-08-01,ENT,3,Male,AB+,Elective,Corporate Insurance,1,31179.87,69,10,Recovered
PAT-50363,2024-08-01,Cardiology,54,Female,AB+,Elective,Government Scheme,10,146435.83,49,12,Recovered
PAT-52514,2024-08-02,General Medicine,45,Female,AB-,Emergency,Government Scheme,3,182923.54,41,9,Under Treatment
PAT-52468,2024-08-02,Neurology,85,Male,O+,Emergency,Self Pay,8,121310.92,42,6,Recovered
PAT-53590,2024-08-02,Orthopedics,89,Female,A-,Elective,Self Pay,19,47650.68,76,2,Recovered
PAT-53463,2024-08-02,Pediatrics,56,Female,A+,Outpatient,Private Insurance,9,164111.38,60,9,Discharged Against Advice
PAT-50369,2024-08-02,Pediatrics,4,Male,A-,Elective,Government Scheme,10,133715.23,76,9,Recovered
PAT-50471,2024-08-02,Oncology,34,Male,A-,Outpatient,Corporate Insurance,15,224127.1,77,14,Recovered
PAT-53558,2024-08-02,Orthopedics,21,Male,A+,Emergency,Self Pay,18,191430.65,90,1,Recovered
PAT-50899,2024-08-02,Cardiology,61,Male,O+,Elective,Government Scheme,18,154647.24,45,5,Recovered
PAT-53301,2024-08-03,Cardiology,49,Female,O+,Elective,Self Pay,17,168279.97,61,13,Recovered
PAT-53543,2024-08-03,Orthopedics,1,Female,B-,Outpatient,Government Scheme,7,159737.58,54,1,Referred
PAT-52721,2024-08-03,Orthopedics,35,Male,B+,Elective,Private Insurance,8,117743.19,87,14,Recovered
PAT-50908,2024-08-03,Dermatology,85,Female,O+,Elective,Self Pay,2,13964.46,44,5,Referred
PAT-50837,2024-08-03,ENT,14,Female,AB-,Outpatient,Government Scheme,16,224910.63,92,9,Recovered
PAT-50700,2024-08-03,Cardiology,43,Male,A+,Outpatient,Government Scheme,17,230660.84,43,12,Recovered
PAT-51713,2024-08-04,Dermatology,38,Female,B-,Emergency,Self Pay,9,169025.53,58,4,Recovered
PAT-50046,2024-08-04,Pediatrics,12,Male,B+,Elective,Private Insurance,14,47001.84,86,5,Under Treatment
PAT-51138,2024-08-04,General Medicine,72,Female,O-,Emergency,Government Scheme,19,67959.56,90,7,Recovered
PAT-52803,2024-08-04,Orthopedics,43,Male,O-,Emergency,Corporate Insurance,14,218100.91,79,4,Recovered
PAT-50495,2024-08-04,General Medicine,84,Female,O+,Outpatient,Self Pay,10,135830.66,70,2,Under Treatment
PAT-52778,2024-08-04,Dermatology,81,Male,O+,Emergency,Corporate Insurance,14,202033.07,45,7,Referred
PAT-53163,2024-08-04,General Medicine,5,Male,A+,Elective,Corporate Insurance,3,111181.07,53,7,Recovered
PAT-50847,2024-08-05,ENT,2,Male,O-,Emergency,Private Insurance,15,49510.29,86,12,Under Treatment
PAT-52886,2024-08-05,Dermatology,30,Male,A-,Emergency,Government Scheme,14,212750.66,82,2,Recovered
PAT-52671,2024-08-05,Neurology,48,Male,AB-,Elective,Corporate Insurance,10,155038.91,69,11,Referred
PAT-51630,2024-08-05,Orthopedics,70,Female,B-,Outpatient,Government Scheme,11,218114.12,46,11,Recovered
PAT-52955,2024-08-06,Cardiology,80,Male,O-,Elective,Self Pay,14,31341.13,54,8,Recovered
PAT-50799,2024-08-06,Neurology,37,Male,AB+,Elective,Government Scheme,15,132753.92,60,13,Recovered
PAT-52503,2024-08-06,Orthopedics,6,Female,B+,Outpatient,Private Insurance,1,158804.75,67,3,Recovered
PAT-52827,2024-08-06,Pediatrics,54,Female,AB-,Emergency,Government Scheme,11,117242.82,80,2,Recovered
PAT-50690,2024-08-06,General Medicine,22,Male,A+,Elective,Self Pay,1,93064.18,47,4,Under Treatment
PAT-52739,2024-08-06,Oncology,26,Male,B+,Emergency,Corporate Insurance,11,249506.49,79,11,Referred
PAT-52417,2024-08-07,Neurology,20,Male,AB-,Emergency,Government Scheme,3,181653.34,84,1,Recovered
PAT-51451,2024-08-07,Oncology,60,Female,O+,Elective,Private Insurance,13,141924.29,55,13,Discharged Against Advice
PAT-53026,2024-08-08,Oncology,11,Male,B+,Emergency,Self Pay,6,65921.47,91,12,Recovered
PAT-53160,2024-08-08,Cardiology,34,Female,O-,Elective,Private Insurance,6,99130.43,41,13,Under Treatment
PAT-53123,2024-08-08,Orthopedics,71,Male,B-,Elective,Private Insurance,9,192516.63,48,11,Recovered
PAT-52536,2024-08-08,Dermatology,9,Female,A-,Elective,Self Pay,3,205801.72,47,9,Recovered
PAT-51274,2024-08-08,Cardiology,56,Female,A-,Outpatient,Government Scheme,4,192702.5,74,10,Recovered
PAT-52065,2024-08-08,Orthopedics,50,Male,AB+,Outpatient,Private Insurance,18,153287.38,55,6,Under Treatment
PAT-50191,2024-08-08,Cardiology,23,Female,O-,Emergency,Self Pay,3,170098.94,51,12,Recovered
PAT-52980,2024-08-08,Pediatrics,64,Female,B+,Elective,Private Insurance,1,26560.94,97,13,Referred
PAT-53111,2024-08-08,Cardiology,15,Female,A-,Outpatient,Private Insurance,8,124332.28,91,1,Referred
PAT-52598,2024-08-09,Oncology,2,Male,B-,Emergency,Private Insurance,13,195614.16,53,10,Recovered
PAT-51934,2024-08-09,Dermatology,42,Male,A-,Outpatient,Corporate Insurance,17,207633.86,58,12,Under Treatment
PAT-51624,2024-08-09,General Medicine,54,Male,A-,Elective,Self Pay,1,66349.22,54,11,Referred
PAT-50514,2024-08-09,Cardiology,45,Female,O+,Elective,Corporate Insurance,17,242023.66,92,1,Referred
PAT-50305,2024-08-09,Oncology,53,Female,A-,Emergency,Government Scheme,3,134308.91,43,14,Recovered
PAT-52966,2024-08-09,Pediatrics,29,Female,A+,Emergency,Government Scheme,3,182739.67,80,2,Recovered
PAT-52299,2024-08-09,Orthopedics,41,Male,O-,Elective,Private Insurance,4,117240.71,47,3,Recovered
PAT-51512,2024-08-10,General Medicine,25,Female,O-,Elective,Self Pay,18,2231.38,96,12,Referred
PAT-52586,2024-08-10,Oncology,71,Other,B-,Emergency,Government Scheme,3,208918.6,46,10,Recovered
PAT-52830,2024-08-11,Cardiology,68,Female,O-,Outpatient,Government Scheme,9,139213.38,58,7,Recovered
PAT-50304,2024-08-11,Pediatrics,13,Female,B+,Elective,Private Insurance,11,87474.31,97,8,Discharged Against Advice
PAT-50825,2024-08-12,Neurology,6,Female,AB-,Outpatient,Private Insurance,16,43479.13,64,12,Recovered
PAT-53050,2024-08-12,Oncology,20,Male,O-,Elective,Self Pay,11,68031.88,54,10,Recovered
PAT-50827,2024-08-12,Cardiology,60,Female,B+,Elective,Government Scheme,16,177756.42,44,10,Recovered
PAT-52752,2024-08-12,Oncology,71,Female,B-,Elective,Government Scheme,8,128929.85,75,2,Recovered
PAT-50715,2024-08-12,Oncology,11,Male,B+,Elective,Government Scheme,4,93502.49,68,11,Recovered
PAT-53128,2024-08-13,Orthopedics,39,Male,B-,Outpatient,Corporate Insurance,13,189099.57,87,7,Recovered
PAT-53572,2024-08-14,Orthopedics,42,Female,O-,Elective,Government Scheme,3,77943.15,99,12,Under Treatment
PAT-52506,2024-08-14,General Medicine,53,Male,AB-,Emergency,Self Pay,1,4499.17,53,2,Recovered
PAT-51598,2024-08-14,Neurology,17,Male,A+,Elective,Government Scheme,19,153889.25,78,5,Under Treatment
PAT-50321,2024-08-14,Cardiology,42,Female,A-,Elective,Corporate Insurance,17,106490.58,52,10,Recovered
PAT-52997,2024-08-14,Oncology,39,Male,A+,Outpatient,Corporate Insurance,11,219430.17,68,11,Referred
PAT-50831,2024-08-14,Oncology,60,Male,B-,Outpatient,Government Scheme,17,21401.17,85,2,Recovered
PAT-51382,2024-08-14,Neurology,61,Female,A-,Elective,Government Scheme,9,161941.98,59,14,Referred
PAT-53166,2024-08-15,Orthopedics,38,Male,AB-,Emergency,Private Insurance,17,15492.26,40,3,Under Treatment
PAT-50641,2024-08-15,Dermatology,35,Female,AB-,Elective,Government Scheme,1,244691.38,96,1,Recovered
PAT-52250,2024-08-15,Dermatology,9,Male,B+,Elective,Self Pay,2,102502.34,83,8,Referred
PAT-50409,2024-08-15,Cardiology,7,Male,O+,Elective,Corporate Insurance,9,244509.93,98,10,Recovered
PAT-51715,2024-08-15,General Medicine,18,Male,AB-,Outpatient,Self Pay,4,233452.09,50,2,Recovered
PAT-51158,2024-08-15,Neurology,58,Male,O-,Outpatient,Private Insurance,10,14980.35,89,3,Recovered
PAT-53378,2024-08-15,Oncology,52,Female,AB+,Emergency,Government Scheme,4,184053.18,60,1,Recovered
PAT-53457,2024-08-16,Dermatology,25,Female,A-,Outpatient,Private Insurance,9,4415.32,95,3,Under Treatment
PAT-52061,2024-08-16,Oncology,28,Male,A-,Outpatient,Self Pay,2,39142.85,44,12,Recovered
PAT-50978,2024-08-16,Pediatrics,22,Female,B+,Outpatient,Corporate Insurance,10,125612.85,47,13,Recovered
PAT-52244,2024-08-17,ENT,67,Male,O-,Elective,Government Scheme,4,204083.69,81,14,Referred
PAT-51530,2024-08-17,General Medicine,23,Female,B-,Emergency,Government Scheme,5,135995.74,61,3,Recovered
PAT-50362,2024-08-17,Oncology,56,Female,AB+,Emergency,Government Scheme,8,132739.65,76,10,Under Treatment
PAT-53354,2024-08-17,ENT,54,Female,AB-,Outpatient,Self Pay,17,110466.02,89,3,Recovered
PAT-51966,2024-08-18,Dermatology,28,Female,O+,Outpatient,Government Scheme,17,46738.21,77,14,Recovered
PAT-52968,2024-08-18,Neurology,41,Female,A+,Elective,Private Insurance,16,208027.59,43,13,Recovered
PAT-50198,2024-08-18,Dermatology,60,Male,A+,Emergency,Government Scheme,14,215121.55,64,1,Recovered
PAT-50561,2024-08-19,General Medicine,35,Female,O+,Emergency,Private Insurance,3,240531.51,81,2,Referred
PAT-51347,2024-08-19,Orthopedics,17,Female,O+,Emergency,Self Pay,20,200979.72,85,14,Recovered
PAT-51869,2024-08-19,Orthopedics,65,Male,B-,Outpatient,Corporate Insurance,15,234854.41,91,2,Recovered
PAT-51439,2024-08-19,Pediatrics,41,Female,B-,Elective,Private Insurance,12,210962.92,77,10,Recovered
PAT-53204,2024-08-19,Neurology,84,Female,O+,Emergency,Self Pay,11,153891.48,72,14,Recovered
PAT-50273,2024-08-20,Oncology,73,Male,A+,Elective,Private Insurance,3,129800.25,70,14,Recovered
PAT-50712,2024-08-20,Pediatrics,12,Male,B-,Elective,Private Insurance,17,91132.45,95,11,Recovered
PAT-53069,2024-08-21,Orthopedics,10,Female,A+,Outpatient,Self Pay,1,147822.86,72,11,Referred
PAT-53406,2024-08-21,Pediatrics,23,Other,AB+,Elective,Corporate Insurance,9,198703.74,42,3,Referred
PAT-53599,2024-08-21,Oncology,81,Male,O+,Elective,Government Scheme,8,107968.03,93,6,Under Treatment
PAT-51207,2024-08-21,Pediatrics,14,Female,B+,Emergency,Private Insurance,1,83517.73,83,9,Recovered
PAT-50564,2024-08-21,Neurology,73,Female,O-,Elective,Self Pay,8,243195.8,42,5,Recovered
PAT-51094,2024-08-22,Cardiology,16,Male,A+,Elective,Private Insurance,4,213591.86,67,4,Recovered
PAT-51608,2024-08-22,Dermatology,75,Female,O+,Elective,Corporate Insurance,10,26003.42,63,6,Recovered
PAT-50271,2024-08-22,Orthopedics,32,Male,A+,Emergency,Government Scheme,20,52776.42,83,2,Recovered
PAT-50294,2024-08-22,General Medicine,84,Male,O+,Elective,Self Pay,6,62402.49,40,9,Recovered
PAT-51333,2024-08-23,Oncology,62,Female,O-,Outpatient,Private Insurance,3,209036.01,49,7,Recovered
PAT-51412,2024-08-23,Orthopedics,11,Female,AB-,Outpatient,Government Scheme,2,187087.25,56,13,Under Treatment
PAT-51442,2024-08-23,Pediatrics,60,Female,A+,Elective,Private Insurance,8,141406.27,45,1,Recovered
PAT-52788,2024-08-23,ENT,88,Female,AB-,Emergency,Self Pay,16,190794.01,98,3,Recovered
PAT-50632,2024-08-23,ENT,9,Female,A+,Elective,Government Scheme,5,12235.18,46,6,Recovered
PAT-53313,2024-08-23,Oncology,10,Female,O-,Emergency,Private Insurance,8,217833.15,94,8,Under Treatment
PAT-52812,2024-08-23,Dermatology,6,Male,AB-,Elective,Government Scheme,2,90311.05,72,4,Recovered
PAT-52427,2024-08-23,Orthopedics,34,Female,AB-,Elective,Corporate Insurance,14,62923.65,50,3,Under Treatment
PAT-51940,2024-08-23,General Medicine,55,Female,A+,Elective,Self Pay,9,169971.49,91,4,Recovered
PAT-50399,2024-08-24,Oncology,8,Female,O+,Elective,Private Insurance,19,152942.75,42,9,Recovered
PAT-51352,2024-08-24,Pediatrics,76,Female,AB-,Outpatient,Self Pay,14,178208.02,73,14,Recovered
PAT-52415,2024-08-24,Orthopedics,87,Male,O-,Emergency,Corporate Insurance,6,63572.51,56,3,Recovered
PAT-51485,2024-08-24,Neurology,36,Female,B+,Outpatient,Self Pay,9,135980.19,57,12,Recovered
PAT-53494,2024-08-24,Dermatology,20,Female,AB+,Elective,Private Insurance,13,204430.71,67,8,Recovered
PAT-50543,2024-08-24,ENT,43,Male,AB+,Elective,Government Scheme,7,95735.91,68,1,Recovered
PAT-51085,2024-08-25,Cardiology,62,Male,B-,Outpatient,Self Pay,18,17858.18,50,9,Under Treatment
PAT-52198,2024-08-25,Neurology,13,Female,B-,Emergency,Government Scheme,18,120521.3,64,12,Recovered
PAT-51540,2024-08-25,Pediatrics,66,Male,AB+,Elective,Private Insurance,1,138221.35,42,1,Under Treatment
PAT-51862,2024-08-25,Dermatology,83,Female,B+,Outpatient,Corporate Insurance,3,114305.43,73,13,Recovered
PAT-50500,2024-08-25,Dermatology,43,Other,AB+,Elective,Corporate Insurance,11,243016.86,43,1,Recovered
PAT-52266,2024-08-26,General Medicine,53,Female,AB-,Emergency,Private Insurance,8,209917.07,72,13,Recovered
PAT-52801,2024-08-26,Dermatology,63,Female,AB+,Elective,Government Scheme,1,111483.4,42,13,Recovered
PAT-52027,2024-08-26,Cardiology,74,Male,AB+,Outpatient,Corporate Insurance,10,72307.67,55,9,Recovered
PAT-52282,2024-08-26,Dermatology,57,Female,B+,Outpatient,Corporate Insurance,11,77331.65,61,13,Referred
PAT-53175,2024-08-26,General Medicine,44,Male,O+,Outpatient,Government Scheme,12,43547.86,85,2,Recovered
PAT-51543,2024-08-26,Pediatrics,44,Male,A-,Elective,Government Scheme,17,240477.52,67,14,Referred
PAT-50506,2024-08-26,General Medicine,64,Female,B-,Emergency,Private Insurance,10,210020.75,54,12,Recovered
PAT-50892,2024-08-26,Orthopedics,12,Male,O-,Emergency,Corporate Insurance,1,248499.69,83,5,Recovered
PAT-53281,2024-08-27,Pediatrics,2,Male,O-,Outpatient,Corporate Insurance,12,65118.47,50,9,Under Treatment
PAT-51995,2024-08-27,ENT,56,Male,AB+,Elective,Private Insurance,6,128166.04,45,6,Referred
PAT-50400,2024-08-27,Oncology,74,Female,AB+,Outpatient,Private Insurance,13,150583.78,53,6,Recovered
PAT-50768,2024-08-27,Dermatology,60,Female,A+,Emergency,Government Scheme,1,207024.76,94,8,Under Treatment
PAT-50230,2024-08-27,ENT,33,Female,B+,Elective,Government Scheme,18,148123.77,53,7,Recovered
PAT-52105,2024-08-27,Oncology,70,Male,O+,Emergency,Corporate Insurance,4,122354.48,96,2,Recovered
PAT-53265,2024-08-28,Orthopedics,35,Male,A-,Elective,Corporate Insurance,3,20241.32,87,6,Recovered
PAT-51020,2024-08-28,Pediatrics,49,Male,A-,Outpatient,Self Pay,15,78968.91,40,5,Discharged Against Advice
PAT-52394,2024-08-28,Neurology,50,Female,AB-,Elective,Corporate Insurance,20,87459.0,60,6,Recovered
PAT-51551,2024-08-29,Orthopedics,38,Female,AB+,Outpatient,Government Scheme,14,199612.44,42,13,Discharged Against Advice
PAT-51417,2024-08-29,Cardiology,8,Male,AB-,Emergency,Corporate Insurance,5,99014.21,65,9,Recovered
PAT-53349,2024-08-29,General Medicine,72,Male,O-,Elective,Corporate Insurance,11,243413.46,85,6,Recovered
PAT-50052,2024-08-30,General Medicine,41,Female,AB+,Elective,Government Scheme,5,90092.99,90,2,Recovered
PAT-50551,2024-08-30,Cardiology,44,Male,B-,Elective,Corporate Insurance,10,62287.71,89,14,Under Treatment
PAT-53376,2024-08-30,Orthopedics,12,Female,B+,Elective,Corporate Insurance,14,101578.86,87,2,Discharged Against Advice
PAT-50166,2024-08-30,Orthopedics,41,Female,AB+,Outpatient,Corporate Insurance,16,34828.13,66,2,Recovered
PAT-51670,2024-08-30,Cardiology,76,Male,A+,Elective,Corporate Insurance,1,39230.06,85,8,Recovered
PAT-53427,2024-08-31,ENT,58,Female,A+,Elective,Private Insurance,6,115607.89,63,12,Recovered
PAT-50476,2024-08-31,Orthopedics,50,Male,A+,Elective,Government Scheme,10,119095.16,69,14,Recovered
PAT-53334,2024-09-01,Dermatology,82,Male,O-,Emergency,Self Pay,4,94165.56,71,7,Recovered
PAT-50068,2024-09-01,Pediatrics,67,Female,AB+,Elective,Self Pay,7,116760.59,55,1,Under Treatment
PAT-50285,2024-09-01,Cardiology,41,Female,A-,Elective,Private Insurance,16,155194.23,42,3,Recovered
PAT-51272,2024-09-02,General Medicine,36,Male,B+,Outpatient,Corporate Insurance,6,49362.39,76,12,Recovered
PAT-52620,2024-09-02,Oncology,60,Male,A-,Emergency,Private Insurance,9,211183.43,85,6,Under Treatment
PAT-50100,2024-09-02,Cardiology,45,Female,AB+,Elective,Government Scheme,5,170988.56,53,14,Recovered
PAT-52513,2024-09-02,Orthopedics,57,Male,O+,Outpatient,Corporate Insurance,10,146176.41,88,12,Recovered
PAT-50702,2024-09-02,ENT,6,Female,O+,Outpatient,Corporate Insurance,16,188323.5,42,12,Referred
PAT-50175,2024-09-02,ENT,35,Male,AB+,Outpatient,Self Pay,13,97802.15,73,12,Recovered
PAT-52334,2024-09-03,Neurology,88,Female,B-,Elective,Corporate Insurance,18,240297.11,40,14,Referred
PAT-51346,2024-09-03,Cardiology,2,Female,B+,Elective,Corporate Insurance,4,214893.61,60,14,Discharged Against Advice
PAT-51091,2024-09-03,Dermatology,11,Female,O+,Outpatient,Private Insurance,2,153742.06,61,3,Discharged Against Advice
PAT-51647,2024-09-03,Oncology,64,Female,O-,Emergency,Private Insurance,13,8019.73,83,13,Under Treatment
PAT-50938,2024-09-04,Cardiology,25,Female,A-,Elective,Private Insurance,9,246935.35,54,2,Discharged Against Advice
PAT-50373,2024-09-04,Dermatology,60,Female,B+,Outpatient,Government Scheme,11,204071.17,41,5,Referred
PAT-50901,2024-09-04,Neurology,68,Female,B-,Elective,Private Insurance,16,7609.12,46,7,Recovered
PAT-51972,2024-09-05,ENT,60,Male,AB-,Emergency,Self Pay,18,91397.36,97,3,Recovered
PAT-50507,2024-09-06,Cardiology,3,Female,A+,Outpatient,Self Pay,18,175291.24,51,9,Recovered
PAT-51185,2024-09-06,ENT,7,Female,AB+,Emergency,Corporate Insurance,9,247543.08,67,11,Discharged Against Advice
PAT-51197,2024-09-06,Cardiology,20,Male,AB+,Elective,Self Pay,1,167794.65,57,13,Under Treatment
PAT-53474,2024-09-06,Oncology,17,Female,O-,Emergency,Self Pay,2,67134.61,88,14,Under Treatment
PAT-50157,2024-09-07,Cardiology,34,Female,A+,Emergency,Government Scheme,13,208197.86,72,9,Recovered
PAT-52070,2024-09-07,Dermatology,7,Other,B-,Emergency,Private Insurance,7,34790.33,60,3,Referred
PAT-51942,2024-09-07,Oncology,39,Male,AB+,Outpatient,Self Pay,7,46937.9,91,11,Referred
PAT-51923,2024-09-07,Dermatology,73,Female,O-,Elective,Government Scheme,16,58733.48,76,4,Recovered
PAT-52956,2024-09-07,Oncology,68,Female,O-,Outpatient,Corporate Insurance,20,216428.86,65,12,Under Treatment
PAT-52982,2024-09-07,Pediatrics,80,Female,A+,Outpatient,Corporate Insurance,16,78873.04,83,1,Referred
PAT-51206,2024-09-07,General Medicine,78,Other,A-,Elective,Self Pay,1,111201.46,58,7,Recovered
PAT-52901,2024-09-08,General Medicine,61,Female,A+,Emergency,Private Insurance,20,190363.78,71,7,Recovered
PAT-52319,2024-09-08,Neurology,23,Female,AB-,Emergency,Government Scheme,12,42540.56,72,14,Recovered
PAT-51067,2024-09-08,General Medicine,77,Other,A-,Outpatient,Private Insurance,17,229484.11,64,13,Recovered
PAT-53470,2024-09-09,Neurology,49,Male,B-,Outpatient,Private Insurance,10,167258.62,68,5,Recovered
PAT-50387,2024-09-09,Neurology,28,Female,O-,Emergency,Government Scheme,9,205545.1,41,5,Under Treatment
PAT-51802,2024-09-09,Cardiology,35,Male,A-,Emergency,Corporate Insurance,16,247179.68,94,6,Recovered
PAT-50986,2024-09-09,Orthopedics,37,Female,B-,Outpatient,Corporate Insurance,13,153937.02,55,2,Under Treatment
PAT-51290,2024-09-10,Cardiology,4,Male,A-,Emergency,Self Pay,2,178534.64,92,1,Referred
PAT-52350,2024-09-10,Dermatology,6,Female,B+,Emergency,Private Insurance,3,104554.22,51,10,Recovered
PAT-51697,2024-09-10,General Medicine,1,Female,A+,Outpatient,Government Scheme,6,60137.06,52,1,Discharged Against Advice
PAT-51874,2024-09-11,Dermatology,14,Male,B+,Outpatient,Corporate Insurance,7,50524.47,72,8,Recovered
PAT-53447,2024-09-11,General Medicine,54,Other,O-,Outpatient,Corporate Insurance,18,127570.62,98,9,Discharged Against Advice
PAT-52663,2024-09-11,Cardiology,75,Male,O-,Elective,Corporate Insurance,12,230414.93,69,14,Under Treatment
PAT-51910,2024-09-12,Cardiology,3,Male,A-,Outpatient,Corporate Insurance,6,186373.14,42,1,Under Treatment
PAT-53325,2024-09-12,Orthopedics,75,Male,AB+,Elective,Corporate Insurance,2,11665.31,92,3,Under Treatment
PAT-50413,2024-09-12,Neurology,8,Other,B+,Elective,Corporate Insurance,20,71788.42,49,13,Recovered
PAT-51395,2024-09-12,Oncology,45,Female,A-,Elective,Corporate Insurance,5,68021.88,83,6,Recovered
PAT-52692,2024-09-12,Oncology,18,Male,O-,Emergency,Corporate Insurance,8,110459.19,70,9,Discharged Against Advice
PAT-52733,2024-09-12,Orthopedics,3,Male,A-,Elective,Corporate Insurance,7,20026.94,69,1,Recovered
PAT-50575,2024-09-13,Dermatology,29,Female,O-,Emergency,Self Pay,13,82485.18,95,9,Recovered
PAT-50194,2024-09-13,Neurology,79,Female,AB-,Elective,Government Scheme,20,100127.52,43,3,Recovered
PAT-50524,2024-09-13,ENT,44,Female,A-,Emergency,Private Insurance,10,231969.85,45,3,Recovered
PAT-51949,2024-09-13,Cardiology,26,Female,AB-,Elective,Government Scheme,15,69354.27,48,10,Recovered
PAT-51246,2024-09-13,General Medicine,89,Male,B+,Outpatient,Government Scheme,8,49534.95,92,13,Recovered
PAT-52279,2024-09-13,Orthopedics,5,Female,AB-,Outpatient,Government Scheme,12,88237.7,77,14,Under Treatment
PAT-53024,2024-09-13,Neurology,23,Female,A-,Outpatient,Government Scheme,6,168815.97,92,9,Under Treatment
PAT-53499,2024-09-14,General Medicine,18,Female,O+,Outpatient,Private Insurance,7,146318.26,91,8,Under Treatment
PAT-53514,2024-09-14,Pediatrics,27,Male,B-,Elective,Self Pay,11,228540.64,76,6,Recovered
PAT-52200,2024-09-14,Orthopedics,6,Male,A-,Emergency,Self Pay,12,128077.76,89,11,Under Treatment
PAT-53589,2024-09-14,Pediatrics,44,Male,AB+,Emergency,Private Insurance,5,106519.0,94,12,Recovered
PAT-51173,2024-09-14,General Medicine,53,Female,A+,Elective,Government Scheme,6,7749.22,86,6,Recovered
PAT-50351,2024-09-14,Orthopedics,14,Male,B-,Emergency,Government Scheme,15,171023.06,90,7,Recovered
PAT-52712,2024-09-15,General Medicine,76,Male,A-,Emergency,Corporate Insurance,19,98984.62,87,9,Recovered
PAT-53193,2024-09-15,Pediatrics,7,Male,O+,Emergency,Private Insurance,14,119216.93,70,4,Recovered
PAT-51326,2024-09-15,Orthopedics,52,Female,O+,Emergency,Government Scheme,8,159607.02,49,12,Referred
PAT-53034,2024-09-15,Dermatology,23,Female,A-,Emergency,Corporate Insurance,20,90043.29,60,6,Recovered
PAT-52480,2024-09-15,General Medicine,18,Female,O+,Outpatient,Government Scheme,14,66571.08,57,4,Recovered
PAT-52439,2024-09-15,Oncology,51,Male,O-,Outpatient,Private Insurance,3,13425.5,76,13,Recovered
PAT-50928,2024-09-16,Oncology,20,Male,AB-,Outpatient,Private Insurance,20,154557.27,99,4,Recovered
PAT-50490,2024-09-16,Pediatrics,71,Female,O+,Outpatient,Corporate Insurance,17,177064.98,71,1,Discharged Against Advice
PAT-50147,2024-09-16,Orthopedics,45,Female,B+,Elective,Private Insurance,14,82897.45,73,2,Referred
PAT-52357,2024-09-16,ENT,72,Female,O+,Emergency,Corporate Insurance,20,21822.84,81,8,Recovered
PAT-53237,2024-09-16,Pediatrics,25,Male,O+,Outpatient,Self Pay,2,159684.7,53,8,Recovered
PAT-53209,2024-09-17,Pediatrics,59,Male,B+,Outpatient,Corporate Insurance,9,223979.22,57,8,Recovered
PAT-50648,2024-09-17,Orthopedics,39,Female,O-,Elective,Government Scheme,7,6632.77,71,10,Under Treatment
PAT-53486,2024-09-17,Pediatrics,40,Male,AB-,Elective,Private Insurance,1,208129.69,92,3,Recovered
PAT-50946,2024-09-17,Orthopedics,41,Female,B+,Elective,Self Pay,10,71790.29,56,6,Recovered
PAT-51117,2024-09-17,Cardiology,53,Female,AB+,Emergency,Corporate Insurance,20,6675.68,68,10,Recovered
PAT-52608,2024-09-18,Oncology,45,Female,B-,Outpatient,Self Pay,11,157256.71,44,7,Under Treatment
PAT-50579,2024-09-18,Pediatrics,78,Female,A+,Elective,Self Pay,13,92692.95,82,13,Under Treatment
PAT-51823,2024-09-18,Oncology,42,Female,O+,Emergency,Corporate Insurance,2,43567.22,52,11,Recovered
PAT-51807,2024-09-18,Oncology,63,Male,A+,Emergency,Private Insurance,12,82563.67,62,4,Under Treatment
PAT-50593,2024-09-18,Oncology,51,Female,AB-,Outpatient,Private Insurance,19,58836.02,60,9,Recovered
PAT-51564,2024-09-18,ENT,55,Female,B-,Elective,Self Pay,6,249933.29,56,5,Recovered
PAT-52928,2024-09-18,Neurology,76,Male,A+,Elective,Private Insurance,3,137613.77,60,10,Recovered
PAT-51928,2024-09-18,General Medicine,81,Male,A-,Outpatient,Government Scheme,6,18836.33,84,4,Recovered
PAT-51999,2024-09-19,Oncology,61,Male,O+,Emergency,Private Insurance,4,164353.6,45,10,Recovered
PAT-50979,2024-09-19,Cardiology,49,Male,O+,Elective,Corporate Insurance,15,65619.84,94,3,Recovered
PAT-53089,2024-09-19,General Medicine,48,Male,A+,Emergency,Corporate Insurance,13,178598.3,56,9,Recovered
PAT-52789,2024-09-19,ENT,10,Female,O-,Emergency,Private Insurance,10,185643.43,78,4,Recovered
PAT-51234,2024-09-19,Pediatrics,78,Female,AB+,Outpatient,Corporate Insurance,12,131538.65,74,11,Referred
PAT-51211,2024-09-19,ENT,40,Male,AB-,Outpatient,Corporate Insurance,8,189912.19,92,14,Recovered
PAT-51703,2024-09-19,Orthopedics,55,Female,O-,Emergency,Self Pay,12,82154.09,96,9,Recovered
PAT-52841,2024-09-19,ENT,12,Female,B-,Emergency,Government Scheme,5,85830.4,56,11,Recovered
PAT-51629,2024-09-20,Pediatrics,8,Male,A+,Outpatient,Self Pay,3,181081.16,53,9,Recovered
PAT-53595,2024-09-20,Oncology,13,Female,O-,Elective,Corporate Insurance,16,36062.29,68,6,Recovered
PAT-52922,2024-09-20,Neurology,1,Female,AB+,Outpatient,Self Pay,4,46900.13,55,11,Under Treatment
PAT-50318,2024-09-20,Neurology,72,Other,B+,Emergency,Private Insurance,19,133188.32,88,8,Recovered
PAT-53492,2024-09-21,ENT,21,Female,A-,Emergency,Government Scheme,14,58069.01,81,4,Under Treatment
PAT-51103,2024-09-21,Cardiology,79,Female,AB+,Outpatient,Private Insurance,12,158392.48,84,7,Recovered
PAT-50288,2024-09-21,Cardiology,64,Female,O+,Elective,Corporate Insurance,13,24143.01,90,6,Referred
PAT-51134,2024-09-21,General Medicine,83,Male,AB-,Outpatient,Government Scheme,3,172598.71,64,13,Recovered
PAT-53459,2024-09-21,Neurology,19,Female,AB-,Elective,Corporate Insurance,16,239191.39,85,3,Recovered
PAT-52442,2024-09-21,General Medicine,57,Male,AB-,Emergency,Self Pay,1,173755.98,82,12,Recovered
PAT-51774,2024-09-21,Pediatrics,81,Male,A+,Elective,Government Scheme,16,220586.48,70,2,Recovered
PAT-52102,2024-09-21,Dermatology,38,Female,AB-,Elective,Corporate Insurance,5,73351.33,97,10,Recovered
PAT-50160,2024-09-21,General Medicine,80,Female,B+,Elective,Self Pay,12,58340.45,73,7,Recovered
PAT-51170,2024-09-21,Neurology,66,Male,AB-,Emergency,Corporate Insurance,12,58143.57,62,13,Recovered
PAT-51684,2024-09-22,Pediatrics,80,Male,O+,Outpatient,Self Pay,2,210801.97,75,3,Recovered
PAT-52935,2024-09-22,Oncology,19,Male,A-,Elective,Corporate Insurance,15,160991.48,60,4,Referred
PAT-53016,2024-09-22,General Medicine,81,Male,A-,Outpatient,Corporate Insurance,2,205282.1,59,12,Recovered
PAT-51826,2024-09-23,ENT,44,Female,AB+,Emergency,Private Insurance,16,227135.87,80,7,Recovered
PAT-51121,2024-09-23,Dermatology,83,Male,B-,Emergency,Private Insurance,1,189178.39,63,7,Under Treatment
PAT-52690,2024-09-23,Neurology,87,Male,O-,Emergency,Corporate Insurance,11,219064.72,45,2,Under Treatment
PAT-52397,2024-09-23,Neurology,47,Male,B+,Emergency,Private Insurance,9,152645.91,43,9,Recovered
PAT-51932,2024-09-23,Neurology,55,Male,B+,Emergency,Self Pay,19,89748.39,45,6,Recovered
PAT-52843,2024-09-23,Cardiology,14,Female,B-,Outpatient,Private Insurance,5,149742.81,54,8,Recovered
PAT-52343,2024-09-24,Pediatrics,18,Female,B+,Elective,Government Scheme,13,54688.58,40,9,Referred
PAT-52933,2024-09-24,Orthopedics,84,Female,B-,Emergency,Government Scheme,4,55636.65,71,6,Recovered
PAT-50994,2024-09-24,General Medicine,4,Female,O+,Emergency,Government Scheme,5,198891.27,58,7,Under Treatment
PAT-53241,2024-09-25,Orthopedics,20,Female,B-,Elective,Self Pay,14,249952.73,61,13,Recovered
PAT-53437,2024-09-25,General Medicine,38,Male,O+,Elective,Government Scheme,15,225599.88,57,10,Recovered
PAT-51528,2024-09-25,ENT,59,Female,AB+,Outpatient,Private Insurance,14,155168.18,48,13,Recovered
PAT-52101,2024-09-26,Pediatrics,67,Male,O-,Elective,Self Pay,14,115386.0,58,12,Referred
PAT-52974,2024-09-26,Cardiology,34,Male,AB+,Emergency,Self Pay,4,108755.52,67,11,Discharged Against Advice
PAT-50283,2024-09-26,Cardiology,25,Male,O+,Elective,Self Pay,2,125486.34,59,7,Referred
PAT-50627,2024-09-27,ENT,30,Male,AB+,Elective,Private Insurance,15,110115.14,79,12,Recovered
PAT-53080,2024-09-27,Oncology,25,Female,A+,Outpatient,Self Pay,19,57372.68,77,3,Recovered
PAT-51400,2024-09-27,Neurology,39,Female,O+,Elective,Self Pay,3,10069.45,76,10,Recovered
PAT-50662,2024-09-27,Oncology,16,Male,B-,Elective,Government Scheme,18,171167.55,40,9,Discharged Against Advice
PAT-51081,2024-09-27,Pediatrics,69,Male,A-,Emergency,Private Insurance,2,192097.56,69,11,Referred
PAT-50877,2024-09-27,Pediatrics,80,Female,B-,Emergency,Government Scheme,9,128965.54,51,5,Recovered
PAT-53362,2024-09-27,Dermatology,83,Female,A+,Elective,Government Scheme,19,78216.48,87,4,Recovered
PAT-52787,2024-09-28,Cardiology,30,Female,A+,Outpatient,Self Pay,13,161264.96,83,13,Recovered
PAT-50420,2024-09-28,General Medicine,21,Male,A+,Elective,Government Scheme,17,172313.41,44,9,Recovered
PAT-50813,2024-09-28,General Medicine,12,Male,O+,Emergency,Corporate Insurance,19,128584.13,57,5,Under Treatment
PAT-51071,2024-09-28,Neurology,52,Female,O-,Outpatient,Corporate Insurance,18,114726.12,77,5,Recovered
PAT-51419,2024-09-29,Oncology,26,Male,B-,Emergency,Private Insurance,13,21694.71,85,1,Under Treatment
PAT-50783,2024-09-29,Orthopedics,51,Male,B-,Elective,Self Pay,17,46803.02,82,10,Recovered
PAT-50287,2024-09-29,Oncology,53,Male,O+,Outpatient,Self Pay,10,118640.08,42,6,Recovered
PAT-50915,2024-09-29,Pediatrics,2,Female,B+,Emergency,Government Scheme,20,105357.99,87,8,Recovered
PAT-52067,2024-09-30,Cardiology,53,Female,B+,Emergency,Self Pay,8,230582.24,82,1,Recovered
PAT-52794,2024-09-30,Orthopedics,21,Male,A-,Elective,Corporate Insurance,12,53432.12,60,6,Referred
PAT-50320,2024-09-30,Cardiology,21,Male,O+,Outpatient,Government Scheme,17,200198.08,89,4,Discharged Against Advice
PAT-50904,2024-09-30,Oncology,38,Female,AB+,Emergency,Self Pay,13,213589.59,76,8,Recovered
PAT-53157,2024-09-30,ENT,65,Male,O-,Elective,Corporate Insurance,9,225814.84,88,3,Recovered
PAT-52871,2024-10-01,Orthopedics,19,Female,A-,Outpatient,Private Insurance,10,205645.18,82,9,Under Treatment
PAT-50122,2024-10-01,Orthopedics,36,Male,AB+,Emergency,Self Pay,10,24870.07,75,10,Under Treatment
PAT-53232,2024-10-01,Neurology,78,Male,B+,Emergency,Corporate Insurance,2,162947.2,92,2,Recovered
PAT-51503,2024-10-02,General Medicine,16,Female,A-,Emergency,Self Pay,1,150002.68,78,5,Recovered
PAT-51313,2024-10-02,Pediatrics,31,Other,B-,Emergency,Corporate Insurance,7,200660.93,84,2,Recovered
PAT-52082,2024-10-03,Dermatology,23,Male,O-,Outpatient,Government Scheme,16,26688.82,61,7,Recovered
PAT-53375,2024-10-03,Orthopedics,82,Female,B-,Emergency,Self Pay,8,35198.15,71,14,Under Treatment
PAT-52707,2024-10-03,Cardiology,62,Female,O+,Outpatient,Corporate Insurance,8,239881.76,40,12,Recovered
PAT-51529,2024-10-03,Orthopedics,57,Female,O-,Elective,Government Scheme,20,200595.4,57,5,Under Treatment
PAT-51735,2024-10-03,Orthopedics,58,Female,A-,Emergency,Self Pay,7,203306.84,99,13,Recovered
PAT-52537,2024-10-04,Cardiology,1,Female,O-,Outpatient,Private Insurance,15,237812.11,52,12,Recovered
PAT-50572,2024-10-04,ENT,14,Male,A+,Emergency,Corporate Insurance,20,154892.73,42,12,Recovered
PAT-51710,2024-10-04,ENT,53,Female,O+,Outpatient,Self Pay,5,207653.11,75,8,Recovered
PAT-53276,2024-10-04,Dermatology,73,Female,B+,Outpatient,Private Insurance,11,201774.76,49,4,Referred
PAT-52577,2024-10-04,Dermatology,66,Female,B+,Outpatient,Private Insurance,11,64892.49,55,8,Recovered
PAT-53419,2024-10-04,Dermatology,23,Other,A-,Outpatient,Self Pay,9,235621.38,53,10,Under Treatment
PAT-50975,2024-10-04,Orthopedics,69,Female,O-,Elective,Self Pay,4,178202.31,88,4,Discharged Against Advice
PAT-52771,2024-10-04,General Medicine,22,Female,B-,Emergency,Corporate Insurance,13,134762.18,41,13,Referred
PAT-52362,2024-10-04,General Medicine,28,Female,A+,Outpatient,Self Pay,19,71230.06,41,9,Recovered
PAT-50609,2024-10-04,Dermatology,81,Male,A-,Elective,Government Scheme,9,130534.34,93,10,Recovered
PAT-51351,2024-10-05,Orthopedics,6,Female,AB-,Elective,Self Pay,16,48923.97,41,12,Referred
PAT-50277,2024-10-05,Cardiology,29,Male,O-,Emergency,Government Scheme,16,143209.23,55,6,Referred
PAT-51176,2024-10-05,Pediatrics,85,Female,B+,Outpatient,Self Pay,4,116683.1,98,12,Recovered
PAT-50985,2024-10-06,Orthopedics,30,Female,B+,Emergency,Private Insurance,14,144883.81,75,5,Recovered
PAT-52621,2024-10-06,General Medicine,89,Other,AB+,Elective,Government Scheme,11,179199.64,56,2,Under Treatment
PAT-51504,2024-10-06,Orthopedics,52,Male,O-,Elective,Self Pay,19,174620.81,70,4,Recovered
PAT-50789,2024-10-06,Cardiology,42,Female,B+,Emergency,Corporate Insurance,19,231267.55,74,11,Under Treatment
PAT-52184,2024-10-07,Orthopedics,60,Male,A+,Elective,Corporate Insurance,5,64276.05,78,9,Recovered
PAT-51723,2024-10-07,ENT,40,Female,AB+,Outpatient,Private Insurance,13,130991.77,73,10,Under Treatment
PAT-53224,2024-10-07,Cardiology,29,Female,A-,Outpatient,Government Scheme,8,150885.44,80,9,Under Treatment
PAT-53228,2024-10-07,General Medicine,75,Female,A-,Elective,Self Pay,18,156888.26,69,8,Referred
PAT-52694,2024-10-07,General Medicine,41,Female,AB-,Elective,Self Pay,6,63750.71,82,8,Recovered
PAT-52578,2024-10-07,Neurology,15,Female,B-,Elective,Private Insurance,3,98749.32,94,8,Recovered
PAT-53353,2024-10-07,ENT,9,Female,A-,Outpatient,Corporate Insurance,4,110189.31,95,14,Referred
PAT-50842,2024-10-08,General Medicine,22,Female,O-,Elective,Government Scheme,14,80589.94,51,10,Recovered
PAT-50468,2024-10-08,ENT,30,Male,B-,Emergency,Government Scheme,20,54072.18,99,10,Recovered
PAT-52120,2024-10-08,Dermatology,70,Female,AB-,Emergency,Corporate Insurance,8,179603.08,51,4,Recovered
PAT-50306,2024-10-08,Cardiology,33,Other,A-,Elective,Private Insurance,14,90557.08,94,5,Recovered
PAT-51369,2024-10-09,Dermatology,14,Female,A-,Outpatient,Private Insurance,9,126635.81,69,6,Recovered
PAT-50167,2024-10-09,Oncology,41,Female,O+,Emergency,Government Scheme,10,63876.26,67,1,Recovered
PAT-50538,2024-10-09,Pediatrics,58,Female,AB+,Emergency,Government Scheme,19,141808.7,46,14,Under Treatment
PAT-50289,2024-10-09,Pediatrics,26,Male,A+,Outpatient,Corporate Insurance,15,75818.85,59,12,Recovered
PAT-51171,2024-10-09,Dermatology,78,Female,AB+,Outpatient,Corporate Insurance,19,177781.2,51,8,Referred
PAT-53264,2024-10-10,Neurology,89,Female,AB+,Emergency,Private Insurance,5,40346.79,55,12,Recovered
PAT-52157,2024-10-10,General Medicine,79,Female,B+,Emergency,Private Insurance,9,160747.11,54,3,Recovered
PAT-51410,2024-10-10,General Medicine,23,Male,O+,Outpatient,Government Scheme,12,187330.83,97,1,Under Treatment
PAT-51058,2024-10-10,General Medicine,62,Female,B-,Emergency,Private Insurance,8,20770.11,50,4,Recovered
PAT-53132,2024-10-10,Neurology,26,Male,B-,Elective,Corporate Insurance,5,173304.83,92,4,Recovered
PAT-51090,2024-10-10,ENT,27,Male,A-,Outpatient,Private Insurance,10,50323.9,48,3,Under Treatment
PAT-51163,2024-10-10,Oncology,47,Female,A+,Outpatient,Self Pay,7,108884.0,67,7,Under Treatment
PAT-52842,2024-10-10,ENT,37,Male,AB-,Emergency,Self Pay,20,137157.58,83,12,Under Treatment
PAT-51151,2024-10-11,Pediatrics,9,Male,B+,Emergency,Government Scheme,10,149900.34,95,1,Recovered
PAT-50584,2024-10-11,Neurology,82,Female,A-,Outpatient,Government Scheme,3,196991.1,59,3,Under Treatment
PAT-52032,2024-10-11,Dermatology,37,Male,AB-,Elective,Government Scheme,13,98460.37,82,14,Recovered
PAT-52083,2024-10-12,Oncology,21,Female,B-,Elective,Self Pay,8,72392.51,74,11,Recovered
PAT-53532,2024-10-12,Cardiology,67,Male,AB+,Emergency,Self Pay,9,201428.85,59,1,Recovered
PAT-50047,2024-10-12,Oncology,60,Female,O-,Outpatient,Government Scheme,6,128845.42,49,13,Recovered
PAT-51686,2024-10-12,Oncology,7,Male,A-,Elective,Corporate Insurance,1,129445.31,40,12,Recovered
PAT-52902,2024-10-12,ENT,55,Male,AB-,Elective,Private Insurance,5,121078.34,71,4,Recovered
PAT-52007,2024-10-13,Oncology,89,Female,AB+,Outpatient,Self Pay,4,153977.09,62,3,Recovered
PAT-53352,2024-10-13,ENT,19,Male,AB-,Emergency,Government Scheme,6,4830.74,82,11,Recovered
PAT-51391,2024-10-13,Cardiology,52,Female,AB+,Outpatient,Self Pay,6,199216.44,54,2,Recovered
PAT-50313,2024-10-13,Oncology,72,Female,A+,Elective,Government Scheme,4,18673.1,86,5,Referred
PAT-53219,2024-10-13,Neurology,12,Female,AB-,Elective,Government Scheme,16,88865.45,84,12,Recovered
PAT-53469,2024-10-13,Dermatology,69,Male,O-,Emergency,Self Pay,9,11463.21,99,13,Under Treatment
PAT-51291,2024-10-13,Dermatology,1,Male,O-,Elective,Self Pay,17,158806.19,79,12,Recovered
PAT-50692,2024-10-13,Dermatology,40,Male,AB-,Outpatient,Government Scheme,12,78598.66,80,4,Recovered
PAT-52929,2024-10-14,ENT,59,Male,A+,Outpatient,Government Scheme,5,216694.45,49,5,Recovered
PAT-52920,2024-10-14,Oncology,80,Female,O+,Emergency,Private Insurance,17,93065.45,57,14,Recovered
PAT-52976,2024-10-14,Dermatology,81,Male,O+,Emergency,Government Scheme,6,198708.18,49,2,Recovered
PAT-52134,2024-10-14,Pediatrics,82,Female,B-,Elective,Private Insurance,9,185608.09,96,6,Under Treatment
PAT-50124,2024-10-14,ENT,43,Male,B-,Outpatient,Corporate Insurance,10,244390.31,47,3,Recovered
PAT-50963,2024-10-14,ENT,51,Other,B+,Emergency,Government Scheme,15,247095.59,59,6,Recovered
PAT-51213,2024-10-15,Neurology,62,Male,O-,Emergency,Government Scheme,1,196414.3,54,11,Recovered
PAT-52521,2024-10-15,Pediatrics,48,Male,O+,Outpatient,Private Insurance,18,17072.4,91,13,Recovered
PAT-50739,2024-10-15,ENT,79,Female,AB-,Elective,Self Pay,3,215402.75,79,5,Recovered
PAT-50296,2024-10-15,ENT,33,Female,A-,Emergency,Corporate Insurance,2,239358.35,81,4,Recovered
PAT-52857,2024-10-15,Dermatology,46,Male,B-,Outpatient,Self Pay,7,47847.32,57,7,Recovered
PAT-52443,2024-10-15,Cardiology,20,Female,A-,Emergency,Private Insurance,3,76972.79,67,5,Recovered
PAT-50094,2024-10-15,Cardiology,20,Female,AB+,Elective,Self Pay,15,137950.65,40,1,Recovered
PAT-51389,2024-10-15,Dermatology,11,Female,AB+,Elective,Private Insurance,17,236256.8,40,8,Recovered
PAT-50113,2024-10-16,Dermatology,56,Female,AB-,Emergency,Self Pay,20,71230.98,58,10,Recovered
PAT-52656,2024-10-16,Oncology,59,Female,A+,Elective,Private Insurance,14,171742.5,77,10,Recovered
PAT-51276,2024-10-16,Oncology,45,Female,B-,Elective,Private Insurance,1,208055.05,47,7,Referred
PAT-52915,2024-10-17,Neurology,5,Female,AB+,Outpatient,Corporate Insurance,2,156086.74,48,8,Recovered
PAT-51349,2024-10-17,Oncology,71,Male,A-,Outpatient,Self Pay,7,97992.43,75,11,Referred
PAT-51266,2024-10-18,General Medicine,26,Other,AB-,Emergency,Government Scheme,9,155097.48,87,12,Recovered
PAT-52389,2024-10-18,Cardiology,80,Female,AB-,Emergency,Self Pay,9,217636.96,63,10,Under Treatment
PAT-50854,2024-10-18,Orthopedics,38,Male,AB+,Emergency,Government Scheme,19,56592.49,47,5,Recovered
PAT-52655,2024-10-18,Neurology,36,Female,B-,Elective,Private Insurance,7,204818.98,80,6,Recovered
PAT-53002,2024-10-18,General Medicine,49,Female,AB+,Elective,Corporate Insurance,11,105111.51,51,4,Recovered
PAT-51360,2024-10-19,Oncology,3,Female,B+,Elective,Self Pay,20,30049.98,92,7,Recovered
PAT-50634,2024-10-19,Cardiology,30,Male,B-,Elective,Government Scheme,19,136659.9,60,2,Recovered
PAT-51456,2024-10-19,Orthopedics,40,Female,A+,Emergency,Self Pay,15,101714.64,80,1,Recovered
PAT-52267,2024-10-19,Cardiology,83,Male,O+,Elective,Corporate Insurance,17,198602.4,80,9,Under Treatment
PAT-52297,2024-10-19,Oncology,54,Male,A-,Emergency,Private Insurance,12,79626.26,58,9,Under Treatment
PAT-50682,2024-10-19,Oncology,72,Male,AB-,Emergency,Government Scheme,6,164804.84,53,3,Recovered
PAT-50848,2024-10-19,Orthopedics,76,Female,A-,Elective,Government Scheme,20,226809.33,58,2,Recovered
PAT-52609,2024-10-20,Pediatrics,55,Male,O-,Elective,Self Pay,18,104223.03,67,8,Discharged Against Advice
PAT-52475,2024-10-20,General Medicine,51,Male,A-,Outpatient,Corporate Insurance,10,69549.3,51,5,Recovered
PAT-51827,2024-10-20,General Medicine,38,Female,A-,Emergency,Self Pay,19,99972.47,56,13,Recovered
PAT-53361,2024-10-21,Cardiology,76,Female,A+,Outpatient,Corporate Insurance,17,151235.12,57,12,Recovered
PAT-53250,2024-10-21,Cardiology,76,Male,B+,Elective,Private Insurance,3,200863.22,79,11,Recovered
PAT-52214,2024-10-21,Orthopedics,13,Female,A-,Outpatient,Government Scheme,2,34697.16,79,11,Recovered
PAT-53174,2024-10-21,Orthopedics,56,Female,A-,Emergency,Private Insurance,8,74725.99,45,11,Under Treatment
PAT-51469,2024-10-22,Neurology,45,Male,AB+,Outpatient,Corporate Insurance,11,10731.55,89,11,Recovered
PAT-50607,2024-10-22,General Medicine,5,Male,O-,Outpatient,Self Pay,9,182383.22,98,13,Discharged Against Advice
PAT-51977,2024-10-22,General Medicine,20,Male,O+,Emergency,Private Insurance,15,162453.34,55,8,Referred
PAT-51575,2024-10-22,Cardiology,86,Female,AB-,Elective,Self Pay,15,233363.34,89,3,Recovered
PAT-51515,2024-10-23,Oncology,45,Female,B-,Outpatient,Private Insurance,1,153335.54,47,5,Recovered
PAT-51685,2024-10-23,Dermatology,46,Male,B+,Emergency,Private Insurance,14,24873.44,85,14,Recovered
PAT-50392,2024-10-24,Orthopedics,4,Female,O+,Elective,Private Insurance,6,50157.41,72,7,Referred
PAT-53140,2024-10-24,Pediatrics,56,Male,A-,Emergency,Government Scheme,20,62517.76,65,13,Recovered
PAT-52973,2024-10-24,Neurology,47,Female,O-,Elective,Private Insurance,1,144405.29,42,7,Recovered
PAT-53215,2024-10-24,ENT,44,Female,O+,Emergency,Government Scheme,3,184403.11,69,7,Recovered
PAT-51890,2024-10-24,Neurology,27,Male,B+,Emergency,Government Scheme,8,132274.27,59,12,Recovered
PAT-52798,2024-10-25,Pediatrics,80,Female,A+,Emergency,Government Scheme,14,158957.55,53,1,Recovered
PAT-50267,2024-10-25,Dermatology,61,Female,B-,Elective,Self Pay,20,24586.56,94,10,Discharged Against Advice
PAT-50030,2024-10-25,Pediatrics,65,Male,B+,Outpatient,Private Insurance,17,74100.35,80,5,Recovered
PAT-50933,2024-10-25,Oncology,47,Female,B-,Elective,Corporate Insurance,12,99105.53,69,8,Under Treatment
PAT-52144,2024-10-25,Oncology,16,Female,AB-,Emergency,Corporate Insurance,16,147124.49,60,6,Under Treatment
PAT-53488,2024-10-25,Orthopedics,80,Male,B-,Elective,Corporate Insurance,20,120332.14,41,7,Recovered
PAT-51665,2024-10-25,General Medicine,11,Female,A+,Emergency,Corporate Insurance,11,134895.33,61,5,Referred
PAT-50957,2024-10-25,Pediatrics,3,Male,A-,Elective,Private Insurance,8,215475.21,74,3,Under Treatment
PAT-50678,2024-10-25,ENT,42,Female,B-,Elective,Private Insurance,1,24319.7,68,4,Recovered
PAT-51961,2024-10-25,Dermatology,65,Female,AB+,Emergency,Self Pay,1,105881.26,78,9,Recovered
PAT-51518,2024-10-26,ENT,58,Female,O+,Elective,Self Pay,13,127800.06,78,14,Referred
PAT-53387,2024-10-26,Neurology,56,Male,AB-,Emergency,Government Scheme,16,22772.45,91,12,Recovered
PAT-51445,2024-10-26,ENT,20,Male,AB+,Emergency,Government Scheme,10,204258.51,77,12,Under Treatment
PAT-53430,2024-10-26,ENT,27,Male,AB-,Emergency,Corporate Insurance,15,66608.25,42,13,Under Treatment
PAT-51597,2024-10-26,Orthopedics,75,Male,O+,Outpatient,Self Pay,10,247385.85,79,7,Recovered
PAT-51863,2024-10-26,Oncology,40,Female,AB-,Emergency,Private Insurance,4,236397.17,62,5,Under Treatment
PAT-50060,2024-10-26,General Medicine,5,Female,AB-,Emergency,Private Insurance,3,137433.85,87,5,Recovered
PAT-50874,2024-10-27,Dermatology,71,Female,B+,Emergency,Government Scheme,8,16375.23,82,11,Under Treatment
PAT-53364,2024-10-27,General Medicine,24,Other,B-,Elective,Private Insurance,9,205479.97,55,9,Recovered
PAT-51257,2024-10-27,Pediatrics,15,Male,B-,Elective,Self Pay,6,109890.03,80,12,Recovered
PAT-53552,2024-10-27,Dermatology,63,Female,O-,Emergency,Private Insurance,10,241242.08,62,13,Recovered
PAT-52900,2024-10-27,Neurology,74,Other,A+,Outpatient,Private Insurance,20,183431.61,76,13,Recovered
PAT-50317,2024-10-27,Orthopedics,26,Male,O-,Elective,Government Scheme,11,143383.56,51,6,Recovered
PAT-51887,2024-10-27,Neurology,53,Male,A+,Outpatient,Self Pay,19,30274.11,89,11,Recovered
PAT-52270,2024-10-27,Neurology,61,Female,AB-,Emergency,Self Pay,8,78888.18,53,7,Recovered
PAT-50987,2024-10-28,Orthopedics,45,Male,O-,Outpatient,Corporate Insurance,2,203050.39,81,12,Recovered
PAT-50434,2024-10-28,Orthopedics,18,Male,B-,Outpatient,Corporate Insurance,5,166609.84,87,4,Under Treatment
PAT-53311,2024-10-28,ENT,76,Male,B+,Outpatient,Self Pay,7,173288.97,55,8,Recovered
PAT-50095,2024-10-28,Orthopedics,31,Male,O+,Outpatient,Government Scheme,13,204602.71,98,3,Under Treatment
PAT-50926,2024-10-28,General Medicine,40,Male,A-,Outpatient,Self Pay,14,72996.01,98,9,Referred
PAT-52140,2024-10-28,Cardiology,17,Male,A+,Emergency,Self Pay,3,159794.81,76,13,Recovered
PAT-50454,2024-10-28,General Medicine,45,Male,A+,Emergency,Self Pay,7,124298.89,92,2,Recovered
PAT-53407,2024-10-29,ENT,31,Male,A-,Elective,Government Scheme,9,148817.14,69,2,Recovered
PAT-52624,2024-10-29,Pediatrics,63,Other,B-,Elective,Corporate Insurance,3,37230.65,43,10,Discharged Against Advice
PAT-50171,2024-10-29,ENT,69,Male,A+,Outpatient,Self Pay,2,131322.83,43,2,Under Treatment
PAT-53145,2024-10-30,Dermatology,41,Male,AB-,Emergency,Private Insurance,9,236670.44,58,8,Recovered
PAT-53212,2024-10-30,ENT,85,Female,AB+,Emergency,Government Scheme,9,118836.42,79,9,Under Treatment
PAT-50649,2024-10-30,Neurology,72,Female,B-,Elective,Government Scheme,6,20188.51,93,6,Recovered
PAT-51520,2024-10-30,Cardiology,82,Female,B-,Outpatient,Corporate Insurance,15,62803.19,96,7,Recovered
PAT-51321,2024-10-30,ENT,2,Female,A-,Elective,Self Pay,13,102701.69,48,1,Under Treatment
PAT-50976,2024-10-31,ENT,26,Female,O-,Outpatient,Self Pay,11,159696.38,62,10,Under Treatment
PAT-52166,2024-10-31,Oncology,10,Male,O-,Outpatient,Private Insurance,14,221970.25,50,14,Recovered
PAT-52448,2024-10-31,Oncology,23,Female,B+,Elective,Corporate Insurance,6,79175.96,44,12,Recovered
PAT-50534,2024-11-01,General Medicine,70,Male,A-,Outpatient,Private Insurance,3,59374.78,48,13,Recovered
PAT-50497,2024-11-01,Oncology,64,Female,O-,Elective,Government Scheme,11,37343.48,46,5,Recovered
PAT-50342,2024-11-01,ENT,58,Female,O-,Emergency,Private Insurance,15,224546.48,71,12,Under Treatment
PAT-53164,2024-11-01,Pediatrics,16,Female,O+,Elective,Private Insurance,12,59703.58,62,7,Recovered
PAT-50654,2024-11-01,Orthopedics,26,Male,O-,Outpatient,Government Scheme,6,116641.05,86,13,Under Treatment
PAT-53243,2024-11-02,Neurology,68,Female,A+,Emergency,Private Insurance,19,205435.08,49,3,Recovered
PAT-53035,2024-11-02,Cardiology,54,Female,B-,Emergency,Self Pay,1,7904.27,67,1,Recovered
PAT-51383,2024-11-02,Oncology,57,Male,B-,Outpatient,Corporate Insurance,7,83041.08,59,11,Recovered
PAT-50430,2024-11-02,ENT,3,Male,AB-,Emergency,Private Insurance,18,157147.97,88,4,Recovered
PAT-50526,2024-11-02,Orthopedics,89,Male,A+,Emergency,Government Scheme,12,247915.74,98,9,Recovered
PAT-51681,2024-11-02,Neurology,81,Male,AB+,Outpatient,Government Scheme,18,95877.62,42,7,Recovered
PAT-50791,2024-11-02,General Medicine,56,Female,B+,Elective,Government Scheme,20,244056.48,53,4,Under Treatment
PAT-51254,2024-11-02,Pediatrics,12,Female,O+,Emergency,Corporate Insurance,4,66199.03,54,2,Recovered
PAT-52657,2024-11-03,Orthopedics,87,Male,AB+,Elective,Corporate Insurance,17,147321.09,74,10,Recovered
PAT-53146,2024-11-03,Pediatrics,25,Male,O-,Outpatient,Government Scheme,20,171861.78,76,1,Recovered
PAT-50714,2024-11-04,General Medicine,52,Male,B-,Outpatient,Private Insurance,16,38984.41,53,1,Under Treatment
PAT-51278,2024-11-04,Oncology,15,Female,B+,Elective,Government Scheme,19,219086.81,79,2,Recovered
PAT-51136,2024-11-04,Pediatrics,9,Female,B+,Elective,Corporate Insurance,18,246278.49,56,4,Recovered
PAT-53510,2024-11-04,Dermatology,13,Male,O-,Outpatient,Private Insurance,1,178688.67,91,12,Recovered
PAT-51265,2024-11-04,Dermatology,21,Male,B-,Outpatient,Government Scheme,17,193250.5,46,12,Recovered
PAT-53096,2024-11-04,Oncology,6,Male,A-,Emergency,Government Scheme,1,31833.07,47,4,Recovered
PAT-53493,2024-11-05,Oncology,11,Male,O+,Outpatient,Private Insurance,9,39912.06,47,8,Recovered
PAT-50482,2024-11-05,Neurology,63,Male,AB+,Elective,Corporate Insurance,18,182622.61,69,4,Referred
PAT-52524,2024-11-05,Cardiology,49,Male,O+,Outpatient,Government Scheme,8,222751.41,67,4,Recovered
PAT-50518,2024-11-05,Neurology,49,Male,AB+,Emergency,Corporate Insurance,2,180797.69,89,14,Recovered
PAT-50308,2024-11-05,Oncology,23,Female,AB+,Emergency,Private Insurance,12,196187.37,90,3,Recovered
PAT-51986,2024-11-05,Pediatrics,68,Male,AB+,Outpatient,Self Pay,7,125066.28,65,3,Recovered
PAT-52543,2024-11-05,Orthopedics,24,Female,AB-,Elective,Government Scheme,17,229717.35,63,10,Recovered
PAT-50193,2024-11-06,Pediatrics,14,Female,B-,Emergency,Self Pay,18,149501.6,93,12,Recovered
PAT-52414,2024-11-06,Neurology,15,Female,AB+,Elective,Private Insurance,14,176098.86,50,1,Recovered
PAT-52127,2024-11-07,General Medicine,45,Male,A-,Elective,Government Scheme,14,173428.86,52,8,Recovered
PAT-52697,2024-11-07,Dermatology,2,Male,A+,Elective,Private Insurance,7,63613.35,63,7,Recovered
PAT-52574,2024-11-08,ENT,62,Male,O-,Outpatient,Self Pay,4,194655.17,45,6,Discharged Against Advice
PAT-50569,2024-11-08,Orthopedics,79,Male,B+,Emergency,Self Pay,12,175159.47,76,1,Recovered
PAT-52387,2024-11-08,ENT,28,Female,B+,Outpatient,Private Insurance,11,8304.5,57,12,Under Treatment
PAT-53426,2024-11-08,Oncology,83,Male,A-,Emergency,Corporate Insurance,13,149571.68,41,10,Referred
PAT-52459,2024-11-09,General Medicine,54,Female,A-,Emergency,Corporate Insurance,12,201954.57,55,12,Under Treatment
PAT-51149,2024-11-09,Pediatrics,2,Male,B-,Emergency,Corporate Insurance,12,7497.7,95,2,Recovered
PAT-52676,2024-11-09,Orthopedics,35,Female,A+,Elective,Private Insurance,19,118002.38,70,7,Recovered
PAT-51109,2024-11-09,ENT,24,Male,AB+,Elective,Government Scheme,5,136404.02,91,5,Recovered
PAT-50966,2024-11-09,Neurology,87,Female,A-,Outpatient,Government Scheme,7,44187.77,52,9,Under Treatment
PAT-51027,2024-11-10,ENT,52,Male,B-,Outpatient,Self Pay,16,105497.16,81,6,Referred
PAT-52054,2024-11-10,Oncology,33,Male,A+,Emergency,Corporate Insurance,19,87475.68,57,7,Recovered
PAT-51776,2024-11-10,Neurology,37,Female,A-,Elective,Private Insurance,6,141936.46,56,13,Recovered
PAT-53287,2024-11-10,General Medicine,37,Female,O+,Elective,Self Pay,13,73590.91,52,12,Recovered
PAT-52324,2024-11-10,Neurology,52,Male,A-,Outpatient,Government Scheme,2,106288.17,61,11,Recovered
PAT-52028,2024-11-11,Oncology,11,Female,B-,Emergency,Self Pay,3,2372.74,74,2,Recovered
PAT-52264,2024-11-11,Cardiology,66,Female,O-,Emergency,Self Pay,4,195375.64,60,14,Recovered
PAT-53511,2024-11-11,Orthopedics,12,Male,B-,Emergency,Government Scheme,2,107993.66,76,12,Recovered
PAT-52675,2024-11-11,Orthopedics,54,Male,B+,Emergency,Government Scheme,15,90300.35,92,12,Under Treatment
PAT-53070,2024-11-11,Dermatology,6,Female,AB-,Outpatient,Private Insurance,9,239024.3,86,7,Recovered
PAT-53046,2024-11-11,General Medicine,24,Male,A+,Emergency,Self Pay,11,195876.69,63,2,Recovered
PAT-50021,2024-11-11,Pediatrics,48,Male,O-,Emergency,Government Scheme,9,244020.37,60,3,Recovered
PAT-51196,2024-11-12,Oncology,76,Other,AB+,Elective,Private Insurance,7,198722.12,86,12,Recovered
PAT-51374,2024-11-12,ENT,84,Male,A+,Emergency,Government Scheme,7,30311.75,84,5,Referred
PAT-53383,2024-11-12,Pediatrics,82,Female,AB+,Outpatient,Government Scheme,15,68159.34,95,14,Recovered
PAT-50525,2024-11-12,General Medicine,11,Male,AB+,Outpatient,Government Scheme,19,175318.48,57,6,Under Treatment
PAT-51625,2024-11-12,Neurology,49,Female,O-,Elective,Private Insurance,5,214156.12,82,3,Recovered
PAT-51358,2024-11-12,Orthopedics,4,Female,O-,Outpatient,Private Insurance,10,243890.78,81,8,Recovered
PAT-53408,2024-11-13,ENT,43,Male,B+,Outpatient,Self Pay,5,222483.42,40,7,Recovered
PAT-51856,2024-11-13,Oncology,60,Male,O+,Emergency,Corporate Insurance,8,142222.39,50,14,Recovered
PAT-52563,2024-11-13,Oncology,46,Male,A+,Elective,Government Scheme,1,152344.71,41,2,Under Treatment
PAT-52757,2024-11-14,Dermatology,63,Male,A+,Outpatient,Self Pay,2,14999.73,48,9,Under Treatment
PAT-52276,2024-11-14,Neurology,66,Male,B-,Emergency,Private Insurance,4,221221.97,45,12,Recovered
PAT-51965,2024-11-14,Neurology,4,Female,AB-,Elective,Private Insurance,7,46240.67,65,9,Recovered
PAT-51628,2024-11-14,ENT,67,Female,A+,Emergency,Self Pay,6,60959.86,58,10,Recovered
PAT-51654,2024-11-15,General Medicine,31,Male,A+,Outpatient,Self Pay,19,185562.03,99,14,Recovered
PAT-50822,2024-11-15,General Medicine,57,Female,B-,Outpatient,Corporate Insurance,12,233417.04,82,8,Recovered
PAT-50033,2024-11-15,Cardiology,26,Female,O-,Emergency,Self Pay,5,34464.54,63,14,Recovered
PAT-50563,2024-11-15,Oncology,54,Male,O+,Elective,Government Scheme,15,81976.78,92,10,Recovered
PAT-51133,2024-11-15,Pediatrics,50,Male,A-,Elective,Private Insurance,11,106093.15,43,6,Recovered
PAT-52139,2024-11-15,Oncology,51,Female,O+,Elective,Corporate Insurance,12,128632.01,63,2,Discharged Against Advice
PAT-51059,2024-11-16,Dermatology,53,Female,AB+,Elective,Corporate Insurance,18,63779.93,56,3,Recovered
PAT-51430,2024-11-16,Orthopedics,54,Female,O+,Outpatient,Government Scheme,17,176059.91,89,6,Under Treatment
PAT-51459,2024-11-16,ENT,5,Female,AB-,Outpatient,Self Pay,17,145420.13,81,1,Referred
PAT-52465,2024-11-16,General Medicine,81,Female,A+,Emergency,Private Insurance,10,178145.1,86,9,Recovered
PAT-53526,2024-11-16,Oncology,61,Male,O-,Elective,Government Scheme,1,189327.71,56,4,Recovered
PAT-51232,2024-11-17,Pediatrics,25,Female,B+,Emergency,Self Pay,18,25416.78,58,2,Under Treatment
PAT-52470,2024-11-17,Dermatology,29,Female,O-,Elective,Corporate Insurance,6,17689.17,41,11,Recovered
PAT-51865,2024-11-18,Pediatrics,47,Male,O+,Elective,Self Pay,6,133781.9,76,14,Recovered
PAT-52774,2024-11-18,Pediatrics,67,Male,A+,Emergency,Self Pay,1,185076.21,58,6,Under Treatment
PAT-52849,2024-11-18,Orthopedics,82,Female,AB-,Emergency,Private Insurance,19,228411.82,96,6,Referred
PAT-51487,2024-11-18,Neurology,26,Male,B+,Elective,Government Scheme,17,74923.07,70,1,Recovered
PAT-52476,2024-11-18,Pediatrics,7,Male,AB-,Emergency,Corporate Insurance,1,37741.28,62,10,Recovered
PAT-50944,2024-11-18,Neurology,65,Female,A+,Outpatient,Self Pay,20,54904.4,46,2,Under Treatment
PAT-50212,2024-11-18,General Medicine,65,Male,AB+,Elective,Government Scheme,3,164017.47,55,8,Under Treatment
PAT-51798,2024-11-18,Pediatrics,40,Female,B-,Outpatient,Self Pay,10,21459.96,48,2,Recovered
PAT-51646,2024-11-19,Dermatology,83,Female,A-,Emergency,Corporate Insurance,8,216419.87,71,10,Recovered
PAT-52959,2024-11-19,Orthopedics,13,Female,B-,Outpatient,Corporate Insurance,16,230540.33,58,3,Under Treatment
PAT-50006,2024-11-19,General Medicine,9,Male,B-,Emergency,Government Scheme,16,156318.07,86,1,Discharged Against Advice
PAT-52845,2024-11-19,Orthopedics,62,Male,A+,Elective,Private Insurance,12,155337.91,92,8,Under Treatment
PAT-50660,2024-11-20,General Medicine,68,Male,B-,Elective,Government Scheme,20,152467.08,42,3,Under Treatment
PAT-53014,2024-11-20,ENT,54,Other,B+,Emergency,Government Scheme,2,24036.59,72,7,Discharged Against Advice
PAT-51731,2024-11-20,Orthopedics,21,Male,AB-,Outpatient,Corporate Insurance,3,41148.32,42,9,Recovered
PAT-53115,2024-11-20,Neurology,37,Male,B+,Outpatient,Private Insurance,9,123510.86,60,8,Recovered
PAT-50681,2024-11-20,Dermatology,2,Male,AB+,Elective,Private Insurance,3,206329.92,45,14,Discharged Against Advice
PAT-51545,2024-11-20,ENT,4,Female,AB+,Emergency,Corporate Insurance,8,175163.29,78,12,Recovered
PAT-53245,2024-11-20,Neurology,15,Male,A-,Elective,Government Scheme,17,184466.03,65,11,Recovered
PAT-51546,2024-11-20,Orthopedics,9,Male,B+,Elective,Corporate Insurance,8,64018.64,51,11,Discharged Against Advice
PAT-50331,2024-11-21,Neurology,39,Male,A-,Emergency,Government Scheme,20,188073.78,73,1,Recovered
PAT-53083,2024-11-21,Cardiology,4,Male,A-,Elective,Self Pay,18,8054.1,43,10,Recovered
PAT-50172,2024-11-22,Neurology,47,Male,O-,Outpatient,Self Pay,2,85195.29,84,13,Referred
PAT-50931,2024-11-22,Orthopedics,74,Male,B+,Emergency,Corporate Insurance,15,71949.05,80,3,Recovered
PAT-52056,2024-11-22,Pediatrics,42,Male,A+,Elective,Private Insurance,2,73538.35,91,12,Recovered
PAT-52407,2024-11-23,ENT,89,Female,B-,Outpatient,Corporate Insurance,20,104575.13,79,4,Recovered
PAT-51270,2024-11-23,Pediatrics,43,Male,B-,Outpatient,Government Scheme,7,39819.23,69,9,Recovered
PAT-51674,2024-11-23,Orthopedics,38,Male,O-,Elective,Self Pay,1,144924.72,74,6,Under Treatment
PAT-51742,2024-11-23,Orthopedics,23,Male,O+,Elective,Government Scheme,9,198517.34,84,5,Under Treatment
PAT-50450,2024-11-24,Cardiology,1,Male,A+,Outpatient,Self Pay,3,219959.74,68,12,Recovered
PAT-52312,2024-11-24,Orthopedics,49,Female,O-,Elective,Government Scheme,9,141509.57,76,2,Recovered
PAT-51583,2024-11-24,Oncology,23,Female,O-,Outpatient,Private Insurance,18,216298.74,93,12,Recovered
PAT-52359,2024-11-25,General Medicine,23,Male,B-,Elective,Corporate Insurance,1,72892.0,79,4,Recovered
PAT-51327,2024-11-25,Oncology,49,Female,A-,Emergency,Private Insurance,8,23511.38,66,3,Under Treatment
PAT-53512,2024-11-25,Neurology,11,Other,O+,Elective,Private Insurance,15,165598.2,72,7,Under Treatment
PAT-51253,2024-11-25,Neurology,65,Female,B-,Outpatient,Government Scheme,6,81301.22,52,9,Recovered
PAT-52272,2024-11-26,Oncology,67,Female,O-,Elective,Government Scheme,18,85701.08,99,13,Recovered
PAT-51100,2024-11-26,Oncology,34,Female,AB-,Elective,Private Insurance,2,17891.47,45,3,Recovered
PAT-53038,2024-11-26,Orthopedics,85,Female,B-,Elective,Self Pay,18,186283.15,92,4,Under Treatment
PAT-52603,2024-11-27,Orthopedics,33,Male,O-,Outpatient,Self Pay,9,172562.18,48,2,Under Treatment
PAT-50339,2024-11-27,General Medicine,36,Female,A+,Elective,Corporate Insurance,12,81263.21,54,14,Under Treatment
PAT-52985,2024-11-27,Dermatology,60,Female,B-,Elective,Government Scheme,14,56362.86,79,4,Recovered
PAT-51738,2024-11-27,Cardiology,88,Female,O+,Elective,Government Scheme,8,108105.2,40,3,Recovered
PAT-51938,2024-11-27,Pediatrics,70,Female,A+,Elective,Government Scheme,3,209416.75,49,3,Referred
PAT-52699,2024-11-27,Cardiology,29,Female,O-,Outpatient,Government Scheme,5,199321.99,59,5,Referred
PAT-50636,2024-11-28,Cardiology,39,Male,A-,Outpatient,Corporate Insurance,19,30872.96,79,11,Recovered
PAT-51251,2024-11-29,Cardiology,22,Male,A-,Emergency,Corporate Insurance,7,81634.85,90,5,Under Treatment
PAT-52209,2024-11-29,Neurology,63,Male,A+,Elective,Self Pay,6,7722.97,72,14,Under Treatment
PAT-52249,2024-11-29,Oncology,48,Male,A-,Emergency,Government Scheme,20,183277.12,64,2,Recovered
PAT-53458,2024-11-29,Cardiology,77,Male,O-,Emergency,Self Pay,12,41467.08,84,2,Recovered
PAT-52220,2024-11-30,General Medicine,71,Female,B-,Emergency,Government Scheme,20,102128.76,51,14,Recovered
PAT-50683,2024-11-30,Orthopedics,58,Male,A-,Elective,Corporate Insurance,19,11824.38,68,11,Under Treatment
PAT-51959,2024-11-30,Cardiology,86,Female,O+,Outpatient,Private Insurance,1,46567.68,97,11,Recovered
PAT-51465,2024-11-30,Orthopedics,88,Female,A-,Outpatient,Private Insurance,5,16021.86,82,9,Under Treatment
PAT-53533,2024-12-01,Oncology,14,Male,AB-,Elective,Self Pay,3,97774.09,66,11,Referred
PAT-50509,2024-12-01,Neurology,79,Male,AB-,Emergency,Government Scheme,16,40339.8,57,11,Recovered
PAT-52807,2024-12-01,Dermatology,5,Male,B+,Outpatient,Private Insurance,6,78111.35,94,6,Recovered
PAT-50000,2024-12-01,ENT,79,Female,O+,Elective,Government Scheme,19,157059.73,61,7,Recovered
PAT-52595,2024-12-01,ENT,31,Male,AB-,Outpatient,Private Insurance,4,205525.14,59,10,Recovered
PAT-50291,2024-12-01,ENT,17,Male,B-,Elective,Self Pay,17,124094.19,58,12,Recovered
PAT-53561,2024-12-01,Oncology,53,Female,A+,Elective,Private Insurance,13,139619.31,89,10,Recovered
PAT-52994,2024-12-01,Dermatology,53,Male,A-,Elective,Government Scheme,13,211175.95,56,2,Recovered
PAT-50082,2024-12-02,Oncology,19,Female,B+,Outpatient,Corporate Insurance,9,83681.29,51,2,Recovered
PAT-53217,2024-12-02,ENT,76,Female,AB+,Emergency,Private Insurance,4,238226.22,41,12,Recovered
PAT-51538,2024-12-02,Orthopedics,51,Male,AB-,Emergency,Corporate Insurance,12,62366.09,54,9,Discharged Against Advice
PAT-53315,2024-12-02,ENT,86,Female,O-,Emergency,Corporate Insurance,13,184716.82,59,6,Under Treatment
PAT-52887,2024-12-02,General Medicine,66,Female,O+,Elective,Self Pay,15,224129.96,66,13,Referred
PAT-52057,2024-12-03,General Medicine,49,Female,B-,Elective,Self Pay,11,165624.02,54,8,Discharged Against Advice
PAT-53170,2024-12-03,Cardiology,18,Female,O+,Elective,Corporate Insurance,3,34191.35,44,6,Recovered
PAT-53183,2024-12-03,Pediatrics,60,Female,A-,Outpatient,Self Pay,8,180675.39,81,12,Recovered
PAT-51431,2024-12-03,Dermatology,76,Male,AB+,Outpatient,Private Insurance,19,204444.53,91,9,Under Treatment
PAT-50565,2024-12-03,General Medicine,30,Female,A-,Outpatient,Government Scheme,2,44886.87,43,6,Recovered
PAT-50014,2024-12-03,Cardiology,55,Female,A-,Elective,Government Scheme,20,58021.69,76,3,Recovered
PAT-51911,2024-12-04,Pediatrics,35,Female,B-,Emergency,Corporate Insurance,17,12473.07,42,10,Recovered
PAT-51453,2024-12-04,Dermatology,87,Male,O-,Elective,Corporate Insurance,12,69170.34,69,1,Recovered
PAT-51229,2024-12-04,Cardiology,76,Male,A-,Elective,Private Insurance,11,132741.08,44,8,Recovered
PAT-50370,2024-12-05,ENT,74,Male,O-,Outpatient,Self Pay,16,211941.74,45,5,Recovered
PAT-50685,2024-12-05,General Medicine,35,Female,A-,Elective,Corporate Insurance,19,98092.47,64,5,Recovered
PAT-50849,2024-12-05,ENT,44,Male,B-,Outpatient,Corporate Insurance,8,68613.44,45,7,Recovered
PAT-53270,2024-12-05,ENT,11,Female,B-,Elective,Private Insurance,14,131344.15,65,6,Recovered
PAT-51983,2024-12-05,ENT,85,Female,A+,Outpatient,Private Insurance,7,86551.57,60,8,Recovered
PAT-51745,2024-12-05,Pediatrics,81,Male,O+,Outpatient,Private Insurance,8,134347.89,57,13,Recovered
PAT-50008,2024-12-06,Pediatrics,74,Female,B+,Outpatient,Corporate Insurance,8,215925.74,80,4,Referred
PAT-51160,2024-12-06,Orthopedics,26,Female,O+,Outpatient,Self Pay,20,157788.58,47,2,Recovered
PAT-51209,2024-12-06,ENT,9,Female,B-,Elective,Corporate Insurance,5,38964.9,89,5,Recovered
PAT-53165,2024-12-06,Neurology,51,Female,A+,Elective,Government Scheme,14,188333.13,76,2,Recovered
PAT-50821,2024-12-06,Oncology,35,Female,O-,Outpatient,Government Scheme,10,65379.8,49,10,Under Treatment
PAT-51478,2024-12-06,Orthopedics,13,Male,AB+,Outpatient,Self Pay,1,170630.21,87,4,Recovered
PAT-52133,2024-12-06,Dermatology,48,Female,A-,Elective,Self Pay,8,135140.04,45,12,Recovered
PAT-50741,2024-12-06,General Medicine,84,Male,O-,Outpatient,Corporate Insurance,6,127967.83,88,1,Recovered
PAT-53220,2024-12-06,General Medicine,22,Male,A+,Outpatient,Corporate Insurance,7,159221.82,87,9,Recovered
PAT-53282,2024-12-06,ENT,4,Female,B+,Emergency,Self Pay,17,94921.46,83,4,Recovered
PAT-50079,2024-12-06,Neurology,36,Male,B-,Outpatient,Self Pay,8,145790.99,83,3,Recovered
PAT-52044,2024-12-07,Pediatrics,77,Female,O-,Elective,Corporate Insurance,8,245395.18,88,2,Recovered
PAT-51906,2024-12-07,Oncology,19,Male,AB+,Outpatient,Government Scheme,11,155088.78,71,14,Under Treatment
PAT-52541,2024-12-07,Oncology,86,Female,A-,Elective,Government Scheme,3,98018.47,71,14,Discharged Against Advice
PAT-51833,2024-12-07,Oncology,35,Male,AB+,Emergency,Private Insurance,14,139355.67,72,2,Recovered
PAT-50459,2024-12-07,General Medicine,35,Female,A+,Emergency,Self Pay,17,130351.08,78,14,Recovered
PAT-50455,2024-12-07,Cardiology,62,Male,B+,Elective,Government Scheme,12,22082.6,62,14,Recovered
PAT-53435,2024-12-07,Cardiology,64,Female,A-,Emergency,Self Pay,6,99015.82,79,3,Under Treatment
PAT-52447,2024-12-07,Neurology,19,Female,O-,Outpatient,Government Scheme,11,217296.26,61,9,Recovered
PAT-52507,2024-12-08,Oncology,10,Female,AB+,Elective,Corporate Insurance,8,38114.05,68,6,Referred
PAT-50257,2024-12-08,Pediatrics,41,Male,A-,Outpatient,Government Scheme,4,7273.29,97,7,Under Treatment
PAT-51618,2024-12-08,Cardiology,70,Female,AB-,Outpatient,Private Insurance,4,215189.39,61,5,Recovered
PAT-52293,2024-12-08,Neurology,64,Male,B+,Outpatient,Corporate Insurance,10,242732.18,49,9,Recovered
PAT-51314,2024-12-08,Cardiology,58,Male,O-,Emergency,Corporate Insurance,5,153280.96,72,6,Under Treatment
PAT-50878,2024-12-08,General Medicine,17,Male,A+,Emergency,Government Scheme,10,17974.73,49,2,Recovered
PAT-53293,2024-12-08,Dermatology,3,Female,AB+,Outpatient,Corporate Insurance,14,240980.92,61,5,Under Treatment
PAT-53045,2024-12-08,Orthopedics,60,Female,A+,Elective,Government Scheme,18,155399.42,97,13,Recovered
PAT-51953,2024-12-09,ENT,18,Female,A+,Outpatient,Self Pay,12,141076.14,68,13,Recovered
PAT-53223,2024-12-09,Neurology,8,Male,O-,Elective,Government Scheme,4,13997.32,80,2,Recovered
PAT-52233,2024-12-09,Dermatology,67,Female,O+,Elective,Private Insurance,17,79901.96,52,3,Recovered
PAT-51970,2024-12-10,Neurology,66,Female,O-,Elective,Corporate Insurance,9,213496.59,70,3,Recovered
PAT-52557,2024-12-10,ENT,27,Female,O-,Outpatient,Corporate Insurance,14,152216.78,82,2,Under Treatment
PAT-51578,2024-12-10,Neurology,54,Female,AB-,Outpatient,Government Scheme,18,144553.28,44,9,Recovered
PAT-53368,2024-12-10,General Medicine,68,Male,AB-,Emergency,Self Pay,12,184330.04,89,12,Recovered
PAT-51239,2024-12-10,Dermatology,18,Female,AB-,Outpatient,Self Pay,3,166666.84,52,9,Discharged Against Advice
PAT-51368,2024-12-11,Orthopedics,20,Female,B-,Elective,Government Scheme,16,158388.16,71,9,Recovered
PAT-52422,2024-12-11,Cardiology,83,Female,AB+,Outpatient,Self Pay,18,215604.31,83,6,Under Treatment
PAT-52284,2024-12-11,Neurology,45,Female,B-,Outpatient,Private Insurance,19,41764.42,49,1,Recovered
PAT-50786,2024-12-11,ENT,11,Female,AB+,Emergency,Private Insurance,19,37119.66,64,5,Under Treatment
PAT-50007,2024-12-11,Orthopedics,12,Male,AB+,Emergency,Corporate Insurance,10,227016.8,79,3,Recovered
PAT-50541,2024-12-11,Neurology,69,Female,B+,Elective,Corporate Insurance,8,182227.71,57,14,Under Treatment
PAT-50955,2024-12-12,ENT,17,Female,A+,Elective,Self Pay,7,58758.88,74,13,Under Treatment
PAT-51210,2024-12-12,ENT,72,Female,A-,Outpatient,Government Scheme,9,249453.87,76,7,Referred
PAT-50477,2024-12-12,Cardiology,20,Female,O-,Outpatient,Corporate Insurance,18,55856.25,54,5,Referred
PAT-50734,2024-12-13,Orthopedics,38,Male,B-,Emergency,Private Insurance,17,82743.76,96,12,Recovered
PAT-51315,2024-12-13,General Medicine,13,Male,O+,Outpatient,Corporate Insurance,4,114357.36,61,5,Recovered
PAT-51298,2024-12-13,General Medicine,15,Male,O+,Emergency,Corporate Insurance,17,141885.38,67,14,Recovered
PAT-51153,2024-12-13,Cardiology,44,Male,B+,Outpatient,Private Insurance,15,37342.1,44,12,Recovered
PAT-52993,2024-12-13,Orthopedics,10,Male,B+,Emergency,Corporate Insurance,18,80097.61,42,13,Recovered
PAT-50661,2024-12-13,Cardiology,15,Other,B-,Outpatient,Corporate Insurance,9,73861.06,62,8,Recovered
PAT-52174,2024-12-13,Orthopedics,2,Male,B-,Emergency,Corporate Insurance,14,111865.39,51,5,Referred
PAT-52165,2024-12-14,Neurology,50,Female,AB+,Emergency,Self Pay,12,175051.87,76,13,Recovered
PAT-51842,2024-12-14,Dermatology,83,Male,B+,Elective,Self Pay,18,247454.33,76,7,Recovered
PAT-50589,2024-12-14,Cardiology,34,Male,B+,Outpatient,Self Pay,5,31150.84,52,13,Recovered
PAT-53525,2024-12-14,General Medicine,73,Female,O+,Elective,Government Scheme,16,144923.47,71,7,Recovered
PAT-50779,2024-12-14,Pediatrics,58,Female,B+,Emergency,Government Scheme,9,103238.36,93,4,Discharged Against Advice
PAT-53571,2024-12-15,Cardiology,55,Male,AB+,Emergency,Government Scheme,8,67708.97,81,6,Recovered
PAT-50181,2024-12-15,ENT,83,Male,AB-,Elective,Government Scheme,11,38250.66,75,3,Recovered
PAT-52424,2024-12-15,Dermatology,11,Male,A-,Elective,Corporate Insurance,6,51773.02,79,9,Under Treatment
PAT-53339,2024-12-15,ENT,63,Female,O+,Outpatient,Government Scheme,20,139361.91,81,13,Recovered
PAT-52226,2024-12-15,Neurology,40,Female,O-,Elective,Self Pay,12,187808.38,64,13,Under Treatment
PAT-50338,2024-12-15,Pediatrics,47,Male,AB-,Emergency,Private Insurance,7,93490.98,85,6,Referred
PAT-50961,2024-12-15,General Medicine,18,Female,A+,Elective,Private Insurance,7,216483.97,47,6,Recovered
PAT-50723,2024-12-15,Dermatology,33,Male,B-,Outpatient,Private Insurance,7,26869.87,84,1,Recovered
PAT-53085,2024-12-16,General Medicine,43,Male,O-,Outpatient,Self Pay,3,135256.63,94,3,Recovered
PAT-52030,2024-12-16,General Medicine,83,Female,O-,Outpatient,Corporate Insurance,7,237796.29,40,8,Recovered
PAT-53267,2024-12-16,ENT,7,Male,AB-,Emergency,Government Scheme,17,110165.47,80,9,Recovered
PAT-50920,2024-12-17,Orthopedics,55,Female,B-,Elective,Private Insurance,1,218800.93,93,14,Under Treatment
PAT-51537,2024-12-17,ENT,4,Female,O-,Emergency,Private Insurance,3,202020.09,54,6,Recovered
PAT-53003,2024-12-17,ENT,18,Male,A-,Outpatient,Private Insurance,2,231913.65,64,11,Recovered
PAT-51411,2024-12-17,Cardiology,24,Female,AB+,Outpatient,Corporate Insurance,3,116288.22,94,7,Discharged Against Advice
PAT-52020,2024-12-17,Cardiology,42,Male,B+,Elective,Government Scheme,6,83851.2,54,10,Recovered
PAT-52029,2024-12-17,Cardiology,29,Male,AB-,Emergency,Private Insurance,17,138637.88,79,9,Recovered
PAT-53120,2024-12-17,ENT,2,Male,A+,Outpatient,Private Insurance,20,230349.85,56,7,Recovered
PAT-50761,2024-12-17,Dermatology,9,Female,AB-,Elective,Corporate Insurance,18,119258.99,40,10,Under Treatment
PAT-51574,2024-12-18,Dermatology,29,Female,O+,Outpatient,Government Scheme,11,161719.86,57,13,Recovered
PAT-53585,2024-12-18,Cardiology,58,Male,AB+,Elective,Private Insurance,11,231977.77,55,1,Recovered
PAT-50936,2024-12-18,Pediatrics,83,Male,A+,Outpatient,Government Scheme,13,97975.91,51,14,Recovered
PAT-51437,2024-12-18,Dermatology,70,Female,B+,Elective,Corporate Insurance,11,105470.69,57,6,Recovered
PAT-52723,2024-12-18,ENT,61,Female,O-,Emergency,Private Insurance,20,138826.19,66,2,Referred
PAT-51989,2024-12-18,Neurology,67,Male,B+,Emergency,Private Insurance,5,92679.7,99,13,Recovered
PAT-50136,2024-12-19,ENT,29,Female,AB-,Elective,Private Insurance,12,67346.49,79,14,Recovered
PAT-52034,2024-12-19,Dermatology,45,Female,B+,Outpatient,Private Insurance,11,24801.02,44,10,Discharged Against Advice
PAT-51223,2024-12-19,Oncology,2,Other,A+,Emergency,Government Scheme,15,207968.95,44,1,Referred
PAT-50549,2024-12-19,Cardiology,56,Female,B-,Outpatient,Corporate Insurance,2,56897.09,54,10,Under Treatment
PAT-50624,2024-12-20,Oncology,53,Female,AB+,Outpatient,Corporate Insurance,2,170776.26,61,13,Recovered
PAT-51577,2024-12-20,ENT,41,Male,AB+,Outpatient,Self Pay,13,3650.8,64,12,Recovered
PAT-52182,2024-12-20,Pediatrics,37,Male,B+,Emergency,Government Scheme,2,240898.55,93,4,Recovered
PAT-50709,2024-12-23,ENT,80,Female,A-,Outpatient,Self Pay,3,184053.42,45,2,Recovered
PAT-51858,2024-12-23,General Medicine,39,Other,O+,Elective,Government Scheme,6,174211.3,81,12,Recovered
PAT-51040,2024-12-25,General Medicine,44,Male,O-,Elective,Private Insurance,14,229385.62,93,10,Recovered
PAT-51562,2024-12-25,Orthopedics,19,Female,AB+,Outpatient,Self Pay,8,231736.72,55,1,Under Treatment
PAT-51553,2024-12-25,Cardiology,14,Female,B+,Emergency,Private Insurance,16,106557.76,73,13,Recovered
PAT-53015,2024-12-25,Cardiology,11,Female,AB+,Emergency,Government Scheme,5,93531.01,91,6,Recovered
PAT-52938,2024-12-25,Dermatology,32,Female,B-,Outpatient,Government Scheme,9,107455.09,60,7,Recovered
PAT-53417,2024-12-26,General Medicine,43,Male,O+,Emergency,Self Pay,18,187575.75,77,1,Recovered
PAT-52345,2024-12-26,Oncology,86,Female,O+,Elective,Government Scheme,1,42089.83,44,9,Recovered
PAT-52523,2024-12-26,Pediatrics,86,Female,AB-,Elective,Government Scheme,10,214453.52,72,8,Recovered
PAT-52371,2024-12-26,Cardiology,74,Female,A+,Outpatient,Government Scheme,5,13390.25,81,1,Recovered
PAT-50309,2024-12-26,Dermatology,17,Male,B+,Elective,Government Scheme,4,74896.57,92,8,Recovered
PAT-50145,2024-12-26,Oncology,88,Male,B-,Elective,Government Scheme,17,156164.18,46,8,Recovered
PAT-50503,2024-12-27,Neurology,41,Female,AB+,Elective,Corporate Insurance,1,67287.18,68,8,Recovered
PAT-52576,2024-12-27,Orthopedics,62,Female,B+,Emergency,Private Insurance,18,9585.04,45,14,Recovered
PAT-50943,2024-12-27,General Medicine,24,Male,AB-,Outpatient,Self Pay,13,215837.1,51,6,Recovered
PAT-51310,2024-12-28,Dermatology,69,Male,A+,Elective,Self Pay,4,181531.72,55,9,Recovered
PAT-50762,2024-12-28,Neurology,21,Male,B+,Elective,Self Pay,13,247196.77,53,11,Recovered
PAT-50705,2024-12-28,Dermatology,59,Female,O-,Emergency,Corporate Insurance,9,89277.58,52,7,Recovered
PAT-50755,2024-12-28,Orthopedics,34,Male,O-,Outpatient,Private Insurance,5,11354.81,63,3,Recovered
PAT-52129,2024-12-28,Oncology,52,Male,AB+,Elective,Government Scheme,6,123969.09,52,8,Recovered
PAT-51653,2024-12-29,ENT,79,Male,O-,Elective,Self Pay,7,225286.89,94,7,Recovered
PAT-50559,2024-12-29,Dermatology,74,Male,B-,Elective,Self Pay,10,169660.73,77,7,Recovered
PAT-53121,2024-12-29,ENT,16,Male,O-,Elective,Self Pay,11,153389.93,87,13,Recovered
PAT-51337,2024-12-29,General Medicine,81,Male,A-,Elective,Government Scheme,12,141452.04,99,2,Recovered
PAT-50227,2024-12-29,Pediatrics,87,Female,AB+,Elective,Self Pay,5,117721.27,68,7,Referred
PAT-50912,2024-12-29,Cardiology,37,Female,AB-,Outpatient,Self Pay,2,159433.18,44,2,Recovered
PAT-53557,2024-12-30,Cardiology,86,Male,O-,Outpatient,Government Scheme,17,199122.43,80,8,Recovered
PAT-51985,2024-12-30,General Medicine,18,Male,A-,Elective,Corporate Insurance,8,38659.04,54,6,Recovered
PAT-51754,2024-12-30,Orthopedics,54,Male,O-,Elective,Corporate Insurance,8,238308.73,83,14,Recovered
PAT-50919,2024-12-30,Pediatrics,64,Male,A+,Emergency,Government Scheme,20,238249.38,47,11,Recovered
PAT-50231,2024-12-31,ENT,47,Male,B+,Outpatient,Government Scheme,17,97643.89,80,1,Under Treatment
PAT-50146,2024-12-31,Oncology,67,Female,A+,Outpatient,Government Scheme,16,185365.07,69,10,Recovered
PAT-50954,2024-12-31,Oncology,6,Female,AB-,Elective,Private Insurance,2,60562.73,73,7,Under Treatment
PAT-50530,2024-12-31,Orthopedics,48,Female,B+,Outpatient,Private Insurance,20,246101.65,69,12,Under Treatment
PAT-50997,2024-12-31,Dermatology,70,Male,A-,Emergency,Corporate Insurance,20,168818.3,76,4,Under Treatment
PAT-51303,2024-12-31,Orthopedics,35,Female,B+,Elective,Corporate Insurance,12,203048.42,52,1,Recovered
PAT-51990,2024-12-31,Pediatrics,46,Male,B-,Elective,Self Pay,20,20440.87,88,8,Recovered
PAT-53028,2024-12-31,General Medicine,41,Male,AB+,Outpatient,Corporate Insurance,7,151806.49,97,6,Recovered
